time	pagename	username	content	photo	video	link	kdv	kq	cmt	
05/08/25 - 08:45	FP - Chuyện của Hà Nội	Trần Thanh Hà	Hà Nội nắng nóng kỷ lục, nhiều nơi cắt điện ngày 5/8   Theo Dân trí	525238250_1477683730079719_151528572239590566_n.jpg			Vũ	L		
05/08/25 - 08:45	FP - Chuyện của Hà Nội	Trần Thanh Hà	Hơn 20 phường, xã bị ảnh hưởng theo lịch cắt điện trên toàn thành phố Hà Nội trong ngày 5/8 mà EVN Hà Nội cập nhật.  Theo kế hoạch lịch ngừng cung cấp điện công bố của Tổng Công ty Điện lực Hà Nội (EVNHANOI), trong ngày 5/8, một số khu vực trên địa bàn các xã, phường như Kim Liên, Văn Miếu - Quốc Tử Giám, Thanh Xuân, Khương Đình, Yên Nghĩa, Phú Lương, Kiến Hưng... dự kiến sẽ tạm ngừng cung cấp điện trong khoảng thời gian nhất định.  Theo Dân trí			https://dantri.com.vn/kinh-doanh/ha-noi-nang-nong-ky-luc-nhieu-noi-cat-dien-ngay-58-20250805061451530.htm	Vũ	L		
05/08/25 - 08:45	FP - Chuyện của Hà Nội	Trần Thanh Hà			526775507_30708208005494066_1271355763017142054_n.mp4		Vũ			
05/08/25 - 08:45	FP - Chuyện của Hà Nội	Trần Thanh Hà	Từ chiều tối nay, miền Bắc đón mưa rất lớn  Theo Báo Tiền Phong	526573413_1460384458638585_5777312439451544812_n.png		https://tienphong.vn/tu-chieu-toi-nay-mien-bac-don-mua-rat-lon-post1766487.tpo	Vũ	L		
05/08/25 - 08:45	FP - Chuyện của Hà Nội	Đinh Tiến Tuấn	ĐỈNH NÓC: CUỐI TUẦN NÀY PHỐ ĐI BỘ LẠI CÓ CHƯƠNG TRÌNH CHO ANH EM THỦ ĐÔ  Liên tục là những sự kiện trước thềm A80 nhé bà con, cuối tuần này sẽ tổ chức Lễ ra quân đảm bảo an ninh trật tự, diễu hành quy mô lớn nhân kỷ niệm 80 năm Cách mạng Tháng Tám thành công, Quốc khánh 2/9 và Ngày hội Vì Thủ đô bình yên.   Thời gian: 7h30 ngày 10/8/2025  Địa điểm: Khu vực Tượng đài Vua Lý Thái Tổ và phố Đinh Tiên Hoàng, phường Hoàn Kiếm, Hà Nội.  Tháng 8 quá tuyệt vời rồi, tháng 9 sẽ còn đỉnh hơn nữa, đừng bỏ lỡ nhé!  Theo An ninh thủ đô	526041399_771187562090746_2358880078319463433_n.jpg 525235155_2002657297230884_8968069236651237356_n.jpg 525795027_1928036497980406_1642692391800951433_n.jpg 528032584_2298616787323901_1439291158740515280_n.jpg 526433660_1324434412523952_6982047849775150206_n.jpg 524176414_1511925786647562_3711408391486263133_n.jpg 517801063_774971181656911_7918124470041949207_n.jpg 524143720_2810170852512335_652368705023607114_n.jpg 524633813_1485889496067447_2548080433693973297_n.jpg 524148216_724276103780199_2973289491432078164_n.jpg 524159975_638580142080162_6746985672738316303_n.jpg 527478814_1751543299083444_4139957398921892287_n.jpg 524183144_1175432451271830_6325893403887420553_n.jpg		https://www.anninhthudo.vn/nhin-tu-flycam-buoi-hop-luyen-dieu-binh-dieu-hanh-an-tuong-cua-cong-an-ha-noi-chuan-bi-cho-ngay-hoi-vi-thu-do-binh-yen-post619336.antd	Vũ	L		
05/08/25 - 08:45	FP - Chuyện của Hà Nội	Thanh Bình	Hôm nay 5/8/2025 -  Ngày ngắn nhất lịch sử, nhưng thời gian chờ lương về vẫn dài hơn cả thế kỷ.				Vũ	L		
05/08/25 - 08:45	FP - Chuyện của Hà Nội	Trần Thanh Hà	Cap:    Mỗi icon này được ko anh ưi				Vũ			
05/08/25 - 08:45	FP - Chuyện của Hà Nội	Thanh Bình	Okee e ui	524929889_1186769243173404_5692378633421776250_n.jpg 526158494_689051030845547_6729874134089536944_n.jpg 526206105_1445126020108309_5175025585988359288_n.jpg 527548722_1483333726031427_2241386682202644661_n.jpg 525958164_825804716634370_7662709051036877_n.jpg 527777837_825469966625780_6789555736408517209_n.jpg 525795241_685253351229991_4348058083728830697_n.jpg			Vũ			
05/08/25 - 08:45	FP - Chuyện của Hà Nội	Bình	"Sự cố điện ở chung cư: ổ điện dự phòng cũng ""đi nghỉ"", thang máy bị cắt, đêm hè oi ả biến cả tòa nhà thành lò nung. Thế mà cư dân vẫn có thể “cười té ghế” cả đêm trong group chat. Thôi thì lạc quan là được   Nguồn: Phương Anh"				Vũ	L		
05/08/25 - 08:45	FP - Chuyện của Hà Nội	Thanh Bình			528769775_24277890265177077_4536633029880173134_n.mp4		Vũ	1	Che biển số	12
05/08/25 - 08:45	FP - Chuyện của Hà Nội	Minh Khuê Lê	Bố mẹ ngoài đời: Cách 30p lại có 1 trận cãi nhau Bố mẹ trên tin nhắn:    | Chia sẻ từ bạn Kim Anh	526312579_1303546674695986_5418257703731150012_n.jpg 526167194_802648255428485_4138689685028011902_n.jpg 525980486_1088292842829587_1191391371288642241_n.jpg 525984856_24436775065947128_5826189101628343935_n.jpg 525157632_708131615524504_5323518767904688371_n.jpg			Vũ	L		
05/08/25 - 10:45	FP - Chuyện của Hà Nội	Hoàng Tuấn Anh	"bên EVN HN gửi chị post này, bảo: ""k cắt điện đâu e nhé. Trừ khi sự cố thì phải khắc phục thôi"""	527793527_1397389994850547_7338560453516311714_n.png			Vũ			
05/08/25 - 10:45	FP - Chuyện của Hà Nội	Minh Vũ	E là một nhân chứng sống, đêm qua nó cắt nhà e lúc 3h sáng =))				Vũ	L		
05/08/25 - 10:45	FP - Chuyện của Hà Nội	Hoàng Tuấn Anh	EVN cũng là khách bên mình				Vũ			
05/08/25 - 10:45	FP - Chuyện của Hà Nội	Le Thu Huong	chắc trong trường hợp có sự cố r =))				Vũ			
05/08/25 - 10:45	FP - Chuyện của Hà Nội	Hoàng Tuấn Anh	ae lên bài hướng về khắc phục sự cố điện				Vũ			
05/08/25 - 10:45	FP - Chuyện của Hà Nội	Hoàng Tuấn Anh	cmt tiêu cực cũng kiểm soát				Vũ			
05/08/25 - 10:45	FP - Chuyện của Hà Nội	Trần Thanh Hà	Hoặc bị chửi quá =))	524985739_2511722765839077_3422936668420697681_n.jpg			Vũ			
05/08/25 - 10:45	FP - Chuyện của Hà Nội	Trần Thanh Hà	phải t t cũng chửi	524229487_1414675123352012_6614862417945373424_n.jpg 528729116_1421298229356368_2802814110306215636_n.jpg			Vũ			
05/08/25 - 10:45	FP - Chuyện của Hà Nội	Trần Thanh Hà	Chưa có ttin chính thức là cắt điện thì chắc ko lên được				Vũ			
05/08/25 - 10:45	FP - Chuyện của Hà Nội	Thanh Bình	bài này em k tìm thấy nguồn nma thấy beat lên thì mình có lên được k ạ? @Minh Vũ				Vũ			
05/08/25 - 10:45	FP - Chuyện của Hà Nội	Minh Khuê Lê	bài này bên bảo trợ				Vũ			
05/08/25 - 11:38	FP - Chuyện của Hà Nội	Khánh Ly Nguyễn	Chớp mắt đã nửa năm rồi, ngày vui nhất 2025 của mọi người đã xuất hiện hay chưa? —------------------------------  Hôm qua tôi với đồng đội đi lang thang như hai đứa bụi đời trong khu tập thể với hy vọng sẽ tìm được một vị cựu chiến binh tham gia phỏng vấn. Nhưng vì không có sẵn liên lạc nên cả buổi trời lăn lộn mãi mà vẫn chẳng mời được ai, đang méo mặt nhìn nhau thì tình cờ có cô chủ tiệm tào phớ ra mách cho bọn tôi biết một nhân vật tên là “bác Đồng”. Thế là hai đứa chắp tay da diết lạy lục cô tào phớ hẹn lịch phỏng vấn “bác Đồng” giúp chúng tôi mặc dù chúng tôi cũng chả biết cụ thể bác ấy là ai cả =))))  Hôm sau thò mặt đến, cô ấy bảo: “Hai đứa hôm qua đấy hả? Bác Đồng đợi các cháu từ sáng trên nhà rồi đấy.”  Hóa ra “bác Đồng” tên đầy đủ là bác Nguyễn Văn Đồng, bí thư 76 tuổi của khu này, năm xưa chiến đấu ở chiến trường Bình - Trị - Thiên. Mười bảy tuổi tôi còn chưa dám tự tay bắt gián, còn bác ấy đã xung phong ra tuyến đầu cứu trợ. Cả buổi sáng bác nhiệt tình chia sẻ kỉ niệm năm xưa cho chúng tôi, vừa nói vừa khua tay cười híp mắt, trông dễ thương vô cùng. Bác bảo từ bé đến giờ cứ lúc nào hát Quốc Ca là bác lại xúc động, tôi ngồi chéo nắng thấy hai mắt bác rưng rưng.   Tự dưng nhớ ra câu nói: “Gen Z là thế hệ trẻ cuối cùng còn được chung sống, trò chuyện và nghe trực tiếp từ những cựu chiến binh của các cuộc chiến lớn trong lịch sử Việt Nam.”  Nghĩ mà vui buồn lẫn lộn, vui vì như thế có nghĩa là đất nước đã hòa bình, buồn vì thế hệ anh dũng như các bác sắp rời đi, về sau chỉ còn được thấy trong sách vở.   Nên là phải tranh thủ thôi, nhân lúc còn có thể phải qua thăm các bác nhiều nhiều. Trưa nắng hai đứa chào bác ra về, trong túi đựng 30 phút phỏng vấn, hai lời hứa gặp lại và một ngày đẹp nhất của năm 2025.   #tiepluatuhao	528430867_658870103152802_6041300150161038290_n.png			Vũ	L		
05/08/25 - 11:38	FP - Chuyện của Hà Nội	Nguyễn Đức Trọng	Nắng thế này, xin gửi lời cảm ơn các cô chú làm điện lực.  Cảm ơn những người trực tiếp đi làm với tâm huyết và tận tụy để người dân có điện sinh hoạt, tránh thoát khỏi cái thời tiết này.  Cảm ơn rất nhiều!!  | Video: Chị Dạo				Vũ	L		
05/08/25 - 11:38	FP - Chuyện của Hà Nội	Nguyễn Đức Trọng	BKD oiii				Vũ			
05/08/25 - 11:38	FP - Chuyện của Hà Nội	Thanh Bình	Dạa:>				Vũ			
05/08/25 - 13:14	FP - Chuyện của Hà Nội	Trần Thanh Hà	Trung bình khi các tấm chiếu mới nuôi chó mèo. Có thể là trên núi không còn chỗ luôn	525600668_1752351475385987_4956213763439617729_n.jpg 525574232_718255167789155_8886486213909815484_n.jpg 525619175_775582948265123_2198265601735871553_n.jpg 525236129_1384799772591676_454218754207563201_n.jpg 527769120_1986248965248950_6766599239390543545_n.jpg 526063654_1094814285431242_2634449446893736123_n.jpg 526732942_765515929495963_3956951261518099519_n.jpg 525784779_765277782629966_2040514421974095310_n.jpg			Vũ	L		
05/08/25 - 13:14	FP - Chuyện của Hà Nội	Minh Khuê Lê	LIST NHẠC TỰ HÀO VIỆT NAM CHO DỊP LỄ QUỐC KHÁNH    Âm nhạc mang hào khí, thổi lên tinh thần yêu nước của đồng bào mình. Biết ơn và xúc động khi được lắng nghe và ngân vang câu hát dưới bầu trời hòa bình hôm nay.  Tinh thần yêu nước của người Việt ta vẫn luôn bền bỉ như thế, len lỏi vào từng lời ca tiếng hát	526378771_1282190196835183_8701007327121966514_n.jpg 526154022_669650249573939_4341987214165821135_n.jpg 527059857_2009358742933349_7094889654512700115_n.jpg 526662646_1469162977433956_4475685153110933391_n.jpg 527348512_1045465594244084_1925681280325601003_n.jpg 525146616_1315908786774192_8226158780362078576_n.jpg 528077544_1116009223721333_769604071597251750_n.jpg 525209269_1914320579109084_3805411422072301217_n.jpg 525112918_658124366585917_4745740326688948711_n.jpg 525327476_728540293408348_6498966634393031851_n.jpg			Vũ	L		
05/08/25 - 13:14	FP - Chuyện của Hà Nội	Minh Khuê Lê	MÃN NHÃN BUỔI TỔNG HỢP LUYỆN A80 LẦN 2    Dịp Quốc Khánh sắp đến gần, không khí hừng hực lắm rồi. Mong cho thời tiết thuận lợi để các đồng chí tập luyện mà vẫn giữ sức khoẻ.  | Theo ZNews	528050467_1818461552350752_3616436843306695696_n.jpg 527568259_1737233787156691_8420707551623123_n.jpg 525168266_1725017024788390_2142826800384371358_n.jpg 525243250_1768254817133990_1323733517576203433_n.jpg 527451567_1384088952681755_5823141661198175912_n.jpg 526673085_766619955753599_8820252595382551233_n.jpg 524664188_1796517754555289_6299464400636883631_n.jpg 524461884_1699591547398383_1728951964169659834_n.jpg 525748483_753365037623671_3531772837005262566_n.jpg 525462010_1301292794847136_8417904738758269222_n.jpg 526259794_717765121070262_8067758562843461437_n.jpg 526208518_602368686033463_4354981113568986944_n.jpg			Vũ	L		
05/08/25 - 13:14	FP - Chuyện của Hà Nội	Minh Khuê Lê	E vừa sửa rui ạa	525331746_1258234679374010_5423954766745115075_n.jpg			Vũ			
05/08/25 - 13:14	FP - Chuyện của Hà Nội	Hoàng Tuấn Anh				https://www.facebook.com/account_status	Vũ			
05/08/25 - 13:14	FP - Chuyện của Hà Nội	Nguyen	@Nguyen Ngoc click vào đây	526007712_731192619821642_3397868531337143100_n.png			Vũ			
05/08/25 - 13:14	FP - Chuyện của Hà Nội	Hoàng Tuấn Anh	chụp màn hình lại gửi vào đây nhé				Vũ			
05/08/25 - 13:14	FP - Chuyện của Hà Nội	Nguyen Ngoc	đây ạ				Vũ			
05/08/25 - 14:45	FP - Chuyện của Hà Nội	Đinh Tiến Tuấn	EVNHANOI hoãn toàn bộ lịch cắt điện, tập trung cung ứng điện trong cao điểm nắng nóng  Theo PLO	528030810_1475875440075702_8563414054298195458_n.png			Vũ	L		
05/08/25 - 15:22	FP - Chuyện của Hà Nội	Minh Khuê Lê	"Trên đời thật sự có ""Một túp lều tranh hai trái tim vàng""?  Có lẽ là có. Nhưng tình yêu không phải là cái cớ để từ bỏ nỗ lực, mà là sức mạnh để dám bước qua thử thách, gian nan.  Một tình yêu tử tế không bắt buộc phải được phủ lên bằng nhẫn kim cương hay những bữa tối xa hoa. Nó có thể hiện diện trong những ngày mưa bão hay nắng gắt, hai người vẫn nắm tay nhau, cùng gom góp từng chút cho một tương lai tốt đẹp hơn.  Yêu không phải là trốn trong “túp lều” để phớt lờ cuộc đời. Yêu là đồng lòng vượt qua mọi thử thách. Là nhìn về cùng một hướng, tin vào cùng một giấc mơ, dù con đường còn dài và nhiều sỏi đá.  Dẫu biết vật chất là điều không thể thiếu, nhưng nếu còn yêu, cả hai còn vì nhau mà nỗ lực thì việc gì phải buông tay.  Ảnh minh họa: Lý Văn Chu"	527092854_1278331394078045_3343002592792824709_n.png			Vũ	L		
05/08/25 - 15:22	FP - Chuyện của Hà Nội	Le Thu Huong	chốt 2 like phải ko				Vũ			
05/08/25 - 15:22	FP - Chuyện của Hà Nội	Tuấn Dũng	trong giờ hành chính thì 2like nhé ae ok không, còn ngoài giờ thì 1 trong 2 like nhé. Nếu 2like 100% thì cũng đang khó cho cả phía Leader hoặc KDV				Vũ			
05/08/25 - 15:22	FP - Chuyện của Hà Nội	Le Thu Huong	tùy dạng ndung nữa nhỉ				Vũ			
05/08/25 - 15:22	FP - Chuyện của Hà Nội	Le Thu Huong	còn lại thì trong h hành chính tất cả 2 like, ngoài h hành chính 1/2 like là đc				Vũ			
05/08/25 - 16:18	FP - Chuyện của Hà Nội	Minh Khuê Lê	Nghe tiếng văng vẳng bên tai luôn =)))	523762802_2793574597519994_8156023966253051159_n.png			Vũ	L		
05/08/25 - 16:18	FP - Chuyện của Hà Nội	Yến	@Tuấn Dũng cho em hỏi với những hình này, nếu em làm mờ đi thì có khả thi đăng k anh. đăng nick cá nhân trong gr ạ				Vũ			
05/08/25 - 16:18	FP - Chuyện của Hà Nội	Hải Yến		525990666_693178257100655_7395311439387463906_n.png			Vũ			
05/08/25 - 16:18	FP - Chuyện của Hà Nội	Minh Vũ	A hỏi chút bạn trong ảnh là nam nhưng make-up thành nữ đúng không				Vũ			
05/08/25 - 16:18	FP - Chuyện của Hà Nội	Minh Khuê Lê	ông này hay làm mấy content về các mẹ miền bắc ạ				Vũ			
05/08/25 - 16:18	FP - Chuyện của Hà Nội	Minh Vũ	nó bị policy này nha	524325827_1428271774961281_6969446639646014473_n.png			Vũ			
05/08/25 - 16:18	FP - Chuyện của Hà Nội	Hải Yến	blur kiểu này cũng ko lách được hả anh ui	521584191_4116376468650308_3682390052417344972_n.png			Vũ			
05/08/25 - 16:18	FP - Chuyện của Hà Nội	Minh Vũ	khó e ah, blur nó vẫn lộ rõ ấy				Vũ			
05/08/25 - 16:18	FP - Chuyện của Hà Nội	Yến	vậy ảnh người sống nhưng hơi sợ 1 xíu như này thì sao hả anh				Vũ			
05/08/25 - 16:18	FP - Chuyện của Hà Nội	Hải Yến	thế nếu có mem cmt ảnh ko che trong cmt thì gr mình có rủi ro ko ah, để có gì bọn em lưu ý	527050092_757254883517547_8900548250696075651_n.png			Vũ			
05/08/25 - 16:18	FP - Chuyện của Hà Nội	Hải Yến	hoặc anh @Minh Vũ có thể note giúp em các ảnh nào liên quan đến nạn nhân chất độc da cam mà em có thể pick nha anh				Vũ			
05/08/25 - 16:18	FP - Chuyện của Hà Nội	Đinh Tiến Tuấn	Khởi tố vụ án, tạm giữ hình sự tài xế xe 7 chỗ rút chìa khóa xe khách trên đường vành đai 3  Theo An ninh thủ đô	524377382_634397296345063_8875172831456414795_n.jpg		https://www.anninhthudo.vn/vu-rut-chia-xe-khach-tren-duong-vanh-dai-3-tam-giu-hinh-su-tai-xe-xe-7-cho-post619760.antd	Vũ	L		
05/08/25 - 16:18	FP - Chuyện của Hà Nội	Đinh Tiến Tuấn	QUÁ ĐÃ   Hà Nội sẽ tổ chức bắn pháo hoa từ 22h-22h8 ngày 10/8, với 300 quả pháo hoa tầm cao và 60 giàn pháo hoa tầm thấp, kéo dài 8 phút tại khu vực đường đua F1, phường Từ Liêm.  Vậy kế hoạch Chủ Nhật này sẽ là sáng lên bờ Hồ xem Ngày hội Vì Thủ đô bình yên, tối lên Mỹ Đình ngắm pháo hoa.   Kết thúc một cuối tuần tuyệt vời!  Theo Báo Tuổi trẻ	526220142_766592622885052_5714690346892476658_n.jpg		https://tuoitre.vn/ha-noi-ban-phao-hoa-ngay-10-8-tai-san-van-dong-my-dinh-mung-quoc-khanh-20250725084040193.htm	Vũ	L		
05/08/25 - 16:18	FP - Chuyện của Hà Nội	Minh Vũ	Em có thể lấy dạng kiểu như này để mô tả nhé, các hình ảnh mình lấy không máu me , nội tạng lộ,  không rõ hành vi bạo lực trực tiếp và miêu tả rõ context là nạn nhân chất độc màu da cam  là được nhé	526624343_782539677800386_2083119167260730256_n.png 524312188_1115299610035307_1634906865332404562_n.png			Vũ			
05/08/25 - 16:18	FP - Chuyện của Hà Nội	Đinh Tiến Tuấn					Vũ			
05/08/25 - 16:18	FP - Chuyện của Hà Nội	Đinh Tiến Tuấn		525564526_1447018139982188_237283651602497903_n.png			Vũ			
05/08/25 - 16:18	FP - Chuyện của Hà Nội	Minh Vũ		525571403_1453995432504910_1750572777250122359_n.png			Vũ			
05/08/25 - 16:18	FP - Chuyện của Hà Nội	Thanh Bình	NỖI DAY DỨT 50 NĂM VÀ KÝ ỨC CHIẾN TRANH KHÔNG NGUÔI  Giữa những dòng hồi ức của một đời quân ngũ, có một vết thương mà ông (Cựu chiến binh Phùng Thế Duy, quê ở xã Hòa Xá - xạ thủ B41, thuộc tiểu đội hỏa lực, lực lượng vũ trang mặt trận miền nam Tây Nguyên) chưa bao giờ nguôi ngoai. Không phải mảnh đạn, cũng chẳng phải vết bỏng, mà là cái tát của một người anh trai nóng nảy dành cho em gái mình năm xưa. Trước lúc mở màn chiến dịch Tổng tấn công và nổi dậy Mùa xuân năm 1975, cô hy sinh ở mặt trận Thừa Thiên Huế.   “Cứ thế, mỗi người một ngả. Đến khi ông biết tin cô hy sinh , ông lặng người. Cái tát ấy, nó như in vào lòng, không thể nguôi ngoai...”  “Cái vả của mình, không phải như tát thường đâu. Nó là cái vả bằng khớp tay, đau lắm. Mà người ta đau không chỉ là thân thể, mà còn đau lòng.” Ông kể, ánh mắt chùng xuống.  Đức nhìn vào đôi mắt hoe đỏ của ông, lòng trào lên nỗi xót xa. Ngọn lửa thiêu đốt lưng ông năm ấy, có lẽ, còn không cháy bỏng bằng nỗi ân hận dành cho người em gái suốt 50 năm qua. Năm nay, tròn 50 năm đất nước thống nhất, cũng là 50 năm ngày cô hy sinh. Ông bảo, phải làm giỗ thật chu đáo.  “Không làm tròn cái đó thì ông không yên lòng...”  Ký ức chiến tranh, khi được kể lại, không còn là những câu chuyện khô cứng trong sách vở. Đó là hơi thở, là cảm xúc, là giọt nước mắt và cả nụ cười của những người đã sống, đã chứng kiến và đã hy sinh. Ngồi cùng ông bà, lắng nghe, ghi nhớ - đó là cách mà thế hệ trẻ hôm nay giữ gìn lịch sử. Không để quá khứ trôi vào lãng quên, mà để nó trở thành ánh sáng soi đường, để mỗi bước chân của người trẻ trong thời bình thêm vững vàng, khối óc và trái tim thêm mạnh mẽ, quả cảm.  Theo Nhân Dân #tiepluatuhao	527777287_1968559790580585_6431066469023981534_n.png 525335043_4969367146620898_6916032172951310939_n.png			Vũ	L		
05/08/25 - 16:18	FP - Chuyện của Hà Nội	Thanh Bình		525726148_1276306150711500_1026159208000204388_n.png			Vũ	L		
05/08/25 - 17:30	FP - Chuyện của Hà Nội	Nguyen Ngoc	"| 05 . 08 . 2025 - Cô ta dạo quanh thành phố với một trái tim, tan vỡ |  Gần 30 tuổi, với một trái tim chằng chịt vết nứt.  Cứ thế thôi, vùi mình vào công việc để bận rộn không còn thời gian suy nghĩ. Bảo là không sao là nói dối, nhưng đây là cách tốt nhất để tự cứu chính mình rồi.  Muốn chứ, muốn tan làm được về nhà nấu cơm, cùng nhau ăn, cùng kể nhau nghe một ngày gặp những chuyện gì, muốn được lắng nghe lắm chứ. Muốn chứ, muốn sau một ngày gồng mình ngoài kia, về đến nhà có một vòng tay để ngã vào. Muốn, nhưng chỉ có một mình, biết nói cùng ai đây.  Thế rồi học làm mọi thứ một mình, đi ăn một mình, chạy xe không điểm đến, miệng lẩm nhẩm: ""đúng, người đến với người để rời đi""  Đau lòng nhỉ, người ta tìm đến khi mình đang rực rỡ nhất, và rời đi không chút tiếc nuối gì. Để lại mình, giữa Hà Nội, với thật nhiều vỡ tan..."	528464644_635312766281552_5793301414974693831_n.png			Vũ	L		
05/08/25 - 17:54	FP - Chuyện của Hà Nội	Nguyen Ngoc	| 05 . 08 . 2025 - Cho order mùa thu Hà Nội về đây được không? |  Mình thích hoàng hôn, nhưng siêu không thích cái nóng hè. Mình, chỉ thích mùa thu Hà Nội thôi, ước gì mai mở mắt ra sẽ thấy mùi hoa sữa, sẽ được mặc áo khoác mỏng đi làm.  Thu về là gió lạnh cũng sẽ về. Nhớ những đêm lạnh ngoài đường, cảm giác có chút hương sữa vờn quanh, chạm nhẹ đầu mũi thấy lòng bình yên hơn hẳn. Một chút gì đó rất đặc trưng, chút gì đó rất Hà Nội, và cũng xen kẽ một chút man mác buồn...  Lại sắp hết năm rồi đó, đã có ai bên cạnh để thu này nắm tay dạo phố chưa?  Mận  : Thang CM, Khổng Hoàng Giang, Giang Trịnh	525569026_761752122898612_3595392528503166220_n.png 525624336_1263254802259654_9035511423915870832_n.png 525779621_1276304630569057_7582951190556730624_n.png 525568434_1095933589150166_4255217972528461564_n.png 526079964_769021268921358_1954945331353204029_n.png 525756062_603809275890207_3284609854374645948_n.png			Vũ	L		
05/08/25 - 18:57	FP - Chuyện của Hà Nội	Minh Khuê Lê	Tus: Cơn mưa tưới mát tâm hồn đến rồiiii				Vũ	L		
05/08/25 - 21:30	FP - Chuyện của Hà Nội	Chu Thủy	“Có những cái ao trông rất bẩn, nhưng để biểu diễn được rối nước, các nghệ nhân vẫn phải lội xuống. Nhưng chúng tôi xác định: lội đấy là lội với nghề.  Nghề rối nước vất vả, khổ nhọc như thế, nên để sống được với nghề là phải rất yêu, rất đam mê!”  Đó là lời chia sẻ chân tình của Nghệ nhân ưu tú Nguyễn Đình Bảy, người đã dành gần như cả cuộc đời mình để gắn bó với những con rối gỗ mộc mạc, âm thầm giữ lửa cho một loại hình nghệ thuật truyền thống đang dần ít được nhắc đến.  Ở làng rối nước Nguyên Xá, huyện Đông Hưng, tỉnh Thái Bình, ông Bảy không phải người đầu tiên làm rối, nhưng ông là người đã gắn bó, gìn giữ, và đau đáu với nghề như một phần máu thịt.  Trong gia đình ông, các chú các bác đều từng theo nghề nên thành ra ông Bảy cũng được học hỏi nhiều. Dẫu nghề không làm ra nhiều tiền bạc, ông vẫn muốn truyền lại cho các con, truyền lại không phải để chúng sống bằng nghề, mà trước hết là để hiểu và yêu cái nghề ấy.  Gắn bó với rối nước suốt hơn 50 năm, ông Bảy hiểu rõ từng cái khó của nghề. Ông bảo, mùa nóng thì còn đỡ, chứ mùa đông đến, trời rét cắt da cắt thịt, người nghệ nhân vẫn phải ngâm mình dưới ao lạnh để biểu diễn. Và một khi đã lội xuống rồi, tất cả những cái buốt giá ấy dường như tan biến chỉ còn lại sự tập trung tuyệt đối vào những con rối gỗ đang chuyển động trên mặt nước.  Và chỉ cần nghe được tiếng vỗ tay vang lên từ bờ ao, thấy được ánh mắt khán giả chăm chú dõi theo từng chuyển động, bao nhiêu lạnh giá, mệt nhọc cũng như tan đi hết.  Thường mỗi buổi diễn sẽ kéo dài cả tiếng đồng hồ dưới nước và câu chuyện được kể thường là chuyện làng mình. Mà để kể được chuyện làng thì phải hiểu làng. Nói tới điều này, ông tự hào kể rằng: “chúng tôi đều là nông dân nên hiểu tường tận về cuộc sống ở làng quê, con cá nhảy trên mặt nước ra sao, con trâu đi cày thế nào, người nông dân khó khăn gì trong cuộc sống lao động, sản xuất... chúng tôi đều tường tận cả. Các trò rối có lẽ cũng bởi vậy mà chân thật và gần gũi.”  Dẫu vậy, điều khiến ông Bảy và nhiều nghệ nhân khác trong làng rối nước Nguyên Xá trăn trở nhất là việc truyền nghề, bảo tồn nghệ thuật truyền thống của làng. Vì việc biểu diễn không liên tục, nên thu nhập từ nghề biểu diễn không có nhiều, khó giữ chân những người trẻ còn đang bộn bề nỗi lo cơm áo.  Đã vậy, nghề biểu diễn rối nước đòi hỏi sức khỏe tốt bởi thường phải lội xuống nước hàng tiếng đồng hồ, mọi hoạt động điều khiển con rối đều diễn ra dưới nước, thế mới nói “người trần mà làm việc âm”.  Không như các nghề biểu diễn khác, phục trang đẹp đẽ lên sân khấu, nghệ nhân rối nước phải mặc sao cho gọn gàng, biểu diễn xong, lên đến bờ là người ướt như lột...  Bởi thế nên, khi người trẻ ngày nay còn mải miết với những lựa chọn thực tế hơn, những nghệ nhân như ông Bảy chỉ còn biết hy vọng: một ngày nào đó, khi cuộc sống bớt bộn bề hơn, người ta sẽ lại tìm đến rối nước như một cách trở về với gốc rễ, nối dài tình yêu với một nét văn hóa cổ truyền của quê hương.  #tiepluatuhao #80namvietnamvuonminh | Bài viết có sự tham khảo từ báo Thái Bình.	525910244_1111693274263818_6147211318644222887_n.png			Vũ	L		
05/08/25 - 21:30	FP - Chuyện của Hà Nội	Lê Giang Uyên	Từng là sinh viên NEU, mang theo nhiều kì vọng của gia đình, và bây giờ mình về quê làm công việc bán hải sản… ———— Tôi trân trọng những người trẻ biết mình muốn gì, cần gì và làm nó một cách nhiệt thành tử tế. Làm ở đâu cũng được, công việc gì cũng được, miễn là cảm thấy mình đang tạo ra giá trị cho chính mình và xã hội.  Không cổ vũ người trẻ chạy theo phong trào bỏ phố về quê, chỉ muốn cổ vũ người trẻ hãy quyết tâm theo đuổi điều mình thực sự muốn, chứ không phải chạy theo những tiêu chuẩn của xã hội.  | Video từ bạn vanlamee		528306247_10088303694625853_2277037586924885600_n.mp4		Vũ	L		
05/08/25 - 22:14	FP - Chuyện của Hà Nội	Lê Giang Uyên	Nếu mà em nghỉ việc vì em không làm được việc thì em sẽ không thể tồn tại ở bất kỳ công ty nào cả. Đây là câu nói mà đã đi cùng mình suốt tám năm qua, từ cái hồi mình mới 22 tuổi.  Lúc đấy thực sự là mình đi làm gặp rất nhiều áp lực, mắc rất nhiều lỗi sai và mỗi một lần bị sếp la mắng là mình lại nghĩ đến hai chữ nghỉ việc. Và đỉnh điểm là có một lần sau ba tháng đi làm thì mình rất là giận dỗi, mình đã chạy lên sân thượng và trực tiếp gọi cho mentor của mình nói là ôi em không thể chịu được nữa rồi, em thấy rằng em phải nghỉ việc thôi. Em thấy rằng công việc trên thị trường không có thiếu, tại sao em phải tự đày đọa bản thân mình như vậy.  Và sau một hồi nói chuyện, mentor của mình phát hiện là do mình mắc lỗi quá nhiều và không có sự cải thiện. Còn nói với mình rằng nếu mà mình nghỉ việc trong giai đoạn này thì mình đi đến bất kỳ công ty nào mình cũng sẽ tiếp tục nghỉ thôi, mình sẽ không thể nào giỏi lên được.  Và câu nói ấy đã thay đổi tư duy của mình rất nhiều. Mình biết rằng mình phải vượt qua giới hạn của bản thân mình, mình phải khắc phục, phải sửa đổi tất cả lỗi để mình trở nên giỏi hơn thì mình sẽ không bị chỉ trích, từ ấy không phải nghĩ đến chuyện nghỉ việc nữa. ——— Có những lúc chúng ta tưởng như mình đang bị công việc vùi dập, nhưng thực chất, đó là những ngày mình được dạy cách đứng vững đầu tiên trong đời đi làm. Không phải môi trường nào cũng tệ, hay công việc đang gây khó dễ với ta đâu, đôi khi chính mình chưa đủ sức để đối diện với thử thách. Và nếu mình cứ chạy trốn mỗi khi gặp khó, thì suốt đời mình sẽ không bao giờ có cơ hội biết mình có thể mạnh mẽ đến mức nào.  Tôi rất ấn tượng với một câu slogan, ấy là “hãy coi mình là nguồn gốc của vấn đề”. Không phải là quy mọi tội cho chính bản thân đâu, mà là nhìn từ phía mình ra trước. Quan sát mình, tự phản biện mình trước. Xem xem, thiếu cái gì.  | Trích chia sẻ từ video của bạn Eric Thỏ.	526041570_1518782086161146_341443457848103133_n.jpg			Vũ	L		
05/08/25 - 22:14	FP - Chuyện của Hà Nội	Minh Khuê Lê	NHIỀU TUYẾN PHỐ BỊ NGẬP DO MƯA LỚN KÉO DÀI  Tình hình cơn mưa “giải nhiệt” biến Hà Nội thành Hà “Lội” rồi nhỉ    | Theo Kênh 14	527388284_1270811834044467_1715267326121127394_n.jpg 527568259_2013741329391337_3624162766274599644_n.jpg 525899580_1910250059767047_6349372336717044845_n.jpg 525420005_1078275590595314_4532845750703548651_n.jpg		https://m.kenh14.vn/hinh-anh-ha-noi-va-tphcm-ngay-mua-trang-troi-nhieu-noi-ngap-lenh-lang-215250805202902932.chn	Vũ	L		
05/08/25 - 22:14	FP - Chuyện của Hà Nội	Minh Khuê Lê	Giống chết khô zl	517650915_1449121632684142_5443255024310637563_n.jpg			Vũ	L		
05/08/25 - 22:14	FP - Chuyện của Hà Nội	Trần Thanh Hà	Trông con ngựa bcuoi (hoặc ko)				Vũ	L		
05/08/25 - 22:14	FP - Chuyện của Hà Nội	Le Thu Huong	1				Vũ	L		
05/08/25 - 22:14	FP - Chuyện của Hà Nội	Minh Khuê Lê	| 05 . 08 . 2025 - Cơn mưa rào sau những ngày nắng gắt  Mấy hôm nay nắng như đổ lửa, đi ra đường một lúc là người mệt lả, cây cối cũng rũ cả xuống. Ai cũng chỉ mong có một cơn mưa cho dịu bớt.  Và rồi, cơn mưa sau bao ngày mong chờ cũng đến. Mây kéo về, gió nổi lên, rồi mưa đổ ào xuống. Mùi đất ẩm bốc lên, mùi cây cỏ sau cơn khát dài cũng trở nên rõ rệt. Cái mùi đặc trưng của trời vừa mưa, quen thuộc mà dễ chịu đến lạ.  Không còn những cái thở dài mệt mỏi, không còn sự cáu gắt vô cớ. Chỉ còn tiếng mưa rơi đều đều, gió mát lùa vào nhà, và cảm giác như mình vừa được gột rửa sau chuỗi ngày oi ả.  Có những cơn mưa như thế, không chỉ làm mát trời, mà còn khiến người ta thấy nhẹ lòng hơn, và dễ thở hơn chút.  Sảng khoái thật đấy, cơn mưa mùa hạ.  Ảnh: nguyễn mỹ linh	526444879_1066914562313930_186026463390579880_n.jpg			Vũ	L		
05/08/25 - 22:14	FP - Chuyện của Hà Nội	Le Thu Huong	1 là 4 ảnh vuông 2 là 1 ảnh only, ko để 2 ảnh vuông 1 post tnay đâu  @Thanh Bình  nhé				Vũ	L		
05/08/25 - 22:14	FP - Chuyện của Hà Nội	Le Thu Huong	Với hạn chế cho nhiều text lên ảnh, c nói r đó, rất khó đc đề xuất				Vũ	L		
05/08/25 - 23:20	FP - Chuyện của Hà Nội	Trần Thanh Hà	NHỮNG BỘ PHIM KINH ĐIỂN VỀ THỜI KHÁNG CHIẾN CỦA VIỆT NAM    Mỗi thước phim là một lát cắt lịch sử, đưa ta trở lại những năm tháng hào hùng, nơi lòng quả cảm và sự hy sinh của cha ông được khắc họa đầy xúc động.  Những câu chuyện chiến đấu, những mất mát thầm lặng… không chỉ khiến ta khâm phục, mà còn giúp chúng ta hiểu và trân trọng quá khứ nhiều hơn.  Xem phim cũng là một cách để chạm vào dòng chảy lịch sử, để thêm yêu và tự hào về những gì cha ông đã gìn giữ bằng máu xương và niềm tin vào ngày mai    #tiepluatuhao	527793527_966900492176326_5902827810852885931_n.jpg 525621450_1326113418938388_8302242056248649218_n.jpg 525576622_1682429022466142_4100847609166240125_n.jpg 525619175_730074656581761_3009982731665272988_n.jpg 525790149_791357830129372_5880796761395936722_n.jpg 525590591_729723513202588_851840631100878109_n.jpg 526673107_1474219127260774_2544438132917440694_n.jpg 525576622_2292926234456072_6790326413357283243_n.jpg 526211598_2689027071287845_4722861995921453831_n.jpg 528483376_2261865684272011_7270560222345582562_n.jpg 526645758_1529762667898692_1493532016565107853_n.jpg 525745603_1108637397341423_5508678634004858829_n.jpg			Vũ	L		
06/08/25 - 08:58	FP - Chuyện của Hà Nội	Nguyen Ngoc	| 06 . 08 . 2025 - Thời tiết hôm nay 9 điểm |  Sau chuỗi ngày nóng khủng hoảng, trận mưa đêm qua cho ta một ngày mát dễ chịu quá rồi  Giữ chuỗi này nhé, giữ đi, để cuối tuần được nghỉ làm lê la quán xá, đi ngắm xem xe hoa rong mùa này có hoa gì rùii  Thời tiết hôm nay 9 điểm, thiếu 1 điểm vì mát này mà tối chưa có kèo đi đâu…  Mận	526555971_681195501625378_7735437366029513860_n.jpg 527539739_729498616738180_3726203475491260332_n.jpg 524371909_633785849288145_4674113303742764836_n.jpg 526259010_719765780924452_4621515244938618683_n.jpg 528263901_1082287654108831_2846693974622497022_n.jpg			Vũ	L		
06/08/25 - 08:58	FP - Chuyện của Hà Nội	Nguyen Ngoc	Có ai onl chưa ạ				Vũ			
06/08/25 - 08:58	FP - Chuyện của Hà Nội	Đinh Tiến Tuấn	có mỗi anh				Vũ			
06/08/25 - 08:58	FP - Chuyện của Hà Nội	Nguyen Ngoc	R sao =))				Vũ			
06/08/25 - 08:58	FP - Chuyện của Hà Nội	Đinh Tiến Tuấn	thì chờ thôi chứ sao	527342083_685290104558701_5246877453608669139_n.jpg 476858424_933199349004139_425187820973599717_n.jpg			Vũ			
06/08/25 - 08:58	FP - Chuyện của Hà Nội	Đinh Tiến Tuấn	Va chạm với ô tô trên đường Trần Phú (Hà Đông), người đàn ông đi xe máy tử vong  Khoảng 7h sáng nay (6/8), trên đường Trần Phú (Hà Đông), đoạn qua khách sạn Sông Nhuệ hướng đi Ba La, xảy ra vụ va chạm nghiêm trọng giữa xe tải và một người đàn ông đi xe máy. Cú va chạm khiến người đi xe máy tử vong tại chỗ.  Lực lượng chức năng đã có mặt tại hiện trường. Nguyên nhân vụ tai nạn đang được cơ quan chức năng làm rõ.  Nguồn VOV Giao thông	526308457_1276442277223693_9061088945022427643_n.jpg 524375465_792209136599708_999591844882520487_n.jpg 527454105_4264111193858270_3352279422454366076_n.jpg 526438155_1459779068549381_9042865274113012606_n.jpg		https://www.facebook.com/KenhVOVGT/posts/pfbid02hEzS7ubYWbnqmid4NWJwibfZ3CgDxSkBF7nVw7ZdmKvc4s8VAvHyiw3Cg7YYTtAsl	Vũ	L		
06/08/25 - 08:58	FP - Chuyện của Hà Nội	Đinh Tiến Tuấn	Mấy ní ra ngoài nhớ mang theo áo mưa nhá    Ảnh: VTV	526211601_801004872252307_4828037176364576714_n.jpg			Vũ	L		
06/08/25 - 08:58	FP - Chuyện của Hà Nội	Đinh Tiến Tuấn	Rạng sáng 6/8, xe tăng và pháo tự hành lần đầu sau 40 năm trở lại trung tâm Hà Nội, tiến về điểm tập kết chuẩn bị cho ngày trọng đại của đất nước     Chỉ còn 28 ngày nữa là A80 rồi   Video: Moschino Love			https://www.tiktok.com/@moschino_love_8x/video/7535163642157796615	Vũ	L		
06/08/25 - 09:39	FP - Chuyện của Hà Nội	Đinh Tiến Tuấn	LỰC LƯỢNG XE PHÁO TIẾN VỀ HÀ NỘI SẴN SÀNG CHO A80  Đêm 5/8, Tiểu ban diễu binh, diễu hành nhiệm vụ A80 Bộ Quốc phòng tổ chức huấn luyện thực hành cơ động phương tiện thực hiện nhiệm vụ diễu binh, diễu hành (nhiệm vụ A80) tại Quảng trường Ba Đình.  Xe bánh xích, tăng thiết giáp, pháo binh, xe pháo bánh lốp, xe đặc chủn… rất nhiều lực lượng khác tiến về Quảng trường Ba Đình.  Theo Báo Tiền Phong	521553726_1094466085459169_6662606712000537373_n.jpg 526117830_1088430579911590_5534078989463812296_n.jpg 518810633_1515014879873247_2575566151624599984_n.jpg 526294866_1413966196390148_2820988401517278415_n.jpg 524371909_692035650516383_6118399303937556629_n.jpg 525731256_1239328461304450_7971106219531591658_n.jpg 513341918_786473737386989_3877842713135087638_n.jpg 524814249_741834535125390_1700793314939341590_n.jpg 526636203_1165679212257018_8092710061555834103_n.jpg			Vũ	L		
06/08/25 - 09:39	FP - Chuyện của Hà Nội	Đinh Tiến Tuấn		527757737_1243984337473128_1932187609752244513_n.jpg 527742945_1955221715310375_5953525855239700648_n.jpg 527166105_3661539480815149_7259113539905361155_n.jpg			Vũ			
06/08/25 - 10:04	FP - Chuyện của Hà Nội	Minh Vũ	đặc chủn , chính tả a ơii				Vũ			
06/08/25 - 10:04	FP - Chuyện của Hà Nội	Đinh Tiến Tuấn	Ôi… nhớ quá những ngày Hà Nội xưa – cái Tết của tuổi thơ thế hệ 8x, 9x, khi cuộc sống còn đơn giản mà niềm vui thì cứ ngập tràn.  Hồi ấy, mỗi sáng Tết bố lại đèo hai chị em ngồi lọt thỏm trên chiếc xe đạp cọc cạch, len lỏi qua những con phố rợp cờ đỏ sao vàng để lên nhà ông bà chúc Tết. Chuyến đi ấy bao giờ cũng kết thúc bằng niềm hạnh phúc giản đơn, bố mua cho 1 quả bóng bay đỏ to đùng, cầm lắc lư cả đường về, và phần thưởng ngọt ngào nhất chính là bát bún riêu nóng hổi nghi ngút khói.  Ngày ấy, giá cả nghe lại mà thấy thương - một bát bún, mì hay bánh đa chỉ tầm 2000 đồng; ổ bánh mì không vỏ giòn thơm giá 500 đồng, thêm chút pate, ruốc nữa cũng chỉ 1000. Giờ ngồi nhớ lại, cái vị ngon, cái sự háo hức của đứa trẻ ngày đó là vô giá, chẳng tiền bạc nào mua được cảm giác ấy.  Và có lẽ, trong sâu thẳm mỗi người con Hà Nội, đâu đó vẫn còn cất giữ những mảnh ký ức của riêng mình, nhớ về một buổi sáng se lạnh, về tiếng xe đạp lách cách, về quả bóng bay đỏ thắm như niềm vui trẻ nhỏ, và những hàng bún nghi ngút khói ven đường.  Ảnh bé gái và bố ngồi ăn bún riêu vỉa hè sáng Mùng 3 Tết ở Hà Nội, ngày 12/2/1994/ Tiệm ảnh Thanh Hà phục dựng	504315094_614324198400932_8373141982387480187_n.jpg			Vũ	L		
06/08/25 - 11:21	FP - Chuyện của Hà Nội	Đinh Tiến Tuấn	BÙN NHÃO, BỌT KHÍ PHUN TRÀO Ở NÚI TRÚC SÁNG SỚM NAY  Rạng sáng 6/8, ngay sau khi trận mưa lớn vừa ngớt, bùn nhão bất ngờ phun trào trong ngõ Núi Trúc (tổ dân phố 36, phường Giảng Võ, Hà Nội).  Vào khoảng 0h25 phút ngày 6/8, bùn nhão kèm bọt phun trào tại lô đất số 89A ngõ Núi Trúc, khu vực đang được quây tôn để phục vụ thi công dự án một trường mầm non trên địa bàn. Sự việc xảy ra ngay sau khi cơn mưa lớn vừa kết thúc.  Sau khoảng 30 phút, lượng bùn đã phủ dày khoảng 20cm trong khu vực công trường và tràn ra ngõ Núi Trúc. Người dân nhanh chóng thông báo cho chính quyền địa phương và Ban Quản lý đường sắt đô thị Hà Nội (MRB).  Theo VOV	525916219_24243387332020077_6103656094733775921_n.jpg 525850647_24299369929714090_8656639715314906997_n.jpg 525199220_1585680429456535_6620153885407856700_n.jpg			Vũ	L		
06/08/25 - 13:01	FP - Chuyện của Hà Nội	Nguyen	VĨNH BIỆT CHÚ MINH - NGƯỜI GÁC CỔNG CÔNG VIÊN THỐNG NHẤT   Có những người sống giữa lòng thành phố, lặng lẽ, giản dị, không ồn ào, rồi một ngày ra đi, để lại một khoảng trống khiến ta bất giác lặng đi.  Chú Minh là một người như thế. Không phải là người nổi tiếng, cũng chẳng có những tấm bằng hay danh hiệu, nhưng lại là một phần ký ức thân quen của nhiều người Hà Nội qua hình ảnh một người đàn ông gầy gò, luôn nở nụ cười ở cổng Công viên Thống Nhất.  Đọc những dòng tiễn biệt chú, tôi cảm thấy nhói lòng. Một đời người với quá nhiều mất mát: từ gia đình tan vỡ, cảnh lang bạt, gánh nặng chăm con bệnh tật, đến cuối đời cô độc và ra đi trong lặng lẽ. Nhưng giữa những bất hạnh ấy, chú vẫn chọn sống tử tế, chắt chiu từng đồng, không bon chen, và luôn giữ lấy nụ cười hiền hậu.  Có lẽ, điều khiến tôi xúc động nhất là việc chú ra đi không người thân bên cạnh. Chỉ còn lại sự thương xót của cộng đồng, sự tử tế cuối cùng từ chính quyền và những người biết chú.  Không ai chọn được số phận mình sinh ra, nhưng mỗi người đều có thể chọn cách sống. Chú Minh đã sống bằng sự tử tế, bằng những yêu thương âm thầm gửi cho con gái, và bằng cả những nụ cười không bao giờ toan tính.  Cầu mong chú an yên nơi xa. Và cầu mong chúng ta, những người ở lại sẽ sống chậm hơn một chút, để kịp nhìn thấy, kịp lắng nghe, kịp thương những người quanh mình… trước khi họ rời đi.  | Vase  Từ chia sẻ của anh Quân Bò trong Hội từ thiện đêm	528339948_24339855258987557_3277610425214367609_n.jpg			Vũ	L		
06/08/25 - 14:03	FP - Chuyện của Hà Nội	Thanh Bình	Thích cảm giác này quá, đợi con đi khoe món quà này với mọi người rồi mới về…  Mâu mừn đáng yêu của bác @ktln_threads		528197851_25303570819231245_1090172548900994018_n.mp4		Vũ	L		
06/08/25 - 14:03	FP - Chuyện của Hà Nội	Thanh Bình		451199051_341405535679000_338405059513654707_n.jpg 528241427_761176299647473_7291565438334558774_n.jpg		https://www.threads.com/@ktln_thread/post/DM_9cbLsW8o?xmt=AQF01M1u1v43prfo2QgHyzaCp3YDqI_wU1JsPzvx7X06Nw	Vũ	L		
06/08/25 - 14:25	FP - Chuyện của Hà Nội	Nguyen Ngoc	"| 06 . 08 . 2025 - AJC-er thân mến, nhớ trường không? |  Hôm trước đi ngang Xuân Thủy đúng hôm các em nhận bằng tốt nghiệp, trường đông tắc, thế mới nhẩm mình ra trường được mấy năm rồi...  Trong ký ức của mình, AJC là thanh xuân tươi đẹp, là cảm giác wow thật lớn với những đêm sự kiện, sinh viên trường mình xịn, là những nắng hay mưa cũng miệt mài leo cầu thang bộ, là huyền thoại thầy L gì đẹp trai lắm, là miễn đi xa, học quân sự ngay tại sân thể dục, là, những ký ức xa lắm rồi.  Nếu được quay trở lại 10 năm trước, đứng cạnh tân sinh viên học viện X, mình sẽ bảo là: ""Sống cho chất lên, you đang ở trong những ngày rực rỡ nhất mà bao người muốn cũng không thể quay lại đó""  Tự hào đó, vì đã từng là sinh viên của ngôi trường này    Mận  : Hin đăng trong Chuyện của Hà Nội group"	524834037_762434396172184_4184771935596463977_n.jpg 526288441_737102132291111_4370445564210204648_n.jpg 523647540_1467506014379030_3349356398852610128_n.jpg 524622910_1451110342707780_3663818640186968858_n.jpg 527572994_2180830432392798_2944660734343567923_n.jpg 523815048_1600374184255673_6205615817507873720_n.jpg 524808724_30478414095139992_7557390549959548808_n.jpg			Vũ	L		
06/08/25 - 14:48	FP - Chuyện của Hà Nội	Le Thu Huong	ae chuyển dần sang dùng ảnh social, cộng đồng, tự đi sx dần thôi				Vũ			
06/08/25 - 14:48	FP - Chuyện của Hà Nội	Nguyen Ngoc	- Mình sẽ yêu nhau bao lâu nhỉ?  - Không biết, em nghĩ tới chuyện đó làm gì  - Thì em muốn biết kì hạn của một mối tình là bao lâu, muốn biết anh sẽ nâng niu em trong bao lâu  - Hôm nay còn được đón nhau tan làm, còn được nắm tay nhau, ăn cùng nhau, anh nghĩ là sống cho hiện tại thôi, hứa mà không làm được còn day dứt hơn Sợ thì nắm chặt tay vào, không là anh chạy mất đấy    Kì hạn của một mối tình, phụ thuộc vào lòng người kìa.  Hôm trước còn là người mà mình chạy thật nhanh tới để được gặp, hôm nay đã thành một thứ phải thật bận để quên đi.  Và có tin không, Hà Nội này chẳng quá rộng, nhưng đủ để mỗi người một ngả, mãi mãi chẳng gặp lại nhau...  Mận	528829811_688896730858414_4238068991506749404_n.png			Vũ	L		
06/08/25 - 17:43	FP - Chuyện của Hà Nội	Trần Thanh Hà	Không thể chối cãi	525916219_2531144853909419_8287053536429298650_n.jpg			Vũ	L		
06/08/25 - 17:43	FP - Chuyện của Hà Nội	Nguyen Ngoc	"| 06 . 08 . 2025 - Bước ra khỏi một cuộc tình, bạn nhận ra những gì? |  Dĩ nhiên, tình yêu vẫn luôn là một thứ đẹp đẽ, mọi thứ xấu xí bắt đầu xuất hiện, chắc là từ lúc một người đã hết yêu và muốn rời đi. Vậy nên, bất đắc dĩ người còn lại sẽ phải gồng lên, nhặt từng mảnh vỡ để tự ôm ấp chính mình.  Có người sẽ nằm dài nhiều ngày mặc cho cảm xúc ngự trị, sẽ khóc nhiều, sẽ điên cuồng làm mọi thứ vì quá khó chấp nhận, có người thì lao đầu vào công việc, cảm xúc lấn át quá thì phải đưa lý trí lại thôi, vẫn đau đó, nhưng phải cho nó mờ nhạt dần, cũng có người, chẳng làm gì cả, cứ trôi thôi, có yêu có chịu...  Ừm thì, bước ra khỏi một cuộc tình, nhận ra chẳng ai thiếu ai mà chết cả. Thậm chí khi một người rời đi, khi mình không dựa dẫm vào một người nữa, thế giới mở ra thêm thật nhiều yêu thương khác, mình quan sát được nhiều thứ hơn, có thêm nhiều cuộc hẹn từ những người quan tâm mình hơn, cũng tốt mà. Ừm thì, cũng đã cùng nhau đi qua bao chuyện, cũng đã từng thật lòng, việc người ta rời đi cũng là một lựa chọn tốt nhất cho người ta, thì mình cũng nên chấp nhận và bước tiếp. Quãng thời gian đẹp nhất đã ở phía sau, nhưng chân mình vẫn bước ở hiện tại. Và đó, ai cũng loay hoay đi tìm lại chính mình, tìm lại một mình độc lập, rực rỡ và đáng mến như trước khi, trước khi người ta bước vào.  Nhớ nhé, không những tìm lại mình, mà còn phải là một mình lấp lánh hơn, tốt hơn thế rất rất nhiều, vì mình xứng đáng với những người biết trân trọng mình hơn mà.  Muộn, bên tai vang lên câu hát: """"Nhìn cô ta thu mình lại, giấc mộng vỡ đôi"""" Thương chính mình hơn bao giờ hết, thương bản thân ở cái quãng này, nhưng vài tháng nữa, mọi chuyện sẽ ổn dần thôi. Tin thế,"	525614055_1210694224146074_3702464554703659922_n.png			Vũ	L		
06/08/25 - 17:43	FP - Chuyện của Hà Nội	Trần Thanh Hà	"Quả su su: ""Nó chưa từng hỏi t có phải là ổi hay không?"""	526747892_2229386824173690_5059553863605977078_n.jpg			Vũ	L		
06/08/25 - 18:22	FP - Chuyện của Hà Nội	Thanh Bình	"Từ ngày 07/8 đến ngày 10/8/2025, trên địa bàn thành phố Hà Nội diễn ra nhiều hoạt động kỷ niệm 80 năm Cách mạng Tháng Tám thành công, Quốc khánh nước Cộng hòa xã hội chủ nghĩa Việt Nam 2/9 và Ngày hội ""Vì Thủ đô bình yên"". Để bảo đảm an ninh, an toàn, trật tự giao thông, Công an thành phố Hà Nội thông báo tổ chức phân luồng giao thông và hướng đi cụ thể đối với các loại phương tiện như sau:  Các tuyến đường cấm triệt để phương tiện trong thời gian quy định:  Từ 4h đến 8h ngày 7/8/2025, từ 7h đến 12h ngày 8/8/2025 và từ 6h30 đến 12h các ngày 9/8 và 10/8/2025, cấm hoàn toàn các phương tiện lưu thông trên các tuyến đường sau:  Đinh Tiên Hoàng, Lê Lai (đoạn từ Lý Thái Tổ đến Đinh Tiên Hoàng), Lê Thạch, Đinh Lễ, Nguyễn Xí, Tràng Tiền (đoạn từ Đinh Tiên Hoàng đến Ngô Quyền), Ngô Quyền (đoạn từ Tràng Tiền đến Lê Lai), Lý Thái Tổ (đoạn từ Trần Nguyên Hãn đến Lê Lai), Hàng Khay, Lê Thái Tổ, Hàng Dầu (từ Lò Sũ đến Đinh Tiên Hoàng), Lò Sũ (từ Hàng Dầu đến Đinh Tiên Hoàng), Quảng trường Đông Kinh Nghĩa Thục, Trần Nguyên Hãn (đoạn từ Lý Thái Tổ đến Đinh Tiên Hoàng), Lương Văn Can (từ Hàng Hành đến Lê Thái Tổ), Bảo Khánh (từ ngõ Bảo Khánh đến Lê Thái Tổ), Hàng Bài (đoạn từ Hai Bà Trưng đến Hàng Khay), Bà Triệu (đoạn từ Hai Bà Trưng đến Hàng Khay), Quảng trường Ngân hàng Nhà nước (nửa đường tiếp giáp vườn hoa Tượng đài vua Lý Thái Tổ).  Trong cùng khung thời gian như trên, tạm cấm các xe ô tô chở hàng có khối lượng từ 500kg trở lên, xe ô tô chở khách từ 16 chỗ trở lên (trừ xe buýt, xe thu gom rác, xe phục vụ sự cố, xe có phù hiệu bảo vệ). Đồng thời, hạn chế hoạt động của xe ô tô cá nhân và xe mô tô trên các tuyến đường: Ngô Quyền, Lý Thái Tổ, Trần Nguyên Hãn, Nguyễn Hữu Huân, Lê Lai, Bà Triệu, Hàng Bài, Lý Thường Kiệt, Trần Hưng Đạo, Hai Bà Trưng, Lê Thánh Tông, Phan Chu Trinh, Trần Quang Khải, Trần Khánh Dư, Phố Huế, Hàng Bông, Hàng Gai, Hàng Trống, Nhà Thờ, Nhà Chung, Quang Trung.  Theo Sức Khoẻ & Đời sống"	524551583_2608066899528907_4681304821496184926_n.jpg			Vũ	L		
06/08/25 - 21:53	FP - Chuyện của Hà Nội	Trần Thanh Hà	GỬI BẠN VÀI CHỐN CAFE LA CÀ CHO NGÀY MÁT MẺ    Ngồi cafe ở một quán mới, ngắm phố xá tấp nập, tận hưởng chất liệu Hà Nội, cũng là cách dịu dàng để thảnh thơi giữa bao bộn bề. Nhấp ngụm cà phê, nghe nhịp sống chậm lại, thật dễ chịu làm sao.   Cuối tuần này, mình đi cafe nhé	525616650_1520644129301377_4384380852107440728_n.jpg 525549395_1211811360698564_5348240459348541181_n.jpg 525875465_1461365085178213_3007288370651497703_n.jpg 525621211_1078324361157322_5197654832804181070_n.jpg 526073389_1917922959030813_2995653827009617248_n.jpg 525581985_1425236215349917_5616520010616756977_n.jpg 525942799_1266014204530766_5172798147894520685_n.jpg 527763357_1949661962556449_7915122294599435361_n.jpg 527306055_24829976296595040_5382817417704329172_n.jpg 528047484_1798912707677111_7861206861983075866_n.jpg 525899031_2617206485304323_363755155998977464_n.jpg 525937420_734455919221415_7951242827043077039_n.jpg			Vũ	L		
06/08/25 - 21:53	FP - Chuyện của Hà Nội	Lê Giang Uyên	Cách tận dụng tuổi thanh xuân trong thời đại trí tuệ nhân tạo.  Mình chỉ có 3 ý ngắn gọn thôi, nhưng nếu bạn thực hành được thì sẽ không bao giờ phải sợ AI thay thế bạn.  Thứ nhất, rèn luyện tư duy sáng tạo. AI đang dần thay thế các công việc văn phòng đơn giản, đặc biệt là những việc lập đi lập lại, vì nó có thể thực hiện những đầu việc này một cách chính xác và nhanh chóng hơn. Tuy nhiên, bạn vẫn có thể rèn luyện tư duy độc lập, khả năng suy nghĩ và giải quyết vấn đề một cách sáng tạo - điều mà AI vẫn chưa thể làm tốt bằng con người.  Thứ hai, có rất nhiều cơ hội đến từ các thị trường ngách để bạn có thể lựa chọn công ty để đi làm, hoặc thậm chí tự tạo ra doanh nghiệp của riêng mình. Những startup phát triển nhanh nhất hiện nay đa số đều bắt đầu từ các ngách rất nhỏ. Ví dụ như Airbnb ngày xưa cũng thuộc Y Combinator, họ chỉ bắt đầu với ý tưởng cho thuê giường nằm dành cho những người tham dự hội thảo, rồi sau này mới phát triển thành một nền tảng cho thuê nhà riêng toàn cầu.  Thứ ba, cái này mình thấy đặc biệt quan trọng: Đừng chạy theo bằng cấp, mà hãy tạo ra những kinh nghiệm thật, từ các công việc thật, giá trị thật, đến từ trải nghiệm làm việc thực tế. Khi bạn đi phỏng vấn, nhà tuyển dụng nào rồi cũng sẽ đào sâu vào chính điều này.  ⸻ BTV:   Trong thời đại mà mọi thứ thay đổi quá nhanh, những ai biết làm chủ kỹ năng cá nhân, dấn thân thật sự và rèn luyện tư duy độc lập sẽ là những người không bao giờ bị đào thải, dù AI có phát triển đến đâu. Tin là như thế!  | Bạn Vừng tóm tắt lại nội dung video “Tận dụng tuổi thanh xuân trong thời đại trí tuệ nhân tạo”	527188626_2526513841059813_6299501637448060725_n.jpg			Vũ	L		
06/08/25 - 22:37	FP - Chuyện của Hà Nội	Nguyen Ngoc	| 06 . 08 . 2025 - Một đêm mưa tháng 8, bạn có đang ổn không? |  Ngoài kia mưa gió to quá, có về nhà kịp, có bị ướt chút nào không? Rồi hôm nay đi làm có mệt, có chất chứa bao điều muốn tâm sự mà chẳng có ai, có vậy không?  Đêm, mưa, mong những trái tim cô đơn sẽ được chữa lành. Mong chẳng ai cứ ôm mãi bóng hình cũ nữa, để cơn mưa cuốn trôi cả đi…  Mận  : Lee Huy đăng trong Chuyện của Hà Nội group	524440952_24240108182297205_4191473305180564950_n.jpg			Vũ	L		
06/08/25 - 22:37	FP - Chuyện của Hà Nội	Minh Khuê Lê	Thế nào là “một đời thương em”?  Bà là dâu trưởng, nhưng từ hồi lấy ông không cần phải lo chuyện bếp núc. Hương khói lễ nghĩa ngày giỗ một tay ông lo tất.  Bà nằm viện, ông chẳng ngại mưa bão mang hoa đến để tặng đúng ngày sinh nhật. Ngại ngùng nắm nhẹ tay bà dưới sự chứng kiến của con cháu.  Một tình yêu thật đẹp và đáng ngưỡng mộ. Chúc ông bà nhiều sức khỏe và nắm tay nhau dài lâu    | Chia sẻ từ bạn lamnhi.23	527337147_1290323059415403_6047278511413319120_n.jpg 526384554_774695971775193_1945310186437603343_n.jpg 527492889_977126354468664_7431772285911603568_n.jpg			Vũ	L		
06/08/25 - 22:37	FP - Chuyện của Hà Nội	Nguyễn Đức Trọng	"Gần ngày 2/9, hãy nói về những người đã làm nên đất nước năm ấy! Có những lời đến giờ chúng ta vẫn còn học được…  Bà là Anh hùng lao động Nguyễn Thị Thạc.  Bà được chọn là một trong 4 một trong bốn Anh hùng lao động tiêu biểu đại diện của 4 ngành kinh tế quan trọng đứng bên linh cữu Bác Hồ.  Nǎm 1960, nhờ thành tích tốt tại Nhà máy Dệt Nam Định, bà Nguyễn Thị Thạc được chọn tham gia Đoàn công tác Nhà máy Dệt Nam Định đi tham quan học tập ở Nhà máy Dệt Bình Nhưỡng (Triều Tiên).  Sau chuyến tham quan, trao đổi kinh nghiệm nghề sợi, bà áp dụng sáng tạo vào điều kiện sản xuất của Nhà máy; trăn trở, tìm sáng kiến trong quy trình nối sợi ""mắt nhìn, tay nối, chân quơ bông vương vãi""... trong phân xưởng Sợi, đưa nǎng suất từ 300 cọc sợi ngang lên 600 cọc.   Cô công nhân trẻ khi ấy đã lập ""kỷ lục"" một ca máy đứng 1.100 cọc sợi mà vẫn đảm bảo chất lượng, kỹ thuật. ""Phương châm hành động của chúng tôi ngày ấy là lao động, phấn đấu không ngừng theo lời Bác dạy: Kế hoạch 1, giải pháp 10 và quyết tâm 20; mục tiêu phấn đấu chỉ nghĩ đến hoàn thành và vượt mức kế hoạch, không bao giờ nghĩ mình để được là lao động tiên tiến, hay chiến sĩ thi đua...,”  Tháng 5, 1962, bà vinh dự được phong tặng danh hiệu anh hùng lao động; được cử đi dự Đại hội Anh hùng Chiến sĩ thi đua toàn quốc. Bà được gặp Bác Hồ lần thứ hai.   ""Nhận Bằng khen có chữ ký của Bác, nước mắt tôi trào ra vì xúc động, trong lòng lo lắng bội phần, làm sao để giữ vững danh hiệu cao quý mà Đảng, Nhà nước, Bác Hồ đã tin tưởng phong tặng"".   Nhớ lại ngày Bác mất, bà Thạc xúc động kể: ""Trong cuộc mít tinh mừng ngày Quốc khánh (2-9-1969), tôi đi dự nhưng không thấy Bác. Hôm sau, khi trở về Nam Định tôi nghe tin có thông báo đặc biệt về sức khỏe Bác Hồ, sau đó là tin Bác qua đời.   Tôi được chọn là một trong bốn AHLĐ tiêu biểu đại diện của 4 ngành kinh tế quan trọng đứng bên linh cữu Bác Hồ (trong đó, tôi là đại diện của ngành công nghiệp nhẹ, anh Nguyễn Cường ngành cơ khí, anh Vũ Xuân Thủy ngành than, anh Nguyễn Văn Huyên ngành xi măng).   Thấy tôi khóc nhiều, Ban Lễ tang cử cán bộ đến động viên tôi, nói tôi phải xác định đây là một trách nhiệm, không được khóc tránh làm ảnh hưởng kỷ luật chung.   15 phút đứng bên linh cữu Bác, thỉnh thoảng tôi mới dám liếc nhìn thi hài Bác, người tôi cứ run lên, tôi cố nghiến răng lại để không bật khóc, hoàn thành nhiệm vụ được giao”.  | Thông tin tham khảo: Việt Thắng, đăng trên trang web “Cổng thông tin điện tử Đảng bộ tỉnh Nam Định”, 22/05/2023  Ảnh: TL và Việt Thắng  #tiepluatuhao"	526622538_1084250816608826_3155050286543004489_n.png			Vũ	L		
06/08/25 - 22:37	FP - Chuyện của Hà Nội	Le Thu Huong	Có thêm 1 cái tên chuyên mục cho dòng này k ae nhở @Giang Uyên  @Nguyễn Đức Trọng				Vũ	L		
07/08/25 - 09:11	FP - Chuyện của Hà Nội	Đinh Tiến Tuấn	"Ngô Thu Hà, 24 tuổi, quê Phú Thọ, vừa tốt nghiệp ngành Y khoa của trường Đại học Y Hà Nội với điểm tổng kết 8,42/10. Hà sẽ nhận bằng bác sĩ loại giỏi vào cuối tháng 8.  Đại diện trường Đại học Y Hà Nội cho biết trong hàng chục năm nay, Hà là trường hợp hiếm hoi vừa là thủ khoa đầu vào xét theo điểm thi tốt nghiệp THPT, vừa là thủ khoa đầu ra. Theo trường, kết quả này đòi hỏi sinh viên không chỉ có tố chất mà phải nỗ lực, bền bỉ.  Nữ sinh còn áp dụng phương pháp học ""Nhớ lại chủ động"". Mỗi khi đọc xong một bài, gấp sách lại, Hà sẽ tự trình bày kiến thức theo mạch đã nhớ tới khi trôi chảy.  Lượng kiến thức rất lớn của ngành Y buộc người học phải ôn đi ôn lại thường xuyên. Hà sử dụng một ứng dụng tạo và quản lý flashcard (thẻ ghi nhớ với một mặt ghi câu hỏi, một mặt là câu trả lời) trên điện thoại. Với các flashcard do mình soạn ra, Hà có thể mở ra xem để ôn luyện bất cứ lúc nào.  Hà còn học tốt ngoại ngữ, sở hữu chứng chỉ tiếng Pháp DEFL B2 (tương đương bậc 4/6). Là sinh viên khóa đầu tiên tốt nghiệp theo chương trình đào tạo bác sĩ y khoa đổi mới với những yêu cầu khắt khe, việc Hà duy trì phong độ ổn định, theo cô Ngoãn, là đáng khâm phục. Hiện, Hà trong giai đoạn nước rút chuẩn bị cho kỳ thi bác sĩ nội trú diễn ra vào tuần sau. Cô đặt mục tiêu vào top 50 để có thể lựa chọn chuyên ngành yêu thích.  Theo Vnexpress"	524839309_1852285432373746_6786393460722634455_n.jpg			Vũ	L		
07/08/25 - 09:11	FP - Chuyện của Hà Nội	Nguyen Ngoc	| 07 . 08 . 2025 - Thấy bảo, hôm nay là ngày lập thu |  Thời tiết hôm nay thực sự quá dễ chịu ấy, nó thích hợp để nghỉ làm, thong thả phố xá làm cốc cà hê trứng, tận hưởng chứ vì nắng nóng lại sắp quay về rồi.  Ta cùng chờ nhé, khi mùa thu thực sự gõ cửa, tiết trời phải lành lạnh mới đã, và lúc ấy, Phan Đình Phùng lại kín các nàng thơ.  Ta rất chờ ấy, ngày thu về, lá vàng rơi, hoa sữa thơm khắp các nẻo đường…  Còn hôm nay, đi chậm lại chút, hít hà sự mát mẻ dễ chịu (tạm thời) này đi nha    Mận  : Đức Nguyễn đăng trong Chuyện của Hà Nội group				Vũ	L		
07/08/25 - 09:11	FP - Chuyện của Hà Nội	Nguyen		515938890_1919467175485666_1758122749030206894_n.jpg 525859619_958763429699419_3908571889721811421_n.jpg 526211913_2655721671300914_3403125702564155458_n.jpg 526428434_763472379381642_2168395883959747805_n.jpg 518167469_609231442260860_3276992138047734826_n.jpg 526259010_1267267920984623_6923105716878875830_n.jpg 524996314_4199573940364394_5238391042094757894_n.jpg			Vũ	L		
07/08/25 - 09:11	FP - Chuyện của Hà Nội	Minh Khuê Lê	Tất cả những gì tôi cần cho hôm nay    Ảnh: yangdzuong	526820027_779610397922635_655178294756898919_n.jpg			Vũ	L		
07/08/25 - 09:11	FP - Chuyện của Hà Nội	Đinh Tiến Tuấn	Chính phủ vừa ban hành Nghị định số 218/2025 quy định xử phạt vi phạm hành chính trong lĩnh vực quốc phòng, cơ yếu.  Cụ thể, phạt tiền từ 3-5 triệu đồng đối với hành vi viết vẽ, làm bẩn, làm ô uế các công trình thuộc khu di tích; phạt tiền từ 5-8 triệu đồng đối với hành vi tụ tập đông người trái pháp luật tại khu vực bảo vệ khu di tích…  Mức phạt tiền cao nhất từ 50-75 triệu đồng đối với hành vi gây nguy hiểm, xâm hại đến an ninh, an toàn hoạt động trong khu di tích Lăng Chủ tịch Hồ Chí Minh nhưng chưa đến mức truy cứu trách nhiệm hình sự.  Theo Vietnamnet	527455617_1370710891284499_4078315626176974418_n.jpg		https://xaydungchinhsach.chinhphu.vn/nghi-dinh-218-2025-nd-cp-quy-dinh-xu-phat-vi-pham-hanh-chinh-trong-linh-vuc-quoc-phong-co-yeu-11925080613061938.htm	Vũ	1	Không dùng nguồn vietnamnet	62
07/08/25 - 09:11	FP - Chuyện của Hà Nội	Đinh Tiến Tuấn	anh tưởng ko dùng ảnh	526833382_769759065562626_1461105770606802002_n.png			Vũ			
07/08/25 - 09:11	FP - Chuyện của Hà Nội	Minh Khuê Lê	cả nguồn cả ảnh a ạ				Vũ			
07/08/25 - 09:11	FP - Chuyện của Hà Nội	Minh Vũ	a xem có nguồn nào khác ko				Vũ			
07/08/25 - 09:11	FP - Chuyện của Hà Nội	Đinh Tiến Tuấn					Vũ			
07/08/25 - 09:11	FP - Chuyện của Hà Nội	Đinh Tiến Tuấn	:3				Vũ			
07/08/25 - 09:11	FP - Chuyện của Hà Nội	Minh Vũ	A sửa cái theo vietnamnet nữa nhé				Vũ			
07/08/25 - 09:11	FP - Chuyện của Hà Nội	Đinh Tiến Tuấn	ừa				Vũ			
07/08/25 - 09:11	FP - Chuyện của Hà Nội	Thanh Bình	| 07 . 08 . 2025 - Thu về trên đầu mũi  Không cần nhìn lịch, cũng chẳng cần đếm ngày, chỉ cần một buổi sáng ra đường, thấy gió mát hơn một chút, nắng nhẹ hơn một tẹo, và bất chợt một mùi hương lướt qua… là biết Hà Nội đang chớm thu rồi đấy.  Thu chưa về hẳn, nhưng có lẽ đã kịp ghé qua đầu phố, để lại vài dấu hiệu cho những ai tinh ý: Mùi cốm bọc trong lá sen bắt đầu len lỏi trên những xe hàng rong, thơm dịu như hương lúa non. Mùi đất ẩm ngai ngái mỗi sáng, mùi lá rụng lạo xạo dưới chân, mùi khói khoai nướng lấp ló trên vỉa hè...  Chớm thu là lúc mọi thứ vẫn chưa rõ ràng, nhưng lòng người thì đã bắt đầu... dịu xuống.  Phố phường như được chỉnh filter “vintage dịu dàng”. Lòng người thôi gắt, thôi cáu, và bắt đầu muốn yêu ai đó hoặc ít nhất là yêu bản thân mình hơn một tẹo. | Vase    Nguyễn Mỹ Linh trong Chuyện của Hà Nội Group	526285157_765489355991682_8554257951238828840_n.jpg 528588183_725396873823195_4744032115331286354_n.jpg 524625921_3227862224028578_4918445701383093921_n.jpg 527702699_2554457111572694_6440458325159466788_n.jpg 527314347_624464484050896_7259773430123496989_n.jpg 528188225_1061488412388427_6096498712216591684_n.jpg			Vũ	L		
07/08/25 - 09:11	FP - Chuyện của Hà Nội	Thanh Bình	Nay lên phố, tự dưng bắt gặp cảnh đáng yêu xỉu. Cô ngồi xếp lá trầu, 2 khách Tây thấy mê quá xin chụp hình.  Cảnh tượng nhỏ xíu vậy thôi mà cô thì cười bẽn lẽn, hai khách Tây hí hửng chụp lia lịa, mình đứng ngoài cũng cười luôn=))))  Đúng kiểu, nét đẹp mộc mạc của người Việt vẫn khiến bạn bè quốc tế dừng chân, mỉm cười và trân trọng ý:3  | Vase	525974212_788434386960006_4785586188428293925_n.jpg			Vũ	L		
07/08/25 - 11:02	FP - Chuyện của Hà Nội	Đinh Tiến Tuấn	Sáng nay công an Hà Nội tổng duyệt “Ngày hội vì Thủ đô bình yên” từ tờ mờ sáng. Video là màn ra quân áp chế các “boy phố” gây mất trật tự an ninh trong tình huống giả định.  Nhìn các đồng chí mặc quần áo còn trendy hơn cả các boy phố.  Video: Love Moschino		526884974_24739420478989358_8697935838565495574_n.mp4		Vũ	L		
07/08/25 - 12:12	FP - Chuyện của Hà Nội	Đinh Tiến Tuấn	Gói “mùa thu” dùng thử sẽ có thời hạn 1 ngày, nắng nóng mai quay trở lại nha bà con	526949012_1021007383263001_6351327059186439837_n.png			Vũ	L		
07/08/25 - 12:12	FP - Chuyện của Hà Nội	Trần Thanh Hà	Các bạn đã sẵn sàng chưa    Ảnh: VTV	528979134_1331800958374747_5599412958030133916_n.jpg		https://youtu.be/yCavyDVVYSU?si=ASdmgqF_CJ-GCduM	Vũ	L		
07/08/25 - 12:47	FP - Chuyện của Hà Nội	Minh Khuê Lê	CÔNG AN HÀ NỘI TỔNG DUYỆT 'NGÀY HỘI VÌ THỦ ĐÔ BÌNH YÊN'    Sáng nay, Công an TP Hà Nội đã tổ chức tổng duyệt, chuẩn bị diễu binh, diễu hành Ngày hội vì Thủ đô bình yên, ra quân đảm bảo an ninh trật tự các hoạt động kỷ niệm 80 năm Cách mạng tháng Tám thành công và Quốc khánh 2/9.  Từ 4h sáng, lực lượng Công An TP Hà Nội tập trung tại khu vực Hồ Hoàn Kiếm, chuẩn bị tham gia buổi tổng duyệt. Đúng 5h, cuộc tổng duyệt bắt đầu. Dẫn đầu đoàn diễu hành là khối rước ảnh Chủ tịch Hồ Chí Minh. Tiếp theo là khối rước Hồng kỳ - lá cờ đỏ thiêng liêng, biểu tượng cho tinh thần cách mạng, ý chí bất khuất của dân tộc.  #tiepluatuhao	524786716_3221476791333596_3364576476519396759_n.jpg 526555880_23941918335510632_5545541342123526451_n.jpg 527449854_1313487143722145_4585244303923893247_n.jpg 527388284_2193969067770995_4181049873305000421_n.jpg 527472294_1120518599947679_4951313858467084570_n.jpg 526596257_2156622288203614_9146363746000053098_n.jpg 523491650_747400154577096_975772069011726956_n.jpg 516405003_724293150479274_449603834587051322_n.jpg 524827280_719967920873185_79352011642530285_n.jpg			Vũ	L		
07/08/25 - 13:38	FP - Chuyện của Hà Nội	Trần Thanh Hà	Dấu hiệu một tình bạn tốt	527768054_1699459274180306_4107011645993495213_n.jpg			Vũ	L		
07/08/25 - 15:09	FP - Chuyện của Hà Nội	Thanh Bình	“Diêm Thống Nhất” - nghe cái tên thôi đã thấy cả một giấc mơ lớn lao nằm trong đó. Không đơn thuần là một thương hiệu diêm, mà là ước vọng về một đất nước sum vầy, yên bình. Hình ảnh chim bồ câu trắng in trên bao bì cũng chẳng phải ngẫu nhiên, mà là biểu tượng cho giấc mơ hòa bình của biết bao thế hệ người Việt.  Với những anh chị - người lớn lên trong thập niên 80, 90,  hộp diêm Thống Nhất là cả một vùng ký ức tuổi thơ. Là ánh nến bập bùng mỗi tối mất điện, là hơi ấm sum họp trong gian nhà nhỏ, là những que diêm cháy rồi gom lại chơi nấu ăn, bán hàng, làm rào vườn cho búp bê. Tuổi thơ nghèo nhưng lấp lánh hạnh phúc.  Nhưng ít ai biết rằng phía sau những que diêm nhỏ xíu ấy là cả một câu chuyện khởi đầu đầy tự hào. Năm 1956, giữa lúc đất nước còn ngổn ngang sau chiến tranh, Diêm Thống Nhất ra đời,là nhà máy đầu tiên của miền Bắc xã hội chủ nghĩa. Khi ấy, diêm là thứ cực kỳ thiết yếu để nhóm bếp, nhóm lò, thắp đèn.  Những người công nhân đầu tiên  là bộ đội vừa rời trận mạc, là cán bộ miền Nam tập kết ra Bắc, là con em vùng đất địa phương. Họ đã cùng nhau dựng nên nhà máy từ bàn tay trắng. Họ không chỉ làm ra que diêm, mà đang thắp lên hy vọng cho một đất nước đang gượng dậy.  Hai tháng sau, Bác Hồ đến thăm và căn dặn: “Làm que diêm ngắn lại cho tiện và tiết kiệm.” Một lời dặn rất nhỏ, nhưng chứa đựng biết bao tâm huyết. Từ ngày đó, mỗi que diêm Thống Nhất không chỉ là công cụ nhóm bếp, mà còn là vật ghi nhớ lòng yêu nước, sự sẻ chia và lý tưởng giản dị mà lớn lao.  Có lẽ đó là điều khiến Diêm Thống Nhất không chỉ “thắp lửa”, mà còn truyền lửa - lửa của lòng tin, của tự hào nghề nghiệp, của tinh thần cống hiến thầm lặng. Nhìn lại, mình hiểu ra: làm nghề gì không quan trọng bằng cách mình làm bằng tình yêu và giá trị mình gửi gắm vào trong đó.  Và dù chúng ta làm công việc gì, ở nơi đâu, chỉ cần đủ tin yêu, thì ta vẫn có thể trở thành một phần của điều gì đó ý nghĩa và lớn lao hơn chính mình như cách những que diêm bé nhỏ năm xưa đã thắp sáng cả một thời kỳ.  #tiepluatuhao	524372009_741227375328120_6125884563787478596_n.jpg 528360232_748490147935176_7721480572178726485_n.jpg		https://www.facebook.com/story.php?story_fbid=747133438070847&id=100083225917868&mibextid=wwXIfr&rdid=dRY3iOo93MoCbtPR#	Vũ	L		
07/08/25 - 15:09	FP - Chuyện của Hà Nội	Thanh Bình	"“Péo ơi, đăng giúp mình với…”  Một câu nhắn nhỏ, nhưng phía sau là cả một niềm hy vọng đang cần được thắp lên.  Nếu bạn từng làm admin cộng đồng, hẳn đã quen với những dòng tin nhắn gửi đến bất kể giờ giấc:  ""Chị ơi, người nhà em đi lạc…""  ""Bạn ơi, có người tai nạn nằm bên đường mà chưa ai nhận ra…""  Hoặc đơn giản chỉ là: ""Péo ơi, đăng giúp mình…""  Với chị Lan Anh - một người làm truyền thông, đồng thời quản lý nhiều cộng đồng, những tin nhắn như thế không còn xa lạ. Nhưng điều đặc biệt là chị chưa bao giờ xem đó là “việc ngoài lề”. Với chị, mạng xã hội không chỉ là nơi giải trí mà còn là nơi giúp người lạc tìm được nhà, người gặp nạn tìm lại người thân, hay đơn giản là nơi gửi đi một tia hy vọng giữa lúc tăm tối.  ""Ngày xưa. hồi còn ""trẻ trâu"" á, người ta nhắn tin nhờ giúp gì, có khi chẳng quen biết chị cũng chạy đến ngay, nhưng giờ ""có tí tuổi"" rồi với lại nghĩ sức mình sao bằng cả cộng đồng chung tay nên chị tìm cách để thông tin đến được với nhiều người hơn"" - chị chia sẻ trong 1 buổi trò chuyện.  Một bài đăng không chắc luôn mang lại kết quả, nhưng có thể là chỗ dựa tinh thần rất lớn. Để người trong cuộc không thấy cô đơn. Để ai đó biết rằng giữa bao dòng tin, vẫn có những người sẵn sàng dừng lại, đọc, chia sẻ và giúp đỡ.  Bởi đôi khi, một chia sẻ nhỏ cũng có thể thắp lên hy vọng cho ai đó giữa lúc khốn khó. Khi hàng triệu người Việt cùng nhau làm những điều tử tế dù là việc giản dị nhất thì đó chính là cách mạnh mẽ nhất để vun đắp cho một đất nước ngày càng vững bền.  Nhân kỷ niệm Quốc khánh 2/9 và Cách mạng Tháng Tám, hãy để “Chuyện của Hà Nội” cùng bạn lan tỏa những câu chuyện đầy cảm hứng về những người đang âm thầm dựng xây đất nước bằng trái tim, bằng hành động ngay từ những điều tưởng chừng rất nhỏ xung quanh ta.  #tiepluatuhao"	527708760_730963496432121_7198855309671977354_n.jpg		https://www.facebook.com/photo.php?fbid=1418296439656547&set=pb.100044286136937.-2207520000&type=3	Vũ	L		
07/08/25 - 15:09	FP - Chuyện của Hà Nội	Nguyễn Đức Trọng	Mẹ: Con lên công ty đi làm nói chuyện với cấp trên nghiêm chỉnh đàng hoàng đấy, không họ sẽ đánh giá thái độ của mình  Tôi với sếp Gen Z lên công ty nói chuyện với nhau: =)))				Vũ	L		
07/08/25 - 15:09	FP - Chuyện của Hà Nội	Khánh Ly Nguyễn		527326059_1478376280276315_2852498822803546124_n.png			Vũ	L		
07/08/25 - 15:41	FP - Chuyện của Hà Nội	Nguyễn Đức Trọng	Anh tí anh tèo anh nào cũng bắt tôi trả giá				Vũ	L		
07/08/25 - 15:41	FP - Chuyện của Hà Nội	Khánh Ly Nguyễn		526443068_824958813510675_2187183844926612466_n.png 525967898_1018611643514509_3574899114918043564_n.png 526878401_2471508053248884_8679846314549335048_n.png 527191734_637210856088750_6563988917965055135_n.png 527720368_1115968647129531_3115121188424189905_n.png 525858415_775462024899958_1144604382099300482_n.png 526115128_1082762930124544_8037756319277934959_n.png 528631595_1157767586188583_3610692276648891116_n.png			Vũ	L		
07/08/25 - 15:41	FP - Chuyện của Hà Nội	Minh Vũ	Sáng nay, tại Làng Văn hoá các Dân tộc Việt Nam A80 “Đội quân đi giữa lòng nhân dân”    Theo Dân Việt #tiepluatuhao	528273254_4049968178666887_3500221450823189403_n.jpg 525927408_1265986718362277_3581092437840764368_n.jpg 528298109_1113092117369281_6076368057731356168_n.jpg 525749693_1951645622355995_1176504093945316416_n.jpg 525394396_755707017107931_3947256044654849072_n.jpg		https://danviet.vn/hinh-anh-doi-quan-di-giua-long-nhan-dan-tai-hien-o-ngoai-thanh-ha-noi-san-sang-cho-nhiem-vu-a80-d1353633.html	Vũ	L		
07/08/25 - 15:41	FP - Chuyện của Hà Nội	Nguyen Ngoc	| 06 . 08 . 2025 - Mùa thu dùng thử mà có lá vàng rồi |  Sáng nay, trong không khí hân hoan mát lành chào ngày lập thu, có ai đó đã bùng làm để lêu hêu ngoài đường và bắt gặp phố có lá vàng xinh ơi xinh.  Comb hoàn hảo: nghỉ làm, lượn phố, lên nhà thờ uống trà chanh ăn cốm, vào cả Tràng Tiền ăn kem, trời ơi chill quá đáng  Lên kèo dần đi, cuối tuần bưng nhau đi lượn phố ngắm lá vàng là chuẩn bài ạ  Mận	526497924_4114546105478977_2698481156015082698_n.jpg 524816840_1528701331625678_2310484059514029817_n.jpg 524994502_1463856511629297_327178805507679024_n.jpg 526206045_555242790915263_2571339198900757352_n.jpg 527536280_634984679168091_1977805322435519346_n.jpg 523509117_801906892408256_2682303558402847372_n.jpg 528295774_798794926155207_4376817041442888539_n.jpg			Vũ			
07/08/25 - 15:41	FP - Chuyện của Hà Nội	Nguyen Ngoc	| 07 . 08 . 2025 - Mùa thu dùng thử mà có lá vàng rồi |  Sáng nay, trong không khí hân hoan mát lành chào ngày lập thu, có ai đó đã bùng làm để lêu hêu ngoài đường và bắt gặp phố có lá vàng xinh ơi xinh.  Comb hoàn hảo: nghỉ làm, lượn phố, lên nhà thờ uống trà chanh ăn cốm, vào cả Tràng Tiền ăn kem, trời ơi chill quá đáng  Lên kèo dần đi, cuối tuần bưng nhau đi lượn phố ngắm lá vàng là chuẩn bài ạ  Mận				Vũ	L		
07/08/25 - 16:48	FP - Chuyện của Hà Nội	Thanh Bình	CIA xem “người nhà”, VNCH tưởng “cạ cứng” - Phạm Xuân Ẩn và tuyệt chiêu “ẩn thân” lịch sử  Thiếu tướng Phạm Xuân Ẩn (tên thật Trần Văn Trung – Hai Trung) sinh ngày 12/9/1927 tại Biên Hòa, Đồng Nai, trong một gia đình viên chức cao cấp.   Nhờ xuất thân trí thức, từng học trường Tây và có đầy đủ giấy tờ do Pháp cấp, ông dễ dàng thâm nhập vào hàng ngũ tham mưu của quân đội Pháp, sau đó trở thành cộng sự thân thiết của phái bộ quân sự Mỹ. Trong vai trò này, ông trực tiếp tham gia soạn thảo các tài liệu chiến lược, xây dựng lực lượng, huấn luyện và tổ chức hậu cần cho quân đội Việt Nam Cộng hòa.  Năm 1959, sau khi tốt nghiệp ngành báo chí tại Mỹ, ông trở về làm phóng viên cho Reuters và tuần báo Time. Mang danh nghĩa “người của CIA”, Phạm Xuân Ẩn khéo léo tiếp cận các nguồn tin tình báo quan trọng từ quân đội, cảnh sát và cơ quan tình báo Mỹ. Tất cả những thông tin chiến lược, phân tích tình báo sắc bén này được ông bí mật chuyển cho Trung ương Cục miền Nam thông qua mạng lưới H63 và gửi ra Bộ Chính trị tại Hà Nội.  Những bản báo cáo của ông chính xác và tỉ mỉ đến mức lãnh đạo ta từng nhận xét: “Chúng ta đang ở trong phòng hành quân của Mỹ.”   Suốt thời gian hoạt động, ông đã gửi tổng cộng 498 báo cáo và tài liệu gốc, góp phần quan trọng vào việc định hướng chiến lược của cách mạng.   Sống giữa lòng địch hơn 20 năm với lớp vỏ “phóng viên - tình báo”, Phạm Xuân Ẩn vẫn giữ vững lý tưởng và lòng trung thành tuyệt đối với Tổ quốc, trở thành một trong những điệp viên kiệt xuất nhất của Việt Nam.  Theo Vietnamplus	526741230_760329756492871_624215114379185210_n.png			Vũ	L		
07/08/25 - 17:18	FP - Chuyện của Hà Nội	Minh Nguyễn	LIST NHẠC TỰ HÀO VIỆT NAM CHO QUỐC KHÁNH 2/9   Không cần nói nhiều, chỉ cần vài giai điệu cất lên, là tim lại rạo rực. Âm nhạc Việt Nam ta từ xưa đến nay luôn mang lại một thứ hào khí rất riêng vừa dịu dàng, vừa kiên cường, vừa mạnh mẽ nhưng cũng đầy hào hùng. Nghe trong những ngày lễ như thế này, ta mới có thể thấy hết sự biết ơn khi được sống trong một nền hòa bình, độc lập, tự do Tình yêu nước của người Việt tuy không phô trương, nhưng chưa từng nguội lạnh   #tiepluatuhao				Vũ	L		
07/08/25 - 17:18	FP - Chuyện của Hà Nội	Nguyễn Đức Trọng		528294809_1277372177362225_2126904047895910918_n.jpg 526762424_682596878134143_69978315256204963_n.jpg 525347705_1065850575313063_2203836960752989542_n.jpg 526128956_741683671814344_147807752867597298_n.jpg 526382165_1464761664524397_6496014804393073690_n.jpg 528818140_1810753696535222_6484200675990414991_n.jpg 526086180_2607858772890810_6315919454590256742_n.jpg 527542866_1280032763660854_5191886809867334292_n.jpg 527676355_1047884127414673_486677696474962156_n.jpg 526765213_1459284068651294_1202490727194462007_n.jpg			Vũ	L		
07/08/25 - 17:18	FP - Chuyện của Hà Nội	Minh Nguyễn	a ơi check giúp em ạ				Vũ			
07/08/25 - 17:18	FP - Chuyện của Hà Nội	Le Thu Huong	Hastag số chuyên mục cho c nhé				Vũ			
07/08/25 - 17:18	FP - Chuyện của Hà Nội	Le Thu Huong	Nếu là số 3 thì đổi stt thôi				Vũ			
07/08/25 - 17:18	FP - Chuyện của Hà Nội	Thanh Bình	cả cụm (có cả tên) hay mỗi #nguoitrongsu01 thui ạ				Vũ			
07/08/25 - 18:20	FP - Chuyện của Hà Nội	Le Thu Huong	Phần sau #chuyenmục ko cố định, e để ntn đảm bảo mục tiêu của title là đc				Vũ	L		
07/08/25 - 18:47	FP - Chuyện của Hà Nội	Nguyen Ngoc	| 07 . 08 . 2025 - Nếu được, hãy biết ơn những cảm xúc tiêu cực |  Nãy mình có đi gặp một người lạ, anh ấy có hỏi mình một câu, đại loại thì cảm xúc tiêu cực có là thứ nên có không? Mình trả lời luôn chứ, có, dĩ nhiên là cần, nhờ những ngày tháng đấy mà mình có thể tốt lên đến mức nào.  Mình này, đến khi nhìn lại quãng tiêu cực khó khăn đó, mình thấy được nhiều hơn là mất, mình thấy biết ơn. Biết ơn vì hồi ấy đã tan nát, biết ơn vì những đêm khóc quằn quại điên dại, biết ơn vì những ngày trầm lặng, biết ơn vì đã chịu tiêu cực, rồi cũng chọn chia tay tiêu cực.  Cuộc đời con người sẽ gặp nhiều người, sẽ va phải nhiều chuyện, sẽ có những lúc siêu yêu đời tích cực, thì cũng không thể tránh những ngày chỉ muốn buông xuôi.  Mình biết ơn những ngày đó, biết ơn người làm mình tan nát đó, nhờ thế mà mình có một cuộc đời mới đẹp hơn quá nhiều.  Mình này, mình đang trên hành trình biến bản thân thành một phiên bản rực rỡ nhất. Mình muốn khi nhắc tới mình, người ta sẽ cực trân quý và mong có được mình, hay được làm việc cùng mình.  Mình cứ thế, sống và biết ơn mỗi ngày    Mận	525948454_1962495364566440_3726294064633703651_n.png			Vũ	L		
07/08/25 - 19:14	FP - Chuyện của Hà Nội	Lê Giang Uyên	Trong 3000 thầy cô tình nguyện đi B, có người ngã xuống vì trúng đạn kẻ thù trên đường đi mua nhu yếu phẩm, bút mực cho học viên, có người hy sinh khi cố chạy lên đưa học sinh xuống hầm, có người hy sinh khi bị địch phục kích trên đường đi công tác.   Gần ngày 2/9, hãy kể về những người đã làm nên đất nước năm ấy. Những người thầy, mang theo sách vở… đi vào chiến trường.  “Chúng tôi vượt Trường Sơn không bằng sức lực, mà bằng ý chí người thầy.”, thầy Đỗ Trọng Văn chia sẻ.  Hơn 3.000 nhà giáo từ miền Bắc đã lặng lẽ gác lại bục giảng, gia đình, con nhỏ, để xẻ dọc Trường Sơn vào miền Nam giữa khói lửa chiến tranh. Họ không cầm súng, nhưng vẫn bước đi như một đội quân, bằng tất cả tri thức mình mang, bằng tất cả lòng yêu nước mình có.  Vượt Trường Sơn trong 91 ngày đêm, lội rừng, băng sông, chống sốt rét, nhịn đói, đi trong bom B52 chỉ để dựng lên một lớp học. Lớp có thể nằm dưới gốc dừa nước, trong rừng tràm, trong căn nhà lá mượn tạm. Có khi sách vở phải viết lại từ tài liệu của địch. Có khi mới học buổi sáng, buổi chiều đã nghe tiếng xe jeep càn tới, cả lớp lại chạy vào rừng.  Những nhà giáo ấy, đã vừa dạy chữ, vừa chạy giặc.  Nhiều người đã ngã xuống. Cô giáo Lệ Chi hy sinh khi đang dìu học sinh xuống hầm. Thầy Cao Thành vĩnh viễn nằm lại Phú Yên khi không thể vượt qua cơn sốt rét rừng.  Thầy Nguyễn Đức Châu chết vì bom napalm phủ lên võng giữa đường hành quân. Thầy Trần Ngọc Chắc ngã xuống vì trúng đạn kẻ thù trên đường đi mua nhu yếu phẩm, bút mực cho học viên. Thầy Lương Duyên Hý cùng dân gài mìn, lựu đạn, đánh du kích khi địch đến, địch rút lại dựng trường, mở lớp tại Mỹ Lợi (Tiền Giang). Cô giáo - chiến sĩ biệt động Sài Gòn Lê Thị Bạch Cát bị kẻ thù kéo xác giữa phố, nhưng được nhân dân rước về thờ ở chùa, và đặt tên cho một con đường.  “Những người thầy đã ngã xuống, để mái trường mọc lên.”  Gần ngày 2/9, hãy nhớ về họ. Những người đã không đợi đến khi đất nước thống nhất mới bắt đầu dạy học. Mà đã dạy giữa tiếng đạn. Và đã ngã xuống, nhưng kịp gieo một mầm xanh.  (Người làm nên đất nước #04)  | Trích thông tin từ Vietnam Plus. Ảnh: Báo Nhân dân.			https://special.vietnamplus.vn/2020/11/19/thayco_dib/?amp	Vũ	L		
07/08/25 - 19:14	FP - Chuyện của Hà Nội	Lê Giang Uyên	Ảnh: 	525720767_1274475171037887_7032187909129958834_n.jpg		https://nhandan.vn/special/hoi-uc-thay-giao-do-trong-van-di-B/index.html	Vũ			
07/08/25 - 20:28	FP - Chuyện của Hà Nội	Chu Thủy	Có một bộ phận người trẻ ngày nay không rời bỏ công việc vì lương thấp, mà vì họ thấy mình “vô dụng” và không được công nhận trong một tập thể.  Khi nói về chuyện nghỉ việc, câu trả lời mình thường nghe thấy nhất là “lương thấp”, là “môi trường làm việc căng thẳng”. Tuy nhiên, bên cạnh những yếu tố đó, có một khía cạnh khác không kém phần quan trọng đang dần được chú ý, đó là cảm giác được trân trọng và ghi nhận trong công việc.  Tức là giờ đây đang có một quan điểm khác là một người nghỉ việc không phải chỉ xuất phát từ vấn đề lương thưởng nữa mà có thể là vì họ cảm thấy mình không được trân trọng, không có giá trị trong mắt nhà quản lý.  Câu hỏi đặt ra là điều này có đúng không và tại sao cảm giác được trân trọng lại quan trọng hơn cả lương bổng?  Mình có từng được nghe chia sẻ là khi nhân viên cảm thấy mình bị xem nhẹ, năng suất lao động giảm ngay lập tức. Họ mất dần nhiệt huyết và chỉ làm cho xong việc, về mặt tinh thần, họ đã âm thầm “nghỉ việc” từ lâu trước khi chính thức rời đi.  Như vậy để thấy thế hệ trước và thế hệ nay đã có sự khác biệt trong kỳ vọng với công việc.  Thế hệ đi trước có xu hướng coi trọng sự ổn định, họ thường chấp nhận khó khăn, áp lực để đổi lấy sự chắc chắn trong công việc. Ngược lại, thế hệ trẻ hiện nay có cái nhìn khác đi và đa chiều hơn về công việc. Họ không chỉ mong muốn được trả công xứng đáng mà còn kỳ vọng được đánh giá đúng năng lực, được lắng nghe và cảm thấy mình có giá trị trong tổ chức.  Và cảm giác bị xem nhẹ là một trong những nguyên nhân ngầm khiến nhân viên cân nhắc rời đi. Tất nhiên, điều này không có nghĩa là lương thưởng không quan trọng, mà là một môi trường làm việc tích cực cần phải có cân bằng cả hai yếu tố: vật chất và tinh thần.  Nói cách khác, một môi trường làm việc đang có vấn đề dù là vì áp lực, thiếu tôn trọng hay mất phương hướng văn hóa sẽ không thể được “sửa chữa” chỉ bằng vài khoản thưởng nóng hay những chính sách đãi ngộ nhất thời.  Tiền có thể khiến người ta ở lại thêm một thời gian, nhưng không thể khiến họ thực sự gắn bó. Nếu thiếu đi một hệ thống ghi nhận rõ ràng, minh bạch và sự công bằng trong cách đối xử, nhân viên sẽ dần rơi vào trạng thái “mất kết nối”: họ làm việc như một phản xạ, không còn cảm thấy thuộc về tổ chức, và chỉ chờ một cơ hội phù hợp để rời đi.  | Nghề mới - Một dự án thuộc Chuyện của Hà Nội.	526189735_1616306802660718_7532466636543017854_n.jpg			Vũ	L		
07/08/25 - 20:28	FP - Chuyện của Hà Nội	Chu Thủy	"""Nếu bất đắc dĩ phải mặc thì xin đừng là bộ này.""  Trong ngành PCCC, ai cũng quen với bộ đồ đỏ vàng quen thuộc, bộ bảo hộ mà chúng ta thường thấy trên các chiến sĩ cứu hỏa. Nhưng ít ai biết rằng, còn có một bộ đồ khác, nặng nề và ám ảnh hơn nhiều: bộ xám chì, hay còn gọi là bộ amiang.  Khác với bộ thường chỉ có tác dụng giảm nhiệt và chịu được khoảng 300 độ C thì bộ amiang được thiết kế để đối mặt với những tình huống nguy hiểm nhất, rủi ro nhất. Nó có thể chống cháy, chịu được nhiệt từ 500 đến 1000 độ C.   Nghe thôi là thấy chẳng giống một “bộ đồ làm việc”, mà giống như một lớp giáp cuối cùng, chỉ dành cho những nhiệm vụ không ai muốn nhận: cháy nổ ở nhà máy hóa chất, sự cố tại các khu lọc dầu, hoặc tai nạn công nghiệp quy mô lớn.  Bộ đồ này không phải ai cũng từng mặc, và cũng chẳng ai muốn đến lượt mình mặc lên. Bởi khoác lên nó là khi họ đang bước vào những thời khắc sinh tử. Và nếu có bắt buộc phải làm nhiệm vụ, thì mong chỉ cần đến bộ thường, đừng là bộ amiang.  Vì mặc nó, không chỉ là mặc một bộ đồng phục chữa cháy mà là mặc cả tinh thần sẵn sàng hy sinh, mặc cả niềm tin đồng đội và mặc lên tất cả sự can đảm, cao cả của chính mình vì đó là một cuộc đánh cược sinh mạng.  | Nội dung có sự tham khảo Ảnh: Dinggory"	526645758_1796123914331785_4198120684500462021_n.jpg			Vũ	L		
07/08/25 - 21:26	FP - Chuyện của Hà Nội	Chu Thủy	Đây là một bức ảnh đang rất viral trên threads và phía dưới mình thấy mọi người chủ yếu để lại những comment là: “mắc cười”, “10 điểm thật thà” và cả những câu hỏi như “Nhà tuyển dụng sẽ đánh giá như nào qua CV này?”  Tiện đây, dựa trên một câu chuyện hoàn toàn có thật của một người anh mình quen, mình muốn chia sẻ một quan điểm rất khác về một chiếc CV “hoàn hảo”.  Anh mình kể là có một giai đoạn, anh ấy rơi vào tình trạng thất nghiệp kéo dài. Anh apply gần 30 công ty trong ngành marketing, lĩnh vực vốn được đánh giá là nhiều cơ hội nghề nghiệp nhưng phản hồi lại rất hạn chế.   Phỏng vấn cũng được tầm 10-15 công ty nhưng cũng trượt sạch. Và hiếm hoi lắm thì anh cũng chỉ đi được đến vòng cuối tuyển dụng và chưa từng là người được chọn. Tức là anh đã trượt đến mức bắt đầu hoài nghi về năng lực của chính mình với hướng đi hiện tại.  Nhưng rồi, anh ý đã quyết định làm lại CV. Nhưng không theo cấu trúc truyền thống mà anh ghi nguyên một mục to đùng toàn những THẤT BẠI. Bản thân mình cũng không hiểu làm vậy để làm gì, mình thấy nó rất kỳ cục và như người ta vẫn nói thì gần như là đang “vạch áo cho người xem lưng”.  Nhưng không! Sau đó mình phải đánh giá đây là một chiến lược xin việc độc lạ nhưng rất thông minh.  Anh mình bảo đây không phải trò đùa, cũng không phải kiểu tự ti, nó là một chiến lược. Anh viết như thế để nhà tuyển dụng thấy một điều rằng anh đã thất bại rất nhiều, nhưng vẫn tiếp tục apply, vẫn muốn làm nghề này đến cùng. Anh không bỏ cuộc. Và đấy chính là lý do họ nên chọn anh.  Ngay sau khi gửi chiếc CV “thành thật quá mức” ấy đi, anh được mời phỏng vấn rồi vào làm chính thức ở một agency khá lớn. Và họ nói rằng lý do họ ấn tượng và nhận anh vào làm là vì anh đã chứng minh được anh đam mê ngành này ra sao và sẽ kiên trì với nó như thế nào.  Nếu không là người được nghe câu chuyện về một chiếc CV toàn những thất bại, có lẽ mình sẽ nghĩ đây là một trò đùa. Vì bản thân mình luôn theo đuổi một CV có mẫu đẹp, ngôn từ chuyên nghiệp, cấu trúc logic, và dĩ nhiên không có “vết xước”, ngược lại phải toàn những thành tích từ to đến nhỏ.  Nhưng có lẽ đang có những người thực sự đã viết lại luật chơi. Không ngại kể về những lần vấp ngã. Dũng cảm ghi cả những chặng đường toàn thất bại.  Và dường như cũng có những doanh nghiệp đang cởi mở hơn đối với hình thức và nội dung của một chiếc CV, họ quan niệm rằng CV không phải là thứ để khoe mình giỏi ra sao, mà là nơi để chứng minh mình nỗ lực đến mức nào.  Mình khá thích tư duy này vì suy cho cùng thì một công ty họ tuyển dụng cũng là để tìm kiếm người đồng hành phù hợp và đáng để đầu tư.  | Nghề mới - Một dự án thuộc Chuyện của Hà Nội.	528236639_767851659030981_9040412414394737010_n.png			Vũ	L		
07/08/25 - 21:26	FP - Chuyện của Hà Nội	Thủy		526052022_1094459275969659_3416505671493231730_n.jpg			Vũ	L		
07/08/25 - 23:39	FP - Chuyện của Hà Nội	Nguyễn Đức Trọng	"Sự nghiệp cả đời sẽ thay đổi khi bạn hiểu ra: làm việc là hợp tác, không phải đi xin. Một trong những sai lầm lớn nhất khi đi phỏng vấn lúc trẻ của tôi, là luôn giữ tư duy đi ""xin"" việc và cố gắng làm ""hài lòng"" người phỏng vấn, giống như cách tôi làm hài lòng bố mẹ, thầy cô… Bởi vì, nó làm tôi biến thành người khác, không còn sống thật với chính mình, run rẩy hơn, nói dối nhiều hơn, dễ dãi chấp nhận hơn, và cũng... bị đánh giá thấp hơn.  Đúng ra, tôi cần hiểu, mọi thứ phải là hợp tác hai bên, phải win - win mới là thứ lâu dài nhất, cả cho tôi và doanh nghiệp tôi nữa. Ngày còn trẻ, tôi nghĩ phỏng vấn là một bài thi và mình cần làm mọi cách để qua vòng. Bước vào những căn phòng, đối diện với 2 3 người, với những câu trả lời quen quen: “Em có thể tăng ca”, “Em sẵn sàng học hỏi”, “Em có thể làm mọi thứ miễn công ty cần”, hạn chế hỏi chế độ, lương thưởng.  Thực sự thì những thứ ngoan ngoãn bằng lời đó không làm mọi thứ tốt hơn được. Khi vẫn còn phải “xin việc”, bạn rất sợ làm sai, dễ trả lời kiểu “chung chung” cho mọi thứ. Họ hỏi có thể làm thêm cuối tuần không, bạn có gật đầu dù “nghi nghi” rồi.  Bạn học vài mẹo “EQ phỏng vấn” trên mạng... nhưng kết quả, vẫn bị loại. Bởi vì, chính trong buổi phỏng vấn ấy, bạn “Giống như không biết mình muốn gì”. Có nơi bạn được nhận, nhưng rồi cũng out vì trót chém gió và ba phải quá, giờ làm thật không nổi. Sau này, khi đã va vấp, bạn bắt đầu hiểu rằng, đậu hay không không phải việc bạn trả lời hoàn hảo thế nào khi phỏng vấn, mà ở việc bạn có hợp với họ hay không, bạn có hiểu rõ mình có thể mang lại điều gì và cần gì để làm tốt công việc đó.  Thậm chí, đậu phỏng vấn rồi, những thứ trên vẫn cần thiết để xem bạn có làm được lâu hay không. Vậy, sao phải tốn thời gian mà không xem xét nó ngay từ đầu? Lần tới, khi phỏng vấn, bạn hãy kể thật về những gì đã làm, cả những việc không thành công và bài học bạn rút ra. Đừng gồng. Bạn cũng không còn chỉ trả lời câu hỏi nữa, mà bắt đầu biết tìm hiểu xem đối tác này có hợp với mình không. Bạn hỏi rõ cách công ty đo lường hiệu quả, cách đội ngũ làm việc với nhau, và nói về những gì bạn cần ở đây, có thể là môi trường, có thể là chế độ.  Bạn có thể nói chuyện với người phỏng vấn như hai người cộng tác, chứ không phải người xin và người cho, thậm chí bạn có thể đề nghị một cuộc thăm nhỏ văn phòng làm việc nếu công ty có môi trường mở. Bạn sẽ được nhận, nhưng với tư cách một cộng sự được chào đón, chứ không phải một người được tuyển về. Một buổi phỏng vấn tốt là khi cả hai bên đều có thể nhìn thấy nhau rõ ràng nhất. Công ty không muốn tuyển một người chỉ biết gật đầu, và ứng viên cũng không nên lãng phí tuổi trẻ ở một nơi không thuộc về mình.  Ở đâu cũng thế thôi, win-win mới là thứ tốt nhất cho cả hai bên, duy trì động lực, lợi nhuận và hợp tác bền lâu. Đôi khi, chỉ một giờ trò chuyện thực tế, ngang bằng khi phỏng vấn có thể giúp bạn tránh một năm chạy deadline trong mệt mỏi.  Và một câu hỏi đúng lúc cũng có thể mở ra một chặng đường mới, nơi bạn thật sự thuộc về và phát triển một sự nghiệp đến đỉnh cao. | Từ Nghề mới, một dự án thuộc Chuyện của Hà Nội"	527835817_1818182395801538_3620159318309472851_n.png			Vũ	L		
05/08/25 - 10:46	FP - Sài Gòn nghenn	Nguyễn Thành Vĩnh	3 lớp chống nắng cũng không đủ cho cái thời tiết này, TP HCM Nắng nóng, nhiệt độ và tia UV rất cao  Hôm nay, thời tiết TP HCM tiếp tục duy trì nắng nóng với nhiệt độ cao, độ ẩm cũng ở mức gây oi bức và chỉ số UV ở ngưỡng có hại.  Trung tâm Dự báo Khí tượng Thủy văn Quốc gia, hôm nay (5-8), thời tiết chung ở TP HCM và Nam Bộ có mây, ngày nắng nóng; khả năng về chiều và đêm có lúc có mưa rào và dông; gió Tây Nam duy trì cấp 2-3. Trong mưa dông có khả năng xảy ra lốc, sét và gió giật mạnh. Nhiệt độ thấp nhất từ 25-28 độ C và cao nhất từ 33-36 độ C.  Ngoài ra, với nhiệt độ cảm nhận thực tế cao thì độ ẩm cũng sẽ ở mức đáng kể và chỉ số UV tối đa trong hôm nay là 12, đây là mức rất có hại.  Theo báo Người Lao Động	525404336_990561246409785_7158534983505366493_n.png		https://nld.com.vn/thoi-tiet-tp-hcm-hom-nay-5-8-nang-nong-nhiet-do-va-tia-uv-rat-cao-196250805084105464.htm	Dương	L		
05/08/25 - 11:45	FP - Sài Gòn nghenn	Lê Ngọc Tuyền	Trung bình cuộc hội ngộ của shipper SG trong giờ ăn trưa:	525768566_1108594374481732_8347532929118261009_n.jpg			Dương	L		
05/08/25 - 13:00	FP - Sài Gòn nghenn	Lê Ngọc Tuyền	: viết khoá luận tới mức mắt thâm đen sì mà nhỏ sen cho đội mũ tốt nghiệp có chút xíu  Cre: minh phuong	528262396_2295778620863222_6544615573707738577_n.jpg 514304176_24110126801990402_1560327261611746247_n.jpg 526440793_1755321285348479_318696193226763821_n.jpg			Dương	L		
05/08/25 - 14:13	FP - Sài Gòn nghenn	Lê Ngọc Tuyền	Dàn khí tài quân sự của Quân đội nhân dân Việt Nam xuất hiện trong buổi tổng hợp luyện diễu binh, diễu hành hôm nay    Sáng 5-8, tại Trung tâm Huấn luyện Quân sự quốc gia 4, gần 16.000 cán bộ, chiến sĩ của các đơn vị Quân đội, Công an, cùng hệ thống vũ khí, khí tài hiện đại tham gia thực hiện nhiệm vụ diễu binh, diễu hành trong Lễ kỷ niệm 80 năm Cách mạng Tháng Tám thành công và Quốc khánh nước Cộng hòa xã hội chủ nghĩa Việt Nam tiến hành tổng hợp luyện lần thứ hai.  Điểm nhấn nổi bật trong buổi tổng hợp luyện là sự xuất hiện của hệ thống vũ khí, khí tài hiện đại, từ các loại xe tăng, xe thiết giáp, tên lửa, pháo binh, radar... đến các loại khí tài đặc chủng như tác chiến điện tử, công binh, thông tin liên lạc, hóa học... Trong đó có nhiều sản phẩm của nền công nghiệp quốc phòng Việt Nam nghiên cứu, chế tạo, như: Tổ hợp tên lửa Trường Sơn, xe chiến đấu bộ binh XCB-01, các loại máy bay không người lái, radar... Tất cả đều hành tiến nhịp nhàng, thể hiện sức mạnh cơ động và khả năng sẵn sàng chiến đấu cao của Quân đội nhân dân Việt Nam.  Ảnh: Anh Nguyễn Tuấn Huy - Báo Quân đội nhân dân  #tiepluatuhao	525844671_762585783085543_7660171593934765537_n.jpg 515511951_1075803614192245_929751619983578168_n.jpg 526866461_2180613335771480_2668883748553435408_n.jpg 524149042_748419041229927_1922875933721272537_n.jpg 522642550_1289100502724355_4952098382697128198_n.jpg 525901382_725287143609416_8541257607540071586_n.jpg 527210971_1299535928359292_8393669403499759845_n.jpg 524917716_754663393722649_8171774281039244449_n.jpg 521316842_1250371272968848_2851532777182635519_n.jpg 527467725_1091376916254983_4429628308495187061_n.jpg 528251782_2151367758680304_5664504077489228641_n.jpg			Dương	L		
05/08/25 - 14:13	FP - Sài Gòn nghenn	Lê Ngọc Tuyền		525573882_778750058060720_8453125771413104322_n.jpg 524130022_526005557237991_6335081052534572601_n.jpg 525415976_1198931272272695_1282565811049075497_n.jpg 526863995_3228804620629541_8950407382069152746_n.jpg 525956910_1439721060613097_2699280062177320620_n.jpg 524130022_1295214929114831_8162042645835917426_n.jpg 526700374_1137284191782912_9059300717773686521_n.jpg 526291558_696216853452519_1871533514490853042_n.jpg 514041740_2447232345660455_6165354508040703199_n.jpg 526558556_719827617712742_9185590929562757863_n.jpg			Dương			
05/08/25 - 14:13	FP - Sài Gòn nghenn	Nguyễn Thành Vĩnh	"Sài Gòn mình cứ dễ thương dậy quài cho tui  Nhặt lại được chiếc hộp đựng 2 chỉ vàng của khách ăn buổi sáng, chị Phương (chủ quán miến lươn ở phường Trung Mỹ Tây (quận 12 cũ) nhờ con đăng lên mạng để tìm người trả lại.  Sự việc xảy ra vào sáng 4/8. Khi đó, một khách đến ăn sáng tại quán có đánh rơi một hộp chứa nhẫn vàng, bên trong có 2 chỉ.  ""Sau khi rời quán, phát hiện mất đồ, khách có quay lại nhờ check camera an ninh để tìm nhưng lúc đó không thấy. Đến trưa, nhà tôi dọn dẹp mới nhặt được nhưng chờ mãi không thấy khách đó quay lại"", chị Phương kể.  Vì không lưu thông tin của vị khách mất đồ, chị Phương đành đăng bài lên hội nhóm địa phương trên Facebook, với hy vọng người mất có thể nhìn thấy.   Đến tối cùng ngày, người khách đánh rơi đồ đã liên hệ lại. Chị Phương cho biết, khách là chủ một quán phở ở cách đó không xa. Sau khi xác nhận đúng thông tin, hai bên hẹn để hôm sau sẽ tới nhận.  Hành động đẹp và đáng quý, trả tiền mạng để đọc mấy tin như này nè quý dị.  Theo Z News"	527662508_736975862533653_5235052128531550835_n.jpg			Dương	L		
05/08/25 - 14:13	FP - Sài Gòn nghenn	Nguyễn Thành Vĩnh		526022285_786950263663893_1346082255953763441_n.png			Dương			
05/08/25 - 14:13	FP - Sài Gòn nghenn	Nguyễn Thành Vĩnh	Chuẩn bị tuần nào cũng được coi pháo hoa nè mấy ní  UBND TPHCM vừa có văn bản chấp thuận cho tổ chức bắn pháo hoa nổ tại Khu đô thị Vinhomes Grand Park (số 512 đường Nguyễn Xiển, phường Long Bình).  TPHCM cho phép bắn 1 điểm pháo hoa nổ tầm thấp, thời lượng 5 phút, diễn ra từ 21h đến 21h05 vào tối thứ Bảy và tối Chủ nhật hằng tuần, kéo dài từ ngày 16.8 đến hết ngày 31.12.2025. Ngoài ra, sẽ có một đêm bắn pháo hoa tương tự vào tối thứ Bảy, ngày 7.2.2026.  Bên cạnh các đợt bắn pháo hoa định kỳ vào cuối tuần, UBND TPHCM cũng đồng ý cho tổ chức bắn pháo hoa tầm cao tại Khu đô thị Vinhomes Grand Park vào các ngày lễ, gồm: Lễ Quốc khánh 2.9.2025; tối 4.10.2025; tối 21.12.2025; đêm Giao thừa Tết Dương lịch (31.12.2025).  Con dân Thủ Đức phen nãy đỡ phải vào trung tâm để coi pháo hoa rồi hen, note lại set kèo đi liền.  Theo báo Tuổi Trẻ	527599038_1461546744976406_5085040766670922198_n.jpg		https://laodong.vn/xa-hoi/tphcm-lan-dau-ban-phao-hoa-hang-tuan-tai-khu-do-thi-phia-dong-1550371.ldo	Dương	L		
05/08/25 - 17:58	FP - Sài Gòn nghenn	Nam Ho Nguyen Hoang	“Mày mà đi tao khóc tối ngày sáng đêm á”   Thời gian đã lấy đi một phần ký ức của bà. Những câu chuyện ngày xưa bà hay kể giờ chỉ còn lại vài mảnh rời rạc, như chiếc khăn tay cũ sờn chỉ theo năm tháng. Giữa hàng triệu thứ quý giá trên đời, chỉ có tình cảm là thứ bà không bao giờ quên		527196251_24203948405938489_8596169948556912859_n.mp4		Dương	L		
05/08/25 - 17:58	FP - Sài Gòn nghenn	Lê Ngọc Tuyền	: Đã nắng rồi sao còn lại mưa?   : Vì sợ người đi làm tan ca nóng nực	527465759_1318677470257666_2306413885836831799_n.jpg			Dương	L		
05/08/25 - 19:36	FP - Sài Gòn nghenn	Lê Ngọc Tuyền	Tổng hợp một số hình ảnh “giải bơi lội TP” chiều tối nay  Chiều tối 5-8, cơn mưa lớn đổ xuống nhiều phường, xã thuộc TP HCM gây ngập một số tuyến đường, theo ghi nhận vẫn đang mưa rất lớn ở nhiều phường, xã, nhiều xe chết máy.  Hôm nay mấy tiệm sửa xe thì hồng phát luôn, bà con di chuyển cẩn thận, tránh đi vào các đoạn đường ngập sâu nha  Theo báo Người Lao Động	526984745_2573700932979785_422270548366444796_n.jpg 527727858_743516725078938_906231095000559097_n.jpg 527656025_1388949855532083_7061575714895565435_n.jpg 527326591_1984104905677637_2981310836337123432_n.jpg 528801943_1475633680550870_1278056954976312880_n.jpg 525890666_2134973780323921_5085510901338096177_n.jpg 525395507_723557917511069_6224377602105734941_n.jpg 525285901_1269216801537594_4408327102816588822_n.jpg		https://nld.com.vn/mua-lon-bat-ngo-do-xuong-tp-hcm-nhieu-tuyen-duong-dang-ngap-sau-xe-chet-may-196250805183850843.htm	Dương	L		
05/08/25 - 19:36	FP - Sài Gòn nghenn	Nguyễn Thành Vĩnh					Dương			
05/08/25 - 19:36	FP - Sài Gòn nghenn	Nguyễn Thành Vĩnh	em xin lên luôn nha tí bkd duyệt sau nha ạ				Dương			
05/08/25 - 20:32	FP - Sài Gòn nghenn	Lê Ngọc Tuyền	Sài Gòn trong cơn mưa tối nay   Mưa lớn trong hơn 30 phút khiến nhiều tuyến đường tại TP HCM ngập sâu, có điểm nước tới yên xe máy, giao thông một số nơi gián đoạn.  Theo VnExpress	524762484_30820388140941861_2701567012648375680_n.jpg 525342743_1952383178896655_2981655693753787087_n.jpg 525534594_1458877755456039_6172836444329876069_n.jpg 526917357_1711256742857591_190599052757895753_n.jpg 524911568_1288624669641577_6055057869214033227_n.jpg 527810187_771446138593813_3964179247145096463_n.jpg 526222448_746086638343813_7963513301839727566_n.jpg		https://share.google/maf5wsBsYpWhbIXYl	Dương	L		
05/08/25 - 20:32	FP - Sài Gòn nghenn	Lê Ngọc Tuyền					Dương			
05/08/25 - 20:32	FP - Sài Gòn nghenn	Lê Ngọc Tuyền		520930648_1303687951192941_3341418780082752428_n.jpg 525980453_4203909543189464_4575936673342326947_n.jpg 524143038_1761464391154442_8788192363930807898_n.jpg 526356258_1104367511829488_5102058193414748840_n.jpg 526748512_675187315539271_7379089015368702760_n.jpg 524749374_1458834165244601_7913218698800090956_n.jpg			Dương			
05/08/25 - 21:08	FP - Sài Gòn nghenn	Lê Ngọc Tuyền	Tin nhắn từ đứa em ở nhà thiệt ra không có gì đặc biệt mà sao vẫn thấy xúc động lạ lắm  Mấy bạn có em trai, em gái cách nhiều tuổi sẽ biết được cảm giác vừa thương, vừa tức mấy nó là như thế nào. Lúc nó lì thì cũng trời thần lắm, mà nó ngoan thì trái tim mình cũng mềm xèo theo luôn.  Lâu lâu nhắn mấy câu làm bất ngờ ghê, thấy ẻm cũng biết suy nghĩ, biết thương mình. Ăn gì của mình cũng xin phép, đi đâu có gì hay cũng đem về tặng.   Tự dưng sợ mấy ẻm lớn nhanh quá   Ảnh: Tổng hợp	526511031_4237895836537479_945758032943794928_n.jpg 525670978_2195406440872483_8929130338035582890_n.jpg 526540680_2634599386890696_1285042683516625529_n.jpg 524746356_750454897707196_507654644365350350_n.jpg 513053310_1544099229891058_1207937686515022812_n.jpg 528236639_1124381149595049_2458060926459150223_n.jpg 524344351_1747701605853503_1983301507680266193_n.jpg 525982040_1018049986905153_9096606120645846413_n.jpg 524152220_1714943005824988_3656915149589399328_n.jpg 527003689_1059156513099609_1706082722603184328_n.jpg 528260620_1008051164630784_3705360599012189582_n.jpg 524737905_792116886617239_7286665987698617189_n.jpg			Dương	L		
06/08/25 - 07:22	FP - Sài Gòn nghenn	Đỗ Tiểu Quyên	"NHẬT KÝ ĐU A80 VỚI NGHENN (P1): COI CHỪNG SỐC NHIỆT!!  Cảm ơn member SGN đã nhắc nhở. Một điều tui cho là vô cùng ""chí mạng"", đoàn mình hết sức lưu ý đó là: cái nóng ở miền Bắc khắc nghiệt hơn trong Nam rất nhiều    Khác với trong đây nắng cái núp bóng râm là đỡ, nóng miền Bắc nó kiểu oi nồng, có thể là bí thở luôn...  Đứng yên, có gió, nhưng mồ hôi vẫn sẽ túa ra.   Ngay cả khi trời tắt nắng thì cũng chưa có mát đâu nhen, thậm chí 12h đêm đi ngoài đường vẫn thấy nực.  Trước khi đi chơi, dậy sớm, trang điểm đánh nền cho mướt vô. Tới nơi không chụp được tấm nào, vì nắng nóng trôi bể nền! ...  Còn nhiều giai thoại khác nữa, mời các tấm chiếu từng trải bổ sung thêm.   Qua đây cũng nhắn bà con có ý định đu A80 ngoài trời: nhớ đem theo nón, dù, nước suối... đầy đủ, tránh say nắng. Mình lựa chỗ coi râm mát vắng người chút, sức khoẻ vẫn là trên hết nhen!"	514773573_1248550903203078_1393537010606919754_n.jpg			Dương	L		
06/08/25 - 08:40	FP - Sài Gòn nghenn	Đỗ Tiểu Quyên	Chính thức: Học sinh cấp 2, cấp 3 sẽ học 2 buổi/ngày từ năm học 2025-2026 tại các trường có đủ điều kiện cơ sở vật chất	525623253_2493019947780360_7659503282727522001_n.jpg 527024152_1127802029256857_7515998801247067033_n.jpg 526288512_782222311038281_4231551491001992551_n.jpg 525590631_769167556276075_6749074943463647484_n.jpg		https://dantri.com.vn/giao-duc/hoc-sinh-cap-2-3-chinh-thuc-hoc-2-buoingay-tu-nam-hoc-2025-2026-20250805155831640.htm	Dương	L		
06/08/25 - 08:40	FP - Sài Gòn nghenn	Lê Ngọc Tuyền					Dương			
06/08/25 - 08:40	FP - Sài Gòn nghenn	Lê Ngọc Tuyền	Cmt  Bộ Giáo dục và Đào tạo (GD&ĐT) vừa ban hành công văn số 4567 về việc hướng dẫn tổ chức dạy học 2 buổi/ngày ở bậc phổ thông. Các trường tiểu học sẽ thực hiện đồng loạt, còn trường THCS, THPT thực hiện theo lộ trình, triển khai trước với những trường có đủ cơ sở vật chất.  Bộ quy định, buổi 1 sẽ tổ chức dạy chương trình giáo dục phổ thông. Buổi 2 tổ chức các hoạt động củng cố để học sinh hoàn thành nội dung học tập và phát triển toàn diện đức - trí - thể - mĩ.   Những hoạt động này được mô tả gồm: giáo dục về văn hóa, nghệ thuật, STEM, văn hóa đọc, văn hóa học đường, tư vấn hướng nghiệp, hoạt động tình nguyện, kỹ năng sống, giáo dục tài chính, kiến thức về trật tự an toàn giao thông, năng lực số, trí tuệ nhân tạo (AI), ngoại ngữ, thể thao, các hoạt động tìm hiểu tự nhiên, xã hội, văn hóa, lịch sử, truyền thống của địa phương và các nội dung giáo dục khác theo quy định, đáp ứng nhu cầu, sở thích, năng khiếu của học sinh…  Về thời lượng, tiểu học học tối thiểu 9 buổi/tuần, 1 ngày không quá 7 tiết, 1 tiết 35 phút. Cấp THCS và THPT học tối thiểu 5 ngày và tối đa 11 buổi/tuần, 1 ngày không quá 7 tiết, mỗi tiết 45 phút.  Bên cạnh mục đích phát triển toàn diện cho học sinh, việc học 2 buổi/ngày còn nhằm nâng cao chất lượng giờ học chính khóa; khắc phục tình trạng dạy thêm, học thêm không đúng quy định.  Theo Báo Dân Trí  			https://dantri.com.vn/giao-duc/hoc-sinh-cap-2-3-chinh-thuc-hoc-2-buoingay-tu-nam-hoc-2025-2026-20250805155831640.htm	Dương	L		
06/08/25 - 08:40	FP - Sài Gòn nghenn	Nguyễn Thành Vĩnh	Có nắng có mưa, cân bằng ghê	527331103_1042035174449195_4366511540487158003_n.jpg			Dương	L		
06/08/25 - 10:12	FP - Sài Gòn nghenn	Nguyễn Thành Vĩnh	Vị vua mới sau trận mưa lớn đêm qua	526749349_1456331449017151_4754141360205649474_n.jpg			Dương	L		
06/08/25 - 11:35	FP - Sài Gòn nghenn	Nguyễn Thành Vĩnh	[Message Retracted]	  			Dương			
06/08/25 - 11:35	FP - Sài Gòn nghenn	Nguyễn Thành Vĩnh	@Dương Nguyễn@Quyen Tieu				Dương			
06/08/25 - 11:35	FP - Sài Gòn nghenn	Lê Ngọc Tuyền	“Đói bụng ăn ngon con” đọc mà thấy tăng gấp đôi sự kiên nhẫn luôn    Mấy nay trời mưa thất thường nên nhiều khi đặt đồ ăn chờ hơi lâu thì mình cũng thông cảm xíu nhen.   Chúng ta nhẹ nhàng với nhau thì cuộc sống này sẽ dễ thương lắm    babimeldaflame	525396602_541290025672216_3639473319464105868_n.jpg			Dương	L		
06/08/25 - 11:35	FP - Sài Gòn nghenn	Nguyễn Thành Vĩnh	Quá đã Tổ Quốc ơi, 40 máy bay cùng tàu ngầm, tàu tên lửa, tàu hộ vệ tên lửa tham gia diễu binh A80  Ngày 5/8, tại Hội nghị giao ban các lực lượng tham gia nhiệm vụ A80, chỉ huy Quân chủng Phòng không - Không quân cho biết, lực lượng không quân tham gia nhiệm vụ A80 sử dụng 40 máy bay, gồm: Máy bay SU-30MK2; YAK-130; L39-NG; trực thăng; máy bay vận tải. Các đơn vị tổ chức huấn luyện 78 ban bay, bảo đảm an toàn tuyệt đối cho sự kiện trọng đại lần này.  Hết “bút chì” trên cạn đến tàu ngầm trên biển, đúng sự kiện hoành tráng mấy chục năm mới có một lần, em chịu được hết tới nữa đi Bộ Quốc Phòng ơi  Theo Báo Dân Việt				Dương	L		
06/08/25 - 11:35	FP - Sài Gòn nghenn	Nguyễn Thành Vĩnh	em gửi lại cap tí				Dương			
06/08/25 - 11:35	FP - Sài Gòn nghenn	Nguyễn Thành Vĩnh	@Dương Nguyễn				Dương			
06/08/25 - 12:12	FP - Sài Gòn nghenn	Lê Ngọc Tuyền	OTP duy nhất tui đẩy thuyền mà không lo họ lên tiếng đính chính xé couple	527339322_1480626046299148_5071115415789742554_n.png			Dương	L		
06/08/25 - 13:03	FP - Sài Gòn nghenn	Lê Ngọc Tuyền	Phường Tam Bình: Dùng máy bơm hút nước 'cứu' 50 hộ dân bị ngập nặng sau mưa lớn tối 5-8 Theo Báo Tuổi Trẻ	526377164_776918014758489_5003617482439157315_n.jpg 527714509_1337477574400523_4460777010230481767_n.jpg 			Dương	L		
06/08/25 - 13:03	FP - Sài Gòn nghenn	Lê Ngọc Tuyền	cmt  Sau cơn mưa lớn kéo dài nhiều giờ chiều 5-8, nhiều nơi ở TP.HCM rơi vào tình trạng ngập nặng. Nước mưa dâng cao, tràn qua mặt đường, biến các tuyến phố thành sông.  Trong đó 50 căn nhà cùng hai dãy trọ trong hẻm 789 tỉnh lộ 43, phường Tam Bình (TP Thủ Đức cũ) ở nơi trũng thấp bị nước tràn vào, ngập sâu đến hơn 1,5m. Đồ đạc bị cuốn trôi hoặc nổi lềnh bềnh, nhiều hộ dân phải kê cao tài sản hoặc di dời tạm thời sang nơi an toàn nhưng cũng bị hư hỏng.  Ghi nhận sáng 6-8, hàng chục cán bộ, chiến sĩ lực lượng Cảnh sát phòng cháy chữa cháy và cứu nạn cứu hộ khu vực 2 thuộc Phòng PC07 (Công an TP.HCM) có mặt dùng máy bơm hút nước ở những khu vực ngập ra ngoài, hỗ trợ người dân.  Theo Báo Tuổi Trẻ  	526659660_1441651340411693_5321471256387397370_n.png 526896568_1042989854654553_999091001923068680_n.png 524669229_1986323658806898_3536051200197307178_n.png 524641879_746704594769391_1747446986256273073_n.png 528775114_1306249791025761_7596989994223288443_n.png		https://tuoitre.vn/dung-may-bom-hut-nuoc-cuu-50-ho-dan-o-phuong-tam-binh-bi-ngap-nang-sau-mua-lon-20250806115953672.htm?fbclid=IwY2xjawL_zIZleHRuA2FlbQIxMABicmlkETFlbW9tN2o3czhKQXpCdU1UAR5Ai8BF1ETzBfHwM-8I0klYDwFqDZ6-HTUv6PVSDbVUe75ODwP_9yFRkzKa2w_aem_QYpRMbgw3CTZe2-fBzh93Q	Dương	L		
06/08/25 - 13:03	FP - Sài Gòn nghenn	Nam Ho Nguyen Hoang	“Hai tay bưng dĩa lý bánh tôn bò Giấu cha giấu mẹ chân đi khé né tối trời sợ té lén đem cho trò…” Những câu hát quen thuộc trên nằm trong bài Lý dĩa bánh bò, một điệu hát tuy mộc mạc, giản dị nhưng luôn mang chất ngọt ngào, trữ tình và đặc sắc của người dân Nam Bộ			https://drive.google.com/file/d/1gbxjFx0-BV_j210Le_hjMRN54P4fzpbs/view?usp=drive_link	Dương	L		
06/08/25 - 14:26	FP - Sài Gòn nghenn	Nguyễn Thành Vĩnh	Sài Gòn mưa to, đường ngập, anh bảo vệ lót áo cho em chó nhỏ trú mưa thấy cưng quá xá, dễ thương thiệt hen  Video: van.duong.52hz		526496101_31198191533099380_2994064056627865297_n.mp4		Dương	L		
06/08/25 - 14:26	FP - Sài Gòn nghenn	Dương Nguyễn	tạm dừng lấy nguồn Dân Trí vs vietnamnet nhé mn ơi				Dương	L		
06/08/25 - 14:26	FP - Sài Gòn nghenn	Nguyễn Thành Vĩnh	PLO đc k anh	527752699_2240510559717873_585931347093039358_n.jpg			Dương			
06/08/25 - 14:26	FP - Sài Gòn nghenn	Nguyễn Thành Vĩnh	Cái thân quý hiếm mà không biết giữ toàn đi báo không hà  Theo phản ánh của người dân sống tại hẻm 301 đường Bình Long, nhiều ngày qua, khu vực xuất hiện cá thể “tề thiên” liên tục vào nhà kiếm ăn, làm hư hại đồ đạc. Lão Tôn này rất hung dữ, sẵn sàng chống trả khi có người tiếp cận.  Ngay khi nhận thông tin, Chi cục Kiểm lâm TPHCM đã phối hợp UBND phường và người dân tổ chức tìm kiếm, tiếp cận và dùng súng gây mê để khống chế, tránh để gây ảnh hưởng đến cuộc sống của người dân.  Được biết, lão tôn này là cá thể khỉ đuôi lợn thuộc nhóm IIB trong danh mục loài nguy cấp, quý, hiếm và sẽ được chăm sóc, nuôi dưỡng tại Hạt Kiểm lâm Củ Chi theo quy định.  Thôi thì vô đó tu tâm dưỡng tính sớm thành chánh quả đừng đi báo nữa nghe.  Theo báo Tiền Phong			https://tienphong.vn/quay-tung-nha-dan-o-tphcm-khi-duoi-lon-bi-ban-bang-sung-gay-me-post1766939.tpo	Dương	L		
06/08/25 - 14:26	FP - Sài Gòn nghenn	Nguyễn Thành Vĩnh	hehe	528565171_749768567775035_457242749594799732_n.png			Dương			
06/08/25 - 14:26	FP - Sài Gòn nghenn	Dương Nguyễn	k có cái ảnh e lấy				Dương			
06/08/25 - 14:26	FP - Sài Gòn nghenn	Nguyễn Thành Vĩnh	có mà anh @Dương Nguyễn				Dương			
06/08/25 - 14:26	FP - Sài Gòn nghenn	Dương Nguyễn	bên mình dùng khá nhiều nguồn dân trí				Dương			
06/08/25 - 15:15	FP - Sài Gòn nghenn	Nguyễn Thành Vĩnh		524006352_1300845781431226_5807637543464369832_n.jpg		https://www.facebook.com/share/p/16muEeKCqY/	Dương			
06/08/25 - 15:15	FP - Sài Gòn nghenn	Nguyễn Thành Vĩnh				https://www.facebook.com/share/p/1A9LNmYQhr/	Dương			
06/08/25 - 15:15	FP - Sài Gòn nghenn	Nguyễn Thành Vĩnh	em gửi riêng cho đỡ loạn	524006352_1300845781431226_5807637543464369832_n.jpg			Dương			
06/08/25 - 15:15	FP - Sài Gòn nghenn	Nguyễn Thành Vĩnh	2 bài này cần gỡ k mấy anh @Tuấn Dũng @Dương Nguyễn				Dương			
06/08/25 - 15:15	FP - Sài Gòn nghenn	Đỗ Tiểu Quyên	Tui gỡ hết r nha				Dương			
06/08/25 - 15:15	FP - Sài Gòn nghenn	Dương	từ từ chị ơi :))				Dương			
06/08/25 - 16:09	FP - Sài Gòn nghenn	Nguyễn Thành Vĩnh	Ấm lòng tình người trong cơn mưa ở Sài Gòn  Cơn mưa lớn chiều qua làm một chú đi đường mất lái rồi cuốn xe trôi mất, rất may có 3 bạn trẻ đã nhanh chóng chạy ra hỗ trợ để đưa xe và chú vào trú mưa kịp thời.  Mưa lạnh nhưng lòng người ấm áp, người Việt Nam mình luôn giúp đỡ nhau vậy đó, thiệt đáng quý tấm lòng.  Video: daicacadanh		527677684_24211350391859211_6207165941514719716_n.mp4		Dương	L		
06/08/25 - 16:36	FP - Sài Gòn nghenn	Dương	càng nhiều càng tốt chị ơi				Dương			
06/08/25 - 16:36	FP - Sài Gòn nghenn	Dương Nguyễn	nó quét hết đó				Dương			
06/08/25 - 16:36	FP - Sài Gòn nghenn	Đỗ Tiểu Quyên	thế bọn tui chia ra mỗi ng quét 1 năm =)))				Dương			
06/08/25 - 16:36	FP - Sài Gòn nghenn	Đỗ Tiểu Quyên	mà chỉ xóa ảnh thôi còn giữ caption đúng ko bkd				Dương			
06/08/25 - 16:36	FP - Sài Gòn nghenn	Dương Nguyễn	vâng c				Dương			
06/08/25 - 17:41	FP - Sài Gòn nghenn	Lê Ngọc Tuyền	Còn đúng giờ hơn tui chấm công	525973924_1661606407832367_916152131127414522_n.jpg			Dương	L		
06/08/25 - 18:09	FP - Sài Gòn nghenn	Đỗ Tiểu Quyên	báo lại tình hình ae như vậy nhá				Dương			
06/08/25 - 18:35	FP - Sài Gòn nghenn	Lê Ngọc Tuyền	Tại chỗ làm nhiều   quá nên hong tiện bàn =))	525571149_1503804587446553_8318913069112453783_n.jpg			Dương	L		
07/08/25 - 11:10	FP - Sài Gòn nghenn	Nguyễn Thành Vĩnh	TP.HCM kẻ vạch mắt võng tại các giao lộ, điểm nóng giao thông  Nhiều giao lộ lớn tại TP.HCM được kẻ vạch mắt võng và lắp đặt hơn 300 biển báo nhường đường cho xe rẽ phải, nhằm hạn chế tình trạng kẹt xe.  Nhiều vạch mắt võng đã được triển khai tại các điểm nóng giao thông ở các tuyến đường giao lộ lớn. Ngoài ra, có khoảng 312 bảng “Chú ý nhường đường cho xe rẽ phải” được đặt tại các nút giao lớn.  Mấy má dừng xe không cho người ta rẽ phải chú ý nè he. +1 đồng tình cho việc kẻ vạch mắt võng lần này  Theo Z News	       		https://znews.vn/tphcm-ke-vach-mat-vong-tai-cac-giao-lo-diem-nong-giao-thong-post1574333.html	Dương	L		
07/08/25 - 11:10	FP - Sài Gòn nghenn	Nguyễn Thành Vĩnh	trong báo có 1 đoạn nè @Quyen Tieu	525975148_2180229712473582_2226165995841833370_n.png			Dương			
07/08/25 - 11:10	FP - Sài Gòn nghenn	Nguyễn Thành Vĩnh	@Dương Nguyễn em xin like nha				Dương			
07/08/25 - 12:32	FP - Sài Gòn nghenn	Lê Ngọc Tuyền	Bữa ăn của bạn đang cự lộn, vui lòng đợi thêm ít phút nữa    Cre: nh.mlinh	525675688_1460948724913340_7754958796772875816_n.jpg			Dương	L		
07/08/25 - 13:53	FP - Sài Gòn nghenn	Lê Ngọc Tuyền	Top 4 đại sứ âm nhạc mà tui tin tưởng trên toptop:  Tới giờ không nhớ nổi tên bài hát gốc nhưng nhớ được lyrics là nhờ 4 mom này =)))	520930648_649564950886128_7461774533624151475_n.jpg			Dương	1	Gắn ảnh người với “Con giáp thứ 13” có thể mang ý xúc phạm	10
07/08/25 - 13:53	FP - Sài Gòn nghenn	Dương	ảnh thứ 3				Dương			
07/08/25 - 13:53	FP - Sài Gòn nghenn	Dương Nguyễn	xúc phạm ngta thế e				Dương			
07/08/25 - 13:53	FP - Sài Gòn nghenn	Lê Ngọc Tuyền	Ý là bạn này chuyên nhép mấy cái sound vô tri xong nó viral vl á a		525955645_24107131075613420_4652547525755350506_n.mp4		Dương			
07/08/25 - 13:53	FP - Sài Gòn nghenn	Dương	ừ nhưng chỉ là ghép thôi				Dương			
07/08/25 - 13:53	FP - Sài Gòn nghenn	Dương Nguyễn	k nói ngta thế đc đâu				Dương			
07/08/25 - 13:53	FP - Sài Gòn nghenn	Lê Ngọc Tuyền	Câu đó là lời bài hát thui á a				Dương			
07/08/25 - 13:53	FP - Sài Gòn nghenn	Đỗ Tiểu Quyên	"Nếu mà sửa thành ""là con giáp thứ..."" thì đc ko tại nó chỉ là lời bài hát thôi"				Dương			
07/08/25 - 13:53	FP - Sài Gòn nghenn	Đỗ Tiểu Quyên	Ko có ý nói bạn đó là cgt13				Dương			
07/08/25 - 13:53	FP - Sài Gòn nghenn	Lê Ngọc Tuyền	Hay em bỏ mấy câu đó vào ngoặc “” để hiểu đó là lời bài hát nhỉ				Dương			
07/08/25 - 13:53	FP - Sài Gòn nghenn	Dương Nguyễn	quan trọng là mình dùng hình ảnh của ngta, r nói là cgt13 thì về mặt pháp lý ngta có thể kiện mình r c				Dương	L		
07/08/25 - 13:53	FP - Sài Gòn nghenn	Lê Ngọc Tuyền	Tới giờ ngủ trưa mà giành cái võng không lại bả    Video: muoiphan_2709		529163980_25568439826077613_3713347653656562537_n.mp4		Dương	L		
07/08/25 - 16:42	FP - Sài Gòn nghenn	Nguyễn Thành Vĩnh	Cảm ơn mấy ní sơ hở là đi Thảo Cầm Viên xem mấy em thú ngủ  Gần 1 triệu lượt khách tham quan trong nửa đầu năm đem về cho Thảo Cầm Viên 56,6 tỷ đồng tiền vé vào cổng, lãi 3,2 tỷ đồng.  Theo Z News	528608991_732812436243298_1201219538965957323_n.jpg		https://znews.vn/moi-ngay-thao-cam-vien-don-5500-luot-khach-nua-nam-lai-hon-3-ty-post1574593.html	Dương	L		
07/08/25 - 17:16	FP - Sài Gòn nghenn	Lê Ngọc Tuyền				https://share.google/NPbpXA6u4S5FGzYO6	Dương			
07/08/25 - 17:16	FP - Sài Gòn nghenn	Lê Ngọc Tuyền	Bkd check video này giúp e với ạ. Còn 2 link kia là thông tin chương trình + chia sẻ của BTC	526583848_1230098108805113_3586166207838738409_n.jpg 504266749_1205713774683119_576028949997122096_n.jpg			Dương			
07/08/25 - 17:16	FP - Sài Gòn nghenn	Lê Ngọc Tuyền		525680639_2315302028885217_4014846362999619023_n.jpg			Dương			
07/08/25 - 18:14	FP - Sài Gòn nghenn	Nam Ho Nguyen Hoang	Bắt gặp các bạn nhân viên tổ chức sinh nhật bất ngờ cho bác bảo vệ của quán. Nhìn bác ngại lúng túng vậy thôi, chứ mình tin ắt hẳn bác rất hạnh phúc. Đôi khi điều bình thường của chúng ta lại có thể đặc biệt với người khác		527599601_24281619831527305_5641690482889314716_n.mp4		Dương	L		
07/08/25 - 18:14	FP - Sài Gòn nghenn	Lê Ngọc Tuyền	Lưng áo chú ướt đẫm mồ hôi nhưng nụ cười trên môi vẫn tươi rói    Người làm việc bằng cái tâm, đối xử với mọi người bằng tấm lòng chân thành, rồi sẽ nhận được sự yêu thương tương xứng thôi. Trend này dễ thương quá đi  Video: Tous Les Jours Nguyễn Thị Thập		526439419_1424913282056853_4899314439642933943_n.mp4		Dương	L		
05/08/25 - 10:17	Quảng cáo	Nguyễn Nguyệt Ánh	Check chị cái kịch bản TT Beat nhé				Dũng			
05/08/25 - 10:17	Quảng cáo	Nguyễn Nguyệt Ánh	Vietravel Airlines chơi lớn: Đón thêm Airbus A320 “xịn xò”, quyết tâm làm chủ bầu trời!  Mới đây tại sân bay quốc tế Nội Bài, Vietravel Airlines đón chiếc máy bay Airbus A320, đánh dấu bước tiến quan trọng trong chiến lược từ “đi thuê sang làm chủ”. Chiếc tàu bay mới mang số hiệu VN-A136 với 182 ghế, sẽ sớm được đưa vào khai thác, tiếp nối sau chiếc A321 được hãng tiếp nhận cuối tháng 6 vừa qua.   Không chỉ dừng lại ở vận tải hành khách, Vietravel Airlines song kiếm hợp bích cùng Tập đoàn T&T Group. Sự đồng hành chiến lược này thực hiện hoá hệ sinh thái logistics hạ tầng hàng không. Mở rộng đội bay lên 30 đến 50 chiếc vào năm 2030; đầu tư dịch vụ kỹ thuật, kho bãi; tích hợp với các dự án hạ tầng trọng điểm như: Cảng hàng không Quảng Trị, SuperPort Vĩnh Phúc, cao tốc Bảo Lộc – Liên Khương...  Hãng đang từng bước xây dựng đội bay riêng, mở rộng mạng bay và nâng cao năng lực vận hành bền vững. Tầm này anh em lên lịch du hí thì biết đặt vé ở đâu rồi đó, cao thủ là phải tranh thủ ngay thôi!!!			https://docs.google.com/document/d/1WMzbveKLXqMPY60zi4YoGwp6iKW32SSj/edit	Dũng	L		
05/08/25 - 11:15	Quảng cáo	Phạm Kim Ánh	bài này KH đổi cap ạ  Beatvn  Q...QUÁ MẠNH: Cơ hội cuối để chơi bời hè này là đây    Tưng bừng đón mừng ngày đôi 8/8, Vietjet tri ân ae khách hàng khuyến mãi giảm đến 80% giá vé. Đặc biệt mở ra cơ hội đặt vé du xuân sớm khắp Việt Nam và thế giới trong dịp Tết Bính Ngọ 2026. Chỉ cần nhập mã VJ80 khi đặt vé Eco tại website của Vietjet từ 00h00 đến 23h00 ngày 08/08/2025.  Chương trình áp dụng cho tất cả các đường bay Vietjet đang khai thác với thời gian bay từ 15/9/2025 đến 27/05/2026.				Dũng	L		
05/08/25 - 11:15	Quảng cáo	Phạm Kim Ánh	bài này cũng nốt đổi cap  Kiến Không Ngủ  BIẾT TIN GÌ CHƯA ??? SẮP ĐẾN TẾT BÍNH NGỌ RỒI!!!!!!!  Không có gì thay đổi thì tết bính ngọ cách chúng ta 24 cái chủ nhật thôi và đây chính là thời điểm thích hợp để đặt vé về quê hoặc đi du xuân với giá tốt nhất chưa từng có. Bởi vì trong ngày 8/8 này, Vietjet sẽ triển khai ưu đãi giảm tới 80% giá vé Eco cho tất cả các đường bay nội địa và quốc tế, bao gồm cả cao điểm Tết Âm lịch. Chỉ cần nhập mã “VJ80” khi đặt vé tại website hoặc app Vietjet Air là đã có thể sở hữu vé bay siêu tiết kiệm, siêu hời này rồi.   Chương trình áp dụng thời gian bay từ 15/9/2025 đến 27/5/2026 nên là rất phù hợp cho những ai về quê và đi du xuân. Nhanh chóng lên kế hoạch để săn vé cho thoải mái nhé các mom ơiiiiiii!				Dũng	L		
05/08/25 - 11:15	Quảng cáo	Phạm Kim Ánh	Comment chung: Chỉ cần nhập mã VJ80 khi đặt vé Eco trên website www.vietjetair.com hoặc app Vietjet Air trong ngày sale đôi 8/8 để nhận giảm đến 80% (*) nha các mom!				Dũng	L		
05/08/25 - 15:10	Quảng cáo	Nguyễn Nguyệt Ánh	TT Beat    Cap: Cùng đón chờ những bước chuyển mình mạnh mẽ của hàng không Việt anh em nhé!!!	524821126_791345286738169_7267993205450713628_n.jpg		https://drive.google.com/file/d/1tNYOvftjvt_z-RE3MevbkWz_xoZRIWmU/view?t=4	Dũng	L		
05/08/25 - 15:10	Quảng cáo	Nguyễn Nguyệt Ánh	SGN  Caption:   ĐÃ ĐẾN LÚC CÁC HỌA SĨ VÀO VIỆC RỒI ĐÂY!  Trung tâm Quản lý Giao thông công cộng TP.HCM, dưới sự chỉ đạo của Sở Xây dựng và hợp tác chiến lược cùng Mastercard, chính thức khởi động cuộc thi thiết kế logo với chủ đề: “Biểu tượng đô thị – Dấu ấn kết nối”. Đây không chỉ là một cuộc thi sáng tạo, mà còn là bước khởi đầu mạnh mẽ cho chiến lược xây dựng hệ thống giao thông hiện đại, bền vững, lấy cộng đồng làm trung tâm.  Cuộc thi mong muốn tìm kiếm các thiết kế độc đáo, vừa quen thuộc với ký ức của người dân, vừa truyền tải rõ nét tầm nhìn tương lai của giao thông công cộng thành phố. Các tác phẩm xuất sắc nhất sẽ được vinh danh với tổng cộng 10 giải thưởng chính thức và 01 giải bình chọn cộng đồng. Giải Nhất sẽ nhận ngay 100 triệu VNĐ tiền mặt, cúp lưu niệm cùng chứng nhận từ Ban tổ chức. Các tác phẩm vào Top 10 đều sẽ được trao giấy chứng nhận và quà tặng đặc biệt.  Cơ hội vàng cho các anh em họa sĩ là đây chứ đâu nữa. Mời các anh tài vào việc luôn cho nóng!   Cmt:  THÔNG TIN CHI TIẾT CUỘC THI:   CƠ CẤU GIẢI THƯỞNG Mỗi giải thưởng là lời ghi nhận từ Trung tâm Giao thông công cộng TP.HCM, đồng thời khẳng định đóng góp sáng tạo của tác giả vào diện mạo mới của giao thông đô thị. BTC sẽ trao 10 giải thưởng chính thức và 01 giải bình chọn cộng đồng, bao gồm:   01 Giải Nhất Giải thưởng trị giá 100.000.000 VNĐ tiền mặt (đã bao gồm thuế TNCN), kèm cúp lưu niệm và chứng nhận của BTC.  Đối với các bài dự thi vào top 10 (bao gồm 01 giải bình chọn) sẽ được trao giấy chứng nhận và quà tặng từ BTC. Giải thưởng gồm giấy chứng nhận tham dự và phần quà từ BTC. —    THỜI GIAN TRIỂN KHAI •  Vòng 1 – Nộp bài:  0:00 18/08 – 23:59 07/09/2025 •  Vòng 2 – Bình chọn & chấm điểm:  0:00 08/09 – 23:59 21/09/2025 •  Vòng 3 – Thuyết trình & trao giải:  06/10/2025 —   ĐỐI TƯỢNG THAM GIA Công dân Việt Nam đang sinh sống và làm việc tại Việt Nam. Thí sinh tham gia với tư cách cá nhân hoặc theo nhóm (tối đa 03 thành viên/nhóm). —   HỒ SƠ DỰ THI Cá nhân/ nhóm tham gia dự thi cần gửi các tài liệu được yêu cầu bằng 2 hình thức: Gửi qua địa chỉ thư điện tử (ttvtkhcc.sxd@tphcm.gov.vn)  Gửi trực tiếp/bưu điện về Trung tâm Quản lý Giao thông công cộng TP.HCM, tại 27 Phạm Viết Chánh, P. Cầu Ông Lãnh, TP.HCM				Dũng	L		
05/08/25 - 15:43	Quảng cáo	Nguyễn Nguyệt Ánh	"Kịch bản Beat xanh   GÓC HOÀI NIỆM: CẢ CHỤC NĂM RỒI NHƯNG VẪN NHỚ PASS AU, NHỚ CON BEAT SORRY. MÙA ĐÔNG KHÔNG LẠNH,... NHỚ CẢ OX, BX MỘT THỜI!  Cuộc đời có mấy lần mười năm, ấy vậy mà thời 8x-9x, hẹn nhau ở quán net đá phím nhảy Au cũng được 19 năm rồi!  Có thể là đến giờ vẫn nhớ mật khẩu đăng nhập, Beat sorry của Bảo Thy hay mùa đông không lạnh của Akira Phan vang lên là tay tự biết đá phím, dance theo từng nhịp. Những nickname bạn bè với 1001 ký tự sến rện, độc lạ, chằng chịt icon giờ này vẫn nhớ như in.  Mỗi bộ outfit, tóc tai, quần áo đủ 7 sắc cầu vồng làm lên style thể hiện chính mình. Và từ đó cũng là nơi mà nhiều người lần đầu gặp ""crush"", gặp thanh xuân OX, BX của mình. Hồi đó không biết bao nhiêu cặp đôi đã quen nhau từ game rồi còn đi tới hôn nhân, đơm hoa kết trái tình yêu. Đúng kiểu game ảo nhưng tình yêu thật.  Và bây giờ sau 19 năm nhìn lại VTC vẫng đang mang xứ AU vẫn không ngừng phát triển ngoạn mục, mở cổng đón chào cả newbie Gen Alpha, và cả những Au-er kỳ cựu quay về để nhảy lại tuổi thơ trong dịp kỷ niệm sinh nhật lớn nhất năm. Gọi ngay đồng đội cũ comback cày lại nhiệm vụ và nối lại thanh xuân đáng nhớ này thôi!"				Dũng	L		
05/08/25 - 17:07	Quảng cáo	Nguyễn Nguyệt Ánh	Beat Góc hồi ức hoài niệm gần 2 chục năm về trước, thời đó ae có ký ức gì đặc biệt kkk?   Caption từng ảnh: - Ảnh 1: SEA Games 23 đoàn Việt Nam xếp thứ 3 chung cuộc, SEA Game 32 đã về nhất và ae dự đoán SEA Game 33 cuối năm ở Thái đi nào! - Ảnh 2: Ngọc Hoàng vẫn ở đây chục năm tới giờ - Ảnh 3: Các Vũ công AU vẩy phím cực căng ngoài quán net, game huyền thoại đến bây giờ - Ảnh 4: Bờ Hồ nay đã khang trang hơn rất nhiều - Ảnh 5: Miss Audition 2006 và bây giờ cộng đồng AU tại Việt Nam cực kỳ nở rộ, đông đảo với nhiều sự kiện, giải đấu như AUPL, AVC, AU FES,.. Sắp tới tại SEA Games 33 AU cũng là một trong những bộ môn thể thao điện tử được tham gia tranh huy chương. - Ảnh 6: 2025 AU tròn 19 tuổi xuân, chúc AU càng ngày càng phát triển    - Comment:  Các vũ công Au vào game, cày top nhận quà ngay nào: 	528028394_24227675053562723_4023447750309672666_n.png 524590996_2233755637054460_382150268262428038_n.png 526488178_1439008880761654_6776574474973638408_n.png 525733530_640523922411056_6618346166348439926_n.png 526540680_1097233625163603_7702810589342508184_n.png 524199569_1920068935479247_5143517337767964159_n.png		https://au.vtc.vn/bsau	Dũng	L		
05/08/25 - 18:19	Quảng cáo	Nguyễn Nguyệt Ánh	Beat HP + ACHP HOT     NEGAV chính thức xác nhận góp mặt tại Autumn Fest – siêu nhạc hội mùa thu ngày 30/08 tại Phố đi bộ Vũ Yên! Các Embes nhớ lịch để cháy cùng NEGAV nhaaa   Đã 3 anh trai xác nhận tham gia, những cái tên chấn động nào sắp tới sẽ xác nhận tiếp, hãy cùng chờ đón nha.  #AutumnFest #Negav #VinhomesRoyalIsland #PhodiboVuYen	519942276_1938332553373377_6316573148434837014_n.png			Dũng	L		
05/08/25 - 20:30	Quảng cáo	Nguyễn Nguyệt Ánh	Duyệt giúp c CCHN vứi:  ĐÂY KHÔNG PHẢI KYOTO, ĐÂY LÀ HẢI PHÒNG KHÔNG LÒNG VÒNG MỚI KHÓ TIN!  Thay vì bay 5 tiếng, giờ anh em Hải Phòng chỉ cần 5 phút qua cầu Hoàng Gia là được hưởng trọn chất sống tinh hoa Nhật Bản. Bước chân vào khu Miyabi & Komorebi Vũ Yên mà tưởng lạc sang Kyoto.    Từ những cánh cổng torri tới biệt thự mái kawara, công viên nội khu như một khu vườn Nhật nên thơ … Sắp tới còn có cả khoáng nóng bốn mùa tại trung tâm chăm sóc sức khoẻ Ikigai Wellness Center.  Ngay sau khi cầu Hoàng Gia thông xe, Vũ Yên nườm nượp du khách và nhà đầu tư đổ về, riêng các căn biệt thự mẫu Nhật thu hút tới 1500 lượt khách mỗi ngày. Vũ Yên dự cũng sẽ nhanh chóng đón hàng chục ngàn cư dân chuyển về ở vì hầu hết các tiện ích đã vận hành. Vincom Vũ yên cũng sắp khai trương Quý III này.   Khi giá nhà còn tốt, hạ tầng, tiện ích đã sẵn sàng và cộng đồng cư dân đang hình thành rõ nét thì không khó để lý giải sao các nhà đầu tư lại đổ về đây đông như thế thời điểm này.	524302286_1508019083518766_574279029658418524_n.jpg 524631181_763181352787956_907467561428211192_n.jpg 526448128_24120852947606556_9039482247341239615_n.jpg 527604712_712167571811570_3595708184864172820_n.jpg 527815571_1270050031578576_9075274146059453575_n.jpg 527221215_1063535928847016_4579052814120779363_n.jpg			Dũng	L		
06/08/25 - 09:55	Quảng cáo	Nguyễn Nguyệt Ánh	"Beat   1. Caption: CHIỀU FANS SỐ 2 KHÔNG AI SỐ 1: SOOBIN kết hợp với Huy Thanh ra mắt BST trang sức vàng lấy cảm hứng từ KINGDOM (fandom của SOOBIN)  Những món trang sức với biểu tượng vương miện mang đậm dấu ấn của SOOBIN và KINGDOM. Không những thế, KINGDOM còn được phép ""thắng đời"" bởi được tặng bộ quà tặng độc quyền lên đến 15 món và cơ hội tham gia Meet & Greet vào tháng 10 tại Hà Nội sắp tới  Ảnh:"	520636358_1279493497136542_2404163314371542349_n.png			Dũng	L		
06/08/25 - 09:55	Quảng cáo	Nguyễn Nguyệt Ánh	TT Showbeat  Caption: KINGDOM SÁNG NHẤT ĐÊM NAY: Fandom đầu tiên trở thành cảm hứng thiết kế bộ sưu tập trang sức vàng collab giữa Huy Thanh Jewelry và SOOBIN. Cứ phải gọi là sĩ đến hết đời! Video: 			https://drive.google.com/file/d/1D039XoKRaKSHHVQ0xxhlipXv4bP36DKR/view?usp=share_link	Dũng	L		
06/08/25 - 10:39	Quảng cáo	Phạm Kim Ánh	"Cao Thủ    Khi team bạn cứ đổ lỗi cho mic của bạn...  #Tiki #TikiAffiliate  CMT 1: Đã đến lúc chấm dứt kỷ nguyên ""mic nồi cơm điện"" rồi anh em ơi! Nâng cấp ngay lên:  CMT 2: Muốn đồ công nghệ có ngay đây!! list sale deal công nghệ 8.8. Nhớ nhập thêm mã giảm TIKIAFF50KOC8 - Giảm 12% tối đa 50K cho đơn từ 149k nhéee: "	526082657_1914232442705768_6416599469110203302_n.png		https://ti.ki/NDBB2qPq/FBEPI4SP https://ti.ki/HHNdt0PB/TMF9KDSH	Dũng	L		
06/08/25 - 10:39	Quảng cáo	Tô Thu Trang	"ĐI ĐÂU BÂY GIỜ:    Lên lịch hẹn từ bây giờ, Hà Nội ơi… Chỉ 5 phút từ phố bên sông sang phố đảo, một đêm nhạc đắt giá đang chờ bạn tại Vinhomes Vũ Yên Hảỉ Phòng: The Royal Show 2 – Khổng Tước. Hẹn ngay 1 kèo foodtour Hải Phòng, khám phá Vinwonders Vũ Yên rồi tối nghe nhạc thôi!   20h00 | 20.09.2025 | Quảng trường Châu Âu, Vinhomes Royal Island – Vũ Yên, Hải Phòng   Quốc Thiên – nội lực và cuốn hút   Lân Nhã – tinh tế, ngọt ngào chuẩn “quý ông”   Thanh Hà – danh ca mang giọng hát chạm đến mọi thế hệ Một đêm âm nhạc ""dát vàng lỗ tai"" – sân khấu LED khủng, pháo hoa rực rỡ giữa Vinhomes Royal Island đang chờ đón.   Đặt vé ngay: 088.9968.033 | 083.6888.033 Page Hà Nội - Hải Phòng   MỘT ĐÊM – 3 GIỌNG CA VÀNG – NGÀN CUNG BẬC CẢM XÚC VỚI THE ROYAL SHOW 2 “KHỔNG TƯỚC” Bạn yêu Lân Nhã vì sự điềm đạm, tinh tế trong giọng hát “quý ông phòng trà”? Bạn từng tiếc vì chưa nghe trọn những màn trình diễn đỉnh cao của Quốc Thiên? Bạn là fan lâu năm của Thanh Hà? Đây là đêm nhạc bạn không được phép bỏ qua!   Từ sân khấu đỉnh, âm thanh ánh sáng đầu tư – ban nhạc live – đến sân khấu giữa phố đảo... tất cả đã sẵn sàng cho một hành trình âm nhạc không thể nào quên.   20h00 | 20.09.2025 | Quảng trường Châu Âu, Vinhomes Royal Island – Vũ Yên, Hải Phòng   Giữ chỗ ngay: 088.9968.033 | 083.6888.033"	527304124_688398760895032_2643332560087798261_n.jpg 525852100_740627998939110_7388181974406006950_n.jpg 527497134_1282762913493721_4724629510942802517_n.jpg 526530232_3664252043882887_3147780106334436900_n.jpg 528094829_1552553062397718_5571320139142601404_n.jpg 527106669_729420599944764_8673055997408584157_n.jpg 525565205_771735848719778_5559101753182964621_n.jpg 526530232_1285895046456275_2263082487213534933_n.jpg 527358019_590537054135298_4782079821391284147_n.jpg			Dũng	L		
06/08/25 - 10:39	Quảng cáo	Nguyễn Nguyệt Ánh	Showbeat  Option 1   SỐNG GIỮA PHỐ ĐẢO – NGHE NHẠC NHƯ Ở TRỜI ÂU, VINHOMES ROYAL ISLAND GIỚI THIỆU ĐÊM NHẠC “THE ROYAL SHOW 2 - KHỔNG TƯỚC”  Không cần đi xa, ngay tại Hải Phòng cũng có một đêm nhạc đẳng cấp hoàng gia – The Royal Show 2 “Khổng Tước”   Quốc Thiên, Lân Nhã, Thanh Hà – toàn những giọng ca “Dát vàng lỗ tai” mang đến một đêm nhạc hoành tráng với sân khấu led đầu tư khủng, âm thanh ánh sáng đỉnh cao cùng pháo hoa mãn nhãn   Nếu bạn yêu cái đẹp, thích những buổi tối chill chill, không gian sang trọng, nhạc chất… đây chính là trải nghiệm bạn không nên bỏ lỡ!   20/09/2025 – Quảng trường Châu Âu, Vinhomes Royal Island   Hotline giữ vé: 088.9968.033 | 083.6888.033	526530232_3664252043882887_3147780106334436900_n.jpg			Dũng	L		
06/08/25 - 10:39	Quảng cáo	Nguyễn Nguyệt Ánh	Chung ảnh trên nha Dũng :)))	527106669_729420599944764_8673055997408584157_n.jpg			Dũng	L		
06/08/25 - 12:03	Quảng cáo	Phạm Kim Ánh	BEATVN  Tiểu thuyết cũng không dám viết về về mấy anh nam chính làm việc cỡ này. Tick hết to-do-list dài dằng dặc cơ mà :))  Từ ngày có anh bạn SHB thúc, tôi không ngày nào không húc đổ các KPI cuộc đời cả  Mấy ní cũng bật mô tơ chạy thôi. Nửa năm trôi qua rồi đó  #SHB #Soulmate #ChuyểnAppChuyểnMình #ĐổiMớicùngSHB	526640263_1254685479143804_2809422747914927985_n.png			Dũng	L		
06/08/25 - 13:54	Quảng cáo	Phạm Kim Ánh	"Inside The Box  ""Sự sợ hãi chính là rào cản lớn nhất của tự do, và can trường không phải là không biết sợ, mà là dám bước qua nỗi sợ để sống một đời trọn vẹn."" — Osho    Trong một thế giới đầy biến động, nơi sự lo lắng và bất an trở thành trạng thái thường trực, cuốn sách ""CAN TRƯỜNG"" của bậc thầy tâm linh Osho là lời mời gọi mạnh mẽ, thôi thúc bạn bước vào hành trình sống can đảm, sống thật, và sống toàn vẹn với chính mình.  Osho dẫn dắt bạn gột rửa tâm trí khỏi gánh nặng quá khứ, những định kiến xã hội và mọi xiềng xích vô hình đã giam hãm bạn trong lo âu. Ông nhấn mạnh thiền định là chiếc chìa khóa duy nhất để mở mọi cánh cửa của tồn tại, giúp mỗi người trở về trạng thái sáng tỏ và tự do vốn có.  ""Osho tháo gỡ từng lớp xiềng xích vô hình của tư duy, để từ đó người đọc không chỉ hiểu về can đảm, mà còn thực hành được sự can đảm trong từng hành động, từng lựa chọn mỗi ngày.""  Cuốn sách khuyến khích bạn dám chọn lựa những điều đúng đắn với chính mình thay vì lựa chọn dễ dàng, dám chấp nhận rủi ro, và sống hết mình trong từng khoảnh khắc.  ""CAN TRƯỜNG"" sẽ cùng bạn khám phá:  + Không phải lời răn mà chỉ là gợi ý: Nhận ra sự tự do nội tại không đến từ việc tuân thủ mù quáng, mà từ việc tự khám phá chính mình.  + Giác ngộ tầm thường cho những điều phi thường: Đặt thiền định và nhận thức hiện tại là trọng tâm, từ đó khai mở chiều sâu và chiều cao của đời sống tinh thần.  + Đề xuất cho tương lai rực rỡ: Mở ra lộ trình sống can trường để mỗi người trở thành một phiên bản nguyên bản, tự do, mạnh mẽ, bất chấp rào cản xã hội.  ""CAN TRƯỜNG"" là cuốn sách dành cho những ai đang tìm kiếm sự an yên nội tại, muốn học cách tự do trước mọi nghịch cảnh, và quan tâm đến thiền định, phát triển nội lực, xây dựng nền tảng vững vàng cho tâm trí trong thời hiện đại.  Đừng bỏ lỡ cơ hội sở hữu cuốn sách khai phóng này trong CHIẾN DỊCH SALE 8.8 với ưu đãi cực HOT!  #Tiki #TikiAffiliate  CMT 1: Mình cần 'Can Trường' để vượt qua những lo lắng!   Sách đang có ưu đãi -36% hấp dẫn chỉ còn 114k sale ngày đôi 8.8 trên Tiki. Nhấn vào đây để đặt mua giao nhanh 2h nội thành HCM & HN nhé:   CMT 2: Bỏ túi ngay coupon TIKIAFF50KOC8 - Giảm 12% tối đa 50K cho đơn từ 149k Săn deal ngày đôi 8.8 trên TIKI ngay! "	528326487_2211824555946730_8709776619747657142_n.png		https://ti.ki/l97ifrQZ/U4RF6PQ6 https://ti.ki/HHNdt0PB/TMF9KDSH	Dũng	L		
06/08/25 - 13:54	Quảng cáo	Phạm Kim Ánh	"Inside The Box    ""Dù gian khổ trăm bề, lòng ta vẫn hướng về ngày mai độc lập, về nụ cười của mẹ, của em. Đó là động lực để ta vượt qua tất cả.""    KHI LỊCH SỬ LÊN TIẾNG: ĐIỀU GÌ ĐÃ THẮP SÁNG TINH THẦN CHIẾN SĨ THÀNH CỔ QUẢNG TRỊ?    Trong không khí những ngày cuối tháng 7, kỷ niệm 78 năm Ngày Thương Binh Liệt Sĩ, còn vương vấn dư âm của lòng tri ân sâu sắc và tưởng nhớ, chúng ta cùng nhìn lại những trang sử hào hùng. 81 ngày đêm đỏ lửa năm 1972, Thành cổ Quảng Trị trở thành biểu tượng của lòng kiên cường. Giữa khói lửa và bom đạn, điều gì đã tiếp thêm sức mạnh cho những người lính kiên cường bám trụ? Họ nghĩ gì, mơ ước gì trước ngưỡng cửa hy sinh?  Cuốn sách này không chỉ là lịch sử, mà là tiếng lòng của những người con đất Việt. Tập hợp 10 bức di thư được viết hoặc đọc trong khói lửa 81 ngày đêm ấy, đặc biệt có những bức thư được khai quật mấy chục năm sau cùng với thi hài liệt sĩ.  ""Những bức thư thấm đẫm tình yêu và sự oai hùng, thấm cả máu và mồ hôi những người lính, nước mắt những người vợ sẽ đưa chúng ta trở về những ngày ấy…""  Đây là câu chuyện về:  + Lòng can trường phi thường: Vượt qua hiểm nguy, gian khổ tưởng chừng không thể vượt qua.  + Tình yêu bất diệt: Tình yêu nước, tình yêu gia đình, tình đồng đội thiêng liêng.  +Khát vọng hòa bình: Ước mơ về một ngày mai tươi sáng cho đất nước.    Dấu ấn lịch sử: Một góc nhìn chân thực, cảm động về cuộc chiến tranh vệ quốc vĩ đại.  Mỗi bức thư là một lời nhắn gửi từ quá khứ, một minh chứng hùng hồn cho tinh thần bất khuất của dân tộc. Đọc để hiểu, để trân trọng, và để không bao giờ quên.  #Tiki #TikiAffiliate  CMT 1: Những câu chuyện lay động từ Thành cổ!  . Tìm về những trang sử hào hùng và cảm động. 'Di Thư' đang có ưu đãi sale off 40% trong 8.8 trên Tiki. :  CMT2: Tặng các bạn coupon TIKIAFF50KOC8 - Giảm 12% tối đa 50K cho đơn từ 149k Săn deal ngày đôi 8.8 trên TIKI ngay! "	526701872_1409395656834515_5885914729005973645_n.png		https://ti.ki/jeoc19d6/JNS15Z93 https://ti.ki/HHNdt0PB/TMF9KDSH	Dũng	L		
06/08/25 - 13:54	Quảng cáo	Nguyễn Nguyệt Ánh	Beat NGỠ NGÀNG TRƯỚC MÀN CHỐT DEAL DINH THỰ 70 TỶ TRỰC TIẾP TRÊN LIVESTREAM – KỶ LỤC MỚI CỦA NOBLEGO  Tối 5/8, trong phiên livestream BĐS NobleGo của Sunshine Group, một khách hàng đã gây chấn động khi chốt thành công căn dinh thự hàng hiệu Noble Palace Long Biên trị giá gần 70 tỷ đồng, đánh dấu giao dịch có giá trị cao nhất từng ghi nhận trên nền tảng này.  Dù mức giá lên tới hơn 2,5 triệu USD, khách hàng vẫn săn được deal hời hiếm có với giá thấp hơn khoảng 15% so với thị trường, cùng khoản ưu đãi đặc biệt 500 triệu đồng trừ thẳng từ chủ đầu tư.  Căn dinh thự thuộc bộ sưu tập gần 200 căn giới hạn của Noble Palace Long Biên – dự án Branded Residences thấp tầng đầu tiên tại Long Biên (nay là phường Việt Hưng, Hà Nội). Với 4 tầng, 1 tum, thiết kế kiến trúc châu Âu tinh xảo, hoàn thiện ngoại thất chọn lọc, nội thất “may đo” và vận hành tiêu chuẩn 5 sao quốc tế, đây là dòng sản phẩm đẳng cấp hiếm có ở khu Đông Hà Nội.  Bên cạnh đó, minigame tặng 20 triệu đồng cho khán giả xem trực tiếp trên Noble App cũng tạo nên khoảnh khắc bùng nổ khác của đêm livestream. Sunshine hé lộ những phiên tới sẽ có giải thưởng gấp 10 lần, lên tới 200 triệu tiền mặt, trao ngay cho người trúng.  Sau 11 phiên NobleGo, Sunshine Group đã đóng góp 5,5 tỷ đồng cho hoạt động thiện nguyện, xây trường và dựng mái ấm cho trẻ em khó khăn.    Phiên NobleGo tiếp theo hứa hẹn bùng nổ kỷ lục mới cùng giải thưởng siêu hấp dẫn trị giá 200 triệu đồng tiền mặt đang chờ người may mắn gọi tên!	521316842_802337905459318_255255053178079743_n.jpg			Dũng	L		
06/08/25 - 15:48	Quảng cáo	Nguyễn Nguyệt Ánh	CCHN LẦN ĐẦU TIÊN TẠI VIỆT NAM: CHỐT DEAL DINH THỰ 70 TỶ QUA LIVESTREAM: NOBLEGO GHI NHẬN KỶ LỤC MỚI CỦA THỊ TRƯỜNG BĐS  Tối 5/8, một phiên livestream bất động sản của Sunshine Group đã đi vào lịch sử khi 1 khách hàng xuống tiền thành công căn dinh thự hàng hiệu thuộc dự án Noble Palace Long Bien, chính thức xác lập kỷ lục giao dịch cao nhất từ trước đến nay trên nền tảng livestream bất động sản NobleGo.  Dù giá trị giao dịch vượt 2,5 triệu USD, khách hàng vẫn “săn” được giá ưu đãi hiếm có - thấp hơn khoảng 15% so với giá thị trường, cùng quà tặng thêm 500 triệu đồng từ Sunshine Group trừ thẳng vào giá trị hợp đồng.  Căn dinh thự thuộc bộ sưu tập gần 200 sản phẩm giới hạn tại dự án Noble Palace, dòng Branded Residences thấp tầng đầu tiên ở Long Biên. Mỗi dinh thự cao 4 tầng + 1 tum, kiến trúc châu Âu tinh xảo, vật liệu mặt ngoài sang trọng, nội thất “đo ni đóng giày” theo yêu cầu gia chủ cùng hệ thống vận hành tiêu chuẩn quốc tế.   Ngoài thương vụ lịch sử, phiên livestream còn bùng nổ khi một khán giả theo dõi trực tiếp qua Noble App đã may mắn nhận giải quay thưởng trị giá 20 triệu đồng - phần thưởng được chuyển khoản ngay sau khi trúng.  Đặc biệt, mỗi phiên NobleGo thành công, Sunshine Group sẽ trích 500 triệu đồng làm thiện nguyện. Sau 11 phiên, đã có 5,5 tỷ đồng đóng góp để xây dựng điểm trường và mái ấm cho trẻ em có hoàn cảnh đặc biệt.   Livestream tiếp theo diễn ra vào thứ Sáu, ngày 8/8 với tổng giải thưởng quay may mắn lên tới 200 triệu đồng tiền mặt, và rất có thể, một kỷ lục mới sẽ lại được thiết lập!	524635443_1151253946825405_6555024509572898383_n.jpg 526302621_741935635121969_3339916640679508856_n.jpg 521316842_802337905459318_255255053178079743_n.jpg 527416357_3945012262477386_3195041863329436774_n.jpg			Dũng	L		
06/08/25 - 15:48	Quảng cáo	Chị Ánh nè	Ảnh sẽ ghép từ 4 ảnh này và chèn frame CCHN:				Dũng			
06/08/25 - 16:25	Quảng cáo	Nguyễn Nguyệt Ánh	"Gr cao thủ hóng   Fan KBank đâu òiii, cả nhà sẵn sàng đón một thành viên mới cực ""ngầu"" về chung nhà chưa?  Vài gợi ý nho nhỏ về người bạn này:  Là ""team xanh lá"" hong bao giờ bị xa lánh   Đi đâu cũng không quên mang theo thẻ.  Đặc biệt, chưa bao giờ đến muộn hẹn với bất cứ ai! Nhìn những gợi ý ""úp mở"" này, mình cũng chưa đoán được huhu    Comment ngay câu trả lời của bạn, và đừng quên tag thêm bạn bè vào để cùng ""giải mã"" nhé!"	526670888_1746743889276203_6666869789788725589_n.jpg			Dũng	L		
06/08/25 - 16:25	Quảng cáo	Nguyễn Nguyệt Ánh	Beat HP + ACHP HOT     Anh trai thứ 4 xác nhận góp mặt tại Autumn Fest chính là QUÂN A.P Sắp được ngắm pháo hoa với hoàng tử rồi     Liệu còn những anh trai nào nữa sẽ tham gia Siêu nhạc hội mùa thu ngày 30/08 tại Phố đi bộ Vũ Yên, hãy cùng chờ đón nha.  #AutumnFest #Negav #VinhomesRoyalIsland #PhodiboVuYen  - Comment:  THAM GIA NHÓM NGAY để nhận thông tin nóng hổi nhất về sự kiện & có cơ hội săn vé miễn phí: 	524427984_2335278376929189_7119199360699033124_n.png		https://www.facebook.com/share/g/1C4FNoWv6S/	Dũng	L		
06/08/25 - 17:11	Quảng cáo	Nguyễn Nguyệt Ánh	HNX - Caption: Nay vô tình tạt ngang Three O'Clock Trần Nhân Tông mới biết quán có món mới mà cũng ngon á mấy ní. Nói gì nữa, mua liền 3 ly uống đỡ ghiền     Bữa nay tui gọi nguyên bst món mới mới, món nào cũng ngập tràn kem phô mai béo ngậy. Đúng gu của 3H từ xưa giờ. Mà phải công nhận, cà phê bên đây là đúng kiểu dành cho mấy bạn nặng đô nha, uống vô là tỉnh liền. Đợt này có kem phô mai nên vừa vặn cho mấy đứa hảo ngọt như tui, cũng cũng.   Nói chung là recommend mấy bạn tranh thủ dịp này thử hết menu mới của 3H đi, vừa ngon vừa đậm vị. Mốt hết bận thì tụ tập ra đây làm một bữa cà phê khuya, chill chill tám chuyện là hết sảy     Three O’clock chi nhánh Trần Nhân Tông  số 9 Trần Nhân Tông, Phường Hai Bà Trưng  24/24				Dũng	L		
06/08/25 - 17:11	Quảng cáo	Chị Ánh nè	TT Beat xanh: Caption: Các vũ công Au kỳ cựu và các newbie vào chào nhau cái đi nào!!!  Video: 	525562264_564545440076248_1666744266315229303_n.jpg 524435397_1930508861069886_1071609969583899071_n.jpg 526947276_769560575534540_2457657284799562857_n.jpg 524622910_1274122297707864_4241778446666224416_n.jpg 524437619_1491622932193758_1071483007059045675_n.jpg 526266784_604261892751134_8479057198627259048_n.jpg 518929878_1580363146257860_7401220981563249626_n.jpg		https://drive.google.com/file/d/1czV7-7vKbz_E62v5lSD-E3z0DsxEXO7i/view?usp=sharing	Dũng	L		
06/08/25 - 17:11	Quảng cáo	Chị Ánh nè	Beat - Caption: Phong cách của thời nào cũng chất thôi =)))) mỗi người 1 kiểu chất cứ so đo làm gì nhỉ   Dự là sắp tới có vụ var cực căng giữa 2 thế hệ, ae muốn solo thì lên phím nhé	520491904_1971432073624532_4393283204091874367_n.png 524150016_1520294002683722_8349027662022944325_n.jpg 527801972_2113651929160566_235216275880341382_n.jpg 514043247_4235772789990386_5189123254568852569_n.jpg			Dũng	L		
06/08/25 - 17:11	Quảng cáo	Phạm Kim Ánh	"TT Beatvn    Caption:  Chấn động chuyến này: Các mom đỡ không nổi với màn song kiếm hợp bích của ""hai siêu phẩm"" - Atus và Nutifood GrowPLUS+ Colostrum Lactoferrin  #AnhTuAtus #NutifoodSweden #NutifoodGrowPLUS #Colostrumlactoferrin #Phuchoptangdekhang #Lactoferrin"			https://drive.google.com/file/d/1iawk-UR6pTz8cXMQ-cSZnlMi8xtWvfz9/view?usp=sharing	Dũng	L		
06/08/25 - 17:11	Quảng cáo	Nguyễn Nguyệt Ánh	Khách sửa chị gửi lại check chị với nhé @Tuấn Dũng NGỠ NGÀNG TRƯỚC MÀN CHỐT DEAL DINH THỰ GẦN 70 TỶ TRỰC TIẾP TRÊN LIVESTREAM - KỶ LỤC MỚI CỦA NOBLEGO  Tối 5/8, trong phiên livestream đặt giá BĐS NobleGo của Sunshine Group, một khách hàng đã chốt thành công căn dinh thự hàng hiệu Noble Palace Long Biên trị giá gần 70 tỷ đồng, đánh dấu giao dịch có giá trị cao nhất từng ghi nhận trên nền tảng này. Dù mức giá lên tới hơn 2,5 triệu USD, khách hàng vẫn săn được deal hời hiếm có với giá thấp hơn khoảng 15% so với thị trường, cùng khoản ưu đãi đặc biệt 500 triệu đồng trừ thẳng từ chủ đầu tư.  Căn dinh thự thuộc bộ sưu tập gần 200 căn giới hạn của Noble Palace Long Biên – dự án Branded Residences thấp tầng đầu tiên tại Long Biên (nay là phường Việt Hưng, Hà Nội). Với 4 tầng, 1 tum, thiết kế kiến trúc châu Âu tinh xảo, hoàn thiện ngoại thất chọn lọc, nội thất “may đo” và vận hành tiêu chuẩn 5 sao quốc tế, đây là dòng sản phẩm đẳng cấp hiếm có ở khu Đông Hà Nội.  Bên cạnh đó, minigame tặng 20 triệu đồng cho khán giả xem trực tiếp trên Noble App cũng tạo nên khoảnh khắc bùng nổ khác của đêm livestream. Sunshine Group hé lộ những phiên tới sẽ có giải thưởng lên tới 200 triệu tiền mặt, trao ngay cho người trúng. Sau 11 phiên NobleGo, Sunshine Group đã đóng góp 5,5 tỷ đồng vào các quỹ thiện nguyện của Đài truyền hình Việt Nam, xây trường và dựng mái ấm cho trẻ em khó khăn.    Phiên NobleGo tiếp theo diễn ra vào 20h ngày 8/8 hứa hẹn bùng nổ kỷ lục mới cùng giải quay thưởng ngẫu nhiên siêu hấp dẫn trị giá 200 triệu đồng tiền mặt đang chờ người may mắn gọi tên!	524919071_4316912985296391_5468676871079415396_n.png			Dũng	L		
06/08/25 - 17:11	Quảng cáo	Nguyễn Nguyệt Ánh	LẦN ĐẦU TIÊN TẠI VIỆT NAM: CHỐT DEAL DINH THỰ GẦN 70 TỶ QUA LIVESTREAM: NOBLEGO GHI NHẬN KỶ LỤC MỚI CỦA THỊ TRƯỜNG GIAO DỊCH BĐS SỐ  Tối 5/8, một phiên livestream bất động sản của Sunshine Group đã đi vào lịch sử khi 1 khách hàng xuống tiền thành công căn dinh thự hàng hiệu thuộc dự án Noble Palace Long Bien, chính thức xác lập kỷ lục giao dịch cao nhất từ trước đến nay trên nền tảng này.  Dù giá trị giao dịch vượt 2,5 triệu USD, khách hàng vẫn “săn” được giá ưu đãi hiếm có - thấp hơn khoảng 15% so với giá thị trường, cùng quà tặng thêm 500 triệu đồng từ Sunshine Group trừ thẳng vào giá trị hợp đồng.  Căn dinh thự thuộc bộ sưu tập gần 200 sản phẩm giới hạn tại dự án Noble Palace, dòng Branded Residences thấp tầng đầu tiên ở Long Biên. Mỗi dinh thự cao 4 tầng + 1 tum, kiến trúc châu Âu tinh xảo, vật liệu mặt ngoài sang trọng, nội thất “đo ni đóng giày” theo yêu cầu gia chủ cùng hệ thống vận hành tiêu chuẩn quốc tế.   Ngoài thương vụ lịch sử, phiên livestream còn bùng nổ khi một khán giả theo dõi trực tiếp qua Noble App đã may mắn nhận giải quay thưởng trị giá 20 triệu đồng - phần thưởng được chuyển khoản ngay sau khi trúng.  Đặc biệt, mỗi phiên NobleGo thành công, Sunshine Group sẽ trích 500 triệu đồng làm thiện nguyện. Sau 11 phiên, đã có 5,5 tỷ đồng đóng góp để xây dựng điểm trường và mái ấm cho trẻ em có hoàn cảnh đặc biệt.   Livestream tiếp theo diễn ra vào thứ Sáu, ngày 8/8 với tổng giải thưởng quay may mắn lên tới 200 triệu đồng tiền mặt, và rất có thể, một kỷ lục mới sẽ lại được thiết lập!				Dũng	L		
06/08/25 - 18:12	Quảng cáo	Phạm Kim Ánh	Kiến  7UP VỘI ĐEM WATER SPLASH CONCERT ĐẾN HÀ NỘI CHO CÁC CON VỢ QUẨY TUNG NƯỚC MÙA HÈ NÀY RỒI ĐÂY  Cỡ này thì lên đồ quẩy 7UP Water Splash Concert liền thôi các con vợ ơi. Vừa có dàn sao siêu mướt mát với Quang Hùng MasterD, Isaac, Quân AP, Captain Boy, Gemini Hùng Huỳnh, DJ Masew, DJ Hino,.. Vừa bao mở cửa free, bao cả bus miễn phí đưa đón tận nơi yên tâm chơi xả láng.  Chỉ luôn mấy con vợ các hốt thêm con vé Fanzone đứng sát rạt idol, còn được buff thêm lightstick giới hạn kèm 7UP quẩy cho đã:  Follow những hoạt động minigame trên Fanpage 7UP   Đến chơi sớm xíu để tham gia hoạt động săn vé trước concert  Được rồi, đi thôi! Không đi tiếc hết mùa hè này:  Thời gian diễn ra: 18h00 - 10.08.2025  Địa điểm Concert: Quảng trường K-Town - Vinhomes Ocean Park 2  #7UP #SieuSieuSangKhoai #WaterSplashFest #WaterSplashConcert	526780516_2347743539058564_459355311188128116_n.png			Dũng	L		
06/08/25 - 18:12	Quảng cáo	Nguyễn Nguyệt Ánh	"Sài Gòn Nghenn   Caption:     SÀI GÒN ƠI, ĐANG CÓ TREND HÉT “XANH” CỰC CHẤT! BẠN ĐÃ THỬ CHƯA?  Sài Gòn mình lúc nào cũng tấp nập hết sức: deadline dí, kẹt xe, sống nhanh... Áp lực bủa vây từ sáng tới tối, nhiều lúc chỉ muốn hét một tiếng cho đã cái nư thôi nhỉ.  Mà giờ hét sao cho hợp tình hợp lý đây?   Hét vào mặt sếp   Đứng trên cao để hét như trong phim Hàn Quốc   Tham gia trend hét “XANH” đang viral rần rần trên TikTok   Trend này bắt nguồn từ thử thách ""Bật mood XANH - Vượt nhanh chướng ngại"" của nhà Manulife - đây là cách Manulife cùng mọi người lan tỏa tinh thần sống xanh – sống khỏe – sống tích cực theo cách vui vẻ và gần gũi. Dân Sài Gòn chuẩn gu thời nay là phải biết hét “XANH” cho hết stress, F5 tinh thần đó nha.   Cơ hội có 1-0-2, hét càng sung - quà càng đỉnh! Dân tình ai cũng đang “hét”, còn bạn thì sao? Xem ngay phần comment bên dưới để biết thêm thể lệ tham gia chi tiết nhé!  Cùng Manulife “chọn XANH” – lựa chọn chủ động trên hành trình sống khỏe, sống tích cực và bền vững, bắt đầu từ những thay đổi nhỏ hôm nay để “cho KHỎE” mai sau!  #ChọnXANHchoKHỎE #Manulife  - Ghim comment: Chơi liền tay & rinh ngay Apple Watch series 10 ngay tại: "	527866644_1063593979095490_3936393524007475120_n.jpg		https://bit.ly/4fxKpmQ	Dũng	L		
06/08/25 - 21:13	Quảng cáo	Nguyễn Nguyệt Ánh	Check giúp c Kiến nhé *Caption:  Gia đình trẻ gương mẫu gọi tên Gia Đình Truyền Hình    Vợ chồng cùng làm ở đài truyền hình, cùng sáng tạo nội dung và cùng chăm con nhỏ… sao còn trẻ mà chu toàn quá vậy?  Coi thử bí kíp men Gia Đinh Truyền Hình mê để dù bận rộn nhưng “chông vợ hài” vẫn luôn hăng hái nha    #Betagen #Suauonglenmen #MentamelaBetagen #ThinkProbioticThinkBetagen #QuangHungMasterD #GiaDinhTruyenHinh  Link video: 			https://drive.google.com/file/d/1ic_W4evw-NKGFZtCjFiRYa75UnZmWs1H/view?usp=sharing	Dũng	L		
06/08/25 - 21:13	Quảng cáo	Nguyễn Nguyệt Ánh	"Kịch bản TT Beat  ""TITTLE: VŨ YÊN - TRÁI TIM MỚI CỦA HẢI PHÒNG. TÂM ĐIỂM THU HÚT DÒNG TIỀN ĐẦU TƯ VÀ PHÁT TRIỂN VƯỢT BẬC CỦA THÀNH PHỐ CẢNG !!  Nội dung: Với vị trí chiến lược ngay giữa lòng Hải Phòng, đảo Vũ Yên đang từng bước chuyển mình trở thành trung tâm mới của một Hải Phòng mới, hội tụ trọn vẹn các yếu tố để hút dòng tiền, đón cơ hội, dẫn dắt xu hướng.  Từ khách hàng chuyển về ở, kinh doanh, lập nghiệp, hay nhà đầu tư săn cơ hội sinh lời, cho tới khách du lịch, giới trẻ mê giải trí và tiêu dùng. Tất cả đang dồn về Vũ Yên như một “đích đến” không thể bỏ lỡ.  Sự trỗi dậy của Vũ Yên không chỉ là bước tiến riêng lẻ, mà còn gắn liền với tầm nhìn phát triển của toàn vùng: - Sau sáp nhập, Hải Phòng vươn lên thành trung tâm kinh tế lớn thứ 3 cả nước, chỉ sau Hà Nội và TP.HCM, phát triển theo mô hình vùng đô thị - công nghiệp hiện đại, hướng biển, kết nối toàn cầu. - Hạ tầng đồng bộ giúp giảm chi phí logistics, tăng hiệu quả xuất nhập khẩu, hỗ trợ doanh nghiệp bứt phá. - Vũ Yên là hạt nhân của một siêu đô thị ven biển, được quy hoạch bài bản theo tiêu chuẩn quốc tế. Nơi có thể cạnh tranh sòng phẳng về thu hút FDI, đón đầu làn sóng đầu tư toàn cầu. - Bên cạnh đó, Vũ Yên còn là điểm đến du lịch nghỉ dưỡng, văn hóa, giải trí mới của miền Bắc với sự xuất hiện của Vinhomes Royal Island. Sở hữu cảnh quan thiên nhiên phong phú, chuỗi tiện ích cao cấp, tổ hợp sự kiện quy mô lớn, nơi đây được kỳ vọng là trung tâm “all-in-one” cho cả du lịch nội địa và quốc tế.  Chắc chắn, trong tương lai, Vũ Yên sẽ trở thành trái tim, tâm điểm mới của thành phố Cảng. Quá đỉnh quá xịn rồi anh em ơi"""				Dũng	L		
07/08/25 - 01:02	Quảng cáo	Phạm Kim Ánh	BEATVN  NGẠI DU HÝ VÌ TỐN LƯƠNG?  Đó là ai nói, chứ với AirAsia thì CÒN nha, PHẢI CÒN LƯƠNG!!  AirAsia là hãng bay Đông Nam Á không còn xa lạ gì với con dân đam mê du lịch nữa rồi, với những chuyến bay thẳng không quá cảnh mất thời gian, không delay, đồ ăn ngon, dịch vụ tốt, chi phí hợp lý. Đặc biệt, khi đặt vé trong khoảng thời gian từ ngày 7-8/08/2025 sẽ còn có chương trình Flash Sale 48h đỉnh nóc kịch trần: Giảm giá 30% đối với các chuyến bay từ Đà Lạt & Nha Trang đi Kuala Lumpur, từ HCM -> Kota Kinabalu. Giảm giá 20% đối với các chuyến bay từ Đà Nẵng, Thành phố Hồ Chí Minh, Hà Nội,Phú Quốc,Hải Phòng  đến Bangkok, Chiang Mai, Kuala Lumpur, Penang, Johor Bahru,  Giảm thêm 30% khi mua kèm Value Pack  Giảm cỡ này thì plan đi du lịch cứ gọi là “như mơ” luôn, tại có tốn chi phí di chuyển gì mấy đâu? Chương trình dụng khởi hành: 15.08 – 30.11.2025 Đã thế, AirAsia còn có luôn dịch vụ đặt xe taxi để di chuyển nữa, đã tiết kiệm lại còn tiện lợi.  Giờ thì biết tại sao AirAsia tự tin chưa?  #AirAsia #48GiờFlashSale  CMT: Còn chần chờ gì mà không lên kèo liền? Link đặt vé ở đây nè: 	524919071_724091307277710_5311260106450076741_n.png		https://air.asia/SEYSh	Dũng	L		
07/08/25 - 01:02	Quảng cáo	Phạm Kim Ánh	SGN  Team nhận lương cuối tháng: Săn Sale Team nhận lương đầu tháng: Cũng săn Sale Vì DEAL NÀY RẺ CHO MỌI NHÀ   Rủ nhau đi du lịch thì điểm chung duy nhất là giữa tháng đều mắc cái eo.  Mà thôi kệ đi, nghèo thì nghèo dị chứ mà có kỉ niệm, còn hơn là nghèo mà vẫn phải đi làm :>  Sẵn đây nói luôn, AirAsia đang có Flash Deal 48h siêu xịn khi mua vé từ ngày 7-8/8/2025 và khởi hành từ 15/08 - 30/11/2025: Với các chuyến bay thẳng từ Sài Gòn đến Kota Kinabalu/ Penang/ Johor Bahru/ BangKok giảm giá tới 30%. Quá xá đã Khi mua gói Value Pack, giảm giá thêm 30%  Cỡ này thì lương đầu tháng hay cuối tháng gì cũng kịp mua hết, giữa tháng nghèo nghèo thì xách vali đi du lịch thôi chứ không sao. #AirAsia #48GiờFlashSale   CMT: Đặt lịch đây nha mấy bà: 	526429159_2164313264063454_6984573479587465118_n.png		https://air.asia/6SbcA	Dũng	L		
07/08/25 - 09:38	Quảng cáo	Phạm Kim Ánh	Gr Săn Deal  T canh ngày này lâu lắm rồiiii, Romand 23,24 em tới đâyyy #tiktokshop88  CMT: Ê trong livestream Tun Phạm hôm nay mớ deal lun nè: 	524639847_2836367136570478_4283974918266655720_n.png		https://www.tiktok.com/live/event/7532021448072773650?_r=1&enter_from=share_link&share_from_user_id=74866133123	Dũng	L		
07/08/25 - 09:38	Quảng cáo	Phạm Kim Ánh	Gr Săn Deal  Là nó đi học dữ chưa ta #tiktokshop88  CMT: Từ pre-makeup cho tới makeup, làm sạch luôn mấy ba. Trong live Tun Phạm hôm nay đó:: 	527680343_624165253651370_1183478894123411250_n.png 524928755_1127666712750394_3705979000670476926_n.png		https://www.tiktok.com/live/event/7532021448072773650?_r=1&enter_from=share_link&share_from_user_id=74866133123	Dũng	L		
07/08/25 - 09:38	Quảng cáo	Phạm Kim Ánh	CCHN - gửi cap trc, ảnh gửi sau  AirAsia cứ như này chắc tốn Nghỉ phép lắm đây   Không hề xa lạ gì với những đợt khuyến mãi, giảm giá của AirAsia nữa rồi, nhưng lần nào cũng phải công nhận độ “chịu chơi” của hãng nha.  Đợt vừa rồi ai săn sale hụt, hoặc chưa kịp lên plan đi du lịch để hốt deal của AirAsia thì đừng lo, hôm nay hãng tiếp tục có Flash Sale 48h tiếp nè.  Đặc biệt, lần này không chỉ giảm cho các chuyến đi Malaysia, Thái Lan mà là giảm cho các chuyến BAY THẲNG tới các nước ĐÔNG NAM Á luôn đó. Chi tiết:   Giảm tới 30% cho các chuyến bay thẳng từ Hà nội đến Phnom Penh, Kuala Lumpur, Chiang Mai, Bangkok   Giảm thêm 30% khi mua thêm gói Value Pack  AirAsia đã “chào sân”, thì các “chân đi” còn chần chừ gì nữa? Flash Sale đợt này chỉ áp dụng khi đặt vé từ 7-8/08/2025  và áp dụng khởi hành: 15.08 – 30.11.2025 #AirAsia #48GiờFlashSale   CMT: Canh sale ở đây nè: 			https://air.asia/U58J5	Dũng	L		
07/08/25 - 09:38	Quảng cáo	Nguyễn Nguyệt Ánh	Khách lại sửa nữa, check qua chị nhé: Beatvn:   NGỠ NGÀNG TRƯỚC MÀN CHỐT DEAL DINH THỰ GẦN 70 TỶ TRỰC TIẾP TRÊN LIVESTREAM - KỶ LỤC MỚI CỦA NOBLEGO  Tối 5/8, trong phiên livestream đặt giá BĐS NobleGo của Sunshine Group, một khách hàng đã chốt thành công căn dinh thự hàng hiệu Noble Palace Long Biên trị giá gần 70 tỷ đồng, đánh dấu giao dịch có giá trị cao nhất từng ghi nhận trên nền tảng này.  Dù mức giá lên tới hơn 2,5 triệu USD, khách hàng vẫn săn được deal hời hiếm có với giá thấp hơn khoảng 15% so với thị trường, cùng khoản ưu đãi đặc biệt 500 triệu đồng trừ thẳng từ chủ đầu tư.  Căn dinh thự thuộc bộ sưu tập gần 200 căn giới hạn của Noble Palace Long Biên – dự án Branded Residences thấp tầng đầu tiên tại Long Biên (nay là phường Việt Hưng, Hà Nội). Với 4 tầng, 1 tum, thiết kế kiến trúc châu Âu tinh xảo, hoàn thiện ngoại thất chọn lọc, nội thất “may đo” và vận hành tiêu chuẩn 5 sao quốc tế, đây là dòng sản phẩm đẳng cấp hiếm có ở khu Đông Hà Nội.  Bên cạnh đó, minigame tặng 20 triệu đồng cho khán giả xem trực tiếp trên Noble App cũng tạo nên khoảnh khắc bùng nổ khác của đêm livestream. Sunshine Group hé lộ những phiên tới sẽ có giải thưởng lên tới 200 triệu tiền mặt, trao ngay cho người trúng.  Sau 11 phiên NobleGo, Sunshine Group đã đóng góp 5,5 tỷ đồng vào các quỹ thiện nguyện của Đài truyền hình Việt Nam, xây trường và dựng mái ấm cho trẻ em khó khăn.    Phiên NobleGo tiếp theo diễn ra vào 20h ngày 8/8 với tậm điểm là căn hộ 2 phòng ngủ tại dự án cao cấp Sunshine Green Iconic có giá khởi điểm chỉ từ 4,2 tỷ ( bằng 50% giá thị trường)  hứa hẹn bùng nổ kỷ lục mới cùng giải quay thưởng ngẫu nhiên siêu hấp dẫn trị giá 200 triệu đồng tiền mặt đang chờ người may mắn gọi tên!	528049399_9724857034282368_3024885215093873986_n.png 525668934_1317780110055689_6760241700726832384_n.png			Dũng	L		
07/08/25 - 09:38	Quảng cáo	Nguyễn Nguyệt Ánh	CCHN:  LẦN ĐẦU TIÊN TẠI VIỆT NAM: CHỐT DEAL DINH THỰ GẦN 70 TỶ QUA LIVESTREAM: NOBLEGO GHI NHẬN KỶ LỤC MỚI CỦA THỊ TRƯỜNG GIAO DỊCH BĐS SỐ  Tối 5/8, một phiên livestream bất động sản của Sunshine Group đã đi vào lịch sử khi 1 khách hàng xuống tiền thành công căn dinh thự hàng hiệu thuộc dự án Noble Palace Long Bien, chính thức xác lập kỷ lục giao dịch cao nhất từ trước đến nay trên nền tảng này.  Dù giá trị giao dịch vượt 2,5 triệu USD, khách hàng vẫn “săn” được giá ưu đãi hiếm có - thấp hơn khoảng 15% so với giá thị trường, cùng quà tặng thêm 500 triệu đồng từ Sunshine Group trừ thẳng vào giá trị hợp đồng.  Căn dinh thự thuộc bộ sưu tập gần 200 sản phẩm giới hạn tại dự án Noble Palace, dòng Branded Residences thấp tầng đầu tiên ở Long Biên. Mỗi dinh thự cao 4 tầng + 1 tum, kiến trúc châu Âu tinh xảo, vật liệu mặt ngoài sang trọng, nội thất “đo ni đóng giày” theo yêu cầu gia chủ cùng hệ thống vận hành tiêu chuẩn quốc tế.   Ngoài thương vụ lịch sử, phiên livestream còn bùng nổ khi một khán giả theo dõi trực tiếp qua Noble App đã may mắn nhận giải quay thưởng trị giá 20 triệu đồng - phần thưởng được chuyển khoản ngay sau khi trúng.  Đặc biệt, mỗi phiên NobleGo thành công, Sunshine Group sẽ trích 500 triệu đồng làm thiện nguyện. Sau 11 phiên, đã có 5,5 tỷ đồng đóng góp để xây dựng điểm trường và mái ấm cho trẻ em có hoàn cảnh đặc biệt.   Livestream tiếp theo diễn ra vào thứ Sáu, ngày 8/8 với tậm điểm là căn hộ 2 phòng ngủ tại dự án cao cấp Sunshine Green Iconic có giá khởi điểm chỉ từ 4,2 tỷ ( bằng 50% giá thị trường)và giải thưởng quay may mắn lên tới 200 triệu đồng tiền mặt, rất có thể, một kỷ lục mới sẽ lại được thiết lập!				Dũng	L		
07/08/25 - 11:02	Quảng cáo	Phạm Kim Ánh	ảnh gửi sau đây nhe @Tuấn Dũng	525560197_1249744209980229_8309460004773920687_n.png			Dũng	L		
07/08/25 - 11:02	Quảng cáo	Phạm Kim Ánh	"Beatvn - ảnh gửi sau    LPBANK CHƠI LỚN: LIVESTREAM CÙNG DUY KHÁNH, HOÀNG ĐỨC – HÉ LỘ BÍ QUYẾT ""TIỀN ĐẺ RA TIỀN""!!!  Lần đầu tiên, LPBank tổ chức sự kiện livestream đặc biệt kết hợp cùng diễn viên Duy Khánh và cầu thủ Hoàng Đức vào lúc 20:00 ngày 12.08.2025, trực tiếp trên fanpage LPBank. Buổi livestream sẽ giới thiệu chi tiết về tính năng độc quyền Sinh lời Lộc Phát 2.0, cho phép toàn bộ số dư của ae trong tài khoản ngân hàng tự động sinh lời mỗi ngày, vừa đảm bảo lợi nhuận, vừa thoải mái chi tiêu.  Không chỉ thế, người xem livestream trực tiếp còn có cơ hội nhận hàng nghìn phần quà giới hạn hấp dẫn, lên đến 568.000 VNĐ khi mở tài khoản và kích hoạt tính năng. Đặc biệt, LPBank sẽ tổ chức bốc thăm trúng thưởng chuyến du lịch Châu Âu trị giá lên tới 120 triệu đồng ngay trong phiên livestream đặc biệt này.  Chưa hết, sự kiện còn có thêm minigame tương tác ""Gắp deal"" vô cùng hấp dẫn cùng khách mời đặc biệt là tuyển thủ bóng đá quốc gia Hoàng Đức. Hẹn ae vào ngày 12.8 sắp tới nhéee"				Dũng	L		
07/08/25 - 11:57	Quảng cáo	Nguyễn Nguyệt Ánh	Check chị kịch bản TT Beat với  FPT chào đón Chelsea FC đến Việt Nam: Khi công nghệ “bắt tay” bóng đá đỉnh cao   FPT mới đây đã “chơi lớn” khi chào đón Chelsea FC – đội bóng lừng danh nước Anh – tới tham dự sự kiện kỷ niệm 20 năm phát triển tại Đà Nẵng.   Điều đặc biệt khiến sự kiện này trở nên “có 1-0-2” chính là sự xuất hiện của huyền thoại Cup C1 – chiếc cúp danh giá bậc nhất châu Âu, cùng quả bóng có chữ ký “căng đét” từ dàn sao Chelsea.   Trước đó, vào tháng 4, FPT từng khiến mạng xã hội xôn xao khi chính thức trở thành đối tác công nghệ toàn cầu của Chelsea FC, đồng hành trong hành trình chuyển đổi số và ứng dụng AI vào từng quy trình vận hành, thi đấu.   Chuyến thăm của Chelsea không chỉ mang tới tinh thần chiến thắng cùng những biểu tượng danh giá, mà còn là lời khẳng định cho khát vọng tiên phong, không ngừng vươn ra thế giới của cả hai tên tuổi.   FPT và Chelsea — mỗi bên một lĩnh vực, nhưng chung một mục tiêu: chinh phục đỉnh cao, truyền cảm hứng toàn cầu, và lan tỏa năng lượng tích cực đến cộng đồng yêu công nghệ lẫn người hâm mộ bóng đá khắp nơi. — NOTE: Hình ảnh tập trung quả bóng, CUP, lãnh đạo FPT chụp cùng Những file tên “Ảnh cũ_Hợp tác” thì cho xuống dưới (đi theo content remind về việc công bố hợp tác trước đó)				Dũng	L		
07/08/25 - 13:37	Quảng cáo	Nguyễn Nguyệt Ánh		525433352_846769397682656_2090366021483999970_n.png			Dũng	L		
07/08/25 - 13:37	Quảng cáo	Nguyễn Nguyệt Ánh	Beatvn:  HOT: Mời đoàn nhà mình di chuyển nhận vé Concert Sao Nhập Ngũ luôn và ngay ạ    Nóng hổi vừa thổi vừa hóng, TV360 vừa công bố chương trình săn vé Concert Sao Nhập Ngũ cho các anh em hóng mấy bữa giờ đây   Cụ thể thì tất cả những ae nào mới đăng ký gói cước TV360 từ 8-22/8 sẽ nhận được mã dự thưởng để quay số trúng thưởng vé. Giờ vàng săn vé từ 20 tới 21h ngày 8/8 nên đừng có ai bỏ lỡ nhé k lại tiếc hùi hụi hẹ hẹ	528758083_1059527479679627_5107716600579824387_n.jpg			Dũng	L		
07/08/25 - 13:37	Quảng cáo	Nguyễn Nguyệt Ánh	TT Beat xanh  - Caption: Các vũ công Au kỳ cựu và các newbie vào chào nhau cái đi nào!!! #Audition #Nhayau #Auvtc #AU19 #BanSacXuAu  - Video: 	527314906_1086763656322416_8396527378724483465_n.jpg		https://drive.google.com/file/d/1czV7-7vKbz_E62v5lSD-E3z0DsxEXO7i/view?usp=sharing	Dũng	L		
07/08/25 - 15:01	Quảng cáo	Phạm Kim Ánh	"Kịch bản TT Beatvn   MỜI CÁC THẦN ĐỒNG DI CHUYỂN VÀO MOMO THAM GIA THỬ THÁCH ĐẤU TRƯỜNG TRI THỨC NHẬN MIỄN PHÍ KATINAT VÀ LẨU LY TẠI FAMILYMART, ... NGAY NÀO  Tin chuẩn đồn đi cả lò ơi! Được biết, MoMo vừa ra mắt ""Đấu Trường Trí Thức"" game quiz vui nhộn vô cùng trendy với 12 câu hỏi thử thách IQ của các friends ngay trên màn hình chính ứng dụng MoMo.  Vui vui mà quà ê hề ê hề, ai cũng có cơ hội nhận bao lì xì tiền mặt ngẫu nhiên trong quá trình chơi, ngoài ra trả lời đúng tất cả 12 câu hỏi sẽ cùng được chia đều Xu thưởng để đổi quà như: 10 triệu đồng tiền mặt, tỷ xu đổi quà voucher Phúc Long, Katinat, Highlands, vé xem phim 0 đồng, hay giá trị hơn như chỉ vàng 4 con 9, Iphone, airpod, ... cực kỳ xịn sò, xứng đáng 10 điểm không có nhưng.  Mùa hè nóng nực, ở trong điều hoà mát rượi rèn luyện IQ đúng chuẩn bài rồi đấy. Còn chờ đợi gì nữa, note ngay quả lịch từ 12h30 và 20h30 mỗi ngày từ 11/8 đến 16/8 rinh quà liền tay mấy ní, không kịp là tiếc hùi hụi đừng trách là không nhắc đó nha!!"				Dũng	L		
07/08/25 - 15:33	Quảng cáo	Phạm Kim Ánh	"BEATVN  Caption: TINH HOA HỘI TỤ TRONG NHỮNG TẤM THẺ QUYỀN LỰC CỦA VIETINBANK PREMIUM  Sau hai đêm concert """"Sống trọn tinh hoa"""" thành công rực rỡ năm 2024, VietinBank Premium đã chính thức trình làng TVC cực nghệ tiếp tục nhấn mạnh thông điệp “Kết ưu quyền - nối tinh hoa” - đồng hành cùng khách hàng ưu tiên chạm tới những giá trị tinh hoa trong cuộc sống, qua loạt đặc quyền chỉ có ở """"thẻ quyền lực"""" VietinBank Premium   Tận hưởng phòng chờ VIP  không giới hạn tại hơn 1200 phòng chờ sân bay nội địa và quốc tế   Trải nghiệm dịch vụ đón tiễn riêng và ưu tiên làm thủ tục nhanh không giới hạn tại hơn 100 sân bay nội địa và quốc tế   Chơi GOLF miễn phí tại hơn 50 sân GOLF đẳng cấp tại Việt Nam.   Cùng loạt ưu đãi dịch vụ nghỉ dưỡng, mua sắm, giải trí....  Comment: Bạn đã có trong tay tấm thẻ quyền lực này chưa? Mở thẻ ngay và trở thành hội viên của VietinBank Premium, mở khóa đặc quyền, sống trọn tinh hoa ngay hôm nay:    Tổng đài miễn cước dành riêng cho Khách hàng ưu tiên: 1800 55 88 66  Video: "			https://www.vietinbank.vn/khach-hang-uu-tien https://drive.google.com/file/d/1njosnqPZi12dkM5zL8h7YGtVHC325554/view?usp=drivesdk	Dũng	L		
07/08/25 - 15:33	Quảng cáo	Phạm Kim Ánh	TT Showbeat  Caption: Dàn line-up cỡ này đã đủ mướt mát cho 7UP Water Splash Concert tại Hà Nội chưa anh em? #7UP #WaterSplashConcert #WaterSplashFest #SieuSieuSangKhoai  Video:  cmt: - SỰ KIỆN MỞ CỬA TỰ DO - Tuy nhiên, để có view sát rạt idol và quẩy nước sung hơn thì săn vé concert thông qua 2 cách:+ Minigame trên fanpage 7UP + Đến sớm hôm 10/08 để tham gia hoạt động tại booth trước show để săn vé	528859214_773807151893043_5108547592639783886_n.png		https://drive.google.com/file/d/1r6Lp_sJHOiyk-NBS0L0vRQxTMHMM_yA-/view	Dũng	L		
07/08/25 - 15:33	Quảng cáo	Phạm Kim Ánh	Gr ACHP - e thấy đang so sánh vs KFC, a check giúp e coi có cần sửa ko nhe  Caption:   Anh em Hải Phòng ai ăn Migaxuxi rồi confirm phát xem chuẩn vị không nhé! Trước ăn cái mì Ý KFC bản cũ, xốt bị cái mùi thảo mộc nồng quá, topping thì gọi là ăn hương ăn hoa. Giờ ra Migaxuxi – nhìn đĩa là thấy khác bọt liền:   Xốt chua ngọt đậm đà, màu sốt nhìn hấp dẫn lắm   Topping đầy ụ: xúc xích, phô mai béo ngậy Giá từ 35K, combo nhiều phết, ăn một mình là no, kéo cả đám mở tiệc được luôn chứ đùa. Cảm giác bản mới này “có tâm” hơn bản cũ, topping không bị lưng chừng nữa     Anh em nào từng mê bản cũ thì nên thử bản mới, biết đâu lại có món ruột mới   Ăn rồi nhớ quay lại rep một câu cho anh em biết đường nha! #KFCVietnam #Migaxuxi				Dũng	L		
07/08/25 - 15:33	Quảng cáo	Nguyễn Nguyệt Ánh	Cap: Dự là sắp tới sẽ có nhiều công nghệ Việt Nam xuất hiện ở clb châu Âu đây Video: 	527758226_771096275475989_8095890456453665855_n.png		https://drive.google.com/file/d/1csJrOjFv6W0RGJ73RopfzZi446p_Y2Nw/view?usp=sharing	Dũng	L		
07/08/25 - 15:33	Quảng cáo	Nguyễn Nguyệt Ánh	Beat HP + ACHP  HOT     Anh trai thứ 5 xác nhận góp mặt tại Autumn Fest chính là JSOL “Bắt cóc trái tim em đem về làm của riêng”     Liệu còn những anh trai nào nữa sẽ tham gia Siêu nhạc hội mùa thu ngày 30/08 tại Phố đi bộ Vũ Yên, hãy cùng chờ đón nha.  #AutumnFest #JSOL #VinhomesRoyalIsland #PhodiboVuYen    Comment:  THAM GIA NHÓM NGAY để nhận thông tin nóng hổi nhất về sự kiện & có cơ hội săn vé miễn phí: 	513312721_122182213082350416_870430782519732556_n.jpg		https://www.facebook.com/share/g/1C4FNoWv6S/	Dũng	L		
07/08/25 - 15:33	Quảng cáo	Nguyễn Nguyệt Ánh	"Gr Săn Deal  Live rồi kìa mấy mẹ ơi, đâu ra có thêm vụ tặng kim cương nữa ông cố ơi #tiktokshop88""   CMT: zô Live lẹ lẹ, còn live còn gỡ  Link: """	528242314_1428076751686795_4717306669582208590_n.png		https://www.tiktok.com/@tunpham97/live?enter_from_merge=pc_share&enter_method=pc_share&is_from_webapp=1&sender_device=pc	Dũng	L		
07/08/25 - 15:33	Quảng cáo	Phạm Kim Ánh	"Gr Săn Deal  Chài ai, chai sửa tắm bình thường mua cũng trăm mấy mà giờ còn 75k, tiktokshop xuống xác vậy #tiktokshop88   CMT: zô live hốt lẹ mấy mẹ  Link: """""	526845661_1927383348099667_3160538058426601550_n.png		https://www.tiktok.com/@tunpham97/live?enter_from_merge=pc_share&enter_method=pc_share&is_from_webapp=1&sender_device=pc	Dũng	L		
07/08/25 - 16:54	Quảng cáo	Nguyễn Nguyệt Ánh	Beat  Ở ĐÂU YAKULT CÓ, Ở ĐÓ RA CHECK IN LIỀN ANH EM ƠIII :))))  Từ 29/7 đến 12/8, trai xinh gái đẹp nào mà chưa sống ảo cùng Yakult là hơi tối cổ luôn đấy nhé   Chỉ cần tạt té ghé ngang siêu thị, tạp hóa hoặc gặp các chị Yakult Lady để check in là thoải mái tham gia mini challenge, rinh quà xịn xò rồi đó    Tham gia thì đơn giản như đan rổ chỉ với 3 bước: Bước 1: Theo dõi Fanpage Yakult Việt Nam Bước 2: Đăng tải bài đăng/video CHECK-IN các điểm bán Yakult chính thức lên trang cá nhân Facebook/TikTok, để chế độ công khai kèm hashtag: #Yakult #CheckincungYakult Bước 3: Sao chép đường link bài viết và dán vào comment của bài đăng phát động trên kênh Fanpage Yakult Việt Nam kèm 1 con số may mắn từ 0 – 999  Ai có quà nhớ khao Beat đấy :)))))  #Yakult  #YakultVietNam #CheckincungYakult	526440793_1820876881878103_2831789472140298662_n.png			Dũng	L		
07/08/25 - 16:54	Quảng cáo	Nguyễn Nguyệt Ánh	SGN NHẮC BẠN: CHECK-IN CÙNG YAKULT TẠI CÁC ĐIỂM BÁN VÀ THAM GIA MINI CHALLENGE CÓ CƠ HỘI TRÚNG QUÀ CỰC HOT!!!  Thả dáng check-in nhẹ nhàng mà có cơ hội rinh về toàn quà xịn, Yakult chơi lớn xem các friends có trầm trồ kkk =)))  Chỉ cần giơ máy check-in và đăng tải lên mạng xã hội ảnh chụp cùng sản phẩm Yakult tại các điểm bán như siêu thị, tạp hoá hay kênh bán Yakult Lady trên cả nước từ nay tới hết 12/08 là có cơ hội rinh quà xịn xò từ Yakult rồi!  Nay mai ai đi shopping thì tranh thủ quẩy liền thử thách, biết đâu vận may gọi tên nhé!!!  Comment:   Các bước dễ ợt để “rựt” quà của Yakult nè:    Bước 1: Theo dõi Fanpage Yakult Việt Nam   Bước 2: Người đăng tải bài đăng/video CHECK-IN các điểm bán Yakult chính thức lên trang cá nhân Facebook/TikTok, để chế độ công khai kèm hashtag: #Yakult #CheckincungYakult   Bước 3: Người chơi sao chép đường link bài viết và dán vào comment của bài đăng phát động trên kênh Fanpage Yakult Việt Nam kèm 1 con số may mắn từ 0 – 999  Mời các ní xem thể lệ chi tiết nè: 	526931508_2501270546917699_2016374002491030262_n.png		https://www.facebook.com/Yakultvietnam/posts/pfbid0572noXd4g7iy53ZUa3Weai24fcztH2Tfj5FZbrVFCidHT3Kt1J5wuaU76vg1xb4sl	Dũng	L		
07/08/25 - 17:44	Quảng cáo	Nguyễn Nguyệt Ánh	Kịch bản TT Beat the game CHẤN ĐỘNG TAM QUỐC: HỒNG TỶ NAY ĐÃ VỀ ĐẾN VIỆT NAM VỚI TÊN GỌI SIÊU LẦY LỘI PHIẾN NHI   OMG 3Q – tựa game Tam Quốc chiến thuật đình đám nay còn hot hơn cả nhờ cú bắt tay với Hồng Tỷ bản Việt – chị Phiến Nhi. Đây là phiên bản nữ nhân siêu yêu kiều nhưng lại oai phong lẫm liệt, khiến ai nhìn cũng phải ngỡ ngàng khi thấy chị xuất hiện.  Phải dành một tràng pháo tay cho nhãn hàng đã chơi lớn khi book phải chị Phiến. Tưởng chỉ là mấy pha nhập vai Tào Tháo lầy lội, ai ngờ quay xe một phát, chị hóa luôn thành tướng nữ chính hiệu trong OMG 3Q, không chỉ đẹp, mà còn chất, lồng lộn hơn cả bản gốc. Đảm bảo pha này khiến các game thủ sốc toàn tập luôn.   Kết chị Phiến nổ bát đĩa mà muốn gặp ả ta thì vào ngay OMG 3Q song sát cùng ả tung hoành chiến trường đi chứ còn gì nữa. Hiện tại game đang phát vô số quà tặng free cùng hàng loạt các trang phục xịn xò cho ae trải nghiệm nhân dịp sinh nhật 8 năm nữa đấy. Chiều gamer phải gọi là nhất của nhật luôn				Dũng	L		
07/08/25 - 17:44	Quảng cáo	Nguyễn Nguyệt Ánh	Kịch bản Showbeat  TITTLE: TRUNG CÓ HỒNG TỶ, VIỆT CÓ PHIẾN NHI. LẦY LỘI CỠ NÀY THÌ CƯ DÂN MẠNG ĐỠ SAO =))  Nội dung: Chấn động tam giới rồi mấy ní ơi. Mấy ngày gần đây, giang cư mận đang có dịp xôn xao nhốn nháo khắp cõi mạng vì một nhân vật vừa quen vừa lạ, hot một chín một mười với Hồng Tỷ xứ Trung. Không ai khác chính là chị Phiến nhà ta =)) nhưng chị Phiến này khác rồi, phải gọi là Phiến Nhi, phải vừa yểu điệu thục nữ, vừa mạnh mẽ oai phong, thế nó mới đỉnh  Nói gì thì nói, cũng phải nể nhãn hàng thật. Dám book thì chị Phiến dám làm thôi.. tôi cứ tưởng cho chị Phiến vào vai Thào Tháo bị rượt là xong rồi, ai ngờ vừa thoát vai cái biến hóa ảo diệu thành nhân vật nữ trong OMG 3Q cỡ này luôn. Bảo sao anh em mắt chữ A mồm chữ O hết  Anh em thấy Chị Phiến được của nó không. Còn anh em nào kết, mà muốn trải nghiệm chơi game đồng hành cùng chị thì tải game quẩy ngay OMG 3Q cho tôi, vì đang có nhiều quà xịn xò, lại còn free lẫn tặng quà người mới nhân dịp sinh nhật 8 tuổi của game nữa. Quá là vip pro top 1 server luôn hẹ hẹ				Dũng	L		
07/08/25 - 18:20	Quảng cáo	Chị Ánh nè	Beat  CAPTION: Chú 6 với Hải Ly đi đâu mà vội mà vàng, mà vấp phải đá, mà bị chụp lên đây				Dũng	L		
07/08/25 - 18:20	Quảng cáo	Nguyễn Nguyệt Ánh		517901403_1785934502299454_4936780754906041499_n.jpg			Dũng	L		
07/08/25 - 19:10	Quảng cáo	Nguyễn Nguyệt Ánh	Duyệt trước c cái cap Kiến nhé  CAPTION: REVIEW NHANH “BỘ TỨ SIÊU ĐẲNG” CHỈ CÓ Ở ZALO OA - BIA SAIGON DZÔ VANG GẮN KẾT    Nói nhanh gọn thì là đặc quyền hội tụ, siêu cấp giá trị. Nói cụ thể thì có:   Hàng triệu tiếng DZÔ vang từ khắp mọi miền đất nước, một lòng cổ vũ cho Giải bóng đá 7 người Quốc tế Bia Saigon Dragon Cup 2025   Cơ hội trúng iPhone 16 Pro Max 256GB   Voucher GOTIT trị giá 50K-100K   Thẻ cào điện thoại 10-20K.  ️  Đó là còn chưa nói tới các trận giao hữu vươn tầm quốc tế của VPL Dream Team với 2 đội tuyển Thái Lan và Malaysia vào các ngày 15/08, 16/08 và 17/08 tới đây tại sân vận động Gia Định - TP.HCM! Cùng tham gia Zalo OA Bia Saigon Dzô Vang Gắn Kết ngay hôm nay để tiếp chuỗi nhiệt huyết đến các anh tài sân 7 đang chuẩn bị hết mình cho trận đấu nhé anh em!  Check comment để biết cách DZÔ và có cơ hội nhận iPhone 16 Pro Max 256GB, Voucher GOTIT 50K-100K và thẻ cào điện thoại 10K-20K    #BiaSaigon #BiaSaigonDragonCup2025 #DzoVangGanKet *Thưởng thức có trách nhiệm  COMMENT:  Chỉ 2 bước đơn giản để thổi bùng tinh thần gắn kết và nhận quà cùng Bia Saigon:    Bước 1: Truy cập vào Zalo OA - Bia Saigon Dzô Vang Gắn Kết tại:     Bước 2: Làm theo hướng dẫn để đóng góp tiếng DZÔ và tạo hình ảnh Dzô Vang Gắn Kết của bạn  Tham gia ngay!!!			https://bit.ly/Tro-choi-Dzo-Vang-Gan-Ket	Dũng	L		
07/08/25 - 19:10	Quảng cáo	Nguyễn Nguyệt Ánh	"Beat CAPTION: Nhanh như chớp, Chú 6 và Hải Ly đã bị ""tóm gọn"" trong một cuộc đi chơi ""bí mật"" !!! Chắc chắn có toan tính cho 1 dự án phía sau  Visual:  Hình:   Cmt:   Phóng viên thường trú gửi thêm video trước khi bị phát hiện tại trận !!! Chắc chắn đây là 1 dự án rất khủng  kèm video: "			https://drive.google.com/file/d/1cfwg-GVGsgNE3su0CqQjdLAqMGje3axn/view https://drive.google.com/file/d/1D1WqY8tgmSs-a4tYRhHSsyqqpLJXbPv2/view?resourcekey	Dũng	L		
07/08/25 - 19:49	Quảng cáo	Nguyễn Nguyệt Ánh	"Beat   CAPTION  TẤN TỚI ƯỚC MƠ BÊN TIỆM SÚP CUA 68 TỪ NHỮNG BƯỚC NHỎ KIÊN TRÌ CÙNG TỪNG NỒI SÚP NHỎ!   Hành trình của chị Tâm cùng tiệm Súp 68 bắt đầu giản đơn từ niềm yêu thích của chị với món súp cua của gia đình. Từng bước một, chị Tâm tự mình học cách nêm nếm, sơ chế nguyên liệu cho từng chén súp đầu tiên để vun vén tạo ra tiệm Súp 68 - nơi chị Tâm giờ đây được sống với đam mê mỗi ngày.  Nâng Larue, chúc mừng bước đầu tấn tới ước mơ của chị!  #Larue #NângLarueCùngAnhEmTấnTới #MienTay  Pin comment:  Động lực lạc quan tấn tới ngập tràn trong series “Từ bước đầu tấn tới ước mơ"" cho anh em miền tây mình xem thêm nè! """	526550464_1096834929051310_3316206813295199651_n.jpg 526798764_730163630014008_1591968756207751074_n.jpg 527575552_1544328136529329_5008963544412553349_n.jpg 526557145_1309729990585786_4461877502170891134_n.jpg 517016137_2011404859606289_4148236197380427553_n.jpg 524928755_604939599121442_2388415470156056060_n.jpg 527752699_4054476784817355_6737906318188858818_n.jpg 525362406_1835266924054201_6132164027017044662_n.jpg 524713305_1410030993562083_6486761694474549551_n.jpg 525294345_1514767979507908_375722026090326697_n.jpg		https://surl.li/fdfzox	Dũng	L		
05/08/25 - 09:31	FP - BEAT NOW	Nguyễn Đức Hậu				https://drive.google.com/file/d/1Ro0jNend35smCvoXOrze1FIKISo3dRmc/view?usp=sharing	Hưng	L		
05/08/25 - 10:47	FP - BEAT NOW	Nguyễn Việt Anh	Khi khách quen bảo là “Nấu em bát mì ngon vào, tí em bo thêm”    Video: NET Thiết kế PC Gaming		525072626_1469788357401293_2702097883815265327_n.mp4		Hưng	L		
05/08/25 - 11:02	FP - BEAT NOW	Phạm Minh Đức	NGƯỜI CHỒNG CỦA NĂM: THẤY VỢ BUỒN VÌ 2000 TẤM ẢNH CƯỚI XẤU, ANH CHỒNG QUYẾT TÂM TỔ CHỨC LẠI ĐÁM CƯỚI     Sau nửa năm chuẩn bị siêu chỉn chu cho đám cưới – từ tự tay decor, đặt may 6 bộ váy cưới đến 15 mâm lễ… tưởng đâu là cái kết viên mãn, ai ngờ cô dâu Hồng Hạnh “sốc toàn tập” khi nhận được 2.000 bức ảnh cưới mà không có nổi một tấm “ra hồn”.  Thấy vợ khóc mấy hôm liền nên anh chồng quyết định làm chụp lại bộ ảnh cưới cho vợ thuê ekip mới, dựng lại không gian cưới, thực hiện lại nghi thức như thật. Chi phí? Vẫn “gắt”! Nhưng bù lại, lần này ảnh đẹp long lanh, khiến Hạnh mãn nguyện tung từng tấm lên mạng từ 31/7 tới giờ và nhận mưa lời chúc.  Đúng là người chồng của năm, vừa tâm lý vừa tinh tế, ảnh hỏng thì mình làm lại chứ để bộ ảnh cả đời thế kia thì không thể nào chấp nhận được   Theo: VnExpress	519543064_1260368222197498_7806306079796254771_n.jpg  			Hưng	L		
05/08/25 - 11:02	FP - BEAT NOW	Nguyễn Thu Uyên	  CHUYỆN LẠ THÁI BÌNH: MA HAY CHỈ LÀ HIỆN TƯỢNG SIÊU NHIÊN HUYỀN BÍ  Giữa đêm gia chủ thấy chó sủa inh ỏi, hôm sau check cam thì thấy hai chấm trắng cứ đi loanh quanh trong sân  Video: Minh Tâm			https://drive.google.com/file/d/1LtZVl9QXBXSk17oezsB567l9u1-Fx31g/view?usp=sharing	Hưng	L		
05/08/25 - 11:02	FP - BEAT NOW	Nguyễn Thu Uyên	  Đang dỗ vợ mà quay t chi, bực hết cả mèo =)))  Video:   Phụng Mã			https://drive.google.com/file/d/17bBJfCmTyov2X7GDbEbMw31P4C1jtjGH/view?usp=sharing	Hưng	L		
05/08/25 - 13:42	FP - BEAT NOW	Nguyễn Thu Uyên				https://drive.google.com/file/d/1iyNG51hbj2sfOlQTIkJJo8akp-6rbhMX/view?usp=sharing	Hưng	L		
05/08/25 - 13:42	FP - BEAT NOW	Nguyễn Đức Hậu				https://drive.google.com/file/d/1OJenCG5O0FtrQl-gdqBxvZSCGxJog0qS/view?usp=sharing	Hưng	L		
05/08/25 - 15:19	FP - BEAT NOW	Nguyễn Thu Uyên	Mấy sức mà chị mà chỉnh hình    Ảnh: Chinh Anh	525948454_25157503727172388_8494291015787896695_n.jpg 525701825_1281779813421803_1851481532242653527_n.jpg 526745759_1024952959512158_8581420117471263012_n.jpg 524251648_1402977900811399_7447606566385767444_n.jpg 524993288_1273220180925818_928984761831624355_n.jpg 524683513_647695458343063_2110786935695573500_n.jpg			Hưng	L		
05/08/25 - 15:19	FP - BEAT NOW	Nguyễn Thu Uyên	@Nguyễn Hưng e gửi post fb với ạ				Hưng			
05/08/25 - 15:19	FP - BEAT NOW	Nguyễn Việt Anh	Chúng ta đã trách nhầm Trụ Vương    Video: Minh Thu		516099939_24622486644023283_8844558289613897094_n.mp4		Hưng	L		
05/08/25 - 16:39	FP - BEAT NOW	Nguyễn Đức Hậu				https://drive.google.com/file/d/1dwxQLXzQ9QygNMZ0zbqZ2SW_HDxqOrz8/view?usp=sharing	Hưng	L		
05/08/25 - 16:39	FP - BEAT NOW	Nguyễn Thu Uyên				https://drive.google.com/file/d/1HrRSiAQ-PKv-izQ_yH2JPB7ZP9H1soH6/view?usp=sharing	Hưng	L		
05/08/25 - 16:39	FP - BEAT NOW	Nguyễn Thu Uyên	Khỏi order đi bay =)))				Hưng	L		
05/08/25 - 17:53	FP - BEAT NOW	Nguyễn Đức Hậu				https://drive.google.com/file/d/1FLno6-f8hnw8yaRKeZwWXLn8oX5w-nSs/view?usp=sharing	Hưng	L		
05/08/25 - 17:53	FP - BEAT NOW	Nguyễn Đức Hậu	Xem hộ anh				Hưng			
05/08/25 - 17:53	FP - BEAT NOW	Nguyễn Thu Uyên					Hưng	L		
05/08/25 - 17:53	FP - BEAT NOW	Nguyễn Thu Uyên	Gia đình văn hóa nè he			https://drive.google.com/file/d/1o0GZWrOrWl7dSPL4Xtgtz0OQeIYmA74l/view?usp=sharing	Hưng	L		
05/08/25 - 18:14	FP - BEAT NOW	Nguyễn Việt Anh	Rồi mai thấy con mồn lèo sủa tiếng chó    Video: Toản tưng tửng		526709491_24656297580622708_4810601804016150743_n.mp4		Hưng	L		
05/08/25 - 18:14	FP - BEAT NOW	Nguyễn Thu Uyên				https://drive.google.com/file/d/1355IymEUUs1Vh4SEAR30Nyg-e7f3f7YU/view?usp=sharing	Hưng	L		
05/08/25 - 18:14	FP - BEAT NOW	Nguyễn Việt Anh	akj	527552500_2834377240286114_468410800930155857_n.jpg			Hưng	1	Để lộ mặt → bắt nạt	10
05/08/25 - 18:14	FP - BEAT NOW	Nguyễn Thu Uyên	ạ				Hưng			
05/08/25 - 20:33	FP - BEAT NOW	Phạm Minh Đức	che mặt cũng k dc à bro				Hưng			
05/08/25 - 20:33	FP - BEAT NOW	Nguyễn Hưng	Che mặt thì dc thôi nma t thấy che đi thì mất 50% rồi				Hưng			
05/08/25 - 20:33	FP - BEAT NOW	Nguyễn Hưng	Che mặt rồi thì cap cũng phải sửa luôn				Hưng			
05/08/25 - 20:33	FP - BEAT NOW	Nguyễn Việt Anh	E thấy k nên lên nữa tại vì che mặt nó mất nội dung chính r ý				Hưng			
05/08/25 - 20:33	FP - BEAT NOW	Phạm Minh Đức	Oke				Hưng			
06/08/25 - 09:45	FP - BEAT NOW	Nguyễn Đức Hậu				https://drive.google.com/file/d/1QuRG-CfkxSuryghk6Fy5CUvi_DXxIxPX/view?usp=sharing	Hưng	L		
06/08/25 - 09:45	FP - BEAT NOW	Nguyễn Đức Hậu	Sáng rồi ae kd ơi				Hưng			
06/08/25 - 09:45	FP - BEAT NOW	Nguyễn Đức Hậu	Xem hộ anh phát @Nguyễn Hưng				Hưng			
06/08/25 - 09:45	FP - BEAT NOW	Nguyễn Việt Anh	Chưa đủ khổ hay gì mà ông xe điện còn xát muối vào tim    Video: aefilmproduction_hn		526362043_9705256389575219_1994338931760557086_n.mp4		Hưng	L		
06/08/25 - 11:15	FP - BEAT NOW	Nguyễn Đức Hậu				https://drive.google.com/file/d/11e3Onb7dDKf3q-4ttcB7Lc3DwXzlLZAl/view?usp=sharing	Hưng	L		
06/08/25 - 11:15	FP - BEAT NOW	Phạm Minh Đức	TÌNH NGHĨA ANH EM CHẮC CÓ BỀN LÂU =))))  Khối nghỉ hè rủ nhau vào quán chơi, toang luôn cái màn... và cái kết bố đến tận nơi dắt về    Video: Duy Cường		526534744_30701886359458632_3383324663051051918_n.mp4		Hưng	L		
06/08/25 - 11:15	FP - BEAT NOW	Phạm Minh Đức	Mở bát buổi chiều bay luôn bộ đồ nghề của a thợ cắt tóc rồi ông cháu ơi     Video: Nguyễn Chí Tâm				Hưng	L		
06/08/25 - 11:47	FP - BEAT NOW	Nguyễn Thu Uyên	  Tình chị em cảm động, nay chị đi lấy chồng, cậu em tặng ngay cho chị 1 bức tranh đầy tâm huyết kèm tờ phong bì   Video: Trịnh Tiến Cường			https://drive.google.com/file/d/1XC1lDbFHVNXQdogQrU7jelN-lDLKwTx2/view?usp=sharing	Hưng	L		
06/08/25 - 13:02	FP - BEAT NOW	Nguyễn Việt Anh	Lạnh vì nước mưa nhưng ấm áp vì tình cảm của người Việt mình với nhau    Video: VLXD Thành Danh		527595356_24207384568929160_7611350642533181262_n.mp4		Hưng	L		
06/08/25 - 14:32	FP - BEAT NOW	Nguyễn Việt Anh	Mưa rơi ướt áo ướt quần, làm sao ướt được tinh thần dân Pickleball    Video: Dongpickleball		526052410_23912198271812468_7296526580032324069_n.mp4		Hưng	L		
06/08/25 - 14:32	FP - BEAT NOW	Nguyễn Thu Uyên				https://drive.google.com/file/d/1Wp7vhLF3mYPRrzB_Ti0xS7iV1l_cXseo/view?usp=sharing	Hưng	L		
06/08/25 - 15:08	FP - BEAT NOW	Nguyễn Thu Uyên				https://drive.google.com/file/d/1TJVSCmhc6rogDE0w_BsjjHTeTgEvFvod/view?usp=sharing	Hưng	L		
06/08/25 - 16:03	FP - BEAT NOW	Nguyễn Thu Uyên				https://drive.google.com/file/d/1oCCFyc_3tP3oelT07EMO3NaQy9yMDgpD/view?usp=sharing	Hưng	L		
06/08/25 - 16:03	FP - BEAT NOW	Nguyễn Việt Anh	-1 máy rửa bát đây mà		527580408_24082034751418996_6202627420977597841_n.mp4		Hưng	L		
06/08/25 - 16:03	FP - BEAT NOW	Nguyễn Đức Hậu				https://drive.google.com/file/d/19CgKTFhuMHaARKbA13ObkGqYOUS2cU_y/view?usp=sharing	Hưng	L		
06/08/25 - 16:34	FP - BEAT NOW	Nguyễn Việt Anh	1 bông hoa nở dưới nắng    Cre: cố gái ầy	527483461_2020505568694458_5161007934005444376_n.jpg 526502887_1527021101618897_2292186020032056033_n.jpg 527317084_1789325495339190_3110316226282978293_n.jpg 528982317_1381816242887269_1593453445684108820_n.jpg			Hưng	L		
06/08/25 - 16:34	FP - BEAT NOW	Phạm Minh Đức	Xin lỗi vì lỡ khoe khi tôi đã có trên tay chiếc vé V-Concert Rạng Rỡ Việt Nam do VTV tổ chức    Hữu duyên hẹn gặp mn tại Trung tâm triển lãm Việt Nam vào ngày 9/8    #VConcert #RangroVietNam #VTV #DaiTruyenhinhVietNam #TrungtamTrienlamVietNam	525390561_1293540775517605_4140279508011899222_n.jpg			Hưng	L		
06/08/25 - 16:58	FP - BEAT NOW	Nguyễn Thu Uyên				https://drive.google.com/file/d/1HMC8X1CyQKme1KcRR2M2qmEi7H_M0uI9/view?usp=sharing	Hưng	L		
06/08/25 - 16:58	FP - BEAT NOW	Phạm Minh Đức	cái đoạn cắn nó thì có giảm đề xuất k nhỉ				Hưng			
06/08/25 - 16:58	FP - BEAT NOW	Nguyễn Hưng	ksao đâu b ơi				Hưng			
06/08/25 - 16:58	FP - BEAT NOW	Phạm Minh Đức	uce				Hưng			
06/08/25 - 17:25	FP - BEAT NOW	Nguyễn Thu Uyên				https://drive.google.com/file/d/1rRdZYQR_qXERCrYrQYa30zC8ivyD0kEm/view?usp=sharing	Hưng	L		
06/08/25 - 19:47	FP - BEAT NOW	Phạm Minh Đức	Trung bình boiz phố tại sever Hà Nội vào năm 2026 ??    Video: Linh Anh		529287912_25029167083339311_4216219887833252055_n.mp4		Hưng	L		
06/08/25 - 19:47	FP - BEAT NOW	Nguyễn Đức Hậu				https://drive.google.com/file/d/1aRWdFAK3DFX-oN6NMU_Ys8vp_Zh1x3fW/view?usp=sharing	Hưng	L		
07/08/25 - 09:55	FP - BEAT NOW	Nguyễn Đức Hậu				https://drive.google.com/file/d/1KZHT4SeA874FYlQh6a0V_QZDgroR8pUT/view?usp=sharing	Hưng	L		
07/08/25 - 11:12	FP - BEAT NOW	Phạm Minh Đức	Sốp xịt keo cứng ngắc luôn    Cre: Krixy Clothing	527766296_621799310972807_1964944681882348736_n.png			Hưng	L		
07/08/25 - 11:35	FP - BEAT NOW	Nguyễn Đức Hậu				https://drive.google.com/file/d/1wZrCb3gDhb8GYIJU8ONZeqwUaoirHkEv/view?usp=sharing	Hưng	L		
07/08/25 - 11:35	FP - BEAT NOW	Nguyễn Thu Uyên	  Ai, ai cười =)))  Video: Duy đang vui			https://drive.google.com/file/d/1dl-tsPSO71JV03c-y5r30QNeisF3L5rC/view?usp=sharing	Hưng			
07/08/25 - 11:35	FP - BEAT NOW	Nguyễn Thu Uyên	@Nguyễn Hưng e gửi post ạ				Hưng			
07/08/25 - 11:35	FP - BEAT NOW	Hưng	ơ				Hưng			
07/08/25 - 11:35	FP - BEAT NOW	Nguyễn Hưng	a trót ấn remove :)))				Hưng			
07/08/25 - 11:35	FP - BEAT NOW	Nguyễn Thu Uyên				https://drive.google.com/file/d/1dl-tsPSO71JV03c-y5r30QNeisF3L5rC/view?usp=sharing	Hưng	L		
07/08/25 - 11:35	FP - BEAT NOW	Nguyễn Việt Anh	Chuyện liên quan đến tiền  bạc thì khó nói thật    Cre: Khánh Ngọc	526631953_1496934435020230_5271363832845673182_n.png			Hưng	L		
07/08/25 - 12:10	FP - BEAT NOW	Nguyễn Hưng	Text trên ảnh thừa 1 chữ thuê nè				Hưng	L		
07/08/25 - 12:10	FP - BEAT NOW	Nguyễn Việt Anh		526655524_751551257666919_54097759592610455_n.jpg			Hưng	L		
07/08/25 - 12:59	FP - BEAT NOW	Nguyễn Việt Anh	1 ngày bình thường ở Đắk Lắk vào mùa sầu riêng chín    Video: Mai Hưng Liberty		526781094_24185969521044792_154651611221127137_n.mp4		Hưng	L		
07/08/25 - 14:33	FP - BEAT NOW	Nguyễn Đức Hậu				https://drive.google.com/file/d/1pgu1zb3KSKHz_XVbXVOVC_Gy7K4pu5Nq/view?usp=sharing	Hưng	L		
07/08/25 - 14:33	FP - BEAT NOW	Nguyễn Việt Anh	Clip anh edit đăng tiktok		526623900_23908321182201081_3694409011008751640_n.mp4		Hưng			
07/08/25 - 14:33	FP - BEAT NOW	Nguyễn Thu Uyên	Xin mời đoàn mình đến với Danh lam thắng cảnh mang tên Lê Hoàng Hiệp    			https://drive.google.com/file/d/1ikWjbVxVyg5F6MHlch4P-LckHp7IYHRS/view?usp=sharing	Hưng	L		
07/08/25 - 15:48	FP - BEAT NOW	Nguyễn Việt Anh	ĐOÀN DIỄU BINH KHỔ NHẤT VIỆT NAM    Hữu duyên trong giờ giải lao có các cháu gái tới xin được lên hình cùng các chú bộ đội, cơ mà nhạc lên cái thì các chú cũng chỉ biết cười thôi chứ không hiểu các cháu đang nhảy cái gì nữa  Không ấy mình nhảy nhạc nào cho nó nồng nàn tình yêu nước hơn được không nè, chứ xem xong ngại thực sự  Video: Trang Nguyễn #beatnow #tiepluatuhao		527615252_24657811377157674_2578512677807271597_n.mp4		Hưng	1	Trẻ con váy ngắn + nhảy	15
07/08/25 - 15:48	FP - BEAT NOW	Nguyễn Hưng	váy con bé ngoài cùng bị ngắn rồi e ơi. Xong nó còn nhảy cái này nữa. Bỏ nha	528821559_1809986212950627_3520787613822645440_n.png			Hưng			
07/08/25 - 15:48	FP - BEAT NOW	Phạm Minh Đức	oke :)))				Hưng			
07/08/25 - 15:48	FP - BEAT NOW	Nguyễn Việt Anh	che nó vào dc k a				Hưng			
07/08/25 - 15:48	FP - BEAT NOW	Hưng	a vẫ nghĩ nên bỏ nhé				Hưng			
07/08/25 - 16:21	FP - BEAT NOW	Nguyễn Việt Anh	Mê người ta mà ngại không dám tặng hoa    Video: TTrung Tài #beatnow #tiepluatuhao		529253350_9827259857379201_5179071344934435737_n.mp4		Hưng	L		
07/08/25 - 16:41	FP - BEAT NOW	Nguyễn Thu Uyên				https://drive.google.com/file/d/1YXJPe49T4njMDt4xxeJ9ljIfV-DpNMVL/view?usp=sharing	Hưng	L		
07/08/25 - 16:41	FP - BEAT NOW	Nguyễn Việt Anh	Ai, ai cười		526539515_24200420779608015_2118780633925536649_n.mp4		Hưng	L		
07/08/25 - 17:56	FP - BEAT NOW	Phạm Minh Đức	Tiktok của tôi những ngày gần đây	525468352_998872145557704_6463680374322543976_n.png			Hưng	L		
07/08/25 - 17:56	FP - BEAT NOW	Nguyễn Thu Uyên				https://drive.google.com/file/d/1WSIzdu7MXq2ap1qfjhLwHMCvBTnzn1C-/view?usp=sharing	Hưng	L		
07/08/25 - 18:19	FP - BEAT NOW	Nguyễn Đức Hậu				https://drive.google.com/file/d/1MyvPQXovPjTN0p1P-RB_4rBasp4S80px/view?usp=sharing	Hưng	L		
05/08/25 - 08:32	FP - Beatvn	Lê Thị Thùy Dương	[Message Retracted]				Dũng			
05/08/25 - 08:32	FP - Beatvn	Nguyễn Hoàng Long	Hình ảnh 40 hành khách gồm cả trẻ em đến người lớn núp sau bóng của chiếc xe khách trong cái nắng hầm hập sáng ngày hôm qua. Dù được hành khách năn nỉ anh vẫn không chịu trả chìa khóa mà phóng xe đi thẳng	525619886_740429285399503_1947269992589194674_n.jpg			Dũng	L		
05/08/25 - 08:32	FP - Beatvn	Nguyễn Hoàng Long		525712094_1264762762109981_9041192785954659315_n.png			Dũng			
05/08/25 - 08:32	FP - Beatvn	Tung Doan	3 anrh nhir				Dũng			
05/08/25 - 08:32	FP - Beatvn	Nguyễn Hoàng Long	vâng				Dũng			
05/08/25 - 08:32	FP - Beatvn	Tung Doan	👍				Dũng			
05/08/25 - 08:32	FP - Beatvn	Tung Doan	Vut				Dũng			
05/08/25 - 08:32	FP - Beatvn	Nhat Anh Vu	ĐIỆN BIÊN: PHÁT HIỆN QUẢ BOM 350KG CÒN NGUYÊN KÍP NỔ TRONG QUÁ TRÌNH KHẮC PHỤC MƯA LŨ				Dũng	L		
05/08/25 - 08:32	FP - Beatvn	Nhat Anh Vu	Cụ thể, vào sáng 4-8, khi đang giúp dân khắc phục hậu quả mưa lũ tại khu vực cầu Pá Vạt, cán bộ, chiến sĩ Trung đoàn 82 đã phát hiện một vật thể lạ hình quả bom. Ngay lập tức, đơn vị đã cử người canh gác và phong tỏa khu vực, không cho người dân lại gần để đảm bảo an toàn tuyệt đối.  Bộ CHQS tỉnh Điện Biên đã cử lực lượng Công binh kết hợp với 20 cán bộ, chiến sĩ di dời thành công khỏi khu vực dân cư, đưa đến nơi an toàn để chờ xử lý theo quy định.  Qua xác minh, lực lượng Công binh, Bộ CHQS tỉnh Điện Biên cho biết, đây là loại bom mã hiệu MK117, nặng khoảng 350kg do Mỹ sản xuất. Quả bom còn nguyên ngòi nổ, có nguy cơ mất an toàn khi va đập. Sau khi xác định chủng loại, Bộ CHQS tỉnh đã tiến hành vận chuyển về phân kho 65, Kho K79 để chờ hủy nổ.  Theo: Báo Quân đội Nhân dân				Dũng			
05/08/25 - 08:32	FP - Beatvn	Vu		525160277_1243273344215209_5553207367652651087_n.jpg			Dũng			
05/08/25 - 08:32	FP - Beatvn	Nhat Anh Vu		526384571_24238161959136063_5116839884044403911_n.jpg			Dũng			
05/08/25 - 08:32	FP - Beatvn	Tung Doan	Tại gì đó br				Dũng			
05/08/25 - 08:32	FP - Beatvn	Tung Doan	Chữ cuối				Dũng			
05/08/25 - 08:32	FP - Beatvn	Vu	E dừnng đèn đỉ chưa kịp sửa=)))				Dũng			
05/08/25 - 08:32	FP - Beatvn	Nhat Anh Vu	E sua rui				Dũng			
05/08/25 - 08:32	FP - Beatvn	Tung Doan	Cứ bình tĩnh đến vp thao tác bro				Dũng			
05/08/25 - 08:32	FP - Beatvn	Lê Thị Thùy Dương	BỎ RA 5 TRIỆU ĐỂ MUA CÔNG THỨC LÀM BÁNH, CÔ GÁI NHẬN VỀ 2 TRANG NOTE VÀ LỜI NHẮN “KHÔNG MUỐN EM LÀM GIỐNG CHỊ”    Thông thường việc mua lớp học online làm bánh dù vài trăm hay tới vài triệu, các cô/ thầy vẫn sẽ up công thức và bao gồm cả video hướng dẫn (qua loa hay chi tiết cũng có), điều ấy sẽ khiến học viên yên tâm hơn.   Nhưng một cô gái sau khi ăn thử loại bánh bò rất ngon của một tiệm đã lân la hỏi mua công thức học và bàng hoàng khi nhận về 2 trang note với giá 5 triệu đồng.  Cụ thể, người “cô” này chỉ cho công thức bánh to trong khi cô gái lại muốn công thức bánh nhỏ - loại mà ăn rất ngon khiến bản thân chịu xì ra 5 củ để mua lớp học.  Ngoài ra, khi nhận về công thức, cô gái làm theo thì bánh khác hoàn toàn so với bánh mình ăn của tiệm. Quá uất ức với số tiền bỏ ra, cô mắng mỏ lại “cô giáo” thì nhận được câu trả lời rằng “chị không muốn em làm giống chị”    Việc giấu nghề trong buôn bán không phải không có, nhưng với mức giá này cho một loại bánh “giấu nghề” thì đây được xem là quá đắt và quá đau.   Hiện sự việc vẫn đang chưa tới hồi ngã ngũ vì cô gái quá tức giận đã đăng free công thức mà mình mua 5 triệu lên mạng, còn “cô giáo” thì cũng phản pháo lại nhưng không nhận được ủng hộ nên xoá bài    Thông tin từ: Trang Thu #Beatvn	528688177_1669327907114095_7021657049292503614_n.jpg 524152621_684320794655073_647191147701425609_n.jpg 527600187_2695533123976507_4402082144995889074_n.jpg 524440952_735916779332520_811861808468777832_n.jpg			Dũng	L		
05/08/25 - 08:32	FP - Beatvn	Nguyễn Hoàng Long	Khi thế hệ cợt nhả bom hàng    Ảnh: ngoccom21  #beatvn				Dũng	L		
05/08/25 - 08:32	FP - Beatvn	Nguyễn Việt Long		527037046_1985872265487147_5084046055440425046_n.jpg 525489912_1448151632980771_5957306195295567548_n.jpg			Dũng	L		
05/08/25 - 08:32	FP - Beatvn	Lê Thị Thùy Dương		528166951_2513837645660262_649854836576640899_n.jpg			Dũng			
05/08/25 - 08:32	FP - Beatvn	Tung Doan	Chờ Dũng nhé				Dũng			
05/08/25 - 08:32	FP - Beatvn	Tung Doan	Chờ Dũng nhé				Dũng			
05/08/25 - 08:32	FP - Beatvn	Tung Doan	@Tuấn Dũng				Dũng			
05/08/25 - 09:56	FP - Beatvn	Đoàn Việt (2000đ)	"HẢI PHÒNG: THẤY VỢ KHÓC MẤY ĐÊM LIỀN VÌ BỘ ẢNH CƯỚI 2000 BỨC ""KHÔNG ĐƯỢC BỨC NÀO TỬ TẾ"", ĐÔI VỢ CHỒNG QUYẾT ĐỊNH TỔ CHỨC LẠI ĐÁM CƯỚI"	527716450_2005430570262694_229955848256036267_n.png 528236340_1939536420156169_3672802539763186891_n.png			Dũng	L		
05/08/25 - 09:56	FP - Beatvn	Đoàn Quốc Việt	@Nhat Anh Vu ĐĂNG LUÔN CHO NHANH				Dũng			
05/08/25 - 09:56	FP - Beatvn	Nguyễn Thị Ngọc Huyền	HỖ TRỢ TÌM CON TRAI    Em Đặng Minh Lâm 15t, con bố Phương và mẹ Ánh ở xóm 3, xã Hải Ninh - Hải Hậu - Nam Định, bỏ nhà đi từ khoảng 1h đêm qua, khi đi em ấy mang theo vali quần áo nhưng ko mang điện thoại, em ấy đi qua khu vực Xuân Tiến - Xuân Trường và có bắt xe lên Hà Nội.   Mong mọi người chia sẻ hoặc các nhà xe check cam giúp để có thông tin về em ấy.  Mọi người có thông tin xin liên hệ chị gái: 0377164799 Gia đình xin cảm ơn và mong cộng động mạng giúp đỡ…  #beatvn	527088229_628559619840250_4463778143391979730_n.jpg 521882175_1114628007192545_5121574821610295406_n.jpg 526812760_2079085702836600_3245002929663630695_n.jpg			Dũng	L		
05/08/25 - 09:56	FP - Beatvn	Nguyễn Thị Ngọc Huyền	@Tuấn Dũng @Tung Doan				Dũng			
05/08/25 - 09:56	FP - Beatvn	Nhat Anh Vu	[Message Retracted]				Dũng			
05/08/25 - 09:56	FP - Beatvn	Nhat Anh Vu	Tháp Bánh Ít nằm trên đồi cao thuộc xã Tuy Phước Bắc, mang kiến trúc Champa, được xây dựng vào cuối thế kỷ XI đến đầu thế kỷ XII. Tên gọi bắt nguồn từ hình dáng giống chiếc bánh ít lá gai - đặc sản địa phương.  Quần thể gồm bốn tháp: tháp Chính (Kalan), tháp Cổng (Gopura), tháp Lửa (Kosagrha), tháp Bia (Posah). Đây là cụm tháp có số lượng nhiều nhất trong 8 cụm tháp Chăm còn lại ở tỉnh Bình Định cũ, từng là trung tâm tôn giáo lớn của vương quốc Vijaya xưa.  Tuy nhiên, nhiều bức tường trong các tháp xuất hiện chữ viết bằng phấn, bút, thậm chí khắc sâu vào gạch cổ, một số dòng còn ghi rõ tên, ngày tháng. Bên trong tháp Chính - nơi thờ thần Shiva, các vết vẽ nguệch ngoạc dày đặc trên tường.  Hai tháp Lửa và Bia, cao khoảng 10 m, hiện bị hàng nghìn con dơi chiếm làm nơi trú ngụ. Dơi bám đặc trên tường, phóng uế khắp nền, gây mùi hôi nồng, khiến nhiều du khách e ngại không dám vào tham quan.  Theo: VnExpress	528091770_661459179546104_1266015598924662070_n.png 524691378_1446642296537398_1924153107406340910_n.png 526470281_772333845308025_3590776558656055511_n.png 524280796_1798754507684065_7001014806807844485_n.png			Dũng	L		
05/08/25 - 09:56	FP - Beatvn	Nhat Anh Vu		525719418_1432993754659914_8092060350423456137_n.png 526483800_1283321356511106_1361850001912404122_n.png 526366202_1120850069931697_6873224809027298004_n.png 526680447_638205585451245_3426272539522674911_n.png			Dũng			
05/08/25 - 09:56	FP - Beatvn	Nguyễn Hoàng Long	Athens ngoài đời thật giống Hà Nội hơn tôi tưởng    Ảnh: Quach Manh Hao   #beatvn #hanoi				Dũng	L		
05/08/25 - 09:56	FP - Beatvn	Tung Doan	@Tuấn Dũng cái này cần che chắn gì ko				Dũng			
05/08/25 - 09:56	FP - Beatvn	Nguyễn Việt Long	[Message Retracted]	522652543_753847267289980_3514499841121694618_n.png			Dũng			
05/08/25 - 09:56	FP - Beatvn	Đoàn Việt (2000đ)	ơ k				Dũng			
05/08/25 - 09:56	FP - Beatvn	Đoàn Quốc Việt	chơi đúng cái title a gửi				Dũng			
05/08/25 - 09:56	FP - Beatvn	Nhat Anh Vu	"DI TÍCH QUỐC GIA ""THÁP CHĂM"" HƠN 1.000 NĂM TUỔI BỊ CÁC BẠN TRƯỜNG,HƯƠNG, CÔNG VÀ ĐÀN DƠI PHÁ HOẠI."				Dũng			
05/08/25 - 09:56	FP - Beatvn	Tuấn Dũng	👍				Dũng			
05/08/25 - 09:56	FP - Beatvn	Tung Doan	lô @Tuấn Dũng				Dũng			
05/08/25 - 09:56	FP - Beatvn	Tuấn Dũng	Ko cần che gì đâu ae				Dũng	L		
05/08/25 - 09:56	FP - Beatvn	Nguyễn Việt Long	Khi thế hệ cợt nhả bom hàng    Ảnh: ngoccom21  #beatvn				Dũng			
05/08/25 - 09:56	FP - Beatvn	Nguyễn Hoàng Long	@Tung Doan	525737732_2178085162615886_6104480597047390743_n.jpg 525849100_755334513878885_9127254620865894210_n.jpg			Dũng			
05/08/25 - 09:56	FP - Beatvn	Nguyễn Việt Long	Đây là một bức ảnh mình chụp tại Athens, Hy Lạp. Ai mà ngờ, giữa lòng thành phố xa lạ ấy, lại có một góc phố khiến mình liên tưởng đến Hà Nội thân quen    Ảnh: Quach Manh Hao   #beatvn #hanoi				Dũng			
05/08/25 - 09:56	FP - Beatvn	Tung Doan	Đây là một bức ảnh được chụp giữa lòng thành phố Athens - thủ đô Hy Lạp ở tận trời Âu.   Nhìn mà cứ ngỡ đang ở một góc phố của Hà Nội thân quen      Ảnh: Quach Manh Hao   #beatvn #hanoi				Dũng			
05/08/25 - 09:56	FP - Beatvn	Nguyễn Hoàng Long	Đây là một bức ảnh được chụp giữa lòng thành phố Athens - thủ đô Hy Lạp ở tận trời Âu.   Nhìn mà cứ ngỡ đang ở một góc phố của Hà Nội thân quen      Ảnh: Quach Manh Hao   #beatvn #hanoi	525226928_1119597630269550_1243365531569661632_n.png			Dũng	L		
05/08/25 - 09:56	FP - Beatvn	Nhat Anh Vu	TẬN CÙNG CỦA VÔ NHÂN TÍNH   4 NGƯỜI MUA LẠI HEO NHIỄM DỊCH TẢ CHÂU PHI VỀ CHẾ BIẾN RỒI BÁN RA THỊ TRƯỜNG KIẾM LỜI				Dũng			
05/08/25 - 09:56	FP - Beatvn	Nhat Anh Vu	Ngày 5.8, Cơ quan Cảnh sát điều tra Công an tỉnh Thanh Hóa vừa quyết định tạm giữ hình sự 4 nghi phạm: Lê Mạnh Đáng (35 tuổi), Mai Văn Hùng (36 tuổi, đều ngụ xã Thọ Bình, Thanh Hóa), Ngô Thị Lan (44 tuổi, ngụ xã Lam Sơn, Thanh Hóa), và Lê Hữu Tuân (38 tuổi, ngụ xã Kiên Thọ, Thanh Hóa), để điều tra về hành vi buôn bán heo bị nhiễm bệnh dịch tả heo châu Phi.  Trước đó, ngày 30.7, lực lượng của Phòng Cảnh sát kinh tế Công an tỉnh Thanh Hóa và Chi cục Quản lý thị trường Thanh Hóa tiến hành kiểm tra các cơ sở kinh doanh, buôn bán thịt heo của các nghi phạm trên, đã phát hiện tổng khối lượng 1.609 kg thịt heo (khi kiểm tra cơ sở kinh doanh của các nghi phạm) đều không có giấy tờ chứng minh nguồn gốc xuất xứ, nghi vấn thịt heo bị nhiễm bệnh.  Kết quả mẫu xét nghiệm thịt heo thu giữ được từ các cơ sở trên, xác định toàn bộ số thịt heo đều dương tính với bệnh dịch tả heo châu Phi. Khai nhận với lực lượng chức năng, các nghi phạm thừa nhận từ tháng 4 đã câu kết với nhau, dưới sự điều hành của Lê Mạnh Đáng, đã thu mua heo ốm yếu trên địa bàn đưa về giết mổ bán ra thị trường để kiếm lời.  Heo sau khi thu mua về thường được các nghi phạm chia nhỏ đưa về nhà riêng và giết mổ trong khoảng thời gian từ 0 giờ 30 đến 3 giờ mỗi ngày để tránh sự kiểm tra của lực lượng chức năng.   Vụ án đang được Phòng Cảnh sát Kinh tế Công an tỉnh Thanh Hóa mở rộng điều tra.  Theo: Báo Thanh Niên	524376699_652951523821255_6696200772078229662_n.png			Dũng	L		
05/08/25 - 09:56	FP - Beatvn	Nhat Anh Vu		524696028_1531351391570066_5747507833213363361_n.png 527207390_1142734477722204_8397612713476815832_n.png			Dũng			
05/08/25 - 09:56	FP - Beatvn	Tung Doan	@Tuấn Dũng này có sao ko	526893204_1087427232964650_2188692005076454688_n.png			Dũng			
05/08/25 - 09:56	FP - Beatvn	Tuấn Dũng	Đây e đang xem				Dũng			
05/08/25 - 09:56	FP - Beatvn	Lê Thị Thùy Dương	GIA ĐÌNH CỨ SƠ HỞ LÀ CỖ    Ngày mới lấy chồng shock văn hoá vì nhà cứ sơ hở là ăn cỗ: Cỗ sinh nhật, cỗ mùng 2-9, kỉ niệm các ngày lễ dân tộc.... Cuối tuần thay vì nghỉ ngơi, cả nhà sẽ nấu nướng và với người vụng như mình thì chắc chắn được xếp slot rửa bát. Xưa mấy chị em đứng rửa 3 mâm cũng choáng lắm, giờ có máy rồi vẫn choáng vì không hiểu sao các ông bà có thể đam mê nấu và ăn như vậy .  Bữa trưa cháo lòng chưa kịp tiêu hoá hết mà bữa chiều đã đầy đủ bún bò nam bộ, nem chua rán, phồng tôm xúc thịt... ăn lú cả người rồi    Credit: Huyền Xian #Beatvn	525554810_701511119516189_4592471801882058433_n.jpg 518858990_1278902693589130_7638650752971919637_n.jpg 520930648_1480253479649981_1009963709556714758_n.jpg 526447302_1309978284079056_3853891412311617603_n.jpg 517935418_737667682572627_2794597377825452339_n.jpg 524620929_760207350038669_90905777266761696_n.jpg 527989930_1340805354588081_8426456534019900959_n.jpg		https://www.facebook.com/share/1ZQkLx4r7f/?mibextid=wwXIfr	Dũng	L		
05/08/25 - 09:56	FP - Beatvn	Lê Thị Thùy Dương		442399162_10226517630151887_4591072237442190310_n.jpg 528311955_10231527697480439_2450116882277843206_n.jpg			Dũng			
05/08/25 - 09:56	FP - Beatvn	Nguyễn Tuấn Thịnh	GẶP MAY VÀO ĐÚNG NGÀY LĨNH LƯƠNG    Có những sự sắp đặt trùng hợp đến khó tin và hôm nay, đúng ngày lĩnh lương hàng tháng thì vũ trụ đã  cho ông anh shipper đi Wave 110 cạch cái nhẹ với Mercedes Maybach GLS480.  Đôi bên ôn hòa, giải quyết tình cảm. Mẹc dự kiến sẽ sửa xe cho Wave và ngược lại     #beatvn #News	525855002_1056799686210391_3240229461666315808_n.png			Dũng	L		
05/08/25 - 09:56	FP - Beatvn	Tuấn Dũng	TẬN CÙNG CỦA VÔ NHÂN TÍNH --> nhẹ nhàng hơn chút e nhé				Dũng	L		
05/08/25 - 09:56	FP - Beatvn	Nguyễn Việt Long	@Tuấn Dũng anh ơi lên cho em bài này với ạ				Dũng			
05/08/25 - 09:56	FP - Beatvn	Tuấn Dũng	e ko báo giờ thì a auto lên luôn nha				Dũng			
05/08/25 - 12:17	FP - Beatvn	Tung Doan	okk a	525624336_761756123207178_1478475072075168369_n.jpg 525240185_1732706010722549_3163984572101315642_n.jpg 524726353_783239907365416_3652034603032255957_n.jpg 525625705_1052434943721314_7691098563524745868_n.jpg 525614055_1264451845473606_6319918890106423738_n.jpg 527760802_1807969663403354_232722108073845047_n.jpg 524932603_1899976050735264_7184828027104590649_n.jpg 525981548_1947832179314087_3882979129488292388_n.jpg			Dũng			
05/08/25 - 12:17	FP - Beatvn	Nguyễn Tuấn Thịnh		525386568_762610369588354_6265964520111776343_n.png			Dũng			
05/08/25 - 12:17	FP - Beatvn	Tung Doan	thêm kiểu xuất hiện bút chì Việt Nam gì đó				Dũng			
05/08/25 - 12:17	FP - Beatvn	Nguyễn Tuấn Thịnh	với bài này lên kiểu bài thường đừng băm nền text với ảnh e ạ	528317826_1891289975060715_6172350814795191656_n.png			Dũng			
05/08/25 - 12:17	FP - Beatvn	Tung Doan	để giữ cái vibe nội dung sâu của Beat				Dũng			
05/08/25 - 12:17	FP - Beatvn	Nguyễn Tuấn Thịnh	thế e lên bài kiểu bth nha				Dũng			
05/08/25 - 12:17	FP - Beatvn	Nguyễn Tuấn Thịnh	xong thêm thông tin				Dũng			
05/08/25 - 12:17	FP - Beatvn	Tung Doan	viết oách oách tí				Dũng			
05/08/25 - 12:17	FP - Beatvn	Nguyễn Tuấn Thịnh	oke a ơi				Dũng			
05/08/25 - 12:17	FP - Beatvn	Tung Doan	oke em				Dũng			
05/08/25 - 12:17	FP - Beatvn	Nguyễn Tuấn Thịnh	XUẤT HIỆN THÔNG TIN BÚT CHÌ CŨNG SẼ THAM GIA LỄ DIỄU BINH, DIỄU HÀNH A80 !!!  Mới đây đã xuất hiện hình ảnh hệ thống tên lửa đạn đạo Scud-B trong buổi tổng hợp luyện diễu binh, diễu hành Lễ kỷ niệm 80 năm Cách mạng Tháng Tám thành công và Quốc khánh nước Cộng hòa xã hội chủ nghĩa Việt Nam.  Đây đang là tổ hợp tên lửa đạn đạo mạnh nhất Đông Nam Á, tầm bắn 600km với nhiệm vụ tiên quyết dùng để bảo vệ hòa bình, biên cương, bờ cõi của Quốc gia    Nguồn ảnh: Nguyễn Tuấn Huy - Báo Quân đội Nhân dân #beatvn #News	526185225_735457435769954_1955043708549690581_n.png			Dũng			
05/08/25 - 12:17	FP - Beatvn	Nguyễn Tuấn Thịnh	báo ko lên ảnh này	522394205_1296639378661533_7665087098504422886_n.jpg 496090637_1247118400120051_6966722401792475062_n.jpg			Dũng			
05/08/25 - 12:17	FP - Beatvn	Nguyễn Tuấn Thịnh	link thông tin về mạnh nhất đông nam á				Dũng			
05/08/25 - 12:17	FP - Beatvn	Nguyễn Hoàng Long	nãy đọc bình luận bảo quả này từ 1960 rồi, bắn sang tàu nó đánh chặn phút mốt				Dũng			
05/08/25 - 12:17	FP - Beatvn	Tung Doan	Có cùng 1 buổi với khí tài ở trên ko e				Dũng			
05/08/25 - 12:17	FP - Beatvn	Nguyễn Tuấn Thịnh	cùng a ạh				Dũng			
05/08/25 - 12:17	FP - Beatvn	Nguyễn Tuấn Thịnh	caption đã				Dũng			
05/08/25 - 12:17	FP - Beatvn	Tung Doan	Thế cho thêm mấy cái kia vào ra sau				Dũng			
05/08/25 - 12:17	FP - Beatvn	Nguyễn Tuấn Thịnh	báo nó ko cho ảnh				Dũng			
05/08/25 - 12:17	FP - Beatvn	Tung Doan	Rồi kiểu các khi tài vip khác cũng xuất hiện và đáng chú  ý là có bút chì gì đó				Dũng			
05/08/25 - 12:17	FP - Beatvn	Nguyễn Tuấn Thịnh	nên e cũng sợ nên chỉ để mỗi cái này thui a ạh				Dũng			
05/08/25 - 12:17	FP - Beatvn	Nguyễn Tuấn Thịnh	báo k để hình con này nên e k dám cho vào. nhỡ mình nhầm mệt luôn				Dũng			
05/08/25 - 12:17	FP - Beatvn	Nguyễn Tuấn Thịnh	vâng ạh				Dũng			
05/08/25 - 12:17	FP - Beatvn	Nguyễn Tuấn Thịnh	"XUẤT HIỆN THÔNG TIN BÚT CHÌ CŨNG SẼ THAM GIA LỄ DIỄU BINH, DIỄU HÀNH A80 !!!  Mới đây đã xuất hiện hình ảnh hệ thống tên lửa đạn đạo trong buổi tổng hợp luyện diễu binh, diễu hành Lễ kỷ niệm 80 năm Cách mạng Tháng Tám thành công và Quốc khánh nước Cộng hòa xã hội chủ nghĩa Việt Nam.  Đây là những chiếc ""bút chì"" mang trong mình nhiệm vụ bảo vệ hòa bình, chủ quyền, biên cương, bờ cõi của Quốc gia    Nguồn ảnh: Nguyễn Tuấn Huy - Báo Quân đội Nhân dân #beatvn #News"				Dũng			
05/08/25 - 12:17	FP - Beatvn	Nguyễn Tuấn Thịnh	e gửi lại cap nha				Dũng			
05/08/25 - 12:17	FP - Beatvn	Tung Doan	Cho a link gốc tuấn huy vs				Dũng			
05/08/25 - 12:17	FP - Beatvn	Nguyễn Tuấn Thịnh	có mỗi ảnh với watermark của ô ý thôi ạ				Dũng			
05/08/25 - 12:17	FP - Beatvn	Tung Doan	Ừa tại có phần thông tin bút chì tham gia diễu binh gì đó thì chắc nên có chút confirm hoặc thông tin ban đầu từ đâu đó để bám vào				Dũng			
05/08/25 - 12:17	FP - Beatvn	Nguyễn Tuấn Thịnh	thế e cứ để đó nha				Dũng			
05/08/25 - 12:17	FP - Beatvn	Nguyễn Tuấn Thịnh	lên sau ạh				Dũng			
05/08/25 - 12:17	FP - Beatvn	Tung Doan	Hoặc lên theo kiểu xuất hiện hình ảnh bút chì gì đó... kèm thông tin về nó chứ ko nói gì về vụ diễu binh cũng dc				Dũng			
05/08/25 - 12:17	FP - Beatvn	Nguyễn Tuấn Thịnh	vâng a oi				Dũng			
05/08/25 - 12:17	FP - Beatvn	Tung Doan	Ko kịp thì để chiều nghiên cứu tiếp làm 1 bài cho hay vs chuẩn				Dũng			
05/08/25 - 12:17	FP - Beatvn	Nguyễn Tuấn Thịnh	Đỡ gấp gáp	525617421_729285833072364_8369636027293817743_n.png			Dũng			
05/08/25 - 12:17	FP - Beatvn	Nguyễn Tuấn Thịnh	XUẤT HIỆN HÌNH ẢNH BÚT CHÌ ĐẠN ĐẠO CỦA QUÂN ĐỘI NHÂN DÂN VIỆT NAM     Nguồn ảnh: Nguyễn Tuấn Huy - Báo Quân đội Nhân dân  #beatvn #News				Dũng			
05/08/25 - 12:17	FP - Beatvn	Nguyễn Tuấn Thịnh	sau update tiếp sau	525886716_1418955096051437_8631923934531709147_n.png			Dũng			
05/08/25 - 12:17	FP - Beatvn	Nguyễn Tuấn Thịnh	[Message Retracted]				Dũng			
05/08/25 - 12:17	FP - Beatvn	Nguyễn Tuấn Thịnh	vậy h chơi cap này đc k :))	525562435_1803355523943015_8285916790207784204_n.png 526211598_24546201081683744_2091696474179868001_n.png 526675588_1405597377409054_275827251521055301_n.png 525886716_1418955096051437_8631923934531709147_n.png 527309304_724573347079815_3735095615993016995_n.png 524930882_757899286598326_2688078858315683798_n.png 526170321_24530034799955561_295447536717940472_n.png 526182653_755944800253989_4136083765591406458_n.png			Dũng			
05/08/25 - 12:17	FP - Beatvn	Nguyễn Tuấn Thịnh	2 bài nha				Dũng			
05/08/25 - 13:35	FP - Beatvn	Nguyễn Tuấn Thịnh	@Tung Doan a ơi				Dũng			
05/08/25 - 13:35	FP - Beatvn	Tung Doan	Lô				Dũng			
05/08/25 - 13:35	FP - Beatvn	Nguyễn Tuấn Thịnh	có ảnh chụp của bên đài hà nội về con bút chì r	525886716_1418955096051437_8631923934531709147_n.png			Dũng			
05/08/25 - 13:35	FP - Beatvn	Tung Doan	V phang thôi e				Dũng			
05/08/25 - 13:35	FP - Beatvn	Đoàn Quốc Việt	điểm ai điểm ai				Dũng			
05/08/25 - 13:35	FP - Beatvn	Nguyễn Tuấn Thịnh	"XUẤT HIỆN HÌNH ẢNH BÚT CHÌ ĐẠN ĐẠO THAM GIA LỄ DIỄU BINH, DIỄU HÀNH A80    Mới đây đã xuất hiện hình ảnh hệ thống tên lửa đạn đạo trong buổi tổng hợp luyện diễu binh, diễu hành Lễ kỷ niệm 80 năm Cách mạng Tháng Tám thành công và Quốc khánh nước Cộng hòa xã hội chủ nghĩa Việt Nam.  Đây là những chiếc ""bút chì"" mang trong mình nhiệm vụ bảo vệ hòa bình, chủ quyền, biên cương, bờ cõi của Quốc gia    Nguồn ảnh: Nguyễn Tuấn Huy - Báo Quân đội Nhân dân  #beatvn #News"	526185225_735457435769954_1955043708549690581_n.png			Dũng			
05/08/25 - 13:35	FP - Beatvn	Nguyễn Tuấn Thịnh	e lên kiểu này đc k ạ				Dũng			
05/08/25 - 13:35	FP - Beatvn	Đoàn Quốc Việt	thêm dần giai điệu tự hào vào đi ae =))				Dũng			
05/08/25 - 13:35	FP - Beatvn	Nguyễn Tuấn Thịnh	#tiepluatuhao				Dũng			
05/08/25 - 13:35	FP - Beatvn	Phạm Hồ Linh Phương	#giaidieutuhao #vtv				Dũng			
05/08/25 - 13:35	FP - Beatvn	Tuấn Dũng	XUẤT HIỆN HÌNH ẢNH BÚT CHÌ ĐẠN ĐẠO THAM GIA LỄ DIỄU BINH, DIỄU HÀNH A80    này e nghĩ thêm tập luyện vào a ạ				Dũng			
05/08/25 - 13:35	FP - Beatvn	Tung Doan	Lên 1 ảnh này sợ hơi tiu vì có mấy page lên mất r				Dũng			
05/08/25 - 13:35	FP - Beatvn	Tung Doan	Ae xem có múa thêm dc tí ko	527068278_1275737984178666_8357072571285413712_n.jpg			Dũng			
05/08/25 - 13:35	FP - Beatvn	Nguyễn Tuấn Thịnh	e lại mới lên 1 bài tổng hợp khí tài trc rùi ạh				Dũng			
05/08/25 - 13:35	FP - Beatvn	Nguyễn Tuấn Thịnh	để e kiếm thông tin con này update thêm vào cho nó rực rỡ nha				Dũng			
05/08/25 - 13:35	FP - Beatvn	Tung Doan	Sợ bọn này nó mút mất hết traffic nếu ko khác lắm	527236383_1070083531900351_2838497731854591828_n.jpg			Dũng			
05/08/25 - 13:35	FP - Beatvn	Nguyễn Tuấn Thịnh	cm bọn này quá md				Dũng			
05/08/25 - 13:35	FP - Beatvn	Nguyễn Tuấn Thịnh	có ngày lên đồn	525634635_1285654246680121_2693678287708296093_n.png			Dũng	L		
05/08/25 - 13:35	FP - Beatvn	Nguyễn Tuấn Thịnh	XUẤT HIỆN HÌNH ẢNH BÚT CHÌ ĐẠN ĐẠO THAM GIA LỄ DIỄU BINH, DIỄU HÀNH A80    Mới đây đã xuất hiện hình ảnh hệ thống tên lửa đạn đạo Scud-B trong buổi tổng hợp luyện diễu binh, diễu hành Lễ kỷ niệm 80 năm Cách mạng Tháng Tám thành công và Quốc khánh nước Cộng hòa xã hội chủ nghĩa Việt Nam.  Đây đang là tổ hợp tên lửa đạn đạo mạnh nhất Đông Nam Á, tầm bắn 600km với nhiệm vụ tiên quyết dùng để bảo vệ hòa bình, lãnh thổ, biên cương, bờ cõi của Quốc gia    Nguồn ảnh: Nguyễn Tuấn Huy - Báo Quân đội Nhân dân  #beatvn #News #tiepluatuhao	525967898_745031884927770_127624328138552199_n.png		https://www.anninhthudo.vn/viet-nam-so-huu-ten-lua-dan-dao-manh-nhat-dong-nam-a-post598967.antd	Dũng	L		
05/08/25 - 13:35	FP - Beatvn	Nguyễn Tuấn Thịnh				https://1thegioi.vn/tim-hieu-ten-lua-dan-dao-scud-b-xuat-hien-trong-dai-le-2-9-235578.html	Dũng			
05/08/25 - 13:35	FP - Beatvn	Tung Doan	Có thêm ảnh ko e				Dũng			
05/08/25 - 13:35	FP - Beatvn	Nguyễn Tuấn Thịnh	chơi bạch thủ 1 con thôi ạ				Dũng	L		
05/08/25 - 13:35	FP - Beatvn	Nguyễn Tuấn Thịnh	a tin e				Dũng			
05/08/25 - 13:35	FP - Beatvn	Nguyễn Tuấn Thịnh	👍	525728712_1469270607437368_3994050446102566848_n.jpg			Dũng			
05/08/25 - 13:35	FP - Beatvn	Tung Doan	Vụt				Dũng			
05/08/25 - 13:35	FP - Beatvn	Tung Doan	A vừa sửa				Dũng			
05/08/25 - 13:35	FP - Beatvn	Nhat Anh Vu	SIÊU DỖI: CAMPUCHIA RÚT TỪ 1.515 VĐV THAM GIA TRANH TÀI XUỐNG CHỈ CÒN 57 NGƯỜI SANG THÁI LAN THAM DỰ  SEA GAMES 33				Dũng	L		
05/08/25 - 13:35	FP - Beatvn	Nhat Anh Vu	TPO - Ủy ban Olympic Thái Lan đã tổ chức một cuộc họp thông báo số lượng các VĐV tham dự SEA Games 33. Đáng chú ý khi đoàn Campuchia rút gần hết số VĐV của mình.  Cuộc họp đã tóm tắt thông tin về công tác chuẩn bị cho SEA Games 33. Sự kiện này sẽ gồm 50 môn thể thao và 574 nội dung thi đấu. Đoàn chủ nhà cử lực lượng hùng hậu nhất, với 2.134 người tranh tài. Họ tham dự tất cả các môn thể thao, với số lượng có thể nói là nhiều nhất từ trước tới nay.  Malaysia tạm thời là đoàn xếp nhì về số lượng VĐV. Họ đăng ký 1.824 người, Singapore là 1.973 và Việt Nam là 863. Các nước bao gồm Indonesia, Philippines, Brunei và Timor-Leste chưa thể chốt danh sách nên xin gia hạn thêm 2 tuần.  Tại cuộc họp hôm 4/8, ông Thana Chaiprasit, Tổng Thư ký Ủy ban Olympic Quốc gia Thái Lan, đã đưa ra một thông tin gây sốc về đoàn thể thao Campuchia. Trước đó, Campuchia xác nhận sẽ cử 1.515 VĐV tham gia tranh tài. Nhưng với những diễn biến mới nhất, quốc gia này giảm số lượng xuống chỉ còn 57 người.  Như vậy, Campuchia quyết định hủy bỏ cơ hội dự SEA Games 33 của… 96% số lượng VĐV. Con số khổng lồ này mang tới một bất ngờ rất lớn. Không loại trừ với 57 VĐV còn lại, nhiều khả năng Campuchia sẽ không tham dự bóng đá nam hoặc bóng đá nữ khiến cách bố trí các bảng và thể thức thi đấu bị ảnh hưởng.  Theo: Báo Tiền Phong	524695210_1439605930523275_1840740267561756424_n.png			Dũng	L		
05/08/25 - 13:35	FP - Beatvn	Tung Doan	Sáng h  sai chính tả 2 phát liên tục 2 bài quan trọng rồi @Tuấn Dũng				Dũng			
05/08/25 - 13:35	FP - Beatvn	Nhat Anh Vu	Ae xem lại quy trình duyệt	524715982_1842461156692454_2817927256741687370_n.png 524734291_1483958496068234_3882098253352189217_n.png			Dũng			
05/08/25 - 13:35	FP - Beatvn	Tung Doan	Bên kiểm duyệt ko dùng gpt check ah				Dũng			
05/08/25 - 13:35	FP - Beatvn	Tuấn Dũng	cái đó duyệt đúng r mà a =))				Dũng			
05/08/25 - 13:35	FP - Beatvn	Tuấn Dũng	chắc lúc lên lại thành sai				Dũng			
05/08/25 - 13:35	FP - Beatvn	Tung Doan	@Nguyễn Tuấn Thịnh  sao lên lại bị sai đó				Dũng			
05/08/25 - 13:35	FP - Beatvn	Tung Doan	Cái này nữa				Dũng			
05/08/25 - 13:35	FP - Beatvn	Tung Doan	Ngắn vc				Dũng			
05/08/25 - 13:35	FP - Beatvn	Nguyễn Tuấn Thịnh	Lỗi e ạh. Nhiều tab quá nên gõ chữ giật lung tung ạh				Dũng			
05/08/25 - 13:35	FP - Beatvn	Đoàn Quốc Việt	cho kiểm duyệt 12 điểm để có áp lực làm việc				Dũng			
05/08/25 - 13:35	FP - Beatvn	Tung Doan	Mấy dòng này xác định duyệt kỹ đi ae	528319346_771715398564627_6346863047552148209_n.jpg			Dũng			
05/08/25 - 13:35	FP - Beatvn	Tung Doan	Sai chính tả trong mấy bài này ko khác gì tội chém đầu ngày xưa đấy				Dũng			
05/08/25 - 13:35	FP - Beatvn	Nguyễn Tuấn Thịnh	e xin lỗi nha. để e làm việc từ từ lại ạh	525956563_627762480367985_6780735644773494662_n.png 525795241_1791433098438222_4540299671499807033_n.png			Dũng			
05/08/25 - 13:35	FP - Beatvn	Nguyễn Tuấn Thịnh	120K NGƯỜI XEM 2 THANH NIÊN THUA KÈO BI-A, GỌT ĐẦU LUÔN TẠI QUÁN    Một kỷ lục người xem mới đây đã được ghi nhận trong giới Bi-a Việt Nam khi 2 cơ thủ hạng C, D là Ngọc Xăm cùng Hà Thành xuống tóc ngay sau khi thua kèo =))))  #beatvn #News				Dũng	L		
05/08/25 - 13:35	FP - Beatvn	Tung Doan	thế chắc bỏ tin tậm gym nhé				Dũng			
05/08/25 - 13:35	FP - Beatvn	Tung Doan	tí lên hơi chậm quá				Dũng			
05/08/25 - 13:35	FP - Beatvn	Nguyễn Tuấn Thịnh	vâng ạ. bài đó các bên chạy kiểu giật tilte khó chơi lại qué				Dũng			
05/08/25 - 14:44	FP - Beatvn	Nguyễn Tuấn Thịnh	MỘT CA ĐIỀU TRỊ CONG VẸO CỘT SỐNG THÀNH CÔNG???   Không!  Đây là hình xăm của một Tattoo Artist tại Berlin, Đức.    Ảnh: DotsToLines #Beatvn	524878018_24343574145274165_5614081104523029710_n.jpg 526759867_3637004026604497_6104933776246335323_n.jpg 524226281_1456042842089341_4560227432079368459_n.jpg			Dũng	L		
05/08/25 - 14:44	FP - Beatvn	Lê Thị Thùy Dương		467190532_1125783505577025_1654789942853103768_n.jpg 527473190_18527003779063118_1731410188853745083_n.jpg		https://www.facebook.com/share/p/16hM86sDBR/?mibextid=wwXIfr	Dũng			
05/08/25 - 15:01	FP - Beatvn	Lê Thị Thùy Dương	đã vãn tin chưa để con này còn được làm việc				Dũng			
05/08/25 - 15:01	FP - Beatvn	Tung Doan	tự cảm nhận thoy bro				Dũng			
05/08/25 - 15:01	FP - Beatvn	Tung Doan	ko thấy lịch dồn dập là phang e nhé	524640138_773845255071864_9008483115494046263_n.png			Dũng			
05/08/25 - 15:01	FP - Beatvn	Tung Doan	[Message Retracted]				Dũng			
05/08/25 - 15:01	FP - Beatvn	Tung Doan	bọn này nhiễm giọng của @Dương Lê				Dũng			
05/08/25 - 15:01	FP - Beatvn	Lê Thị Thùy Dương	e ko hieu j het chơn				Dũng			
05/08/25 - 15:41	FP - Beatvn	Nhat Anh Vu	TỰ XƯNG LÀ ĐẠI SỨ NÔNG SẢN, PHẠM THOẠI BỊ XỬ PHẠT 7,5 TRIỆU ĐỒNG				Dũng	L		
05/08/25 - 15:41	FP - Beatvn	Đoàn Quốc Việt	[Message Retracted]				Dũng			
05/08/25 - 15:41	FP - Beatvn	Lê Thị Thùy Dương	chuẩn				Dũng			
05/08/25 - 15:41	FP - Beatvn	Tung Doan	Thêm ảnh nhé				Dũng			
05/08/25 - 15:41	FP - Beatvn	Tung Doan	đăng kiểu kia				Dũng			
05/08/25 - 15:41	FP - Beatvn	Tung Doan	oke				Dũng			
05/08/25 - 15:41	FP - Beatvn	Tung Doan	lên				Dũng			
05/08/25 - 15:41	FP - Beatvn	Nhat Anh Vu	Tiktoker Phạm Thoại bị xử phạt số tiền 7,5 triệu đồng, do có hành vi “Cung cấp, chia sẻ thông tin giả mạo, thông tin sai sự thật, xuyên tạc, vu khống, xúc phạm uy tín của cơ quan, tổ chức, danh dự, nhân phẩm của cá nhân” theo quy định tại điểm a, khoản 1, Điều 101 Nghị định 15/2020/NĐ-CP ngày 03/02/2020 của Chính phủ quy định xử phạt vi phạm hành chính trong lĩnh vực bưu chính, viễn thông, tần số vô tuyến điện, công nghệ thông tin và giao dịch điện tử, sửa đổi, bổ sung tại Nghị định 14/2022/NĐ-CP ngày 27/01/2022.  Trước đó, Phạm Thoại đã chia sẻ thông tin trên trang cá nhân, về việc anh vinh dự được đảm nhận vai trò Đại sứ Chương trình Top nông sản - Nông sản về phố “VIETNAM OCOPEX 2025”.  “Vinh dự đảm nhận vai trò Đại sứ Chương trình Top nông sản - Nông sản về phố “VIETNAM OCOPEX 2025” - một sự kiện trọng điểm do Bộ Công Thương, Bộ Nông nghiệp và Phát triển nông thôn, Bộ Tài nguyên và Môi trường, phối hợp cùng Liên minh Hợp tác xã Việt Nam tổ chức, nhằm thúc đẩy hoạt động xúc tiến thương mại, hỗ trợ các hợp tác xã và doanh nghiệp Việt Nam đưa sản phẩm OCOP và nông sản chất lượng cao vươn ra thị trường quốc tế”, Phạm Thoại viết trên Facebook cá nhân.  Theo: Báo Công Thương			https://congthuong.vn/pham-thoai-bi-phat-7-5-trieu-dong-vi-mao-xung-dai-su-413258.html	Dũng	L		
05/08/25 - 15:41	FP - Beatvn	Nhat Anh Vu					Dũng			
05/08/25 - 15:41	FP - Beatvn	Tung Doan	cmt e nhé				Dũng			
05/08/25 - 15:41	FP - Beatvn	Nhat Anh Vu	e cmt rui ạ				Dũng			
05/08/25 - 15:41	FP - Beatvn	Tuấn Dũng		524933633_1262512801725108_3498537347533663313_n.png			Dũng			
05/08/25 - 16:27	FP - Beatvn	Nguyễn Hoàng Long				https://www.anninhthudo.vn/tam-giu-hinh-su-tai-xe-o-to-kia-rut-chia-khoa-xe-khach-tren-duong-vanh-dai-3-post619760.antd	Dũng			
05/08/25 - 16:27	FP - Beatvn	Nguyễn Hoàng Long	@Tuấn Dũng				Dũng			
05/08/25 - 16:27	FP - Beatvn	Tung Doan	nền text nhé				Dũng			
05/08/25 - 16:27	FP - Beatvn	Tung Doan	icon căng căng tí				Dũng			
05/08/25 - 16:27	FP - Beatvn	Lê Thị Thùy Dương	HIỆN ĐANG CÓ NGƯỜI TRẢ EM HƠN 100 TRIỆU, VẪN CHƯA DÁM BÁN TẠI SỢ HỚ Ạ  Em có chút việc đang phân vân nhiều ngày nay muốn nhờ các bác trợ giúp. Em đi chợ mua được quả đu đủ, cắt ra ăn thì thấy bên trong có đến 7 quả nhỏ nữa màu trắng và cứng.  Em có hỏi trên mạng thì các bác bảo đây là mộng đu đủ rất quý và hiếm gặp giá trị cũng rất cao, có người mua 50 triệu, người mua 70 triệu.  Hiện có người liên hệ em để mua 7 quả này giá 100 triệu em vẫn phân vân không biết nên bán hay không, liệu có thấp quá không ạ, nhờ các bác giúp em nhé ạ.   Ảnh: Thư Dương #Beatvn	526420132_1113787550868421_5930239250696615335_n.jpg 527339433_1283326843582454_600346460453811113_n.jpg 526428434_1704444576961600_8600158874954630079_n.jpg 526441295_1827914274815306_256896817474240137_n.jpg			Dũng	L		
05/08/25 - 19:01	FP - Beatvn	Nguyễn Hoàng Long	NHỜ CỘNG ĐỒNG MẠNG ĐÓNG GÓP CAO KIẾN GIÚP CON TRAI CỤ    Chuyện là mẹ của anh giai năm nay đã 87 tuổi nhưng vẫn muốn đỡ đần con cháu. Vậy là sáng nào cụ cũng dậy từ lúc gà chưa gáy cụ thể là 2 giờ sáng đi cắt rau, 4 giờ đem đi bán đến hết hàng khoảng 10 giờ về. Khuyên ngăn đủ kiểu không có tác dụng, giờ con cụ phải đi ô tô để làm “vệ sĩ” bất đắc dĩ cho mẹ    Ảnh: Chenobadieu #Beatvn	524290362_1813772272894224_3598079501907290612_n.jpg 526887319_1289386552786301_4973611005002905066_n.jpg 525696593_730887403018557_2673244254273084402_n.jpg 526110000_1151105590159480_6164714649786389841_n.jpg 525955202_1078983917758254_8172886111465895411_n.jpg 525349436_1062552359325640_2193756634215473125_n.jpg			Dũng	L		
05/08/25 - 20:27	FP - Beatvn	Tuấn Dũng	Có thêm nguồn gì k a nhỉ				Dũng			
05/08/25 - 20:27	FP - Beatvn	Tung Doan	r nha	526622776_31603661379220890_8293270841288930237_n.png			Dũng			
05/08/25 - 21:13	FP - Beatvn	Nguyễn Thị Ngọc Huyền	CHÍNH THỨC RA MẮT MV “CÔNG AN HÀ NỘI TRONG TIM TÔI – CAHN IN MY HEART”      Trong những ngày tháng Tám lịch sử đầy tự hào và thiêng liêng, hướng tới kỷ niệm 80 năm Ngày truyền thống Lực lượng Công an nhân dân (19/8/1945 – 19/8/2025) và 20 năm Ngày hội Toàn dân bảo vệ an ninh Tổ quốc (2005 – 2025), MV “Công an Hà Nội trong tim tôi – CAHN in my heart” chính thức ra mắt, như một lời tri ân sâu sắc gửi tới các thế hệ cha anh – những người đã dày công vun đắp và gìn giữ truyền thống anh hùng của lực lượng Công an Thủ đô.    Được sáng tác bởi các tác giả Phòng Công tác Chính trị, với sự góp mặt của 150 cán bộ chiến sĩ - MV là dấu ấn nghệ thuật mang đậm bản sắc Công an Hà Nội.     Đây cũng là bản nhạc ngợi ca những người chiến sĩ thầm lặng đang ngày đêm giữ gìn bình yên cho Thủ đô, mang theo niềm tự hào, trách nhiệm và tinh thần tận tụy vì Nhân dân phục vụ.    Ca khúc được các tác giả tâm huyết nghiên cứu, kết hợp nhiều thể loại âm nhạc hiện đại như rock, rap…, tạo nên một bản nhạc sống động, gần gũi, dễ nghe, dễ thuộc, dễ lan tỏa. Không chỉ gợi nhắc đến hình ảnh người chiến sĩ Công an Thủ đô bản lĩnh, nhân văn, vì nhân dân phục vụ mà còn khơi dậy sự kết nối sâu sắc và bền vững của thế trận lòng dân.      Hy vọng rằng, khi giai điệu “Công an Hà Nội trong tim tôi - CAHN in my heart” cất lên ở đâu đó giữa lòng thành phố, sẽ có những giọng hát đồng thanh vang lên – như một lời yêu thương, một sự đồng hành, một niềm tin dành cho người chiến sĩ Công an Thủ đô.    Trân trọng kính mời Nhân dân Thủ đô và cả nước cùng thưởng thức, lan tỏa và chia sẻ ca khúc!   #CATPHaNoi  #PhongCongtacchinhtri #DoiTuyentruyengiaoduc #NgayHoiViThuDoBinhYen #CAHNinmyheart		527582198_24327907010154789_5789016517058884932_n.mp4		Dũng	L		
05/08/25 - 21:13	FP - Beatvn	Tung Doan	Canh cmt chặt e nhé				Dũng			
05/08/25 - 21:13	FP - Beatvn	Nguyễn Thị Ngọc Huyền	E bỏ r ạ				Dũng			
05/08/25 - 21:13	FP - Beatvn	Nguyễn Thị Ngọc Huyền	E chạy về phát				Dũng			
05/08/25 - 21:13	FP - Beatvn	Tung Doan	Cố gắng lấy clip độ nét nguyên bản nhé				Dũng			
05/08/25 - 21:13	FP - Beatvn	Tung Doan	Trc 10h là dc				Dũng			
05/08/25 - 21:13	FP - Beatvn	Nguyễn Thị Ngọc Huyền	E tải nó nét ý				Dũng			
05/08/25 - 21:13	FP - Beatvn	Nguyễn Thị Ngọc Huyền	Gửi qua đây mờ a ạ				Dũng			
05/08/25 - 21:13	FP - Beatvn	Nguyễn Thị Ngọc Huyền	Ngồi máy thì phải mai a ơi :))))				Dũng			
05/08/25 - 21:13	FP - Beatvn	Tung Doan	Okie thế duyệt cmt qua dt vậy				Dũng			
05/08/25 - 21:13	FP - Beatvn	Lê Thị Thùy Dương	Một gái lên chương trình “Bạn Muốn Hẹn Hò” khi được hỏi có sở trường gì, cô liền thay đồ yoga và tặng ngay cho đối phương chục thế yoga cực bài bản	525156140_630355676331185_2413340089737263836_n.jpg 521553726_1501940284298763_1737216635695741712_n.jpg 524139563_1313054630308393_2350726589442486985_n.jpg 521658988_1454589982335851_999149961035205789_n.jpg 526294411_1326845955758182_7841816589260840332_n.jpg			Dũng	L		
05/08/25 - 21:13	FP - Beatvn	Tuấn Dũng	Nguồn MCV đi chị ạ				Dũng			
05/08/25 - 21:13	FP - Beatvn	Lê Thị Thùy Dương	👍				Dũng			
05/08/25 - 23:09	FP - Beatvn	Nguyễn Đức Trọng	"Khoảng thời gian thất nghiệp lâu nhất, bạn đã làm gì?  Tôi đã từng ghi cả quãng thời gian thất nghiệp vào CV và giành được job nhờ có nó.  Thực ra thì thất nghiệp sẽ bớt áp lực hơn nếu bạn biết tận dụng thời gian đó.  Đi làm rồi thì ai cũng sẽ phải đối mặt với thất nghiệp thôi, tránh sao được. Có thể là vài tuần, vài tháng, hoặc cả nửa năm.   Sẽ áp lực đấy, nhưng có một điều rất hay là, thất nghiệp đồng nghĩa với việc bạn có thời gian. Và điều quan trọng không phải là bạn ""thất nghiệp"" bao lâu, mà là bạn đã sống quãng thời gian đó như thế nào.  Có thể bạn sẽ dùng nó để đi chơi, dành cho người thân, nhưng các cụ dạy rồi, “nhàn cư vi bất thiện. Qua một quãng thời gian chơi bời thì tôi bắt đầu chán, bị nản lòng và hoài nghi bản thân đó.   Thế rồi tôi không chịu nổi, quyết định thất nghiệp thêm hẳn 2 tháng để ngồi nhà học cách làm kênh tiktok chia sẻ kiến thức mà tôi mạnh. Sau 2 tháng, trộm vía thì kênh cũng lên được vài chục ngàn follow, cảm thấy hết muốn ở nhà rồi, tôi vác CV đi xin việc, không quên ghi thêm luôn thành tích làm kênh vào. Hôm đó ngồi phỏng vấn thì chị lead nhận ra cái mặt của tôi… và ừ thì tôi đi làm, vui vẻ luôn!  Một vài bạn chọn học tiếng mới, nâng trình ngoại ngữ. Có người ngồi sửa CV mỗi tuần, viết lại profile theo từng job. Có bạn tranh thủ học khóa kỹ năng mình thiếu, hoặc đơn giản chỉ là chăm sóc lại sức khỏe, đi tập đều đặn.  Thất nghiệp là chuyện bình thường. Ai cũng có thể bị. Nhưng đừng để nó là lý do khiến bạn dừng phát triển. Những việc nhỏ như đọc thêm một cuốn sách, học lại Excel cho tử tế, luyện tiếng Anh mỗi ngày một chút đều là đầu tư cho tương lai cả.  Đôi khi, thất nghiệp cũng có thể là một phần tử tế để ghi vào trong CV được đấy.  Nguồn - Nghề mới CCHN  #beatvn"	504327937_1040850378131943_8388958523389123461_n.jpg			Dũng	L		
05/08/25 - 23:09	FP - Beatvn	Nguyễn Đức Trọng	@Tung Doan  @Tuấn Dũng  anh cin 1 bài cho Nghề lên với	525442566_732946812993042_7794113650876117649_n.jpg			Dũng			
05/08/25 - 23:09	FP - Beatvn	Vu		526846452_610754122102837_5215923605422907428_n.jpg			Dũng			
05/08/25 - 23:09	FP - Beatvn	Nhat Anh Vu	"NHIỀU VÙNG ""VỊNH"" HÌNH THÀNH DO MƯA LỚN KÉO DÀI    AE vùng vịnh Hà Nội cập nhật mực nước đi, đến chân giường chưa ạ...   : Kenh14 #Beatvn"	525120587_1501088050881275_2408143134263662633_n.jpg			Dũng	L		
05/08/25 - 23:50	FP - Beatvn	Nguyễn Đức Trọng	Mn có giờ ko thì anh xin lên 23h55 nhé				Dũng			
05/08/25 - 23:50	FP - Beatvn	Tung Doan	a gửi ndung nha a				Dũng			
06/08/25 - 09:36	FP - Beatvn	Nhat Anh Vu	CĂNG: THÁI LAN MUỐN CẤM CAMPUCHIA DỰ SEA GAMES 33 VÌ LO NGẠI AN TOÀN VỀ AN NINH				Dũng			
06/08/25 - 09:36	FP - Beatvn	Nhat Anh Vu	Ngày 26.7, ông Surawong Thienthong đã đưa ý kiến gây tranh cãi khi cho biết, Chính phủ Thái Lan đang xem xét khả năng cấm đoàn thể thao Campuchia tham dự SEA Games 33 sau khi hai nước xảy ra xung đột biên giới. Lý do là vì sự an toàn của các VĐV và quan chức thể thao Campuchia.  Ý kiến này ngay sau đó đã vấp phải phản ứng từ Hội đồng SEA Games và Ủy ban Olympic Thái Lan cũng khẳng định, họ không có thẩm quyền cấm bất kỳ quốc gia nào tham dự SEA Games 33, vì điều này sẽ vi phạm Hiến chương Olympic. Hơn nữa, Campuchia luôn khẳng định sẽ không rút khỏi SEA Games 33 và sẽ cử VĐV tham gia theo đúng lịch trình.  Tuy nhiên, với diễn biến gần đây khi có thông tin đoàn thể thao Campuchia có khả năng chỉ cử 57 VĐV tham dự SEA Games 33, rút đến 96% so với số lượng đăng ký trước đó lên đến 1.515 người. Nhưng cũng ngay sau đó, Tổng thư ký Ủy ban Olympic Campuchia, ông Vath Chamroeun đã phủ nhận con số VĐV này. Cho rằng, thể thao Campuchia vẫn chuẩn bị dự SEA Games 33 một cách đầy đủ nhất, nhưng sẽ chờ tình hình và quyết định cuối cùng từ Chính phủ Campuchia.  Theo: Báo Thanh Niên	526663880_740383371922186_1139269775585904029_n.png			Dũng	L		
06/08/25 - 09:36	FP - Beatvn	Tung Doan	Tit căng lên chut e				Dũng			
06/08/25 - 09:36	FP - Beatvn	Nhat Anh Vu	CỰC CĂNG: THÁI LAN MUỐN CẤM CAMPUCHIA DỰ SEA GAMES 33 VÌ LO NGẠI AN TOÀN VỀ AN NINH	525329758_1083140717126261_4309536758559595291_n.jpg 525894773_1077611407338180_933479443918900039_n.jpg			Dũng			
06/08/25 - 09:36	FP - Beatvn	Tung Doan	NÓNG: THÁI LAN MUỐN CẤM CAMPUCHIA SỰ SEAGAME NHƯNG CAM TUYÊN BỐ VẪN SẼ CHƠI TỚI BẾN VỚI SỐ LƯỢNG VĐV ĐẦY ĐỦ NHẤT				Dũng			
06/08/25 - 09:36	FP - Beatvn	Nhat Anh Vu	vaangg ạ				Dũng			
06/08/25 - 09:36	FP - Beatvn	Tuấn Dũng	Dự seagame, @Nhat Anh Vu cop chỉnh nốt nhớ				Dũng			
06/08/25 - 09:36	FP - Beatvn	Nhat Anh Vu	TINH THẦN THÉP KHÔNG QUẢN NẮNG MƯA – DÀN KHÍ TÀI QUYẾT CHÍ XUYÊN ĐÊM HUẤN LUYỆN TẠI QUẢNG TRƯỜNG BA ĐÌNH, BẤT CHẤP CƠN MƯA TỐI QUA   A80 ĐANG ĐẾN RẤT GẦN RỒIIIIII    Ảnh: Báo Dân Trí #tiepluatuhao	525389037_1071018228480064_4246582217672632569_n.png 524641879_1692120064821563_6593769501052415827_n.png 526512964_647937234993163_1365601584390160933_n.png 526745187_2088598671963125_2353485463041963659_n.png 526905668_1514008499980125_8606155240219394067_n.png 527225881_4283366011941214_1393851015448541723_n.png 527112342_1331813791797699_2569682227279166779_n.png 527772407_1034299555220381_8064508862467835615_n.png 527542866_751074577905709_2437926267694029042_n.png 524445065_633600665979626_9208934159843765726_n.png 525248843_10022958417826252_114656944818972828_n.png 528327812_754043814035459_5858853239676339931_n.png 526146960_1575447897155281_1131517078565699461_n.png		https://dantri.com.vn/xa-hoi/dan-khi-tai-dieu-binh-a80-xuyen-dem-huan-luyen-tai-quang-truong-ba-dinh-20250806084744646.htm	Dũng	L		
06/08/25 - 09:36	FP - Beatvn	Nguyễn Hoàng Long	Video dễ thương nhất Internet mấy ngày nay: 3 triệu người rụng tim vì bữa tiệc sinh nhật bất ngờ dành cho bác bảo vệ				Dũng			
06/08/25 - 09:36	FP - Beatvn	Nhat Anh Vu					Dũng			
06/08/25 - 09:36	FP - Beatvn	Nguyễn Việt Long	Giữa giờ nghỉ trưa ngày 4/8, tại một tiệm bánh ngọt nhỏ trên đường Hàm Nghi, Đà Nẵng - các đồng nghiệp đã âm thầm chuẩn bị một bất ngờ nho nhỏ cho chú bảo vệ Phạm Thu (sinh năm 1960).  Khi chú mở tủ bánh, tưởng chỉ là kiểm tra bình thường… thì bất ngờ thấy chiếc bánh kem sinh nhật của chính mình nằm đó. Cả tiệm bật cười, vỗ tay, hát vang. Một khoảnh khắc ngắn nhưng vô cùng ấm áp, chú không thể ngừng cười ngại ngùng trước màn chúc mừng bất ngờ.  Trong không gian tiệm nhỏ xinh, tiếng cười, tiếng hát chan hòa, clip ấy đã chạm đến hàng triệu trái tim không vì điều gì to tát, mà vì sự chân thành quá đỗi giản dị.  Clip hiện đã vượt mốc 3 triệu lượt xem.  Nguồn: Znews  #Beatvn	525787782_2193927227699107_5274809364036454889_n.png 525654727_731887792808514_2504645845094614926_n.png 525584819_526996120472406_6384522763288084561_n.png 527773840_821777983883295_6722271278939405421_n.png 525880274_4102085050110005_4556203882582549030_n.png		https://lifestyle.znews.vn/3-trieu-luot-xem-clip-bao-ve-tiem-banh-duoc-bi-mat-to-chuc-sinh-nhat-post1574397.html	Dũng			
06/08/25 - 09:36	FP - Beatvn	Nguyễn Việt Long		527718709_1644309196246672_6249935037702940113_n.png 525621450_771263815308220_5278940539501098746_n.png 525990983_1473722004061868_2304562312028297267_n.png 527118243_2287384155011884_2631505568952985062_n.png			Dũng			
06/08/25 - 09:36	FP - Beatvn	Tung Doan	Viết cứng thế e				Dũng			
06/08/25 - 09:36	FP - Beatvn	Nguyễn Việt Long	dạ thế để em làm mềm ra cho nó tình cảm tí ạ				Dũng			
06/08/25 - 09:36	FP - Beatvn	Nguyễn Việt Long	@Tung Doan dạ em edit lại rồi anh xem lại cho em với ạ				Dũng			
06/08/25 - 09:36	FP - Beatvn	Tung Doan	Thôi bỏ e ạ, cảm giác khó thoát dc cái văn của báo trong bài này quá				Dũng			
06/08/25 - 09:36	FP - Beatvn	Nguyễn Việt Long	Theo SCMP, Đại học Mở Nhạc Dương (Hồ Nam, Trung Quốc) đã ký thỏa thuận với Hiệp hội Thịt nướng Nhạc Dương để khai trương Viện Nghiên cứu Thịt Xiên Nướng đầu tiên ở Trung Quốc.  Theo kế hoạch, trong vòng 3 năm tới viện sẽ đào tạo 1.000 bậc thầy thịt xiên chuyên nghiệp, thông qua chương trình kéo dài khoảng 2,5 năm nhằm đảm bảo mỗi học viên trở thành cao thủ với than hoa, nước sốt và lửa đỏ rực.  Việc này không chỉ là bước tiến mới trong giáo dục ẩm thực mà còn thể hiện sự nghiêm túc trong việc bảo tồn và khoa học hóa nền ẩm thực đường phố Trung Hoa.  Tôi đang chờ tới ngày Viện Nghiên Cứu Bân Xiển Việt Nam ra đời và nghiên cứu về độ cuốn của món ăn đường phố huyền thoại này.  Nguồn: Znews  #beatvn	525652892_1479076313261170_3152256040737947886_n.png 526619639_1449038736337144_122215718018312783_n.png 524955245_1435631620993122_335988668582398111_n.png			Dũng			
06/08/25 - 09:36	FP - Beatvn	Nguyễn Hoàng Long				https://lifestyle.znews.vn/dai-hoc-trung-quoc-mo-vien-nghien-cuu-thit-nuong-post1574421.html	Dũng			
06/08/25 - 09:36	FP - Beatvn	Đoàn Quốc Việt	đây nhé				Dũng			
06/08/25 - 09:36	FP - Beatvn	Nguyễn Việt Long	dạ em sửa cap rồi ạ				Dũng			
06/08/25 - 09:36	FP - Beatvn	Đoàn Việt (2000đ)	ảnh luôn này	527037091_1056120056685529_993641088315346182_n.png			Dũng			
06/08/25 - 09:36	FP - Beatvn	Đoàn Quốc Việt	hoặc ảnh này	526817876_1900918233810543_3917128148979177354_n.png			Dũng			
06/08/25 - 09:36	FP - Beatvn	Nguyễn Hoàng Long	"TRUNG QUỐC THÀNH LẬP ""VIỆN NGHIÊN CỨU THỊT NƯỚNG"" ĐỂ ĐÀO TẠO NHỮNG NGHỆ NHÂN NƯỚNG THỊT ĐẦU TIÊN TRÊN THẾ GIỚI"				Dũng	L		
06/08/25 - 09:36	FP - Beatvn	Nguyễn Việt Long	đây ạ em chốt ảnh dưới ạ				Dũng			
06/08/25 - 09:36	FP - Beatvn	Nhat Anh Vu	HƠN 8.800 “HEO VÀNG” 2K7 TRƯỢT TỐT NGHIỆP THPT 2025				Dũng			
06/08/25 - 09:36	FP - Beatvn	Nhat Anh Vu	Khoảng 99,2% trong hơn 1,12 triệu học sinh lớp 12 đỗ tốt nghiệp THPT, chỉ hơn 8.800 em trượt.  Bộ Giáo dục và Đào tạo ngày 6/8 cho biết tỷ lệ thí sinh được công nhận tốt nghiệp THPT giảm nhẹ so với mức 99,4% của năm ngoái. Đây là lứa thí sinh đầu tiên tốt nghiệp theo chương trình giáo dục phổ thông 2018 (chương trình mới).  Những em trượt đồng nghĩa không có bằng tốt nghiệp và không đủ điều kiện xét tuyển đại học. Tuy nhiên, theo quy chế, nhóm này được cấp giấy chứng nhận hoàn thành chương trình giáo dục phổ thông. Họ có thể đăng ký thi để lấy bằng tốt nghiệp khi có nhu cầu hoặc theo học giáo dục nghề nghiệp.  Theo: VnExpress				Dũng			
06/08/25 - 09:36	FP - Beatvn	Nhat Anh Vu				https://vnexpress.net/hon-8-800-thi-sinh-truot-tot-nghiep-thpt-2025-4923264.html	Dũng			
06/08/25 - 09:36	FP - Beatvn	Đoàn Quốc Việt	thui đừng gọi chúng n heo vàng e ạ =))				Dũng	L		
06/08/25 - 09:36	FP - Beatvn	Tung Doan	HƠN 8.800 BÉ “HEO VÀNG” 2K7 TRƯỢT TỐT NGHIỆP THPT 2025				Dũng			
06/08/25 - 09:36	FP - Beatvn	Tung Doan	với đừng dùng sos vì tỷ lệ này khá thấp so với các năm				Dũng	L		
06/08/25 - 09:36	FP - Beatvn	Nhat Anh Vu	vaangg ậ	527300029_3228713500627562_7577726561373786664_n.jpg			Dũng			
06/08/25 - 09:36	FP - Beatvn	Tung Doan	thử thêm option khác ko heo vàng nhé				Dũng			
06/08/25 - 09:36	FP - Beatvn	Tung Doan	a cũng hơi cấn				Dũng			
06/08/25 - 09:36	FP - Beatvn	Nhat Anh Vu	Để e nghĩ thêm ậ				Dũng			
06/08/25 - 09:36	FP - Beatvn	Tung Doan	hôn lèo				Dũng	L		
06/08/25 - 09:36	FP - Beatvn	Tuấn Dũng	8000 con lợn trượt tốt nghiệp				Dũng	L		
06/08/25 - 09:36	FP - Beatvn	Nguyễn Tuấn Thịnh	Bà cụ 87 tuổi đạp xe đi bán rau khiến con cháu phải thay nhau đi ô tô phía sau hộ tống    Nay bảo cụ ở nhà nằm, không cho đi bán nữa thì cụ vật vã thế này đây    Nguồn: Chenobadieu #beatvn #news		526856750_24105200255773238_6830979584999527570_n.mp4		Dũng	L		
06/08/25 - 11:16	FP - Beatvn	Nguyễn Tuấn Thịnh	HAY XIN Ý KIẾN CHATGPT ĐỂ ĐIỀU HÀNH ĐẤT NƯỚC, THỦ TƯỚNG THỤY ĐIỂN BỊ CHỈ TRÍCH DỮ DỘI	526018789_1052821847054341_388709902811154039_n.png		https://tuoitre.vn/thu-tuong-thuy-dien-bi-chi-trich-vi-hay-xin-y-kien-chatgpt-de-dieu-hanh-dat-nuoc-20250806090945851.htm	Dũng	L		
06/08/25 - 11:16	FP - Beatvn	Nguyễn Việt Long	Thủ tướng Thụy Điển Ulf Kristersson (nắm quyền từ 2022) vừa thừa nhận ông thường sử dụng AI như ChatGPT và Le Chat để tham khảo ý kiến thứ hai khi đưa ra quyết sách điều hành đất nước. Ông giải thích mình dùng AI để đặt câu hỏi kiểu: “Người khác đã làm gì? Liệu ta có nên nghĩ ngược lại không?”   Tuy nhiên, điều này đã gây ra làn sóng chỉ trích từ giới chuyên gia. Một bài xã luận trên Aftonbladet thậm chí cảnh báo rằng ông “đang mê mải với AI như các tài phiệt”.   Các chuyên gia như Simone Fischer-Hubner (ĐH Karlstad) và Virginia Dignum (ĐH Umea) đều bày tỏ lo ngại: việc sử dụng AI dù cho các quyết định nhỏ cũng dễ dẫn đến lệ thuộc và mất khả năng tư duy độc lập.  Người phát ngôn của thủ tướng khẳng định: không có thông tin nhạy cảm nào được chia sẻ với AI, và mục đích chỉ là tham khảo mở rộng quan điểm.  Nguồn: Báo Tuổi Trẻ  #Beatvn	528296875_1790576021835737_7597374547343573599_n.png 525571403_740845968747664_4726445466513007610_n.png 526878401_3693892994253293_1446980502211386230_n.png			Dũng	L		
06/08/25 - 11:16	FP - Beatvn	Nhat Anh Vu	KHÔNG AI BỊ BỎ LẠI PHÍA SAU    QUẢNG NINH: BÁC SĨ VƯỢT 20 HẢI LÝ GIỮA ĐÊM GIÔNG GIÓ ĐƯA SẢN PHỤ KHÓ SINH VỀ ĐẤT LIỀN AN TOÀN				Dũng	L		
06/08/25 - 11:16	FP - Beatvn	Nhat Anh Vu	"Khoảng 22 giờ khuya 5.8, Trung tâm Y tế đặc khu Vân Đồn (Quảng Ninh) nhận tin báo khẩn từ Trạm y tế xã Thắng Lợi về trường hợp sản phụ B.T.A (29 tuổi, thai 37 tuần 2 ngày, mang thai lần đầu) có dấu hiệu ngôi thai bất thường, nguy cơ sinh khó, không thể đỡ tại trạm y tế tuyến xã.   Ngay lập tức, Trung tâm đã kích hoạt quy trình ""báo động đỏ"" ngoại viện, huy động kíp cấp cứu gồm 5 thành viên, do bác sĩ  Bùi Thanh Tuấn, phụ trách Khoa Chăm sóc sức khỏe sinh sản và phụ sản, làm trưởng kíp, khẩn trương đưa bệnh nhân rời đảo.  Theo bác sĩ Tuấn, thời điểm trên, xuồng cấp cứu rời bờ trong điều kiện khắc nghiệt: mưa lớn, sấm chớp dày đặc, sóng cao dữ dội. Sau gần 2 giờ vượt biển, rạng sáng 6.8, kíp cấp cứu đã tiếp cận đảo, phối hợp thăm khám và xác định sản phụ ngôi đầu cao, khung chậu hẹp, bắt buộc phải mổ lấy thai. Ngay sau đó, kíp cấp cứu đã đưa sản phụ về đất liền, vừa di chuyển vừa truyền dịch, chống co, theo dõi sát tình trạng mẹ và thai nhi.  Lúc 1 giờ 30, sản phụ được đưa đến Trung tâm Y tế đặc khu Vân Đồn an toàn. Ca mổ khẩn cấp ngay sau đó đã thành công, bé gái nặng 2,4 kg chào đời khỏe mạnh. Hiện sức khỏe mẹ con sản phụ đều ổn định.  Đáng chú ý, trong kíp có bác sĩ trẻ Nguyễn Tuấn Trung, người vừa nhận công tác tại trung tâm. Dù ít kinh nghiệm thực địa, anh vẫn tình nguyện tham gia hành trình nguy hiểm xuyên đêm, thể hiện tinh thần dấn thân và trách nhiệm của đội ngũ y bác sĩ trẻ.  Theo: Báo Thanh Niên"	526481113_743970368224765_9166612144589637193_n.png 524617205_3629479370520836_4567158550805916462_n.png		https://thanhnien.vn/vuot-bien-ra-dao-trong-dem-giong-gio-cap-cuu-san-phu-nguy-kich-185250806100739859.htm	Dũng	L		
06/08/25 - 11:16	FP - Beatvn	Nhat Anh Vu	ảnh này bỏ nhé e	527596538_2769573266767211_6655808426489752252_n.png 525723600_2249068912218557_7838924560755851003_n.png			Dũng			
06/08/25 - 11:16	FP - Beatvn	Vu	VÂNG Ạ				Dũng			
06/08/25 - 11:16	FP - Beatvn	Nhat Anh Vu	Z				Dũng			
06/08/25 - 11:16	FP - Beatvn	Lê Thị Thùy Dương	Lâu lâu mới lên phố rửa phèn gặp trúng xe của London Tipton, mỗi lần muốn rẽ là phải đổi qua xe khác    Ảnh: Huy Gây Mê #Beatvn	524917716_24335673546123647_8655362767527467483_n.jpg 526934039_1649412439326276_6490050233826820211_n.jpg			Dũng	L		
06/08/25 - 11:16	FP - Beatvn	Vu	"""Vinh quang đời đời thuộc về dân tộc Việt Nam văn hiến và anh hùng""    Quảng trường Ba Đình trước thềm đại lễ kỷ niệm 80 năm Quốc khánh nước Cộng hòa xã hội chủ nghĩa Việt Nam 2/9    Video: Kiên htv #Beatvn #tiepluatuhao"				Dũng	L		
06/08/25 - 14:10	FP - Beatvn	Nhat Anh Vu	PHẠT TIỀN TỪ 50-75 TRIỆU ĐỒNG ĐỐI VỚI HÀNH VI KHÔNG CHẤP HÀNH LỆNH GỌI KHÁM NGHĨA VỤ QUÂN SỰ			https://vtcnews.vn/khong-chap-hanh-lenh-goi-kham-nghia-vu-quan-su-bi-phat-den-75-trieu-dong-ar958249.html?fbclid=IwY2xjawL_3JZleHRuA2FlbQIxMABicmlkETE1R0Vhc2hPOHNZWjZRZVlBAR5d32yfY9T7qgQFr_uLn1bWjyRvp8RU_lkmZ4XJu_YsxeY-BZCNNz7fSjtkfQ_aem_YVsmAwqLy4zDPmVs3mxuqw	Dũng	L		
06/08/25 - 14:10	FP - Beatvn	Nhat Anh Vu	Chính phủ quy định phạt tiền từ 3-5 triệu đồng với hành vi không có mặt đúng thời gian hoặc địa điểm tập trung sơ tuyển ghi trong quyết định gọi sơ tuyển sức khỏe thực hiện nghĩa vụ quân sự, quyết định gọi sơ tuyển sức khỏe nghĩa vụ tham gia Công an Nhân dân của cấp có thẩm quyền mà không có lý do chính đáng.  Phạt tiền từ 15-20 triệu đồng đối với hành vi không có mặt đúng thời gian hoặc địa điểm khám sức khỏe ghi trong quyết định gọi khám sức khỏe nghĩa vụ quân sự, quyết định gọi khám sức khỏe nghĩa vụ tham gia Công an Nhân dân của cấp có thẩm quyền mà không có lý do chính đáng.  Người được khám sức khỏe có hành vi gian dối làm sai lệch kết quả phân loại sức khỏe của mình nhằm trốn tránh nghĩa vụ quân sự; nghĩa vụ tham gia Công an Nhân dân thì bị phạt tiền từ 30-40 triệu đồng.  Hành vi đưa hoặc nhận tiền, tài sản, hoặc lợi ích vật chất khác trị giá đến dưới 2 triệu đồng cho cán bộ, nhân viên y tế hoặc người khác để làm sai lệch kết quả phân loại sức khỏe của người được kiểm tra hoặc người được khám sức khỏe nghĩa vụ quân sự; khám sức khỏe nghĩa vụ tham gia Công an Nhân dân nhằm trốn tránh nghĩa vụ quân sự, nghĩa vụ tham gia Công an Nhân dân cũng bị phạt từ 30-40 triệu đồng.  Đáng chú ý, mức phạt 50-75 triệu đồng được áp dụng đối với hành vi không chấp hành quyết định gọi kiểm tra, khám sức khỏe nghĩa vụ quân sự, nghĩa vụ tham gia Công an Nhân dân.  Theo: VTC News	526749349_1044557320818727_5523564576323352079_n.png		http://tuphap.hatinh.gov.vn/chi-tiet-tin-tuc/mot-so-quy-dinh-phap-luat-ve-hanh-vi-tron-tranh-nghia-vu-quan-su-mot-so-quy-dinh-phap-luat-ve-hanh-vi-tron-tranh-nghia-vu-quan-su	Dũng	L		
06/08/25 - 14:10	FP - Beatvn	Vu					Dũng			
06/08/25 - 14:10	FP - Beatvn	Nhat Anh Vu		524937810_1488820488789440_8679883094080543725_n.png 526906577_623721787448418_3017154668733546510_n.png			Dũng			
06/08/25 - 14:10	FP - Beatvn	Nguyễn Hoàng Long	KHOẢNH KHẮC ẤM LÒNG: NỮ ĐIỀU DƯỠNG NGHỆ AN CỨU SỐNG DU KHÁCH NGỪNG TIM				Dũng			
06/08/25 - 14:10	FP - Beatvn	Tuấn Dũng	nguồn nha e				Dũng			
06/08/25 - 14:10	FP - Beatvn	Nguyễn Việt Long	Vào khoảng 22h ngày 2/8 tại phố cổ Hoa Lư, Ninh Bình, một nam du khách bất ngờ ngã quỵ, tim ngừng đập. Ngay lập tức, chị Phan Thị Thúy Hòa - nữ điều dưỡng từ Khoa Chống độc, Bệnh viện Hữu nghị Đa khoa Nghệ An đã cúi xuống ép tim ngoài lồng ngực để cứu sống du khách.  Với 18 năm kinh nghiệm y tế trong tay và bản năng nghề nghiệp sắc bén, chị Hòa nhanh chóng kiểm tra: mạch cảnh không đập, thanh niên da tái, miệng sùi bọt. Không chần chừ, chị thực hiện ép tim ngoài lồng ngực ngay tại hiện trường. Sau vài phút, phép màu đã xảy ra: nạn nhân có lại mạch, giật mình tỉnh dậy.  Clip ghi lại toàn bộ sự kiện đã nhanh chóng lan truyền mạng xã hội và khiến hàng ngàn người xúc động vì cảm giác chân thành và chuyên nghiệp. Chị Hòa chia sẻ nhẹ nhàng: đối với chị, đó là một phần công việc - nhưng đối với chúng ta, đó là nguồn cảm hứng của lòng nhân ái và y đức.   Nguồn: Znews  #Beatvn	525986280_1262057731991708_5708062467652695821_n.png 526227123_1121805359840054_126162359845509076_n.png 525865045_1437525164168281_6758729455773941893_n.png			Dũng			
06/08/25 - 14:10	FP - Beatvn	Nguyễn Hoàng Long				https://lifestyle.znews.vn/nu-dieu-duong-tinh-co-cuu-chang-trai-ngung-tim-giua-pho-co-hoa-lu-post1574594.html#zingweb_category_category104_featured_5	Dũng			
06/08/25 - 14:10	FP - Beatvn	Nguyễn Việt Long		526882353_1013731690689981_3750474356147382939_n.png 526745901_1898965210887822_7174140349209400566_n.png 529348806_1792993561291391_6015314296249225873_n.png 526086892_1112819874089555_8190213612882070199_n.png			Dũng			
06/08/25 - 14:10	FP - Beatvn	Nguyễn Tuấn Thịnh	TÀU NGẦM LỚP KILO 636 SẼ THAM GIA DIỄU BINH A80    Bạn đang nhìn vào 350 triệu USD bơi ngoài biển! Đây là tàu ngầm lớp Kilo 636, 1 trong số những khí tài quân sự đắt đỏ, tối tân và mạnh mẽ nhất của Quân đội Việt Nam!  Với khả năng lặn sâu 300m, hoạt động 45 ngày liên tục và có thể phóng cả ngư lôi lẫn tên lửa hành trình, tàu ngầm lớp Kilo 636 là những chiến binh thầm lặng canh giữ hòa bình, chủ quyền biển đảo Việt Nam    Nguồn: Tuổi Trẻ #beatvn #News	526619639_727338560133656_2336882297724989662_n.png			Dũng	L		
06/08/25 - 14:10	FP - Beatvn	Vu	ttin tàu	526178186_639976892459215_5530141131855901941_n.png			Dũng			
06/08/25 - 14:10	FP - Beatvn	Vu	Vùng trời quê hương nào cũng là bầu trời Tổ Quốc    Video: Bingu đi biển #Beatvn #tiepluatuhao		528047322_30870471999235171_520066581863085720_n.mp4		Dũng			
06/08/25 - 14:10	FP - Beatvn	Nhat Anh Vu				https://vt.tiktok.com/ZSSQ6DJ54/	Dũng			
06/08/25 - 14:10	FP - Beatvn	Nguyễn Tuấn Thịnh	NA lên bài chưa				Dũng			
06/08/25 - 14:10	FP - Beatvn	Nguyễn Tuấn Thịnh	ko a xin 14h25 nha				Dũng			
06/08/25 - 14:10	FP - Beatvn	Nhat Anh Vu	a lên trc đi bài e lên sauu				Dũng			
06/08/25 - 14:10	FP - Beatvn	Nguyễn Tuấn Thịnh	ukiii				Dũng			
06/08/25 - 14:10	FP - Beatvn	Nhat Anh Vu	e lên bài trc 14h20 rui				Dũng			
06/08/25 - 14:10	FP - Beatvn	Nguyễn Tuấn Thịnh	à à				Dũng			
06/08/25 - 14:10	FP - Beatvn	Nhat Anh Vu	đây a				Dũng			
06/08/25 - 14:10	FP - Beatvn	Nguyễn Việt Long	@Tung Doan anh ơi bài này em có phải sửa thêm gì không ạ				Dũng			
06/08/25 - 14:10	FP - Beatvn	Tung Doan	E đưa thêm nội dung sự việc bên dưới				Dũng			
06/08/25 - 14:10	FP - Beatvn	Nguyễn Việt Long	dạ đây ạ				Dũng			
06/08/25 - 14:10	FP - Beatvn	Tung Doan	Ko là page nó bị nhiều thông tin quá nhìn bứ				Dũng			
06/08/25 - 15:21	FP - Beatvn	Nguyễn Tuấn Thịnh	"Mới đây 1 chị gái ở TP.HCM đã chia sẻ về màn chi tiêu 1 tháng cho bộ môn ""Lương dưới 10 triệu thì đừng chơi"":  - Trước tiên nhất khi chơi thể thao là phải mua mỹ phẩm phù hợp với chi phí ~3 triệu/ tháng  - Quần áo cực kỳ quan trọng khi ra sân. Đánh có thể không hay nhưng không được xấu, mỗi tháng chi ~4 - 5 triệu là Phủ Lý.  - Tiền mua vợt dù mới chơi nhưng cũng phải làm luôn con vợ 3 củ cho nó chuyên nghiệp.  - Có vợt rồi thì phải mua túi, thêm 1-2 triệu nữa. Mỗi tháng dùng 2 3 loại kẻo quê.  - Giày cũng như túi, phải thay đổi màu sắc liên tục để tránh sự nhàm chán, mỗi tháng ~4 triệu.  - Tiền thuê thầy ~9 - 10 triệu cho 10 buổi.  - Và cuối cùng là tiền sân, mỗi tháng ~3 triệu.  Tổng vệ sinh chi phí mỗi tháng đi đánh Pickle Ball của chị dao động từ 20 - 25 triệu đồng, tùy theo số buổi mà chị đến sân hàng tháng    #beatvn #News"	525614775_1057201633194235_4714085037248685015_n.png 526059073_1189784573172828_3606408757143110162_n.png 525608695_1988526952000489_7639403796057796535_n.png 527309304_714376614922200_7496257121922321465_n.png			Dũng	L		
06/08/25 - 15:21	FP - Beatvn	Nguyễn Tuấn Thịnh				https://kenh14.vn/ton-25-trieu-cho-1-thang-danh-pickleball-215250806110240488.chn?cpa_tid=70TBELOGGI0041Z5PC62C3EHHM2RBZ2QBM39&dmn=s.biz.vn&fbclid=IwY2xjawL_6FJleHRuA2FlbQIxMABicmlkETFuUzhhNDdTeVloUTNRdGZwAR5_du_kVkqqQTrFOrlsqqWESlLctl3A6Y1h8usJfQoxG3-qaJ9uWIs24iDYZA_aem_SIVS8cKARCn28LNWJW7mdw	Dũng			
06/08/25 - 15:21	FP - Beatvn	Tuấn Dũng	mấy bài này hơi 50/50 vì ko biết rõ đc địa điểm nào, có đúng là đang diễn tập hay ko	527692704_4035352050052060_8928451736291947530_n.png			Dũng			
06/08/25 - 15:21	FP - Beatvn	Vu	cmt trêu a ạ				Dũng			
06/08/25 - 15:21	FP - Beatvn	Nhat Anh Vu	e lướt check thêm mấy vid khác họ cũng quay diễn tập đúng ở đó a ạ				Dũng			
06/08/25 - 15:21	FP - Beatvn	Tung Doan	@Nguyễn Việt Long  tham khảo mấy content a Thịnh e nhé				Dũng			
06/08/25 - 15:21	FP - Beatvn	Tung Doan	Topic lựa chọn, cách triển khai				Dũng			
06/08/25 - 15:21	FP - Beatvn	Nguyễn Việt Long	dạ vâng ạ				Dũng			
06/08/25 - 15:21	FP - Beatvn	Nhat Anh Vu				https://vt.tiktok.com/ZSSQAMSPs/	Dũng			
06/08/25 - 15:21	FP - Beatvn	Vu				https://vt.tiktok.com/ZSSQAj4ep/	Dũng			
06/08/25 - 15:21	FP - Beatvn	Nhat Anh Vu	Bên TVH e cũng thấy lên sáng nay xongg=)))				Dũng			
06/08/25 - 17:04	FP - Beatvn	Nguyễn Hoàng Long	Bố đợi xíu, con khoe bé gấu cho mọi người đã rồi cả nhà mình cùng nhau về nha    Video: ktln_threads  #Beatvn #dangiu		526943370_30809644948682916_8258475350770091628_n.mp4		Dũng	L		
06/08/25 - 17:36	FP - Beatvn	Nguyễn Thị Ngọc Huyền	Không có ý giấu cũng chẳng có ý khoe    Trên tay là những chiếc vé của V concert - Rạng rỡ Việt Nam, một trong những concert nhiệt nhất mùa hè này do VTV tổ chức. Với dàn nghệ sĩ đình đám, sân khấu siêu hoành tráng, hẹn anh em tại Cổ Loa cuối tuần này nhé    #beatvn #VConcert #RangroVietNam #VTV	525848461_1278203713966307_7461406459499068550_n.jpg			Dũng	L		
06/08/25 - 19:23	FP - Beatvn	Nguyễn Tuấn Thịnh	Đi đánh pick ướt sũng người xong về nhà chả ai tin    Nguồn: Dongpickleball #beatvn #news		528051560_24146027541725914_5955063395223323059_n.mp4		Dũng	L		
06/08/25 - 20:00	FP - Beatvn	Lê Thị Thùy Dương	Mở cái shop ra vốn thôi không kể, nhưng nhân viên chưa để thiếu một đồng lương nào, hứa tăng lương là đến thời điểm sẽ tăng liền không sai lời. Cuối cùng nhân viên thắc mắc vì sao mình đ’ làm gì =)))  Credit: Đinh Nguyễn Linh Chi #Beatvn	527393475_1939041653302481_6435845617397745844_n.jpg			Dũng			
06/08/25 - 20:00	FP - Beatvn	Lê Thị Thùy Dương	Mở cái shop ra vốn thôi không kể, nhưng nhân viên chưa để thiếu một đồng lương nào, hứa tăng lương là đến thời điểm sẽ tăng liền không sai lời. Cuối cùng nhân viên thắc mắc vì sao mình đ’ làm gì =)))  T ở đấy để trả lương cho m đấy =))))  Credit: Đinh Nguyễn Linh Chi #Beatvn				Dũng	L		
06/08/25 - 20:37	FP - Beatvn	Lê Thị Thùy Dương	rlen nhe				Dũng			
06/08/25 - 20:37	FP - Beatvn	Lê Thị Thùy Dương	e len nhe				Dũng			
06/08/25 - 20:54	FP - Beatvn	Lê Thị Thùy Dương	ĐÃ AI LÀM GÌ ĐÂU    Tập 1 vừa chiếu, mới chỉ đang màn dạo đầu mà đã căng thẳng thế này rồi =))))))   #beatvn #SaoNhapNgu #SaoNhapNgu2025	527294313_2274338903016924_7461411912693657347_n.jpg 525912596_1295115045662986_2910416116055403615_n.jpg 526289484_1276540090772767_8729401528021104958_n.jpg 528304665_1268573094969990_4188691950136710176_n.jpg 529386288_3949078355236696_317070450482122876_n.jpg 525793505_1131315712436222_6982551052348037670_n.jpg			Dũng	L		
06/08/25 - 20:54	FP - Beatvn	Nguyễn Thị Ngọc Huyền	@Tung Doan				Dũng			
06/08/25 - 20:54	FP - Beatvn	Lê Thị Thùy Dương	Đang muốn thay đổi nghề nghiệp, ace cho hỏi ngành nghề nào thì cần phải tránh xa ạ				Dũng	L		
06/08/25 - 20:54	FP - Beatvn	Lê Thị Thùy Dương	@Tuấn Dũng				Dũng			
06/08/25 - 20:54	FP - Beatvn	Lê Thị Thùy Dương	@Tung Doan				Dũng			
06/08/25 - 20:54	FP - Beatvn	Nguyễn Thị Ngọc Huyền	BỐN PHƯƠNG TRỜI TỰ HÀO ĐÂY CHÚNG TÔI NGƯỜI VIỆT NAM    Một sản phẩm âm nhạc đặc biệt hướng tới kỷ niệm 80 năm Cách mạng Tháng Tám và Quốc khánh 2/9. Với sự góp mặt của 3 giọng ca đầy cảm xúc: NSND Thanh Hoa, Phương Mỹ Chi, Trúc Nhân.  MV Made in Vietnam là lời kể bằng âm nhạc về vẻ đẹp đất nước, không chỉ là một ca khúc, mà còn là một lời nhắn gửi, một niềm tự hào được chuyển tải bằng âm nhạc nơi thế hệ trẻ có thể cảm nhận được tinh thần dân tộc, sự đổi mới và khát vọng vươn mình của đất nước.  Cùng lắng nghe, cảm nhận và lan toả tinh thần tự hào Việt Nam theo cách rất riêng của thế hệ chúng ta    #beatvn				Dũng	L		
06/08/25 - 20:54	FP - Beatvn	Nguyễn Thị Ngọc Huyền	@Tung Doan				Dũng			
06/08/25 - 20:54	FP - Beatvn	Nguyễn Thị Ngọc Huyền	@Tuấn Dũng				Dũng			
06/08/25 - 20:54	FP - Beatvn	Nguyễn Thị Ngọc Huyền	mỗi tus hả c		528718587_24146663554994294_6578920380478387404_n.mp4		Dũng			
06/08/25 - 20:54	FP - Beatvn	Nguyễn Thị Ngọc Huyền	Clip đang sang e ơi				Dũng			
06/08/25 - 20:54	FP - Beatvn	Nguyễn Thị Ngọc Huyền	Thấy vid chưa e ơi				Dũng			
06/08/25 - 20:54	FP - Beatvn	Tuấn Dũng	mv kinh vccc				Dũng			
06/08/25 - 20:54	FP - Beatvn	Nguyễn Thị Ngọc Huyền	Ơ kìa :)))))				Dũng			
06/08/25 - 20:54	FP - Beatvn	Tuấn Dũng	mv nhiều tiền vl				Dũng			
06/08/25 - 20:54	FP - Beatvn	Tuấn Dũng	=))				Dũng			
07/08/25 - 09:06	FP - Beatvn	Nguyễn Hoàng Long	Hình ảnh các cháu học sinh nô nức và đầy háo hức sau khi được trở lại trường học	526486022_1413873389888436_2254501729563523585_n.jpg			Dũng	L		
07/08/25 - 09:30	FP - Beatvn	Nhat Anh Vu	Anh zai hào phóng cho bạn mượn SH đi biểu diễn bốc đầu bị CSGT tịch thu xe và phạt 9 triệu đồng				Dũng	L		
07/08/25 - 09:30	FP - Beatvn	Nhat Anh Vu	Sáng 7.8, Cục CSGT cho biết lực lượng vừa tịch thu xe SH biểu diễn bốc đầu qua phản ánh của người dân qua fanpage Cục Cảnh sát giao thông.  Theo hình ảnh trong clip, một nam thanh niên mặc áo xe ôm công nghệ điều khiển xe SH biển số 59AA-046.56 biểu diễn bốc đầu trên đường phố. Người cung cấp thông tin phản ánh cho biết, sự việc xảy ra vào khoảng 23 ngày 4.8.2025 trên đường Nguyễn Phúc Chu, phường Tân Sơn (quận Tân Bình cũ), TP.HCM.  Từ thông tin này, CSGT đã xác minh được người điều khiển xe SH biểu diễn bốc đầu là Nguyễn Thanh Đ., 22 tuổi, ở phường Tân An Hội (huyện Củ Chi cũ). Cụ thể hành vi vi phạm của Đ. là: điều khiển xe mô tô SH biển số 59AA-046.56 chạy bằng một bánh đối với xe hai bánh vào lúc 0 giờ 58 phút ngày 5.8.2025 tại giao lộ Nguyễn Phúc Chu và Tống Văn Hên, phường Tân Sơn, TP.HCM.  CSGT xác định Đ. không có giấy phép lái xe mô tô. Qua xác minh, CSGT TP.HCM còn lập biên bản đối với Lê Thành H. (21 tuổi, ở phường Bình Tân, TP.HCM) - là chủ chiếc xe SH biển số 59AA-046.56 với lỗi giao xe cho người không đủ điều kiện theo quy định.  Với những vi phạm này, Nguyễn Thanh Đ. sẽ bị xử phạt 7 triệu đồng và Lê Thành H. bị phạt 9 triệu đồng, chiếc xe SH bị tịch thu.  Theo: Báo Thanh Niên	528121207_1059197426409113_3893947588105293526_n.jpg 525306707_1063260656001006_6439711753581861691_n.jpg		https://thanhnien.vn/cho-ban-muon-sh-bieu-dien-boc-dau-chu-xe-bi-csgt-tich-thu-phat-9-trieu-18525080708394932.htm	Dũng	1	Che biển số	12
07/08/25 - 09:59	FP - Beatvn	Nguyễn Tuấn Thịnh	GIẢ DANH CÔNG AN ĐỂ LÊN SÂN BAY ĐÀ NẴNG ĐIỀU TIẾT GIAO THÔNG    Tối qua lực lượng an ninh sân bay Đà Nẵng đã phát hiện 1 thanh niên mặc trang phục công an đang đứng điều tiết giao thông tại khu vực nhà ga quốc nội.  Sau vài phút theo dõi, lực lượng an ninh đã bàn giao công an giả cho công an thật.  Được biết thanh niên này tự mua quân phục, tự mua biển tên, tự mua quân hàm về đeo chơi xong cũng tự ý lên sân bay để ra oai với hội...Grab    Nguồn: Thanh Niên #beatvn #news	528454146_1845938559285881_3316356095363683027_n.png			Dũng	L		
07/08/25 - 09:59	FP - Beatvn	Nhat Anh Vu	"""Vùng trời quê hương nào cũng là bầu trời Tổ quốc""   Video: Trương Hoài Vũ #Beatvn #tiepluatuhao"		525708449_10026730070768675_2990152723628669046_n.mp4		Dũng	L		
07/08/25 - 09:59	FP - Beatvn	Nguyễn Tuấn Thịnh		526079964_527490520421921_3242147180000648633_n.png			Dũng			
07/08/25 - 09:59	FP - Beatvn	Nguyễn Tuấn Thịnh	Trần Quang Huy đã từng giả danh công an năm 2019 để đi luộc đồ    Chính là vậy! Quả Secret lè khe này năm 2019 đã từng nhảy quân phục của người khác sau đó mạo danh công an để lẩn vào trụ sở Công an TP Đà Nẵng nhằm thực hiện hành vi trộm cắp tài sản.  Nếu như Bảo Thy có bài Khóc Thêm Lần Nữa thì Huy mới đây đã bị Bắt Thêm Lần Nữa, vẫn vì mặc phục công an nhưng thay vì trộm cắp, Huy lên sân bay Đà Nẵng điều để tiết giao thông    #beatvn #News	525829726_1058321443075239_5731256533246543484_n.png			Dũng	L		
07/08/25 - 09:59	FP - Beatvn	Nguyễn Tuấn Thịnh		526489223_1250449212991516_2197497551282190885_n.png			Dũng			
07/08/25 - 10:26	FP - Beatvn	Lê Thị Thùy Dương	"KTS HOÀNG ANH NGƯỜI TỪNG VAR VỚI ÔNG GIÁO REVIEW CON NHÀ HOÀNH TRÁNG 2 NĂM CHƯA XONG BỊ PHẢN ỨNG DỮ DỘI VÌ CHO NGHỈ 2 LAO ĐỘNG KHÔNG CHỊU KHUÂN ĐỒ VÀO GIỜ NGHỈ TRƯA  Trong khi câu chuyện về căn nhà hoành tá tràng nhưng phải rẻ với Ông Giáo Review hẵng còn chưa ngã ngũ, chuẩn bị rêu mọc lên đến nơi thì mới đây, KTS Hoàng Anh đã vấp phải ý kiến trái chiều khi xử lý tình huống khá khắt khe đối với nhân công lao động cho mình.   Cụ thể, nguyên vật liệu về vào đúng giờ thợ nghỉ trưa, đa phần các thợ khác đều chạy ra cùng hỗ trợ khuân đồ thì có 2 người thợ vẫn nằm võng uống chè nghỉ ngơi, không xắn tay vào việc. KTS thấy như thế là ""không bảo được lính mình"", anh lập tức nói chuyện với quản lý với thái độ gay gắt:   KTS: -Họ nằm ở đây anh thấy có chấp nhận được không, em nói họ được không? Quản lý: -Em nói thì cũng được nhưng anh nghĩ cái giấc trưa của họ mà, cái giấc trưa của họ... KTS: -À, ý là cái giấc trưa của họ thì để họ nghỉ đúng không Quản lý: -Họ nghỉ trưa họ còn làm, anh làm việc anh tôn trọng giấc trưa của họ  KTS: -Cái giấc trưa của họ anh tôn trọng, thế anh em mình không được tôn trọng, em chỉ hỏi anh là bây giờ anh em đang làm ở chỗ kia, họ không làm, vậy thì thôi chứ mình có đi xin họ làm đâu anh. Cái xe nó về giờ nào không quan trọng, nhưng hiện tại mình cần, họ không làm thì em cũng không cần, hôm nay mời họ ra luôn  Sự việc cuối cùng kết thúc bằng việc KTS cho 2 người thợ nhận công và nghỉ việc luôn từ lúc đó.  Hiện câu chuyện vẫn đang gây nhiều luồng ý kiến trái chiều trong dư luận, nhưng người vui nhất chắc phải kể đến Ông Giáo Review, tiktoker này đã lập tức dậu đổ bằng một chiếc video nóng hổi =))) Bạn nghĩ sao về vấn đề này?   Thông tin từ: KTS Hoàng Anh #Beatvn"	526214845_2031946200879102_6044083672998871244_n.png 525986280_1094953865390294_7287449510795077898_n.png 529359679_1087963246210350_1058124128446553841_n.png 527312472_1488083749054417_6242204098858487539_n.png 526182653_679812911744402_93449148392448114_n.png		https://www.tiktok.com/@kts_hoanganhmo/video/7533867088172092680	Dũng	L		
07/08/25 - 10:26	FP - Beatvn	Nguyễn Tuấn Thịnh	TREND ĐÓNG VIỆN PHÍ CHO NGƯỜI LẠ: MỘT BẠN CHỢT NHẬN RA MÌNH ĐÃ ĐU TREND NÀY ĐƯỢC 3 NĂM RỒI     Đây là bạn Uông Thục Quyên. Trong suốt 3 năm qua bạn đã trở thành ân nhân của rất nhiều người lạ khi âm thầm tri trả viện phí, thắp lên hy vọng cho nhiều mảnh đời khó khăn tại bệnh viện Nhi Đồng 2    #beatvn #News	527229847_4141447739429138_4389904400786170359_n.png			Dũng	L		
07/08/25 - 10:26	FP - Beatvn	Nguyễn Tuấn Thịnh		525948888_1080582340358926_7655277893010678558_n.png			Dũng			
07/08/25 - 10:26	FP - Beatvn	Nguyễn Tuấn Thịnh	đẩy tin này lên trc nha	524733261_1250169336583447_1551026536099738826_n.png			Dũng			
07/08/25 - 10:26	FP - Beatvn	Tung Doan	đang nóng				Dũng			
07/08/25 - 10:26	FP - Beatvn	Tung Doan	thay ảnh 1 nha a ơi. chơi 4 ảnh giao diện lên fb nó đẹp a ạh	526765213_654266803688348_2369492449749425369_n.png			Dũng			
07/08/25 - 10:26	FP - Beatvn	Tung Doan	oke e				Dũng			
07/08/25 - 10:26	FP - Beatvn	Tung Doan	a vừa sửa rồi				Dũng			
07/08/25 - 10:26	FP - Beatvn	Lê Thị Thùy Dương	-10điểm				Dũng			
07/08/25 - 10:26	FP - Beatvn	Lê Thị Thùy Dương	quá nặng				Dũng			
07/08/25 - 10:26	FP - Beatvn	Nguyễn Tuấn Thịnh	mẹ kiếp sao sai đc nhỉ				Dũng			
07/08/25 - 10:26	FP - Beatvn	Tung Doan	@Tuấn Dũng đọc kỹ cùng ae nhé				Dũng			
07/08/25 - 10:26	FP - Beatvn	Nguyễn Tuấn Thịnh	multitask nảo e nó k load kịp đó				Dũng			
07/08/25 - 10:26	FP - Beatvn	Tung Doan	lọt qua 3 mắt				Dũng			
07/08/25 - 10:26	FP - Beatvn	Nguyễn Tuấn Thịnh	CÔNG AN HÀ NỘI TỔNG DUYỆT 'NGÀY HỘI VÌ THỦ ĐÔ BÌNH YÊN'    Sáng nay, Công an TP Hà Nội đã tổ chức tổng duyệt, chuẩn bị diễu binh, diễu hành Ngày hội vì Thủ đô bình yên, ra quân đảm bảo an ninh trật tự các hoạt động kỷ niệm 80 năm Cách mạng tháng Tám thành công và Quốc khánh 2/9.  Từ 4h sáng, lực lượng Công An TP Hà Nội tập trung tại khu vực Hồ Hoàn Kiếm, chuẩn bị tham gia buổi tổng duyệt. Đúng 5h, cuộc tổng duyệt bắt đầu. Dẫn đầu đoàn diễu hành là khối rước ảnh Chủ tịch Hồ Chí Minh. Tiếp theo là khối rước Hồng kỳ - lá cờ đỏ thiêng liêng, biểu tượng cho tinh thần cách mạng, ý chí bất khuất của dân tộc.  Theo: Vietnamnet  #beatvn #tiepluatuhao	526682985_635651139090468_4036935912608546347_n.jpg 526745187_1267095174898042_5355263870586502028_n.jpg 526211076_1459617558786653_3699789981599683316_n.jpg 523717124_24158015840473571_6623578378503509542_n.jpg 529188414_2243172242822700_1677533394148189921_n.jpg 526855726_2500791196943979_2155317687805640076_n.jpg 527939423_974474288082028_862760781736172717_n.jpg 523734215_1103486731881430_8605114359682721585_n.jpg 528055582_1276665513851972_9076863763210376758_n.jpg 528271884_1254556712556517_6348685320914205908_n.jpg 528097513_1094712395461471_475048386992790074_n.jpg 526362664_640391105772487_1841377124143640039_n.jpg 527840051_626539817168582_5169064405459282335_n.jpg 523374831_2326498121080385_1391657088444178937_n.jpg 525976976_758050090500005_8502992925671168501_n.jpg 526125100_1890970641694635_283710074533732402_n.jpg 526700280_2128623854295927_6398984696459497675_n.jpg 524654314_2763895970473125_2621872008349106559_n.jpg 524718413_598389639805190_5099826784952908294_n.jpg			Dũng	L		
07/08/25 - 10:26	FP - Beatvn	Nguyễn Thị Ngọc Huyền	@Tung Doan thêm tiepluatuhao đc k a :))))				Dũng			
07/08/25 - 10:26	FP - Beatvn	Tuấn Dũng	Vietnamnet...				Dũng			
07/08/25 - 10:26	FP - Beatvn	Tuấn Dũng	Chắc ksao nhỉ ;))				Dũng			
07/08/25 - 10:26	FP - Beatvn	Nguyễn Thị Ngọc Huyền	a Tùng chắc bảo kê đc :))))				Dũng			
07/08/25 - 10:26	FP - Beatvn	Nhat Anh Vu	GÓC THẮC MẮC   Mới đây, Một chị gái du lịch sinh vừa có chuyến du lịch từ Việt Nam về đã có một vài thắc mắc nhờ các ae CĐM giải đáp    Chuyện là bà chị có lên X thắc mắc rằng vạch kẻ đường ở VN có tác dụng gì khi các phương tiện không dừng lại nhường đường.  Ở bên dưới có rất nhiều du khách từng đến SG trả lời rằng “Bạn cứ băng qua đường như bạn nữ trong video, các phương tiện sẽ tự chủ động đi vòng qua người bạn”    #Beatvn				Dũng	L		
07/08/25 - 10:26	FP - Beatvn	Vu	Topic hiện đang viral trên X		528927970_24168803749435635_3441722849642719558_n.mp4		Dũng			
07/08/25 - 10:26	FP - Beatvn	Nhat Anh Vu		525331746_617589254376540_8067608716206518869_n.jpg			Dũng			
07/08/25 - 10:26	FP - Beatvn	Tung Doan	e cut bớt cái khoảng đen trên và dưới ảnh nhé				Dũng			
07/08/25 - 10:26	FP - Beatvn	Nhat Anh Vu		525752536_737497789147986_8682279397740565115_n.jpg			Dũng			
07/08/25 - 10:26	FP - Beatvn	Tung Doan	nên đăng clip hay ảnh nhỉ				Dũng			
07/08/25 - 10:26	FP - Beatvn	Tung Doan	phân vân quá				Dũng			
07/08/25 - 10:26	FP - Beatvn	Nhat Anh Vu	E cũng đng nghĩ				Dũng			
07/08/25 - 10:26	FP - Beatvn	Tung Doan	@Đoàn Việt có cao kiến gì ko b				Dũng			
07/08/25 - 10:26	FP - Beatvn	Nhat Anh Vu	vid ae =))) trong cap nói là như trong clip thì phải có clip cho chúng n xem chứ	527675454_24607644852233115_1309727018501854112_n.png			Dũng			
07/08/25 - 10:26	FP - Beatvn	Đoàn Quốc Việt	với du lịch sinh là chơi chữ kiểu du học sinh à				Dũng			
07/08/25 - 10:26	FP - Beatvn	Nhat Anh Vu	vâng a, kiểu đi vài ngày rồi về á ạ				Dũng			
07/08/25 - 10:26	FP - Beatvn	Nguyễn Việt Long	"AI ĐỖ CÔNG CHỨC, CHÍNH THỨC BƯỚC CHÂN VÀO NHÀ TRẮNG    Vào ngày 5/8, Cơ quan Dịch vụ Tổng hợp Hoa Kỳ (GSA) chính thức bật đèn xanh cho ba nền tảng AI gồm ChatGPT, Gemini và Claude vào danh sách mua sắm liên bang, giúp các cơ quan chính phủ triển khai AI mà không cần ký hợp đồng rườm rà.  Động thái này thể hiện nỗ lực thực thi chiến lược AI “Chiến thắng trong cuộc đua AI” do ông Trump phát động, nhằm giữ thế thượng phong trước Trung Quốc.  Chỉ những AI đạt chuẩn về bảo mật, hiệu suất và không thiên kiến tư tưởng mới được ký hợp đồng với chính phủ Mỹ.  AI sẽ được dùng để tăng năng suất, giảm cảnh đánh máy mỏi tay, giúp công chức... bớt khổ.  Chúc mừng Nhà Trắng tìm được 3 ""nhân viên"" OT không lương.   Nguồn: Báo Tuổi Trẻ  #beatvn"	526742268_4044758682429844_4065167036405216619_n.png			Dũng	L		
07/08/25 - 10:26	FP - Beatvn	Tung Doan	đoạn đầu viết oke ,mà 4 đoạn cuối đọc như báo ấy e				Dũng			
07/08/25 - 10:26	FP - Beatvn	Nguyễn Việt Long	dạ để em nắn lại ạ	529410116_4160268610897407_9135622587598388227_n.png 525756062_1062274766078581_2266445141727352269_n.png 525975148_1685136895529988_2890475609465240357_n.png 525906024_3790481451252839_510393786970588628_n.png			Dũng			
07/08/25 - 10:26	FP - Beatvn	Tung Doan	e viết hẳn lại bằng giọng của e				Dũng			
07/08/25 - 10:26	FP - Beatvn	Lê Thị Thùy Dương		524630119_1468841037481715_5482562147704835789_n.jpg			Dũng	L		
07/08/25 - 10:26	FP - Beatvn	Tung Doan	đọc để nắm thông tin, rồi phải kể lại cho ngta				Dũng			
07/08/25 - 10:26	FP - Beatvn	Tung Doan	chứ đừng có lấy nguyên báo bê về				Dũng			
07/08/25 - 10:26	FP - Beatvn	Tung Doan	đọc khó hiểu quá				Dũng			
07/08/25 - 10:26	FP - Beatvn	Lê Thị Thùy Dương	hự				Dũng			
07/08/25 - 10:26	FP - Beatvn	Tung Doan	uh thôi lên đi				Dũng			
07/08/25 - 10:26	FP - Beatvn	Tung Doan	a đọc 3 lần mới hiểu, tại cap cũng ko ấy rõ dc				Dũng			
07/08/25 - 10:26	FP - Beatvn	Tung Doan	"Shop ơi mai có bánh gì"" ""Lại nhớ bố m à"				Dũng			
07/08/25 - 10:26	FP - Beatvn	Nguyễn Việt Long	AI ĐỖ CÔNG CHỨC, CHÍNH THỨC BƯỚC CHÂN VÀO NHÀ TRẮNG    Ngày 5/8, chính phủ Mỹ chính thức “duyệt hồ sơ” cho 3 nền tảng AI: ChatGPT, Gemini và Claude vào danh sách mua sắm liên bang, cho phép toàn bộ cơ quan liên bang xài mà không cần làm hợp đồng rườm rà nữa.  Động thái này nằm trong chiến lược “AI là phải thắng” từng được ông Trump khởi xướng, với mục tiêu: giữ vững thế thượng phong công nghệ trước Trung Quốc.  Ba nền tảng AI được chọn phải đạt chuẩn cao về bảo mật, không thiên vị tư tưởng và hiệu suất tốt.  AI sẽ được dùng để hỗ trợ xử lý công việc, tăng năng suất và phần nào… giảm mệt mỏi cho các anh chị công chức.  Chúc mừng Nhà Trắng đã tuyển được 3 “nhân viên OT không lương”    Nguồn: Báo Tuổi Trẻ  #beatvn #AI				Dũng			
07/08/25 - 10:26	FP - Beatvn	Tung Doan	@Tung Doan dạ em gửi lại ạ	528613473_1084462126632024_1350756126970941746_n.jpg			Dũng			
07/08/25 - 10:26	FP - Beatvn	Lê Thị Thùy Dương	xoá cái ma đi				Dũng			
07/08/25 - 10:26	FP - Beatvn	Tung Doan	siêu cứng nghiêm túc tòa soạn báo chí luôn	524924666_1027444645937798_790028079264378558_n.png			Dũng			
07/08/25 - 10:26	FP - Beatvn	Tung Doan	ko thoát ra dc đâu				Dũng			
07/08/25 - 10:26	FP - Beatvn	Tung Doan	tính nắng kìa				Dũng			
07/08/25 - 10:26	FP - Beatvn	Tung Doan	@Tuấn Dũng e có check ko vậy				Dũng			
07/08/25 - 10:26	FP - Beatvn	Tuấn Dũng	adu sorry mn @@				Dũng			
07/08/25 - 10:26	FP - Beatvn	Tung Doan	trừ điểm của DƯơng Lê đi rồi 2 ce tính sổ với nhau				Dũng			
07/08/25 - 10:26	FP - Beatvn	Lê Thị Thùy Dương	😄				Dũng			
07/08/25 - 10:26	FP - Beatvn	Tung Doan	à thôi, Dũng duyệt r nhỉ				Dũng			
07/08/25 - 10:26	FP - Beatvn	Tung Doan	đành				Dũng			
07/08/25 - 10:26	FP - Beatvn	Nguyễn Thị Ngọc Huyền	Dũng ơi gửi lại nhé	515425208_739513728942541_9101593171092949614_n.jpg 527099246_1099519991533568_6833099364368190724_n.jpg 526780516_1324420592362798_2506062819484724772_n.jpg 527190591_4086059391660557_8910308557459337996_n.jpg 528881375_710519628474336_2196817436148208671_n.jpg 526651059_1097788451777645_2909613765029678046_n.jpg			Dũng			
07/08/25 - 10:26	FP - Beatvn	Nguyễn Thị Ngọc Huyền	bỏ ảnh vnn				Dũng			
07/08/25 - 10:26	FP - Beatvn	Nguyễn Việt Long	"AI ĐỖ CÔNG CHỨC, CHÍNH THỨC BƯỚC CHÂN VÀO NHÀ TRẮNG    Ngày 5/8, GSA (Cơ quan Dịch vụ Tổng hợp Hoa Kỳ) đã bật đèn xanh cho 3 siêu AI: ChatGPT (OpenAI), Gemini (Google) và Claude (Anthropic), đưa thẳng vào danh sách mua sắm nhanh của chính phủ.  Từ nay, các cơ quan liên bang có thể triển khai AI mà không cần hợp đồng rườm rà, rút ngắn thủ tục tối đa.  Động thái này nằm trong chiến lược “AI phải thắng” do ông Trump vừa kích hoạt lại hôm 23/7 vừa qua, nhằm giữ vị thế công nghệ trước Trung Quốc.  Muốn vào Nhà Trắng, ba nền tảng AI phải vượt qua các bài test về hiệu suất, bảo mật, đạo đức và kiểm soát thiên kiến.  Chính phủ kỳ vọng dàn trí tuệ nhân tạo này sẽ giúp tăng năng suất công việc và giảm căng thẳng cho công chức, hay ít nhất là... không than mệt giữa giờ làm.  Chúc mừng Nhà Trắng đã tuyển được ba ""nhân viên"" OT không lương    Nguồn: Báo Tuổi Trẻ  #beatvn #AI"				Dũng	L		
07/08/25 - 10:26	FP - Beatvn	Nguyễn Việt Long	@Tung Doan em gửi lại cap ạ				Dũng			
07/08/25 - 10:26	FP - Beatvn	Tung Doan	tạm				Dũng			
07/08/25 - 10:26	FP - Beatvn	Tung Doan	"AI ĐỖ CÔNG CHỨC, CHÍNH THỨC BƯỚC CHÂN VÀO NHÀ TRẮNG    Ngày 5/8, GSA (Cơ quan Dịch vụ Tổng hợp Hoa Kỳ) đã bật đèn xanh cho 3 siêu AI: ChatGPT (OpenAI), Gemini (Google) và Claude (Anthropic), đưa thẳng vào danh sách mua sắm nhanh của chính phủ.  Muốn vào Nhà Trắng, ba nền tảng AI phải vượt qua các bài test về hiệu suất, bảo mật, đạo đức và kiểm soát thiên kiến.  Chính phủ kỳ vọng dàn trí tuệ nhân tạo này sẽ giúp tăng năng suất công việc và giảm căng thẳng cho công chức, hay ít nhất là... không than mệt giữa giờ làm.  Chúc mừng Nhà Trắng đã tuyển được ba ""nhân viên"" OT không lương    Nguồn: Báo Tuổi Trẻ  #beatvn #AI"				Dũng			
07/08/25 - 10:26	FP - Beatvn	Tung Doan	Bỏ bớt mấy thông tin thừa				Dũng			
07/08/25 - 10:26	FP - Beatvn	Tung Doan	Dùng cái ảnh chán đời thế				Dũng			
07/08/25 - 10:26	FP - Beatvn	Tung Doan	Chọn lại ảnh đi @Nguyễn Việt Long				Dũng	L		
07/08/25 - 10:26	FP - Beatvn	Nguyễn Hoàng Long		482493605_548266678326414_228035275981669745_n.jpg			Dũng			
07/08/25 - 10:26	FP - Beatvn	Nguyễn Việt Long	@Tung Doan ảnh này ô kê không ạ				Dũng			
07/08/25 - 10:26	FP - Beatvn	Tung Doan	Ko luôn e				Dũng			
07/08/25 - 10:26	FP - Beatvn	Nguyễn Hoàng Long		526385173_619517687899781_2586508753231765039_n.jpg			Dũng			
07/08/25 - 10:26	FP - Beatvn	Nguyễn Việt Long	Dùng luôn ảnh trong bài được ko ạ				Dũng			
07/08/25 - 10:26	FP - Beatvn	Tung Doan	E làm page tháng rồi , e phải quan sát dc cái mood ảnh minh hoạ của bên mình ntnao				Dũng			
07/08/25 - 10:26	FP - Beatvn	Nguyễn Hoàng Long	Ko cảm nhận dc thì rất khó	528172045_766720486304154_3869748580232069293_n.jpg			Dũng			
07/08/25 - 10:26	FP - Beatvn	Nguyễn Việt Long	Dạ em gửi ạ @Tung Doan				Dũng			
07/08/25 - 10:26	FP - Beatvn	Tung Doan	Nhớ nhé sau cứ thế mà làm				Dũng			
07/08/25 - 10:26	FP - Beatvn	Tung Doan	Đừng có lồng mấy cái ảnh đồ hoạ ảo ma vào hỏng hết cơm cháo				Dũng			
07/08/25 - 10:26	FP - Beatvn	Tuấn Dũng	ok				Dũng			
07/08/25 - 13:01	FP - Beatvn	Lê Thị Thùy Dương	ĐÃ HƯỚNG DẪN CÁCH BẢO QUẢN ĐỂ CON ĐƯỢC SẠCH SẼ ĐOẠN ĐƯỜNG CUỐI RỒI MÀ CŨNG KHÔNG LÀM ĐƯỢC…  Một cơ sở nhận an táng cho những sinh linh tội nghiệp đã chia sẻ câu chuyện hết sức đáng thương của một em bé khi rời xa cõi đời này.   Bé còn rất rất nhỏ chỉ chừng chục tuần, lên tới cơ sở là lúc 11h đêm và chiếc giường em nằm từ tay mẹ trao cho cơ sở là thùng mì tôm, không có một bộ quần áo, cũng không có tấm khăn xô, không một đồng tiền lẻ.  Mặc dù trước đó người nhận an táng đã hướng dẫn người mẹ cách bảo quản nhưng cuối cùng mẹ cũng không làm, đem bé tới đây còn không báo mà cảm giác chỉ như tiện đường thì rẽ qua.   Không chỉ toả ra mùi nồng, thậm chí còn đang phân huỷ, người an táng đã sử dụng dầu phật linh cũng không hết mùi. Em nằm tư thế ôm đầu.   Cuối cùng cô an táng đã vuốt ve em, lo cho em đoạn đường cuối cùng này chứ không phải người mẹ “Mẹ không có ý gì với em đâu nhé, nhưng mà mẹ em để em mùi quá con ạ…”  Bất kể một sinh linh nào khi có mặt trên đời dù là được chào đón hay không thì các em đều xứng đáng có một cuộc sống tử tế, được thành người, lớn lên và sống vui vẻ hạnh phúc.  Còn nếu như vì hoàn cảnh mà phải tiễn em đi thì ít nhất hãy để cho em đoạn đường cuối được yên bình, sạch sẽ. Không được thành người đã là thiệt thòi lớn nhất mà không điều gì có thể bù đắp nổi rồi.  Thông tin từ: Hường Ơi 96 #Beatvn	524808724_1282860773377043_6978437330773465663_n.jpg 526308457_1683479475701747_4796331538221482908_n.jpg 525752536_1302394651488083_4864819262180880414_n.jpg 516863321_746543351565672_4364819350960129082_n.jpg 528258915_816732524019386_507802857294875758_n.jpg 525568786_1557926042250122_452677183728627890_n.jpg		https://vt.tiktok.com/ZSSXPJ9Qk/	Dũng	L		
07/08/25 - 13:01	FP - Beatvn	Lê Thị Thùy Dương					Dũng			
07/08/25 - 13:35	FP - Beatvn	Tuấn Dũng	vụt				Dũng			
07/08/25 - 13:35	FP - Beatvn	Nguyễn Tuấn Thịnh	HẾT GÓI MÙA THU BẢN DÙNG DÙNG THỬ   Mùa hè sẽ chính thức quay lại vào ngay ngày mai    Nguồn: VTV #beatvn #News	528829811_606691922251397_4225920143075978892_n.png			Dũng			
07/08/25 - 13:35	FP - Beatvn	Tuấn Dũng	e xin link nguồn check time nhé				Dũng			
07/08/25 - 13:35	FP - Beatvn	Nguyễn Tuấn Thịnh	a lấy ảnh bên cchn :))))	524279629_1371836587629872_4879962500210842670_n.jpg 529183032_1379728866840644_7807972743641167247_n.jpg			Dũng			
07/08/25 - 13:35	FP - Beatvn	Nguyễn Tuấn Thịnh				https://www.facebook.com/photo?fbid=1379760426837488&set=a.258135382333337	Dũng			
07/08/25 - 13:35	FP - Beatvn	Tuấn Dũng	[Message Retracted]				Dũng			
07/08/25 - 14:42	FP - Beatvn	Lê Thị Thùy Dương	"""LỢN CẮP NÁCH"" LÂU NAY VẪN BÁN CHO ĐẠI GIA Ở DƯỚI XUÔI THỰC RA LÀ LỢN GIỐNG???  Tài khoản facebook Đinh Huy Hoàng mới đây đã lên một bài viết nói về những chú lợn cắp nách thường được bán ở các thành phố lớn với giá từ 1tr2-1tr4 một con.   Nguyên văn chia sẻ: ""Biên bài này là cánh buôn ""lợn cắp nách"" lâu nay vẫn âm thầm bán cho đại gia Hà Nội lại nhảy dựng lên đây.  Kiểu gì cũng vào cãi nhem nhẻm cho mà xem. Cơ mà ông chấp hết, lũ ""gian thương"" nghe chửa ?  LỢN CẮP NÁCH  1. Rất nhiều người nghĩ ""lợn cắp nách"" là con lợn để thịt. Thật ra nó là con lợn giống. Dưới xuôi gọi là con lợn bột. Tức là thôi bú sữa mà chuyển sang ăn bột (cháo cám) được rồi.  Đồng bào thiểu số ở trên núi cao. Lợn nuôi thả cả đàn. Vào ngày có phiên chợ, họ bế một chú lợn con xuống bán. Lấy tiền đó mua những nhu yếu phẩm cần thiết. Chứ họ làm gì có tiền sẵn ?  2. Nếu lợn nhỏ (quãng 6-7kg), chợ gần thì họ cắp nách. Lợn nhỡ (quãng 10-12kg) thì họ phải gông nó lại. Thế mới vác mà trèo đèo, lội suối.. xuống chợ được.  Mấy ông Kinh đi phượt dọc đường thấy bà con vác lợn, bèn hỏi mua. Rồi mang về mổ, ăn với nhau. Phao um lên rằng con lợn trên bản nó chỉ to cỡ con chó. Cắp nách được.  3. Thật ra là các ông xơi con lợn giống.  Nuôi (thả) tiếp một năm nó nặng quãng 40-50kg. Nuôi tiếp năm nữa nó nặng 80kg. Chứ không phải kịch size nó chỉ ""cắp nách"" như các ông nghĩ.  4. Điều tương tự là cái con ""cá suối"" mà các ông Kinh đi du lịch vẫn xơi. Thậm chí còn mua, mang về xuôi mời nhau ăn.  Các ông thấy nó be bé nên các ông bảo là ""cá suối"". Thật ra nó là con cá trôi giống. Không tin các ông thả vào ao xem ? Nuôi mấy tháng nó lại chả to tướng ra ấy. Suối gì mà suối hả mấy ông ngỗng đi du lịch ơi ?""  Không biết sự thật thế nào nhỉ, bình thường toàn đi chợ cuối ngày mua mấy lạng thịt xay nhộm nhoạm về tráng trứng ăn, chưa bao giờ được thẩm lợn cắp nách nên không dám đánh giá gì, huhu     Thông tin từ: Đinh Huy Hoàng  #Beatvn"	524591465_735384435788772_7871839050793841365_n.png			Dũng			
07/08/25 - 14:42	FP - Beatvn	Lê Thị Thùy Dương	ông ngỗng--> bỏ ngỗng là ok c	351800703_1290978764839733_2494091525894665862_n.jpg 528426250_25175357508720209_3359191948794795021_n.jpg			Dũng			
07/08/25 - 14:42	FP - Beatvn	Lê Thị Thùy Dương	"""LỢN CẮP NÁCH"" LÂU NAY VẪN BÁN CHO ĐẠI GIA Ở DƯỚI XUÔI THỰC RA LÀ LỢN GIỐNG???  Tài khoản facebook Đinh Huy Hoàng mới đây đã lên một bài viết nói về những chú lợn cắp nách thường được bán ở các thành phố lớn với giá từ 1tr2-1tr4 một con.   Nguyên văn chia sẻ: ""Biên bài này là cánh buôn ""lợn cắp nách"" lâu nay vẫn âm thầm bán cho đại gia Hà Nội lại nhảy dựng lên đây.  Kiểu gì cũng vào cãi nhem nhẻm cho mà xem. Cơ mà ông chấp hết, lũ ""gian thương"" nghe chửa ?  LỢN CẮP NÁCH  1. Rất nhiều người nghĩ ""lợn cắp nách"" là con lợn để thịt. Thật ra nó là con lợn giống. Dưới xuôi gọi là con lợn bột. Tức là thôi bú sữa mà chuyển sang ăn bột (cháo cám) được rồi.  Đồng bào thiểu số ở trên núi cao. Lợn nuôi thả cả đàn. Vào ngày có phiên chợ, họ bế một chú lợn con xuống bán. Lấy tiền đó mua những nhu yếu phẩm cần thiết. Chứ họ làm gì có tiền sẵn ?  2. Nếu lợn nhỏ (quãng 6-7kg), chợ gần thì họ cắp nách. Lợn nhỡ (quãng 10-12kg) thì họ phải gông nó lại. Thế mới vác mà trèo đèo, lội suối.. xuống chợ được.  Mấy ông Kinh đi phượt dọc đường thấy bà con vác lợn, bèn hỏi mua. Rồi mang về mổ, ăn với nhau. Phao um lên rằng con lợn trên bản nó chỉ to cỡ con chó. Cắp nách được.  3. Thật ra là các ông xơi con lợn giống.  Nuôi (thả) tiếp một năm nó nặng quãng 40-50kg. Nuôi tiếp năm nữa nó nặng 80kg. Chứ không phải kịch size nó chỉ ""cắp nách"" như các ông nghĩ.  4. Điều tương tự là cái con ""cá suối"" mà các ông Kinh đi du lịch vẫn xơi. Thậm chí còn mua, mang về xuôi mời nhau ăn.  Các ông thấy nó be bé nên các ông bảo là ""cá suối"". Thật ra nó là con cá trôi giống. Không tin các ông thả vào ao xem ? Nuôi mấy tháng nó lại chả to tướng ra ấy. Suối gì mà suối hả mấy ông ơi ?""  Không biết sự thật thế nào nhỉ, bình thường toàn đi chợ cuối ngày mua mấy lạng thịt xay nhộm nhoạm về tráng trứng ăn, chưa bao giờ được thẩm lợn cắp nách nên không dám đánh giá gì, huhu     Thông tin từ: Đinh Huy Hoàng  #Beatvn"	526673107_1491326325612631_6616351916355075387_n.png			Dũng	L		
07/08/25 - 14:42	FP - Beatvn	Nhat Anh Vu	CHÍNH THỨC:    LỊCH SƠ DUYỆT, TỔNG DUYỆT DIỄU BINH, DIỄU HÀNH KỶ NIỆM 80 NĂM QUỐC KHÁNH 2/9				Dũng	L		
07/08/25 - 14:42	FP - Beatvn	Nhat Anh Vu	Theo Đề án tổ chức diễu binh, diễu hành trong lễ kỷ niệm, diễu binh, diễu hành của Bộ Quốc phòng, Lễ kỷ niệm, diễu binh, diễu hành 80 năm Cách mạng tháng Tám thành công và Quốc khánh 2/9 diễn ra lúc 6h30 ngày 2/9 tại quảng trường Ba Đình và một số tuyến đường trung tâm Thủ đô Hà Nội.  Để chuẩn bị chu đáo cho lễ kỷ niệm và hoạt động diễu binh, diễu hành, lễ sơ duyệt tổ chức lúc 21h ngày 27/8 (dự phòng ngày 28/8); lễ tổng duyệt tổ chức lúc 7h ngày 30/8 (dự phòng ngày 31/8)  Chương trình cụ thể của Lễ kỷ niệm, diễu binh, diễu hành ngày 2/9:  - 6h30: Rước đuốc truyền thống.  - 6h45: Nghi lễ chào cờ.  - 6h50: Tuyên bố lý do, giới thiệu đại biểu.  - 7h5: Diễn văn của lãnh đạo Đảng, Nhà nước.  - Từ 7h45: Chương trình diễu binh, diễu hành.  - 9h45 đến 10h: Màn đồng diễn nghệ thuật kết thúc.  Thành phần tham dự buổi lễ dự kiến khoảng 30.000 người, không bao gồm lực lượng diễu binh, diễu hành.  Đội hình diễu binh, diễu hành lần này có 18 khối đứng, 43 khối đi, trong đó có 7 khối nữ Quân đội (khối nữ Quân nhạc, Quân y, Gìn giữ hòa bình Việt Nam, Chiến sĩ biệt động, Chiến sĩ thông tin, Dân quân các dân tộc Việt Nam, Du kích miền Nam) và 2 khối nữ Công an (khối nữ Cảnh sát giao thông, Cảnh sát Đặc nhiệm). Ngoài các quân binh chủng diễu binh trên mặt đất, Quân đội còn có khối xe tăng, tàu ngầm, tàu mặt nước của hải quân diễu binh.  Theo: VTC News	527604712_1733453050628033_6873848447434672282_n.png 527032479_780039344588310_2041773884425016106_n.png		https://vtcnews.vn/lich-so-duyet-tong-duyet-dieu-binh-dieu-hanh-ky-niem-80-nam-quoc-khanh-2-9-ar958457.html?fbclid=IwY2xjawMBOcpleHRuA2FlbQIxMABicmlkETFENjN0T3U3ZFV1MmhiNkZXAR66xTK-5X-oQl58p1Q7FWnhgknGHMp7m55vCMRg9AM-MFJ73o1AUkWmPcPQ2g_aem_g2D3P8MEoWSTsVVlIJVuLw	Dũng	L		
07/08/25 - 14:42	FP - Beatvn	Vu					Dũng			
07/08/25 - 14:42	FP - Beatvn	Tuấn Dũng	ảnh này e lấy đâu ghi nguồn vào bài nhé				Dũng			
07/08/25 - 14:42	FP - Beatvn	Nhat Anh Vu	vc ảnh này bên dân trí	527196307_756148387346693_1817060014310038701_n.png			Dũng			
07/08/25 - 14:42	FP - Beatvn	Vu	e đổi sang ảnh này ạ				Dũng			
07/08/25 - 14:42	FP - Beatvn	Tung Doan	Ê				Dũng			
07/08/25 - 14:42	FP - Beatvn	Tung Doan	Dạng này thì e để luôn thông tin trên cap đi				Dũng			
07/08/25 - 14:42	FP - Beatvn	Tung Doan	Làm nổi bật thông tin chính				Dũng			
07/08/25 - 14:42	FP - Beatvn	Nhat Anh Vu	vaangg a để e edit lạii				Dũng			
07/08/25 - 15:48	FP - Beatvn	Nguyễn Việt Long	Con không lớn nữa, bố mẹ cũng đừng già đi được không?  Con biết câu nói của con ích kỷ, phi lý, nhưng từ sâu thẳm trong trái tim, con vẫn luôn mong phép màu đó xảy ra.  Ngày con còn bé tí như cục kẹo, con đã lờ mờ thấy được hình bóng ba mẹ ôm con ngủ, kiên nhẫn thức trắng đêm dỗ dành khi con khóc.  Lớn lên chút nữa, ba mẹ dẫn con tới trường, tay trong tay, con thấy mình là đứa trẻ hạnh phúc nhất đời. Tan học, cả nhà mình lại đi ăn kem, rồi mẹ lấy khăn lau đi phần kem lấm lem trên miệng con, vừa lau mẹ vừa cười, một nụ cười thật xinh: - Con quỷ nhỏ của bố mẹ!  Vào đại học, con lên thành phố, phải xa nhà, xa vòng tay mẹ, xa ánh mắt của cha. Nhưng con cảm thấy bố mẹ vẫn luôn bên con, luôn chăm sóc, nâng niu con. Lúc thì bao gạo, lúc thì cân thịt, khi thì câu hỏi thăm: - Con vẫn khỏe chứ, ba mẹ nhớ con lắm!  Rồi con đi làm, cuốn theo nhịp đời. Deadline, OT, gánh nặng cơm áo gạo tiền làm con nghẹt thở. Có những lúc con kiệt sức muốn ngất. Nhưng mỗi lần như vậy, ba mẹ luôn động viên: - Nếu con mệt mỏi quá, về nhà đi con. Ba mẹ vẫn luôn ở đây!  Và thế là con lại đứng lên, bước tiếp, vì con biết có ba mẹ sau lưng con.  Dù có bao nhiêu khổ đau, chỉ cần ba mẹ vẫn còn trên đời này, thì thế giới này với con vẫn luôn là một nơi đáng sống    Video: ig.ngaythang  #Beatvn		526982849_24047594378194647_8265180833020622458_n.mp4		Dũng	L		
07/08/25 - 15:48	FP - Beatvn	Nhat Anh Vu	CHÍNH THỨC: LỊCH TRÌNH SƠ DUYỆT, TỔNG DUYỆT DIỄU BINH, DIỄU HÀNH KỶ NIỆM 80 NĂM QUỐC KHÁNH 2/9    Lịch trình cụ thể của Lễ kỷ niệm, diễu binh, diễu hành ngày 2/9:  - 6h30: Rước đuốc truyền thống. - 6h45: Nghi lễ chào cờ. - 6h50: Tuyên bố lý do, giới thiệu đại biểu. - 7h5: Diễn văn của lãnh đạo Đảng, Nhà nước. - Từ 7h45: Chương trình diễu binh, diễu hành. - 9h45 đến 10h: Màn đồng diễn nghệ thuật kết thúc.  Đội hình diễu binh, diễu hành lần này có 18 khối đứng, 43 khối đi, trong đó có 7 khối nữ Quân đội (khối nữ Quân nhạc, Quân y, Gìn giữ hòa bình Việt Nam, Chiến sĩ biệt động, Chiến sĩ thông tin, Dân quân các dân tộc Việt Nam, Du kích miền Nam) và 2 khối nữ Công an (khối nữ Cảnh sát giao thông, Cảnh sát Đặc nhiệm).  Ngoài các quân binh chủng diễu binh trên mặt đất, Quân đội còn có khối xe tăng, tàu ngầm, tàu mặt nước của hải quân diễu binh.  Theo: VTC News	529137425_1978144396276664_6436217183181337729_n.jpg			Dũng	L		
07/08/25 - 15:48	FP - Beatvn	Nguyễn Việt Long	dạ em sửa rồi ạ				Dũng			
07/08/25 - 15:48	FP - Beatvn	Tuấn Dũng	- 9h45 đến 10h: Màn đồng diễn nghệ thuật kết thúc. - 9h45 đến 10h: Màn đồng diễn nghệ thuật kết thúc.				Dũng			
07/08/25 - 15:48	FP - Beatvn	Nhat Anh Vu	e sửa rui a ạ				Dũng			
07/08/25 - 15:48	FP - Beatvn	Nguyễn Thị Ngọc Huyền	cái này	524703826_1193564002800045_7867598635711433018_n.png			Dũng			
07/08/25 - 15:48	FP - Beatvn	Nguyễn Thị Ngọc Huyền	cái timeline mình đăng là ngày chính 2/9 đấy nó k áp dụng cho sơ duyệt và tổng duyệt đâu				Dũng			
07/08/25 - 15:48	FP - Beatvn	Vu	để e bổ sung thêm luôn ạ				Dũng			
07/08/25 - 15:48	FP - Beatvn	Nhat Anh Vu	Trước đó, lễ sơ duyệt sẽ được tổ chức lúc 21h ngày 27/8 (dự phòng ngày 28/8); lễ tổng duyệt tổ chức lúc 7h ngày 30/8 (dự phòng ngày 31/8). .				Dũng	L		
07/08/25 - 15:48	FP - Beatvn	Nguyễn Tuấn Thịnh	VỪA ĐỦ TUỔI ĐI TÙ THÌ 5 THANH NIÊN RỦ NHAU ĐI CƯỚP XE MÁY    Do không có tên cụ thể mấy ông cháu trong ảnh nên tạm thời gọi lần lượt các thanh niên là  và .  Vừa bước qua tuổi 18, thay đi học đi hành, chí thú làm ăn, thì cả  lẫn  đều tinh ăn lười làm.  Rạng sáng ngày 5/8,   đèo nhau bằng 2 xe máy. Đi qua đoạn đường liên xã thì thấy anh Phú đang đứng nói chuyện với 2 người bạn.  Lúc này cả 5 tiến gần giả vờ hỏi đường, anh Phú vui vẻ trả lời nhưng sau đó nhóm 5 người bất ngờ gây sự rồi tấn công anh Phú trước khi cướp xe bỏ đi.  Anh Phú sau đó lên đồn trình báo sự việc, chúng ta có tấm ảnh này và còn bắt thêm 1 thanh niên nữa   Nguồn: VnExpress  #beatvn #news	525749693_1029928572341498_2901915217727042756_n.png			Dũng	L		
07/08/25 - 15:48	FP - Beatvn	Nguyễn Tuấn Thịnh		528693057_1477158810084766_4598327460499288375_n.png			Dũng			
07/08/25 - 15:48	FP - Beatvn	Tuấn Dũng	che cóng a nhé	526076154_688372920924630_6501485651693345176_n.png 526744874_1770209497712179_5496829865218719091_n.png			Dũng			
07/08/25 - 15:48	FP - Beatvn	Tuấn Dũng	5 THANH NIÊN --> tổng 6 thằng a ơi, a xem lại bài xem				Dũng			
07/08/25 - 15:48	FP - Beatvn	Tuấn Dũng	có 6 thằng nên logic trong bài chưa hợp lý lắm a @Nguyễn Tuấn Thịnh				Dũng			
07/08/25 - 15:48	FP - Beatvn	Nguyễn Tuấn Thịnh	5 thg trong ảnh bị bắt trc				Dũng			
07/08/25 - 15:48	FP - Beatvn	Lê Thị Thùy Dương	Giờ ảnh có 5 thg xong kêu bắt 6	526938635_1318241876688504_2568000807303248258_n.jpg			Dũng			
07/08/25 - 15:48	FP - Beatvn	Nguyễn Tuấn Thịnh	Mớ phi logic á				Dũng			
07/08/25 - 15:48	FP - Beatvn	Lê Thị Thùy Dương	Đôi khi chỉ một việc làm rất nhỏ cũng có thể cứu cả một cuộc đời				Dũng	L		
07/08/25 - 18:02	FP - Beatvn	Tung Doan	Ủa tin này đâu ae				Dũng			
07/08/25 - 18:02	FP - Beatvn	Tung Doan	@Nguyễn Tuấn Thịnh				Dũng			
07/08/25 - 18:02	FP - Beatvn	Nguyễn Tuấn Thịnh	e gửi lại ảnh nha	527765968_679426155120591_4632896387359001907_n.png			Dũng			
07/08/25 - 18:02	FP - Beatvn	Tuấn Dũng	ok r a				Dũng			
07/08/25 - 19:25	FP - Beatvn	Lê Thị Thùy Dương	NHỚ NĂM NÀO CỔNG RẠP NHÀ TRAI NHÀ GÁI ĐỐI DIỆN NHAU KHÔNG, CHÍNH LÀ NHÀ EM ĐẤYYY    Em đang đứng ở đất nhà chồng và hỏi thăm mẹ đẻ, hai nhà cách nhau có một sải tay thôi đấy ạ  .  Các cụ bảo “Con gái mà lấy chồng gần, có bát canh cần nó cũng mang cho” không biết trường hợp khác thế nào chứ nhà em toàn sang vặt rau nhà bà ngoại, cơm cũng hay sang bà ngoại ăn suốt  .  Chắc hồi bé ăn cơm tay em cầm sát đầu đũa luôn quá, có bác nào lấy chồng còn gần hơn cả nhà em không    Ảnh: Thư Lấy Chồng Gần #Beatvn	528245112_1296564998692679_2698527151282408618_n.jpg 518897137_1935727160530955_1335096915448468155_n.jpg		https://vt.tiktok.com/ZSS4Ybhmf/	Dũng	L		
07/08/25 - 19:25	FP - Beatvn	Lê Thị Thùy Dương					Dũng			
07/08/25 - 19:57	FP - Beatvn	Tung Doan	LÓT DÉP CHỜ RÌ VIU				Dũng			
07/08/25 - 19:57	FP - Beatvn	Nhat Anh Vu	mỗi thế này thôi e nhé	527508914_792567446675327_3096128020710092862_n.jpg			Dũng			
07/08/25 - 19:57	FP - Beatvn	Nhat Anh Vu	vaanggg ạ				Dũng			
07/08/25 - 21:02	FP - Beatvn	Nguyễn Thị Ngọc Huyền	JUN PHẠM TRỞ LẠI BẢN LIỀN SAU BAO NGÀY XA CÁCH    Mới có 1 người về mà đã cỗ bàn thế này, cả dàn cast về thì cỗ rượu 3 ngày 3 đêm à anh Hà chị Thông ơiiii    Lãi nhất hôm nay là các bạn ở home nhà anh chị rồi    #beatvn #GiadinhHaha	527718207_760954253150530_2893476786790713082_n.jpg 525307421_1293447745462607_7167921380721683354_n.jpg 527493069_1472149993941038_5506938026378960104_n.jpg 528191811_1119070543451719_7391689323090852213_n.jpg			Dũng	L		
07/08/25 - 22:08	FP - Beatvn	Nguyễn Việt Long	"Campuchia đề cử ông Trump cho giải Nobel Hòa bình vì đã thúc đẩy chấm dứt xung đột biên giới và ""cứu sống hàng nghìn người"""	526312579_1092435779048945_2889316763973244319_n.jpg 527378554_1088205089954859_5346060936198736907_n.jpg 526011558_779385161318013_2617919988811573654_n.jpg		https://plo.vn/ong-hun-manet-viet-thu-gui-uy-ban-nobel-de-cu-ong-trump-cho-giai-nobel-hoa-binh-post864492.amp	Dũng	L		
07/08/25 - 22:08	FP - Beatvn	Nhat Anh Vu					Dũng			
07/08/25 - 22:08	FP - Beatvn	Nhat Anh Vu				https://tuoitre.vn/campuchia-se-de-cu-ong-trump-giai-nobel-hoa-binh-20250801175655235.htm	Dũng			
07/08/25 - 22:08	FP - Beatvn	Tuấn Dũng	bỏ nguồn này e				Dũng			
07/08/25 - 22:08	FP - Beatvn	Nhat Anh Vu	"Tối 7-8, Thủ tướng Campuchia Hun Manet đăng tải lên Facebook bức thư ông gửi cho Ủy ban Nobel Na Uy để đề cử Tổng thống Mỹ Donald Trump cho giải Nobel Hòa bình. Dựa trên “nguyện vọng của nhân dân Campuchia ở cả trong và ngoài nước, cũng như để bày tỏ lòng cảm kích chân thành trước sáng kiến và sự ủng hộ của Tổng thống Trump” cho thỏa thuận ngừng bắn Campuchia - Thái Lan, “tôi, với tư cách là Thủ tướng Campuchia, đã gửi tới Ủy ban Nobel Na Uy thư đề cử chính thức Tổng thống Donald Trump cho Giải Nobel Hòa bình”, ông Hun Manet viết trên Facebook đính kèm một bức thư.  “Tài lãnh đạo ngoại giao phi thường của Tổng thống Trump - thể hiện qua cam kết của ông trong việc giải quyết xung đột và ngăn ngừa các cuộc chiến thảm khốc thông qua tầm nhìn và ngoại giao đổi mới - đã được thể hiện gần đây nhất qua vai trò quyết đoán của ông trong việc làm trung gian cho một thỏa thuận ngừng bắn ngay lập tức và vô điều kiện giữa Campuchia và Thái Lan” - theo nội dung bức thư đề ngày 7-8.  Theo thủ tướng Campuchia, sự can thiệp kịp thời này là “yếu tố then chốt giúp tránh được tổn thất nhân mạng lớn và mở đường cho việc tái lập hòa bình giữa hai quốc gia”.  “Đây chỉ là một ví dụ điển hình trong số nhiều thành tựu xuất sắc của Tổng thống Trump trong việc giảm căng thẳng tại một số khu vực bất ổn nhất thế giới. Sự kiên định trong việc theo đuổi hòa bình thông qua ngoại giao của ông hoàn toàn phù hợp với tầm nhìn của ông Alfred Nobel - tôn vinh những người có đóng góp xuất sắc cho tình đoàn kết quốc tế và sự tiến bộ của hòa bình” - ông Hun Manet viết.  ""Vì những lý do nêu trên, tôi hy vọng rằng việc đề cử Ngài Donald J. Trump, Tổng thống thứ 45 và 47 của Mỹ cho Giải Nobel Hòa bình sẽ được xem xét một cách thuận lợi. Kính mong các Thành viên đáng kính của Ủy ban Nobel Na Uy vui lòng chấp nhận sự bảo đảm cao nhất về lòng kính trọng của tôi” - ông Hun Manet kết luận.  Theo: Báo Pháp Luật"""				Dũng	L		
07/08/25 - 23:18	FP - Beatvn	Nguyễn Thị Ngọc Huyền	"Trở về Bản Liền với một tâm thế thật khác    Hôm nay là ngày đầu tiên có 1 người trong dàn cast quay trở lại Bản Liền ( chặng mở đầu của Gia đình Haha ).   Không ekip, không máy quay lớn nhỏ, không ồn ào vội vã. Người nghệ sĩ về với bản làng được chào đón nồng hậu, bằng những điều giản đơn nhất, tự nhiên nhất.   Tình cảm thể hiện rõ ở việc Jun đeo theo túi chị Thông tặng ngày chia tay, bé Thắng mừng rỡ leo ngay lên xe ôm chú Jun khi vừa mới gặp, hay cái ôm trào nước mắt của chị Thông, nụ cười tươi rạng rỡ của anh Hà, và tất cả sự chào đón của người dân nơi đây, nồng hậu và bình dị.   Có lẽ với nhiều khán giả, chặng bản Liền là chặng chữa lành nhất, có lẽ bởi vì nơi đây là nơi bắt đầu, cũng là nơi họ dành cho nhau những sự quan tâm và những món quà ý nghĩa nhất.   Hành trình rồi sẽ khép lại, chúng mình còn được đồng hành với nhau, ăn ngủ cùng dàn cast và bà Ha 1 tháng nữa. Chỉ mong rằng sẽ có thật nhiều ... để người dân xóm Hehe chúng tui được Haha bởi dàn cast này thật là nhiềuuuu    Yêu thương, nay bé Thắng được ngủ với chú ""Chun"" rồi !!!    Chun-Chíp và Cà Rốt  #beatvn #GiadinhHaha"	528311884_1149749963871471_6650984322589925548_n.jpg 527022469_1177804274219260_5441532754465525736_n.jpg 526533266_1072461201658804_8590896730202588357_n.jpg 527225444_1338636047611772_7227295910222034826_n.jpg			Dũng	L		
07/08/25 - 23:18	FP - Beatvn	Nguyễn Thị Ngọc Huyền	Đọc lâu thế @Tuấn Dũng  ơi :))))				Dũng			
07/08/25 - 23:18	FP - Beatvn	Tuấn Dũng	họ dành cho nhau nhưng sự quan tâm				Dũng			
07/08/25 - 23:18	FP - Beatvn	Tuấn Dũng	nốt chị				Dũng			
07/08/25 - 23:18	FP - Beatvn	Nguyễn Thị Ngọc Huyền	Ok				Dũng			
07/08/25 - 23:18	FP - Beatvn	Nguyễn Thị Ngọc Huyền	Rùi e ơi				Dũng			
05/08/25 - 16:12	FP - Kiến không ngủ Trending	Tạ Anh Huy	Vậy đó, chứ đổi cái thau khác là bỏ ăn luôn =))  Video: mai292008			https://www.tiktok.com/@vphonggg/video/7534328926089252103?lang=vi-VN	Hưng	L		
05/08/25 - 17:27	FP - Kiến không ngủ Trending	Nguyễn Như Quỳnh				https://drive.google.com/file/d/17TN1yl8HX6vz7Kp-aZjj241l_Js0PNuL/view?usp=sharing	Hưng	L		
07/08/25 - 19:26	FP - Kiến không ngủ Trending	Tạ Anh Huy	"""Do mâu thuẫn trong lúc câu cá...""   Video: phin.cng.t4 - phiên công tử"			https://www.tiktok.com/@buidinhthucvn/video/7517140354726923528?lang=vi-VN	Hưng	L		
04/08/25 - 17:57	TT - BEATVN	Nguyễn Như Quỳnh				https://drive.google.com/file/d/1kX7wz5lObTt_ukNfplwaLrIGm03dcvPS/view?usp=drive_link	Dũng	L		
04/08/25 - 17:57	TT - BEATVN	Nguyễn				https://drive.google.com/file/d/1-i0KK4DFdmsHg8UXeftkKN4eJOAsyu4u/view?usp=drive_link	Dũng	L		
04/08/25 - 17:57	TT - BEATVN	Lưu Viết Hoàng				https://drive.google.com/file/d/1ezZHXAOzR0dq7BVZt4Gmh6HfLplt-5Mx/view?usp=drive_link	Dũng	L		
04/08/25 - 17:57	TT - BEATVN	Lưu Viết Hoàng				https://www.tiktok.com/@gi.ch.l.hng/video/7534174105659067656	Dũng			
04/08/25 - 19:15	TT - BEATVN	Bảo				https://drive.google.com/file/d/1rs9hjCyIbiWPl6_3IZPceqlTY6ms5yU2/view?usp=drive_link	Dũng	L		
04/08/25 - 19:15	TT - BEATVN	Anh Bảo	@Luu Viet Hoang				Dũng			
04/08/25 - 20:13	TT - BEATVN	Lưu Viết Hoàng	@Tuấn Dũng				Dũng			
05/08/25 - 11:22	TT - BEATVN	Nguyễn				https://drive.google.com/file/d/1Qpq_XnJ4H4jh5UO1NK11uYxGCvGxtowq/view?usp=drive_link	Dũng	L		
05/08/25 - 11:22	TT - BEATVN	Nguyễn Như Quỳnh	@Phạm Lại Trà My				Dũng			
05/08/25 - 11:39	TT - BEATVN	Hoang				https://drive.google.com/file/d/11ifK41iJJ-UVVzJJCE6ldhYYe0ZtgYFC/view?usp=drive_link	Dũng	L		
05/08/25 - 11:39	TT - BEATVN	Nguyễn				https://drive.google.com/file/d/14YCjk70lYze-4V3ZeNvUj6sd5rrhazao/view?usp=drive_link	Dũng	L		
05/08/25 - 12:20	TT - BEATVN	Tuấn Dũng	thiếu cap màn hình báo				Dũng			
05/08/25 - 13:25	TT - BEATVN	Bảo				https://drive.google.com/file/d/1VxB3iMgrOmTtDIQFLNnK3tGHduPZgiCm/view?usp=drive_link	Dũng	L		
05/08/25 - 14:11	TT - BEATVN	Hoang	ĐÃ MẮT KHI XEM DÀN KHÍ TÀI QUÂN SỰ HIỆN ĐẠI CỦA QĐND VIỆT NAM, TẠI BUỔI HỢP LUYỆN LẦN 2 TRƯỚC A80  Ảnh: Đài Truyền hình Hà Nội; Nguyễn Tuấn Huy - Báo Quân đội Nhân dân  	525579263_761420843447483_6719343242921910429_n.png 526704373_1580293749596663_1662025860240807116_n.jpg 525354323_1064379562502707_6910213130205979545_n.jpg 524932603_1094179445486227_4974492930942159525_n.jpg 527331083_727622066804648_1240164536477891439_n.jpg 524292759_3151789654973661_5915321622455620568_n.jpg 526201903_1052869490354831_206795538637224076_n.jpg 524703049_1789289198682285_3334982643969300669_n.jpg 526195093_25355870697335411_1992670270407338339_n.jpg 526072642_738898965733991_6377360776599579784_n.jpg 527810599_1840600600166283_6172091461125425911_n.jpg 528298945_9801532503282226_5394590653241291233_n.jpg		https://docs.google.com/document/d/1reX51y1j1nRFheDUBWgtuusweV26cg3QYbM-zvrUWHk/edit?usp=sharing	Dũng	L		
05/08/25 - 14:11	TT - BEATVN	Nguyễn				https://drive.google.com/file/d/1nkLKIdTetX8P1J6DGZ15JYnkS-vU1ma2/view?usp=drive_link	Dũng	L		
05/08/25 - 14:11	TT - BEATVN	Nguyễn Như Quỳnh	@Luu Viet Hoang				Dũng			
05/08/25 - 14:37	TT - BEATVN	Trà My	bổ sung hộ e ạ				Dũng			
05/08/25 - 14:37	TT - BEATVN	Phạm Lại Trà My	@Nguyễn Như Quỳnh				Dũng			
05/08/25 - 14:37	TT - BEATVN	Phạm Lại Trà My	ủa có mà ta..				Dũng			
05/08/25 - 14:37	TT - BEATVN	Phạm Lại Trà My	thiếu cap gì v ạ trong kban có mà a				Dũng			
05/08/25 - 14:37	TT - BEATVN	Bảo				https://drive.google.com/file/d/1YipAWxVFw9BKmOlcXppqfHPDg1AqcK3i/view?usp=drive_link	Dũng	L		
05/08/25 - 14:37	TT - BEATVN	Anh Bảo	@Phạm Lại Trà My				Dũng			
05/08/25 - 14:37	TT - BEATVN	Lưu Viết Hoàng				https://drive.google.com/file/d/1F9ICluTcAzvPoJG7q8vedAcxrdEHVvKH/view?usp=drive_link	Dũng	L		
05/08/25 - 16:11	TT - BEATVN	Nguyễn				https://drive.google.com/file/d/1zxGaIdCs6Ee27xwKi-p7BlUOl-LrelCs/view?usp=drive_link	Dũng	L		
05/08/25 - 16:11	TT - BEATVN	Nguyễn				https://drive.google.com/file/d/1eONCXlZK7-gbGSNS663CWDn_-7oGn-bn/view?usp=drive_link	Dũng	L		
05/08/25 - 16:11	TT - BEATVN	Bảo				https://drive.google.com/file/d/1OP1fyHDyezeI8OyZTLhdzMLi0I33q25K/view?usp=drive_link	Dũng	1	che còng	30
05/08/25 - 16:11	TT - BEATVN	Lưu Viết Hoàng	nhạc trend quá :))				Dũng			
05/08/25 - 16:11	TT - BEATVN	Tuấn Dũng	Che còng che dao Chỗ chó vào sách đỏ là tt sai sự thật nè				Dũng			
05/08/25 - 16:11	TT - BEATVN	Lưu Viết Hoàng	chỗ sách đỏ là trôn mà nhỉ =)) thấy page cũng lên bài như thế	526483705_2033570930784537_5110355084022341165_n.png			Dũng			
05/08/25 - 16:11	TT - BEATVN	Phạm Lại Trà My	cái đó joke th cũng bỏ à a				Dũng			
05/08/25 - 16:11	TT - BEATVN	Dũng	Cmt page có gì k nhỉ				Dũng			
05/08/25 - 16:11	TT - BEATVN	Tuấn Dũng	:))				Dũng			
05/08/25 - 16:11	TT - BEATVN	Bảo	Em vừa update thêm che còng đại ca xem lại nhé				Dũng			
05/08/25 - 16:11	TT - BEATVN	Anh Bảo	Chờ 3' video load đại ca nhé				Dũng			
05/08/25 - 17:40	TT - BEATVN	Bảo				https://drive.google.com/file/d/1rcslfxToKN7KyJUUUcH9Q75A-XwPrfmy/view?usp=drive_link	Dũng	L		
05/08/25 - 19:09	TT - BEATVN	Lưu Viết Hoàng	@Anh Bảo				Dũng			
05/08/25 - 19:24	TT - BEATVN	Anh Bảo	Oke upload lai xong roi nhe				Dũng			
06/08/25 - 10:48	TT - BEATVN	Nguyễn				https://drive.google.com/file/d/1VvOSkxguT1W3jv_w5DcEo0K_IAnYRkAT/view?usp=drive_link	Dũng	L		
06/08/25 - 11:34	TT - BEATVN	Nguyễn				https://drive.google.com/file/d/1uj0ey_LwjwyzlEqY0ZFHpRBkSkSGRr7I/view?usp=drive_link	Dũng	L		
06/08/25 - 14:28	TT - BEATVN	Nguyễn				https://drive.google.com/file/d/18_bhXzwiGiOcoqIY15T1Vxmp2NVV0nx4/view?usp=drive_link	Dũng	L		
06/08/25 - 15:08	TT - BEATVN	Nguyễn Như Quỳnh				https://drive.google.com/file/d/1kRVwfcaDztoT0DZS34vbLatJUaIYZu0C/view?usp=drive_link	Dũng	L		
06/08/25 - 15:08	TT - BEATVN	Anh Bảo				https://drive.google.com/file/d/1Hb2aW1CB_WUQ1sK0c5XX8FTm0acy9W-8/view?usp=drive_link	Dũng	L		
06/08/25 - 15:08	TT - BEATVN	Bảo				https://drive.google.com/file/d/1HLUits2Rs0XD7QzjlQSOwIsbOVirxAC7/view?usp=drive_link	Dũng			
06/08/25 - 15:08	TT - BEATVN	Nguyễn				https://drive.google.com/file/d/12Zr9LX_fRgWFdQVY0x4hFu3xRUZRB--V/view?usp=drive_link	Dũng	L		
06/08/25 - 15:08	TT - BEATVN	Sơn				https://drive.google.com/file/d/1xHuQlKLMz5dv-EBnF27pYz0m-zzRjMMm/view?usp=sharing	Dũng	L		
06/08/25 - 15:08	TT - BEATVN	Bảo				https://drive.google.com/file/d/1b1pP94MMWKQ5VVQzLYy9rRVZ5dpj37fp/view?usp=drive_link	Dũng	L		
06/08/25 - 15:08	TT - BEATVN	Lưu Viết Hoàng	@Tuấn Dũng duyệt e cái này				Dũng			
06/08/25 - 15:08	TT - BEATVN	Bảo	Ủa tag nhầm sorry sóp @Luu Viet Hoang				Dũng			
06/08/25 - 15:08	TT - BEATVN	Tuấn Dũng	chờ thêm nguồn chính thống nhé				Dũng			
06/08/25 - 15:08	TT - BEATVN	Nguyễn Như Quỳnh	em sửa rồi ạ				Dũng			
06/08/25 - 22:58	TT - BEATVN	Anh Bảo	Em đã update che mặt anh nhé				Dũng			
07/08/25 - 10:34	TT - BEATVN	Nguyễn				https://drive.google.com/file/d/1FufBGiDTPpbvNnvM0gfMP3o5uF3BhG5z/view?usp=drive_link	Dũng	L		
07/08/25 - 10:59	TT - BEATVN	Nguyễn				https://drive.google.com/file/d/1of2kXfB53S2E0BZ13I9LJYrD3T8tnyCd/view?usp=drive_link	Dũng	L		
07/08/25 - 10:59	TT - BEATVN	Tuấn Dũng	vaanx lo mat ne	528311044_10067280940067902_6050032072652047710_n.png			Dũng			
07/08/25 - 10:59	TT - BEATVN	Hoang	con này lộ trăm clip trên tít tót rồi :)))				Dũng			
07/08/25 - 10:59	TT - BEATVN	Lưu Viết Hoàng	no worry				Dũng			
07/08/25 - 10:59	TT - BEATVN	Tuấn Dũng	nhưng nó có phải người chia sẻ thông tin 1 tháng chơi Pick hết bn tiền ko ?				Dũng	L		
07/08/25 - 15:58	TT - BEATVN	Hoang				https://drive.google.com/file/d/1ScHxxyipyQv8rWQjIfAOutxg8Wi6jAwU/view?usp=drive_link	Dũng	L		
07/08/25 - 15:58	TT - BEATVN	Nguyễn				https://drive.google.com/file/d/1_VrUjA9bAJB5oYlK02dEHQJbjFtEsxyF/view?usp=drive_link	Dũng	L		
07/08/25 - 16:28	TT - BEATVN	Bảo				https://drive.google.com/file/d/12rhEH1Q4OopKN_lds3t5GKvl_2aK1bqu/view?usp=drive_link	Dũng			
07/08/25 - 16:28	TT - BEATVN	Tuấn Dũng	qc à				Dũng			
07/08/25 - 16:28	TT - BEATVN	Anh Bảo				https://drive.google.com/file/d/17SQItpfFSiY5pLnjHkaKqyu-uLbYcyRr/view?usp=drive_link	Dũng	1	Che thông tin	60
07/08/25 - 16:28	TT - BEATVN	Lưu Viết Hoàng	ỉn hồng				Dũng			
07/08/25 - 16:28	TT - BEATVN	Dũng	lê và sơn là ntn nhỉ e				Dũng			
07/08/25 - 16:28	TT - BEATVN	Tuấn Dũng	a @Tung Doan xem phát nhé, công an đạp xe =))	527791744_773608578496544_8016985263925323084_n.png			Dũng			
07/08/25 - 16:28	TT - BEATVN	Lưu Viết Hoàng	oke a				Dũng			
07/08/25 - 16:28	TT - BEATVN	Tung	10/8 80 năm thành lập cand				Dũng			
07/08/25 - 16:28	TT - BEATVN	Tung Doan	họ đang muốn giữ hình ảnh chỉn chu				Dũng			
07/08/25 - 16:28	TT - BEATVN	Nguyễn				https://drive.google.com/file/d/1Mn_2PujFO3LazXWGmEOcq6cL5QS4PKbv/view?usp=drive_link	Dũng	L		
07/08/25 - 16:28	TT - BEATVN	Nguyễn				https://drive.google.com/file/d/1lOBiyPG86sG9j-7VrUb2LxtsJH41jyFf/view?usp=drive_link	Dũng	L		
07/08/25 - 17:24	TT - BEATVN	Nguyễn				https://drive.google.com/file/d/1B78AfKpKGMgkaWu7e-MK-1PgQGRUYi8Q/view?usp=drive_link	Dũng	L		
07/08/25 - 17:24	TT - BEATVN	Hoang				https://drive.google.com/file/d/1Pp6urbOCJc6AQGUgZoCITE-uuZsDzYAe/view	Dũng	L		
05/08/25 - 18:46	TT - HÀNH TINH BEATZ	Trần Văn Hiệp				https://drive.google.com/file/d/1DhaqF824czZQPPKAIP6GNrNH_1jQ8mXr/view?usp=sharing		L		
05/08/25 - 18:46	TT - HÀNH TINH BEATZ	Trần Văn Hiệp	@Phong Lee toi gui nhe @My Nguyễn							
05/08/25 - 18:46	TT - HÀNH TINH BEATZ	My Nguyễn	@Nguyễn Hưng a oii a duyệt cho e nha ạ							
06/08/25 - 16:48	TT - HÀNH TINH BEATZ	Trần Văn Hiệp				https://drive.google.com/file/d/1BbT1gScjJ_RBN83gyrn4qxMJpXfJNjYc/view?usp=sharing				
06/08/25 - 16:48	TT - HÀNH TINH BEATZ	Trần Văn Hiệp	@My Nguyễn @Phong Lee toi gui nha							
06/08/25 - 16:48	TT - HÀNH TINH BEATZ	Hưng	cái đoạn chê short rồi ugly a sợ sẽ bị tính là bully. Thêm cho a 1 dòng text ở vid để thể hiện nó là diễn nha							
06/08/25 - 17:51	TT - HÀNH TINH BEATZ	Trần Văn Hiệp				https://drive.google.com/file/d/19gnEZ7-Tf4ctdV2LY19sroNTSua2hEYl/view?usp=sharing				
06/08/25 - 17:51	TT - HÀNH TINH BEATZ	Trần Văn Hiệp	@Nguyễn Hưng anh xem lại em che + bif như này được chưa ạ							
06/08/25 - 17:51	TT - HÀNH TINH BEATZ	Nguyễn Hưng	nhầm vid chưa sửa à e ơi :)))							
06/08/25 - 17:51	TT - HÀNH TINH BEATZ	Trần Văn Hiệp	ụa							
06/08/25 - 17:51	TT - HÀNH TINH BEATZ	Trần Văn Hiệp	@Nguyễn Hưng anh xem lại nha a							
07/08/25 - 09:07	TT - HÀNH TINH BEATZ	Trần Văn Hiệp				https://drive.google.com/file/d/1aI_xjIgPLHJ7WcQqe11FKHisf0phngAw/view?usp=sharing				
07/08/25 - 09:07	TT - HÀNH TINH BEATZ	Trần Văn Hiệp	@Phong Lee TOI GUI VID NHE							
07/08/25 - 10:00	TT - HÀNH TINH BEATZ	Trần Văn Hiệp	a vang oki anh ui							
07/08/25 - 10:00	TT - HÀNH TINH BEATZ	Nguyễn Hưng	cò lại oke rồi nha							
07/08/25 - 15:09	TT - HÀNH TINH BEATZ	Trần Văn Hiệp				https://drive.google.com/file/d/18Y7YL0rsVYgS0YQu_gw0IOfVaXKuZgjP/view?usp=sharing		1	Thêm dòng là đang diễn, vì chê short và ugly là bắt nạt	34
05/08/25 - 09:00	FP - Kiến không ngủ	Vũ Thị Thu Trang	Bạn nghĩ đây là gì? Gia đình đi du lịch tiếc tiền nên ngồi ngoài đường giải lao? Hay các idol tóp tóp đợi quay clip?   Không hề.   Đó là 40 hành khách tội nghiệp bao gồm cả trẻ em đến người lớn núp sau bóng của chiếc xe khách bị đối tượng B.T.S rút chìa khoá trong cái nắng hầm hập ngày hôm qua.   Dù được hành khách năn nỉ anh B.T.S vẫn không chịu trả chìa khóa mà phóng xe đi thẳng    Không còn gì để nói!	526355722_1302101388278515_6798160070894741330_n.jpg			Vũ	L		
05/08/25 - 09:00	FP - Kiến không ngủ	Vũ Thị Thu Trang	Cmt: Nhiệt độ hôm qua	528988448_1852952611918228_8642192650672358463_n.jpg			Vũ	L		
05/08/25 - 09:58	FP - Kiến không ngủ	Vũ Thị Thu Trang	“Bạn tui bảo với tui là mấy cái lỗ trên ghế này là để cho việc oánh zắm được tiện hơn. Tui không tin lắm vì thằng bạn nói điều này với tui trong lúc nó đang say bí tỉ. Có thật là như vậy không?”  (Thắc mắc của ông cháu Tony James)   Comment 1: Ghế ngoài trời nên cần lỗ để thoát nước mưa ấy   Comment 2: Ghế bể bơi để bơi xong lên ngồi thì nước chảy xuống  Comment 3: Để oánh zắm  Comment 4: Để oánh zắm  Comment 5: Oánh zắm  Comment 6: Zắm  Comment 7: Zắm  Comment 8: Zắm  ….	526562272_748004014499971_3322294575112200000_n.jpg			Vũ	L		
05/08/25 - 10:50	FP - Kiến không ngủ	Vũ Thị Thu Trang	Trường với Hương quay lại đền bù thiệt hại cho di tích “Tháp Chăm” hơn 1000 năm tuổi đi nhé!  Cả Công với Minh cũng vậy	524834285_1070883911817477_6351330151128042299_n.jpg			Vũ	L		
05/08/25 - 11:49	FP - Kiến không ngủ	Vũ Thị Thu Trang	Trung bình các bài review đồ ăn, hàng quán, dịch vụ:   1. Tôi vô cùng hối hận vì đã ăn/mua món này, vào đọc xem tại sao lại hối hận thì hoá ra là hối hận vì sao không ăn/mua sớm hơn     2. Góc bóc phốt, giật tít phốt phủng ối dồi ôi luôn, xong tò mò ấn vào đọc thử xem phốt như thế nào thì à hoá ra là phốt vì ngon quá tiện quá đẹp quá     3. Có khen có chê rất công tâm: Ví dụ khen ăn ngon, khen đẹp, khen rẻ, khen hiệu quả khen khen vcđ khen. Còn phần chê là bao gồm 1 mục duy nhất: chê đóng gói chưa đẹp mắt    4. Review kiểu giật tít: Mua được cái đắt đỏ này chỉ với giá 1xx, xong mò vào đọc thì hoá ra giá 1xx là áp dụng cho người mua 500 cái trở lên, mua 500 buổi trở lên, hoặc là thành viên v-vip của tập đoàn đa vũ trụ nghìn tỉ…	516788600_1061422005595103_4350952327605088497_n.jpg			Vũ	L		
05/08/25 - 15:36	FP - Kiến không ngủ	Vũ Thị Thu Trang	Loài người thực sự là dị vãi.   Cụ thể là dì tôi.   Dì gần 50 tuổi, độc thân, con gái đã lớn.   Dì có 20 năm kinh nghiệm lăn lộn thương trường cực kỳ bận rộn. Có lẽ vì thế nên kinh nghiệm tình trường của dì = 0.   Kịch bản quen thuộc: Một chú doanh nhân nước ngoài làm quen, chụp ảnh sang chảnh gửi sang cho dì xem.   Con gái dì khuyên hết lời dì không nghe. Dì tin vào tình yêu đích thực. Dì bảo là trứng đòi khôn hơn vịt, tao rảnh rỗi ở nhà xem tin đọc báo còn nhiều hơn chúng mày.  Người yêu dì lừa của dì một số tiền lớn (tôi không biết là bao nhiêu nhưng mẹ tôi bảo là mấy tỉ)   Đến khi dì nghi ngờ, vặn hỏi thì chú người yêu đã block rồi.   Dì tôi tính cẩn thận, đọc lại hết thông tin sau đó tìm luật sư trên mạng giúp lấy lại tiền.   Thế là bị lừa thêm 150 triệu nữa.   Dì im lặng không dám nói gì nữa.  Hôm qua dì lại sang hớn hở khoe là mới có chú làm quân đội bên Mỹ kết bạn và mời dì sang chơi, chú uy tín lắm gọi cả video rồi.   Cả họ vào khuyên can không được. Giờ dì tôi đang làm thủ tục đổi tiền để đi Mỹ chơi	519679871_1971687766968817_9196538652690771230_n.jpg			Vũ	L		
05/08/25 - 16:14	FP - Kiến không ngủ	Tạ Anh Huy	29 LẦN ĐẦU TIÊN CỦA VIỆT NAM    Tập 1: Người Việt đầu tiên học tại Harvard là ai?    Bước chân vào học tại Harvard, ngôi trường top đầu của Mỹ là một điều oách xà lách mà bao người trên khắp thế giới ao ước. Hiện nay, đất nước chúng ta không thiếu những bộ óc trẻ siêu việt đã đỗ vào Harvard như Tôn Hà Anh, Hồ Ngọc Nhi, Châu Thanh Vũ, Nguyễn Hoàng Khánh,...  Nhưng bạn có biết, người Việt Nam đầu tiên trúng tuyển Harvard đã đi học từ năm 1964 không?  Đó là Giáo sư Ngô Vĩnh Long, từng là Giảng viên giảng dạy tại Đại học Quốc gia Hà Nội và Đại học Kinh tế quốc dân.   Giáo sư Ngô Vĩnh Long sinh ngày 10/4/1944 tại tỉnh Vĩnh Long. Cha ông là người Bắc Ninh, mẹ ông là người Huế, gia đình vào Nam sinh sống từ sớm. Bốn anh em ông sống trong xóm Bàn Cờ, gia cảnh không tốt, các anh em đều cố gắng học hành.  Sau khi đỗ tú tài xuất sắc, năm 1964, ông được Trường Harvard College (thuộc Đại học Harvard) trao học bổng toàn diện. Lúc đó chưa có người Việt Nam nào học ở Harvard. Ngay khi đặt chân lên đất Mỹ, ông vừa học, vừa tham gia nhiều phong trào, hoạt động chống chiến tranh.  Năm 1978, Giáo sư Ngô Vĩnh Long hoàn thành luận án Tiến sĩ chuyên ngành Lịch sử Đông Á và các ngôn ngữ vùng Viễn Đông, nhận học vị Tiến sĩ của Harvard. Ông tham gia nghiên cứu và giảng dạy về Đông Á và Việt Nam, là một chuyên gia uy tín trên nhiều giảng đường và diễn đàn khoa học và quốc tế.  Sau chiến tranh, ông về Việt Nam nhiều lần, thực hiện nhiều chuyến điền dã và đóng góp nhiều ý kiến cho đất nước. Ngoài ra, Giáo sư Ngô Vĩnh Long còn tham gia giảng dạy tại Đại học Quốc gia Hà Nội và Đại học Kinh tế Quốc dân Hà Nội.  Từ năm 1985, ông là Giáo sư giảng dạy tại khoa lịch sử Trường đại học Maine (tiểu bang Maine, Mỹ). Suốt gần nửa thế kỷ, ông đã có hàng trăm công trình nghiên cứu.   Năm 1973, Học viện Công nghệ Massachusetts (MIT) xuất bản cuốn sách của Giáo sư Ngô Vĩnh Long mang tên Before the Revolution: The Vietnamese Peasants under the French (Trước Cách mạng: Nông dân Việt Nam dưới thời thuộc Pháp).  Cuốn sách nhận được sự chú ý lớn từ giới nghiên cứu sử học thế giới vì chứa đựng nhiều thông tin quý giá về đời sống người nông dân Việt Nam dưới ách cai trị của thực dân Pháp. Năm 1991, Đại học Columbia (Mỹ) lại xuất bản cuốn sách này một lần nữa.  Giáo sư Ngô Vĩnh Long cũng nối kết mạnh mẽ với cộng đồng nghiên cứu sử học Việt Nam. Ông đã viết lời giới thiệu cho cuốn sách 5 đường mòn Hồ Chí Minh (Nhà xuất bản Tri Thức, năm 2008) được viết bởi nhà nghiên cứu Đặng Phong. Cuốn sách cung cấp những thông tin quý giá về quá trình chi viện cho miền Nam trong suốt những năm chiến tranh chống Mỹ.  Ngoài ra, tại nhiều cuộc hội thảo quốc tế, Giáo sư Ngô Vĩnh Long còn liên tục trình bày những tham luận khẳng định chủ quyền của Việt Nam đối với 2 quần đảo Hoàng Sa và Trường Sa     Ngày 12/10/2022, Giáo sư Ngô Vĩnh Long qua đời vì bạo bệnh, hưởng thọ 78 tuổi.   #tiepluatuhao	527781560_1766593830608331_7673857161669001276_n.png			Vũ	L		
05/08/25 - 16:14	FP - Kiến không ngủ	Tạ Anh Huy	"Đôi lời về chiến dịch “Tiếp lửa tự hào” của BEAT Network mà nhà Kiến vinh dự được làm một ngọn đuốc    Tròn 80 năm kể từ ngày Tuyên ngôn Độc lập vang lên tại quảng trường Ba Đình lịch sử, ngọn lửa yêu nước chưa bao giờ ngừng cháy trong tim mỗi người Việt.  Nhân dịp Happy Birthday long trọng này, chúng tôi trân trọng đem tới một món quà hấp dẫn đó chính là một Series với tiêu đề """"29 lần đầu tiên của Việt Nam"""".  Series sẽ vinh danh các nhân vật tiên phong của 1 số lĩnh vực trọng yếu trong quá trình 80 năm khai sinh và phát triển đất nước; gắn liền với thông tin về những ""lần đầu tiên"" của nước Việt Nam mình.  Nhà Kiến cũng rất hoan nghênh và mong mỏi các bạn yêu góp thêm thông tin về các nhân vật có tầm ảnh hưởng trong công cuộc xây dựng đổi mới đất nước để cho series được tiếp nối dài dài ạ"				Vũ	L		
05/08/25 - 16:14	FP - Kiến không ngủ	Tạ Anh Huy	cmt				Vũ			
05/08/25 - 17:29	FP - Kiến không ngủ	Nguyễn Như Quỳnh				https://drive.google.com/file/d/10rZ50TVOpIi-D_Z1YF5ITQ6uvIIEOQMP/view	Vũ	L		
05/08/25 - 19:09	FP - Kiến không ngủ	Tạ Anh Huy	"VÌ SAO CHÚNG TA LẠI BIẾT ""ĂN KẸO BỊ SÂU RĂNG""?    Đó là vào những năm 1940, tại đất nước Thụy Điển, tại bệnh viện tâm thần Vipeholm, đã diễn ra 1 thí nghiệm...  Người ta đã cho hàng trăm bệnh nhân bị khiếm khuyết trí tuệ tại nơi đây ăn uống đồ có đường, tinh bột, kẹo mềm kẹo cứng,... nói chung là để xem mối liên kết giữa sâu răng và đường.     Sau đó những bệnh nhân kia đều bị sâu răng trầm trọng và họ không thể làm gì được do khiếm khuyết trí tuệ. Một số bệnh nhân được ""chữa"" sâu răng (bằng cách nhổ bỏ), một số thì bị mặc kệ để đó chịu đựng những cơn đau từ sâu răng gây ra.   Đây gọi là ""Thí nghiệm Vipeholm"". Tuy nó đã đem lại nhiều kết quả, cung cấp kiến thức sâu rộng về sức khỏe răng miệng đấy... nhưng cũng là một vết nhơ liên quan đến đạo đức trong nghiên cứu khoa học của Thụy Điển."			https://cand.com.vn/Khoa-hoc-Ky-thuat-hinh-su/Vu-thi-nghiem-tren-rang-nguoi-tam-than-o-Thuy-Dien-i543458/	Vũ	L		
05/08/25 - 19:09	FP - Kiến không ngủ	Tạ Anh Huy	"Thí nghiệm này cũng đã tạo ra 1 truyền thống có tên gọi là ""Lördagsgodis"" (Kẹo Thứ Bảy).   Sau những kết quả từ thí nghiệm kia, Thụy Điển khuyến cáo người dân ăn kẹo 1 lần 1 tuần và sau đó mọi người quyết định chọn thứ bảy để ăn kẹo (đồ ngọt). Nên cứ đến t7 thì người lớn mới cho con nít ăn kẹo cho bọn nhỏ đỡ thèm"				Vũ	L		
05/08/25 - 19:39	FP - Kiến không ngủ	Tạ Anh Huy	Tôi đến 1 cái phòng gym mà họ giới thiệu rằng có thể trả theo tháng, đến nơi thì thấy logo của công ty tài chính nào đó.	524966538_741977541780819_7487447639971957981_n.png			Vũ			
05/08/25 - 19:39	FP - Kiến không ngủ	Tạ Anh Huy	@Bao-Linh Dong này chắc k đụng chạm ai đâu c nhỉ				Vũ			
05/08/25 - 19:39	FP - Kiến không ngủ	Đồng Thị Bảo Linh	F88 ah :))) ?				Vũ			
05/08/25 - 19:39	FP - Kiến không ngủ	Tạ Anh Huy	ai biết				Vũ			
05/08/25 - 19:39	FP - Kiến không ngủ	Đồng Thị Bảo Linh	Ko đc nha				Vũ			
05/08/25 - 19:39	FP - Kiến không ngủ	Tạ Anh Huy	e thấy trò này nhiều phòng gym làm				Vũ			
05/08/25 - 19:39	FP - Kiến không ngủ	Đồng Thị Bảo Linh	Cmt sẽ có				Vũ			
05/08/25 - 19:39	FP - Kiến không ngủ	Đồng Thị Bảo Linh	Bỏ nha				Vũ			
05/08/25 - 19:39	FP - Kiến không ngủ	Tạ Anh Huy	kệ i				Vũ			
05/08/25 - 19:39	FP - Kiến không ngủ	Tạ Anh Huy	lỗi của bọn tư vấn gym, k phải lỗi của cty tài chính				Vũ			
05/08/25 - 19:39	FP - Kiến không ngủ	Tạ Anh Huy	👌				Vũ			
05/08/25 - 19:39	FP - Kiến không ngủ	Đồng Thị Bảo Linh	Kooo f88 tuyệt đối ko đụng				Vũ			
05/08/25 - 19:39	FP - Kiến không ngủ	Đồng Thị Bảo Linh	Ko ko nha				Vũ			
05/08/25 - 19:39	FP - Kiến không ngủ	Tạ Anh Huy	chán z				Vũ			
05/08/25 - 19:39	FP - Kiến không ngủ	Đồng Thị Bảo Linh	Red đó				Vũ			
05/08/25 - 19:39	FP - Kiến không ngủ	Đồng Thị Bảo Linh	:))))				Vũ			
05/08/25 - 19:39	FP - Kiến không ngủ	Tạ Anh Huy	Tôi đến 1 cái phòng gym mà họ giới thiệu rằng có thể trả theo tháng, đến nơi thì bị làm thủ tục vay tín dụng.				Vũ			
05/08/25 - 19:39	FP - Kiến không ngủ	Tạ Anh Huy	như này thì sao chị				Vũ			
05/08/25 - 19:39	FP - Kiến không ngủ	Đồng Thị Bảo Linh	Cứ vay là cmt điều hướng về f88 nên ko đc nha				Vũ			
05/08/25 - 19:39	FP - Kiến không ngủ	Đồng Thị Bảo Linh	Lên lgi r phải gỡ				Vũ			
05/08/25 - 19:39	FP - Kiến không ngủ	Đồng Thị Bảo Linh	Và a Hưng chửi cho í				Vũ			
05/08/25 - 19:39	FP - Kiến không ngủ	Đồng Thị Bảo Linh	=)))))				Vũ			
05/08/25 - 19:39	FP - Kiến không ngủ	Tạ Anh Huy	Tôi nhìn những người nói bỏ tiền mua mô hình, đồ chơi là vô bổ... trong khi họ đang treo labubu trên cặp.	526001158_702147786155383_7032747165540201197_n.png			Vũ	L		
05/08/25 - 19:39	FP - Kiến không ngủ	Tạ Anh Huy	Việc dè bỉu, nói ra nói vào khi thấy người khác bỏ tiền ra để phục vụ sở thích của họ là rất  . Điều này 99% sẽ phản tác dụng nếu bạn là 1 con người, vì đã là người thì sẽ có sở thích.   Nếu bạn có thể nói người nạp tiền mua skin trong game, người mua mô hình nhựa robot gì đó,... là vô bổ thì họ có thể nói việc bạn mua vé xem ca nhạc, việc bạn bỏ tiền đi chụp photo booth,... là vô bổ.   Người ta có thể bỏ tiền để mua cần câu xịn để câu cá, terrarium, trồng cây, nuôi thú cưng, sắm bộ pc ngầu lòi, sắm máy chụp ảnh, mua tai nghe đắt tiền, bộ loa xịn nghe nhạc,... để phục vụ cho thứ là SỞ THÍCH và đó là điều BÌNH THƯỜNG.   Nói chung là kệ mịa nhau đi, đừng phán xét sở thích của người khác   (nếu nó không vi phạm pháp luật).				Vũ	L		
06/08/25 - 08:52	FP - Kiến không ngủ	Vũ Thị Thu Trang	Đố các bạn đây là ảnh thật hay AI	524585576_741919488459825_6118850254748384151_n.jpg			Vũ	L		
06/08/25 - 10:15	FP - Kiến không ngủ	Vũ Thị Thu Trang	Tạm dịch: “Cảm ơn quý khách vì đã giữ vệ sinh sạch sẽ, nếu quý khách thấy ai không giữ vệ sinh sạch, hãy nói với chúng tôi và chúng tôi sẽ dọn sạch”				Vũ	1	Sửa “Dọn sạch họ”	1
06/08/25 - 11:37	FP - Kiến không ngủ	Vũ Thị Thu Trang	AI THỐNG TRỊ LOÀI NGƯỜI LÀ CÓ THẬT: Thủ tướng Thuỵ Điển thừa nhận hay xin ý kiến ChatGPT để điều hành đất nước    Việc này khiến ông bị chỉ trích bởi các chuyên gia cho rằng dù ít hay nhiều thì việc dùng ChatGPT để hỏi sẽ gây ảnh hưởng đến khả năng tư duy độc lập.   Theo: Báo Tuổi Trẻ	513240803_632906496070799_640181106867313909_n.jpg			Vũ	L		
06/08/25 - 11:37	FP - Kiến không ngủ	Vũ Thị Thu Trang	(Hình ảnh mang tính minh hoạ)				Vũ			
06/08/25 - 12:53	FP - Kiến không ngủ	Vũ Thị Thu Trang	OÁCH XÀ LÁCH: 40 máy bay cùng tàu ngầm, tàu tên lửa, tàu hộ vệ tên lửa tham gia diễu binh A80    #tiepluatuhao	525755003_4370308133237137_1197292062360349542_n.jpg 526446300_1061845416037916_3996348652911089904_n.jpg 525794710_1096915605724554_3634741776494019575_n.jpg		https://danviet.vn/40-may-bay-cung-tau-ngam-tau-ten-lua-tau-ho-ve-ten-lua-tham-gia-dieu-binh-a80-d1353243.html?fbclid=IwY2xjawL_1GZleHRuA2FlbQIxMABicmlkETE1ZUlCT3VTUkVtMWoxcG9TAR5ms7ku2phZDdzPS7_VtcOWpKkAcBib5dS-3TUZ0bNa56pFcUDJ9rZJoU7Irg_aem_JIGVIqUMZuw4tbF-wiURVg	Vũ	1	thêm nguồn	62
06/08/25 - 13:21	FP - Kiến không ngủ	Vũ Thị Thu Trang	cho e nguồn với	524006352_1300845781431226_5807637543464369832_n.jpg 			Vũ			
06/08/25 - 13:21	FP - Kiến không ngủ	Vũ Thị Thu Trang	côpy				Vũ			
06/08/25 - 13:21	FP - Kiến không ngủ	Minh Vũ					Vũ			
06/08/25 - 13:21	FP - Kiến không ngủ	Minh Vũ		526544979_966355962258885_8445932680733033080_n.png			Vũ			
06/08/25 - 13:21	FP - Kiến không ngủ	Vũ Thị Thu Trang	[Message Retracted]	525233068_725133837177481_6493934310005992469_n.jpg			Vũ			
06/08/25 - 13:21	FP - Kiến không ngủ	Vũ Thị Thu Trang	Adu chưa xong				Vũ			
06/08/25 - 13:21	FP - Kiến không ngủ	Vũ Thị Thu Trang	Nữ sinh tên Jiang Chennan ở Hà Nam, Trung Quốc đã mắc viêm cơ tim cấp tính sau khi tham gia thi đại học hồi tháng 6.   Cô bé đã hôn mê và được duy trì sự sống bằng phương pháo hỗ trợ tim phổi nhân tạo tại phòng chăm sóc đặc biệt.   Vào ngày thứ 8 sau khi hôn mê, cha cô bé nhận được thư báo trúng tuyển Đại học của con gái, ông vui mừng thông báo cho con và ông đã thấy mí mắt cô bé giật nhẹ.  Ngày hôm sau, Jiang Chennan tỉnh dậy một cách kì diệu và khi gọi video cho cha mẹ, cô bé đã làm cử chỉ OK    Các bác sĩ đều rất bất ngờ và cho biết chức năng tim của cô bé đang dần hồi phục hoàn toàn, cô đã được chuyển viện, dự kiến sẽ nhập học vào tháng 9.   Nguyên nhân Jiang Chennan tỉnh lại nhanh chóng thần kỳ vẫn chưa được hiểu rõ lí do.   Theo: South Morning China Post				Vũ	L		
06/08/25 - 13:21	FP - Kiến không ngủ	Minh	chính tả nè c				Vũ			
06/08/25 - 13:21	FP - Kiến không ngủ	Minh Vũ		524851333_693980253654652_2984999770595856165_n.png			Vũ			
06/08/25 - 13:21	FP - Kiến không ngủ	Vũ Thị Thu Trang	uhh lát fix				Vũ			
06/08/25 - 13:21	FP - Kiến không ngủ	Vũ Thị Thu Trang				https://www.scmp.com/news/people-culture/trending-china/article/3320294/china-girl-heart-infection-wakes-coma-when-shown-college-acceptance-letter	Vũ			
06/08/25 - 15:51	FP - Kiến không ngủ	Tạ Anh Huy	"29 LẦN ĐẦU TIÊN CỦA VIỆT NAM    Tập 2: Người Việt Nam và Châu Á đầu tiên đạt giải Nobel Hòa Bình    Giải thưởng Nobel có 5 lĩnh vực gồm Vật lý, Hóa học, Văn học, Sinh lý học/Y học và Hòa Bình. Những lĩnh vực này được đặt ra theo nguyện vọng của nhà hóa học tài ba Alfred Nobel. Vào năm 1973, người Việt Nam đầu tiên, cũng là người Châu Á đầu tiên đạt giải thưởng Nobel Hòa Bình này chính là Nhà ngoại giao lỗi lạc Lê Đức Thọ    Nhưng thời điểm đấy, bác Thọ đã làm điều khiến cho cả thế giới phải nhớ tới cho đến hiện tại, mà cũng chưa có ai làm vậy cả, đó chính là TỪ CHỐI nó.   Bởi khi ấy, giải Nobel Hòa Bình đã chọn 2 người là Ngoại trưởng Mỹ Henry Kissinger và Lê Đức Thọ. Nhưng bác Lê Đức Thọ đã từ chối không nhận giải này.   Tờ New York Times của Mỹ đã đưa tin rằng lí do Lê Đức Thọ làm thế là vì: “ ""Hòa bình thực sự vẫn chưa được lặp lại"" Trong một lá thư của Lê Đức Thọ gửi tới bà Aase Lionaes, chủ tịch Ủy ban Giải Nobel của Quốc hội Na Uy năm đó, tiết lộ rằng bác Thọ không chấp nhận giải Nobel này là vì “Uỷ ban Giải đã đặt kẻ xâm lược và người bị xâm lược ngang bằng với nhau”. …  Hành động từ chối này của bác Thọ đã khiến dư luận của thế giới nói chung và của người Mỹ nói riêng bùng lên tranh luận. Henry Kissinger - người đang vui vẻ vì mình có giải Nobel Hòa Bình thì phải khổ sở vì bị chỉ trích dữ dội từ dư luận quốc tế.   Thậm chí sau đó Henry Kissinger đã xin được trả lại giải này, nhưng ủy ban Nobel không cho trả   —- Một vài thông tin về cuộc đời bác Lê Đức Thọ:   Bác Thọ có biệt danh là “Sáu Búa” vì tính cách nghiêm khắc của mình. Tên thật của bác là Phan Đình Khải, do yêu cầu của công tác bí mật nên phải đổi tên.   19 tuổi, Lê Đức Thọ bị thực dân Pháp bắt ra Côn Đảo khổ sai. Tại đây, bác gặp những đồng chí Tôn Đức Thắng, Lê Duẩn, Phạm Hùng, Lê Văn Lương, Nguyễn Duy Trinh,…  Sau khi được thả, bác Thọ lại tiếp tục bị địch bắt vào Nhà tù Hỏa Lò, rồi bị đày lên Sơn La,...   Năm 1968, Lê Đức Thọ đang công tác ở miền Nam thì được Chủ tịch Hồ Chí Minh viết thư tay chỉ đích danh “anh Sáu” về Hà Nội gấp để chuẩn bị bay sang đàm phán với Mỹ tại Hội nghị Paris.  - Theo con trai của bác Thọ - ông Lê Nam Thắng cho biết 1 nguyên nhân sâu xa nữa khi cha mình từ chối giải thưởng Nobel Hòa Bình chính là vì những công việc cha mình làm luôn gắn với công việc của Đảng, của cách mạng nên ông không tách mình khỏi tập thể, khỏi cái chung.  Do đó nếu có thành tích hay công lao thì trước hết công lao, thành tích đó đều thuộc về Đảng, về nhân dân chứ không phải của riêng cá nhân ông      #tiepluatuhao"	525622402_1092490422328131_1907033722766035400_n.png			Vũ	L		
06/08/25 - 15:51	FP - Kiến không ngủ	Tạ Anh Huy	biệt danh + Hồ Chí Minh viết thư tay	525816744_1450855766228277_1139541902699423517_n.png			Vũ			
06/08/25 - 15:51	FP - Kiến không ngủ	Nguyễn Như Quỳnh				https://drive.google.com/file/d/1Vgjwg8wVoEhNCK8ndjI4N70-SwkbX_w4/view?usp=sharing	Vũ	L		
06/08/25 - 15:51	FP - Kiến không ngủ	Minh Vũ	cái nè bên trending đúng ko c				Vũ			
06/08/25 - 15:51	FP - Kiến không ngủ	Nguyễn Như Quỳnh	Ờ ha c gửi nhầm				Vũ			
06/08/25 - 15:51	FP - Kiến không ngủ	Vũ Thị Thu Trang	Mẹ tôi bật điện bếp lúc nửa đêm  Tôi:	525475636_1541134900202144_6415081022665980388_n.jpg			Vũ	L		
06/08/25 - 15:51	FP - Kiến không ngủ	Tạ Anh Huy	TÔI ĐÃ XÌ TIỀN RA THỬ CHO BẠN ĐỠ PHẢI THỬ    TẬP  : SÔ CÔ LA NƯỚC MẮM của Muji     Tôi khi thấy nó, tôi không chấp nhận rằng lại có 1 món này trên đời. Sao lại có sự kết hợp giữa nước mắm và sô cô la được?   Vì quá cay cú, tôi phải vác nó về hốc để xem nó ra làm sao...  Cái thanh sô cô la này hơi bé, 38 cành cho một món độc lạ có kích thước cỡ to hơn ngón giữa của tôi một tí. Lúc này tôi có chút hối hận khi mua nó thay vì là cái túi sô cô la bắp cũng ngang ngang giá mà nhiều vlin     Và nó đúng là có vị nước mắm   Nó giòn, nhai rốp rốp, có cái mùi hăng hăng, mặn mặn pha lẫn với ngọt nhẹ, nói chung là êuuuu tôi không thể ăn quen được.    Chịu. Thôi coi như là trải nghiệm   Ai thích thử thì nên thử cho biết.   - Kiến Rì Viu -	525917790_758960896716692_5460702633033266087_n.png			Vũ	L		
06/08/25 - 15:51	FP - Kiến không ngủ	Tạ Anh Huy	bên trong nó như này nha ae   tôi hốc 2 đoạn, còn lại chia ra cho mn xung quanh thử thì họ đều nhận xét ba chấm...	527705171_739818522349519_5440957057920994888_n.png			Vũ	L		
06/08/25 - 18:09	FP - Kiến không ngủ	Tạ Anh Huy	Mỗi khi thấy cái filter này, tôi lại mong có luật giới hạn độ tuổi sử dụng mạng xã hội	526182652_2170562960096796_3890996199131326947_n.png			Vũ	L		
06/08/25 - 18:09	FP - Kiến không ngủ	Dương Nguyễn	👌				Vũ			
06/08/25 - 18:09	FP - Kiến không ngủ	Dương	ơ mà tóp tóp có luật giới hạn tuổi mà				Vũ			
06/08/25 - 18:09	FP - Kiến không ngủ	Dương Nguyễn	@Huyy Anh				Vũ			
06/08/25 - 18:09	FP - Kiến không ngủ	Tạ Anh Huy	v hả a				Vũ			
06/08/25 - 18:09	FP - Kiến không ngủ	Minh Vũ	Có u13 với u18 mà -.-				Vũ			
06/08/25 - 18:09	FP - Kiến không ngủ	Tạ Anh Huy	mạng xã hội				Vũ			
06/08/25 - 18:09	FP - Kiến không ngủ	Dương Nguyễn	sauwr content là đc				Vũ			
06/08/25 - 18:09	FP - Kiến không ngủ	Tạ Anh Huy	fix là dc				Vũ			
06/08/25 - 18:33	FP - Kiến không ngủ	Tạ Anh Huy	Có người nói đây là góc nhìn của con muỗi khi bị con người đập.  Giờ thì mỗi khi đập muỗi, tôi lại tưởng tượng ra cái cảnh này	525596101_737845539050378_5821297768843021630_n.png			Vũ	L		
06/08/25 - 19:26	FP - Kiến không ngủ	Tạ Anh Huy	1 trend mà nên lan tỏa	525368069_681946248207624_469756737830324144_n.jpg			Vũ	L		
06/08/25 - 20:16	FP - Kiến không ngủ	Vũ Thị Thu Trang	Ê ý là tôi đi đường thấy người ta bắt đầu dựng quầy bánh Trung Thu	475742037_405610012615323_9222850499659586667_n.jpg			Vũ	L		
06/08/25 - 21:53	FP - Kiến không ngủ	Vũ Thị Thu Trang	Người overthinking kiểu:	524749092_707635038768147_33436171713385852_n.jpg			Vũ	L		
06/08/25 - 23:25	FP - Kiến không ngủ	Tạ Anh Huy	[Message Retracted]				Vũ			
07/08/25 - 11:01	FP - Kiến không ngủ	Vũ Thị Thu Trang	Hôm nay tôi biết được là   Cái botox mà mọi người hay dùng để tiêm giảm nếp nhăn nó là một chất độc cực mạnh gây   người, tên là botulinum toxin. Nên cái căng da giảm nhăn này nọ thực ra là làm tê liệt, yếu cơ (các cơ động như trán, rãnh cười,…)  Có hai loại A và B, loại dùng trong thẩm mỹ là loại A thì đã được điều chế phù hợp, an toàn hơn, tuy nhiên nếu bác sĩ thẩm mỹ tay nghề không cao, tiêm sao để nó lan ra hoặc không đúng liều thì hậu quả ai cũng biết rồi đó	514626521_1257343585889570_464067799809651988_n.jpg			Vũ	L		
07/08/25 - 12:25	FP - Kiến không ngủ	Vũ Thị Thu Trang	CÔNG AN HÀ NỘI TỔNG DUYỆT 'NGÀY HỘI VÌ THỦ ĐÔ BÌNH YÊN'    Sáng nay, Công an TP Hà Nội đã tổ chức tổng duyệt, chuẩn bị diễu binh, diễu hành Ngày hội vì Thủ đô bình yên, ra quân đảm bảo an ninh trật tự các hoạt động kỷ niệm 80 năm Cách mạng tháng Tám thành công và Quốc khánh 2/9.  Từ 4h sáng, lực lượng Công An TP Hà Nội tập trung tại khu vực Hồ Hoàn Kiếm, chuẩn bị tham gia buổi tổng duyệt. Đúng 5h, cuộc tổng duyệt bắt đầu. Dẫn đầu đoàn diễu hành là khối rước ảnh Chủ tịch Hồ Chí Minh. Tiếp theo là khối rước Hồng kỳ - lá cờ đỏ thiêng liêng, biểu tượng cho tinh thần cách mạng, ý chí bất khuất của dân tộc	524786716_3221476791333596_3364576476519396759_n.jpg 526555880_23941918335510632_5545541342123526451_n.jpg 527974601_1311357923886702_5182976748555571190_n.jpg 527979670_749235341299311_7004004493763290177_n.jpg 524834084_1072571115065319_9068377005304161793_n.jpg 526596257_2156622288203614_9146363746000053098_n.jpg 523491650_747400154577096_975772069011726956_n.jpg 516405003_724293150479274_449603834587051322_n.jpg 524827280_719967920873185_79352011642530285_n.jpg			Vũ	L		
07/08/25 - 12:25	FP - Kiến không ngủ	Đồng Thị Bảo Linh	Bài y hệt beat k edit thì lên lun nha				Vũ			
07/08/25 - 14:34	FP - Kiến không ngủ	Vũ Thị Thu Trang	“Ui sao lại phỏng vấn em ạ? Em có là gì đâu”    “Mỗi ngày ở trên mạng, lướt đâu cũng toàn những tin tức tiêu cực, gây shock, gây buồn bã, em cảm thấy là mình cần làm một cái gì đó để mọi người nhận ra là à cuộc đời vẫn đẹp và nhiều yêu thương lắm”   “Có những lúc đi phỏng vấn em đã khóc, nhất là hồi 30/4 ấy ạ, khóc vì xúc động và biết ơn, cũng có buồn, có vui, nhưng khi chia sẻ nội dung lên Inside the Box, em luôn cố gắng sao để khi đến được với mọi người thì nội dung đấy luôn ít nhiều ẩn chứa những điều tích cực đẹp đẽ, kiểu đọc mà cảm xúc không bị kéo xuống nặng nề hay tiêu cực. Em tập trung vào những mặt tốt trước. Khi có vấn đề gì cần lên án thì chúng em cũng lên án rất mạnh mẽ, chứ không phải là chỉ cái gì tốt đẹp mới đăng”  “Khi làm nội dung thì em thực sự thực sự thực sự mong muốn lan toả thật rộng những điều đẹp đẽ về văn hoá, tình cảm con người, những đức tính tốt đẹp, những câu chuyện ấm lòng, em muốn Inside the Box chính là bông hoa nở trên cây táo ấy, khi mà có ai đó mất niềm tin vào tình yêu, vào lòng người chẳng hạn, thì em muốn thông qua Inside the Box để làm ấm trái tim của họ hơn một chút.”  “Em đọc tất cả các bình luận của mỗi bài viết, em thường đọc vào cuối ngày, trước khi đi ngủ. Em thích nhất là khi mọi người bình luận câu “Đóng tiền mạng để xem nhưng cái này”, em thấy hài hước và cũng rất vui”  “Em nhận ra là khi trao đi những giá trị nội dung tích cực, thì cái em nhận lại cũng là những điều ấm lòng đẹp đẽ. Lúc trước thì em không để ý đến cái này đâu, kiểu cứ làm cứ đăng thôi. Xong một ngày, buổi tối trước khi đi ngủ thì em có thói quen đọc bình luận ấy, thấy mọi người cảm ơn, thấy mọi người yêu thương Inside the Box thì em nhận ra là bản thân mình trong quá trình trao đi yêu thương thì cũng đã nhận được quá nhiều yêu thương”  “Em tin vào cuộc đời lắm, tin vào điều tốt, chuyện tốt, tin vào tình yêu, tin vào lòng người. Em mong mọi người cùng nhau giữ niềm tin yêu ấy, tin vào chuyện tốt thì chuyện tốt sẽ đến”  Ừ thì,   Nếu cuộc đời này toàn chuyện xấu xa Tại sao cây táo lại nở hoa    Mỗi giờ mỗi phút, mỗi con người dù nhỏ bé đều đang cố gắng để sống đẹp, làm những điều hay, có thể ta sẽ không để ý đâu, nhưng những điều đẹp đẽ dù nhỏ nhoi cũng đang góp phần xây dựng đất nước ngày càng xinh yêu, phát triển  Nhân dịp Quốc Khánh 2/9 và Cách Mạng Tháng Tám thành công, hãy chia sẻ cùng chúng tui những việc tốt bạn làm, dù nhỏ hay lớn ở comment để chúng tui được ấm lòng với nhé    #tiepluatuhao	516142747_742212688419016_7260585250124742657_n.jpg			Vũ	L		
07/08/25 - 14:34	FP - Kiến không ngủ	Vũ Thị Thu Trang	@Minh Vũ ơi luôn nhé				Vũ			
07/08/25 - 14:34	FP - Kiến không ngủ	Vũ Thị Thu Trang	air luôn				Vũ			
07/08/25 - 14:52	FP - Kiến không ngủ	Vũ Thị Thu Trang	“Eo khiếp sao uống loãng mà dở quá trời, ngày xưa tao nhớ The Alley ngon lắm cơ mà”  “Tha hoá rồi hay sao ấy, chắc tiết kiệm nguyên liệu”  “Đùuuu uống dở vậy má”  “Kinh vãi sau cạch mặt hãng The Alley này đi nhé”  …  Tôi xin lỗi. Tôi xin lỗi The Alley. Tôi đặt phải The Elley. Tôi xin lỗi. Tôi hối hận quá. Gomenasai	524797067_1418704759248514_4207079597900188541_n.jpg		https://www.tiktok.com/@antiphan0403/video/7535425065068924168?lang=vi-VN	Vũ	L		
07/08/25 - 14:52	FP - Kiến không ngủ	Tạ Anh Huy	Có ăn có học nó khác biệt thật =))))   Video: antiphan0403				Vũ	L		
07/08/25 - 16:04	FP - Kiến không ngủ	Nguyễn Như Quỳnh				https://drive.google.com/file/d/1UKURcDhJ9Z9oJFnN71xKhsqiKdNwAaU3/view	Vũ	L		
07/08/25 - 16:48	FP - Kiến không ngủ	Vũ Thị Thu Trang				https://docs.google.com/document/d/113t7MAGKG9j5dXRV_LsoELGi81XQzsy65lqjs6895fc/edit?usp=drivesdk	Vũ	L		
07/08/25 - 16:48	FP - Kiến không ngủ	Vũ Thị Thu Trang	dài quá k gửi đc tin				Vũ			
07/08/25 - 16:48	FP - Kiến không ngủ	Minh	có link kèm ko				Vũ			
07/08/25 - 16:48	FP - Kiến không ngủ	Minh Vũ	em xin				Vũ			
07/08/25 - 16:48	FP - Kiến không ngủ	Vũ Thị Thu Trang				https://ippgroup.vn/vi/tin-tuc/nguoi-tien-phong-mo-duong-bay-ket-noi-viet-nam-voi-the-gioi-n3786	Vũ			
07/08/25 - 16:48	FP - Kiến không ngủ	Tạ Anh Huy				https://baotintuc.vn/phong-su-dieu-tra/ra-di-de-tro-ve-xay-dung-que-huong-bai-2-nguoi-mo-cua-bau-troi-cho-viet-nam-vuon-ra-the-gioi-20250410143034109.htm	Vũ			
07/08/25 - 16:48	FP - Kiến không ngủ	Tạ Anh Huy	sao k dẫn link TTXVN cho nó trất ba				Vũ			
07/08/25 - 16:48	FP - Kiến không ngủ	Vũ Thị Thu Trang	ippgroup là web của tập đoàn ông ấy luôn				Vũ			
07/08/25 - 18:01	FP - Kiến không ngủ	Tạ Anh Huy	ảnh nữa	525801719_2130494684028657_1177916933255896331_n.png			Vũ			
07/08/25 - 18:01	FP - Kiến không ngủ	Tạ Anh Huy	c trang quên				Vũ			
07/08/25 - 18:44	FP - Kiến không ngủ	Tạ Anh Huy	Friendship goals     Ảnh: wangnguyennn	526012391_1423444675544822_2201505161397031835_n.jpg			Vũ	L		
07/08/25 - 18:44	FP - Kiến không ngủ	Tạ Anh Huy	ẢNH 1 CON MUỖI VOI BÊN CẠNH 1 CON MUỖI THÔNG THƯỜNG    Bạn đừng lo, muỗi voi to xác như thế chứ bọn nó không chích người. Ngược lại còn giúp ích rất lớn cho con người bằng cách... thịt hết mấy con muỗi gây hại    Muỗi voi trưởng thành sẽ tìm mật hoa để hút hoặc trái cây, mấy món đồ ngọt này nọ. Nhưng tuổi thơ của chúng - hay nói cách khác là khi còn là lăng quăng thì chúng là thiên địch của muỗi gây hại (muỗi vằn, muỗi Anophen...).   Muỗi voi mẹ sẽ tìm những chỗ mà bọn muỗi nhỏ kia đã đẻ từ trước và thả trứng của mình xuống. Vì lăng quăng của muỗi voi to gấp mấy lần lăng quăng của mấy con muỗi kia nên xác định là làm mồi hết cho con của muỗi voi     Nên sau này thấy mấy con muỗi bự bự bất thường thì đừng vội đập nó, đuổi nó đi thôi nhé.	525886162_660266497081319_7088506782076453030_n.png			Vũ	L		
07/08/25 - 18:44	FP - Kiến không ngủ	Tạ Anh Huy	Ảnh lăng quăng của muỗi voi bên cạnh lăng quăng của muỗi thông thường				Vũ	L		
07/08/25 - 18:44	FP - Kiến không ngủ	Vũ Thị Thu Trang	kinh quá				Vũ			
07/08/25 - 18:44	FP - Kiến không ngủ	Tạ Anh Huy	cmt mà	528889668_24112915455004191_5965549730997708759_n.png			Vũ			
07/08/25 - 22:35	FP - Kiến không ngủ	Tạ Anh Huy	"""Đừng ham chơi nữa, học hành tử tế đi, hồi xưa chú/cô cũng chơi bời lêu lổng như mày rồi giờ khổ nè""  ""dạ hê hê""  (và sau đó không nghe lời)  Thế hệ nào cũng bị rơi vào vụ này và tương lai có thể sẽ tiếp tục như thế"	527098353_1926912548089188_7092545358256668177_n.png			Vũ	L		
05/08/25 - 07:44	TT - Chuyện của Hà Nội	Nguyễn Khánh Linh				https://docs.google.com/document/d/1mFqlIqcWks7A-5Qdri40t95BMY179sgQJHu81-Gkomw/edit?usp=drivesdk	Hưng			
05/08/25 - 07:44	TT - Chuyện của Hà Nội	Nguyễn Khánh Linh				https://drive.google.com/file/d/1PZkUJPxIk2SX8AY2KTLgz0fpT1lZkNA2/view?usp=drivesdk	Hưng	L		
05/08/25 - 09:12	TT - Chuyện của Hà Nội	Nguyễn Khánh Linh	@Nguyễn Hưng a check giúp em với ạ				Hưng			
05/08/25 - 10:00	TT - Chuyện của Hà Nội	Nguyễn Khánh Linh				https://docs.google.com/document/d/1muX5xd1caqkG-BJWHRhzt59omuqEjO1O4GHxW2YJoNA/edit?usp=drivesdk	Hưng			
05/08/25 - 10:00	TT - Chuyện của Hà Nội	Nguyễn Khánh Linh				https://drive.google.com/file/d/10rkh_5JjxVJSQwF09QL9qwECy_tsYlos/view?usp=drivesdk	Hưng	L		
05/08/25 - 10:00	TT - Chuyện của Hà Nội	Nguyễn Khánh Linh	dạ e để vô kb rui đó ạ				Hưng			
05/08/25 - 10:57	TT - Chuyện của Hà Nội	Minh Trang				https://drive.google.com/file/d/1HMx5IhqS4uM_gkj80oifBaqkhXXHRX0v/view	Hưng	L		
05/08/25 - 15:39	TT - Chuyện của Hà Nội	Minh Trang				https://drive.google.com/file/d/1B77lBD3zRnjNie7RXGsApTtnhz9TYitQ/view	Hưng			
05/08/25 - 15:39	TT - Chuyện của Hà Nội	Minh Trang				https://docs.google.com/document/d/1ElFRAQvfTYnNYcaxJEsjxyXhzHKrd5yvX9QQQlyOY4c/edit?usp=sharing	Hưng			
05/08/25 - 15:39	TT - Chuyện của Hà Nội	Nguyễn Hưng	b ơi cái ảnh con cá bị cháy bỏ đi nhá				Hưng			
05/08/25 - 15:39	TT - Chuyện của Hà Nội	Minh Trang	lại phải minh họa à bác				Hưng			
05/08/25 - 15:39	TT - Chuyện của Hà Nội	Minh Trang	🥲				Hưng			
05/08/25 - 15:39	TT - Chuyện của Hà Nội	Nguyễn Hưng	nó giống con tôm lần trước ý. Đây còn kp đồ ăn				Hưng			
05/08/25 - 15:39	TT - Chuyện của Hà Nội	Minh Trang	okela còn hình ảnh nào nữa không dị				Hưng			
05/08/25 - 15:39	TT - Chuyện của Hà Nội	Minh Trang	ukiii				Hưng			
05/08/25 - 15:39	TT - Chuyện của Hà Nội	Minh Trang				https://docs.google.com/document/d/19RzEvC0Ri8cMvnfEmjWZIaehptewxBX0yiOV9YIvTCw/edit?usp=sharing	Hưng			
05/08/25 - 15:39	TT - Chuyện của Hà Nội	Minh Trang				https://drive.google.com/file/d/1DUYvLkudc-1COEtZKT4XZRIil66hAf3s/view	Hưng	L		
05/08/25 - 15:39	TT - Chuyện của Hà Nội	Minh Trang				https://drive.google.com/file/d/1qhZL0qpA901spiIuq39I_5faFNpdfCfX/view	Hưng	L		
05/08/25 - 15:39	TT - Chuyện của Hà Nội	Minh Trang	@Nguyễn Hưng b ơi check lại cho t vid này với				Hưng			
05/08/25 - 17:18	TT - Chuyện của Hà Nội	Minh Trang				https://drive.google.com/file/d/1BS0lBPiQnYSw1lejIJycna6iSbJ-zHqR/view	Hưng			
05/08/25 - 17:18	TT - Chuyện của Hà Nội	Minh Trang				https://docs.google.com/document/d/1LKBPIn8McQkSNtRArrk48OH1pU0PqFHSOHZBY5TeLwk/edit?usp=sharing	Hưng			
05/08/25 - 17:48	TT - Chuyện của Hà Nội	Minh Trang				https://drive.google.com/file/d/1A6vUWxxXKZwJRKNdVIbCJ_GhI0aD5En5/view	Hưng	1	Bỏ đoạn nổ tàu	43
05/08/25 - 17:48	TT - Chuyện của Hà Nội	Minh Trang	b ơi t gửi lại với				Hưng			
05/08/25 - 18:10	TT - Chuyện của Hà Nội	Minh Trang				https://drive.google.com/file/d/1vs75Kik9a4VbD6hPkxTY54unWf54XGKT/view	Hưng	L		
05/08/25 - 18:10	TT - Chuyện của Hà Nội	Minh Trang				https://docs.google.com/document/d/1-st8P0Z5KV6zRbcrUrqHxVp_n6sOXyujt0IeJQu65BI/edit?usp=sharing	Hưng			
05/08/25 - 19:06	TT - Chuyện của Hà Nội	Nguyễn Khánh Linh				https://docs.google.com/document/d/1EJYc5HTDPbwOxVSlPq2hiVnfzfLfwl67c-csKO8X6v4/edit?usp=drivesdk	Hưng			
05/08/25 - 19:06	TT - Chuyện của Hà Nội	Nguyễn Khánh Linh				https://drive.google.com/file/d/1VdA0DwzNhhCwg-zHZy-nGu7svQ7S4nby/view?usp=drivesdk	Hưng	L		
05/08/25 - 19:06	TT - Chuyện của Hà Nội	Minh Trang	Tin vui: Hà Nội nổi gió sắp mưa   Tin không vui: Gió to quá bay cả mũ bảo hiểm và tôi chưa về nhà    Chỗ các ông mưa chưa vậy?		525760517_30760222386958726_1642889114667814220_n.mp4		Hưng	L		
05/08/25 - 19:06	TT - Chuyện của Hà Nội	Minh Trang	Khôm là mưa to mất				Hưng			
05/08/25 - 19:06	TT - Chuyện của Hà Nội	Nguyễn				https://drive.google.com/file/d/1RAGVjrqMNzaUTp9kMt5okKnqOcDLkHBk/view?usp=sharing	Hưng	L		
05/08/25 - 19:06	TT - Chuyện của Hà Nội	Minh Nguyễn	bkd duyệt giúp e nhé ạ				Hưng			
06/08/25 - 14:47	TT - Chuyện của Hà Nội	Minh Trang				https://drive.google.com/file/d/1adKhgk9OnbEohzPdRNS251cuEJdRbHaM/view	Hưng	L		
06/08/25 - 14:47	TT - Chuyện của Hà Nội	Minh Trang				https://docs.google.com/document/d/1SPRNaXvS0tnuuVvumcq593ZFqT5X71-vhv_CqXGKZ54/edit?usp=sharing	Hưng			
06/08/25 - 14:47	TT - Chuyện của Hà Nội	Minh Trang				https://drive.google.com/file/d/1yNhnBn-NoPslsLKuhNJ2xQv8UcXzKLxp/view	Hưng	L		
06/08/25 - 16:08	TT - Chuyện của Hà Nội	Nguyễn Khánh Linh				https://docs.google.com/document/d/1bahfdhhcrbfG9ohLUO3zP74G18my3QCxXAkE0MgtRhk/edit?usp=drivesdk	Hưng			
06/08/25 - 16:08	TT - Chuyện của Hà Nội	Nguyễn Khánh Linh				https://drive.google.com/file/d/1pYR9XgB-G0lBXTsDjwDRvd4_RSF3eqaD/view?usp=drivesdk	Hưng	L		
06/08/25 - 16:08	TT - Chuyện của Hà Nội	Nguyễn Khánh Linh				https://docs.google.com/document/d/1SLaZu3XSQU1CAU7TL4BXwf5Nh9ZUlXkPH-NYGAH6PX0/edit?usp=drivesdk	Hưng			
06/08/25 - 16:08	TT - Chuyện của Hà Nội	Nguyễn Khánh Linh				https://drive.google.com/file/d/156Zezf7BB0Sku11tuFL0F3dQAW2EnPZB/view?usp=drivesdk	Hưng	L		
06/08/25 - 16:08	TT - Chuyện của Hà Nội	Nguyễn Khánh Linh				https://docs.google.com/document/d/1aNpsu-tjYFL7-ersVuXbCGUzw_HhHt4zoAbjwNX5HEM/edit?usp=drivesdk	Hưng			
06/08/25 - 16:08	TT - Chuyện của Hà Nội	Nguyễn Khánh Linh				https://drive.google.com/file/d/1JOsPBifgshA-uWkKw9X_7xwhuGF5wsm-/view?usp=sharing	Hưng	L		
06/08/25 - 16:08	TT - Chuyện của Hà Nội	Nguyễn Khánh Linh	E đẩy vô rui ạ				Hưng			
06/08/25 - 17:49	TT - Chuyện của Hà Nội	Nguyễn Khánh Linh				https://docs.google.com/document/d/1eSqLCWkCnLpG5jCUXCdy9AfFitmcgbk5ZL3Lkkxv5sA/edit?usp=drivesdk	Hưng			
06/08/25 - 17:49	TT - Chuyện của Hà Nội	Nguyễn Khánh Linh				https://drive.google.com/file/d/12mi8SyoA0VSxEnI52QOS8jscFFnE2Pxy/view?usp=drivesdk	Hưng	L		
06/08/25 - 20:21	TT - Chuyện của Hà Nội	Minh Trang				https://drive.google.com/file/d/1OWR4ZV6-kxlfsgjKFn0m7RZbpq6Be7l7/view?usp=drivesdk	Hưng	L		
06/08/25 - 20:21	TT - Chuyện của Hà Nội	Minh Trang		528339948_24339855258987557_3277610425214367609_n.jpg		https://www.facebook.com/share/p/16whUekdXE/?mibextid=wwXIfr	Hưng			
07/08/25 - 08:57	TT - Chuyện của Hà Nội	Nguyễn Khánh Linh				https://docs.google.com/document/d/1gCPx0Nw8uqkzaQmYGVIRG31dhsXu7-P3IThSAQskTpw/edit?usp=drivesdk	Hưng			
07/08/25 - 08:57	TT - Chuyện của Hà Nội	Nguyễn Khánh Linh				https://drive.google.com/file/d/1a5kpD4VSNrSq5FWtrz5cNUXL2yJstWih/view?usp=drivesdk	Hưng	L		
07/08/25 - 10:19	TT - Chuyện của Hà Nội	Nguyễn Khánh Linh				https://docs.google.com/document/d/1n5gQcx75hmdIY20z-PNZ9cuHy981M8U-F8mEAm5dtG0/edit?usp=drivesdk	Hưng			
07/08/25 - 10:19	TT - Chuyện của Hà Nội	Nguyễn Khánh Linh				https://drive.google.com/file/d/1LV5VIPtSYvunw_NA9D6poODuQbiDNrfg/view?usp=drivesdk	Hưng			
07/08/25 - 10:19	TT - Chuyện của Hà Nội	Nguyễn Khánh Linh	@Nguyễn Hưng a check bài giúp em vứi ạ e cám ơn				Hưng			
07/08/25 - 10:19	TT - Chuyện của Hà Nội	Hưng	lâp thu là chuyển giao mùa hè với mùa thu chứ nhỉ				Hưng			
07/08/25 - 10:19	TT - Chuyện của Hà Nội	Nguyễn Khánh Linh	Dạ mùa hè vs mùa đông ạ, ý nó ở giữa ấy ạ				Hưng			
07/08/25 - 10:19	TT - Chuyện của Hà Nội	Nguyễn Hưng	ò cũng dc nma a nghĩ viết mùa thu là chuyển giao sẽ chuẩn hơn là lập thu. Vì lập thu là mới bắt đầu vào mùa thu thui	528313160_1250490233436105_3859600057903942901_n.png			Hưng			
07/08/25 - 10:19	TT - Chuyện của Hà Nội	Khánh Linh				https://drive.google.com/file/d/1Q9Cv1r3Uat7DpCQQY7ZOyodFN0kJGfOr/view?usp=drivesdk	Hưng	L		
07/08/25 - 10:19	TT - Chuyện của Hà Nội	Nguyễn Khánh Linh	e gửi lại a ơii				Hưng			
07/08/25 - 14:42	TT - Chuyện của Hà Nội	Minh Trang				https://drive.google.com/file/d/1efMuJRefBauedLvsnj6J5pmyjLSw0QrU/view	Hưng	L		
07/08/25 - 14:42	TT - Chuyện của Hà Nội	Minh Trang				https://drive.google.com/file/d/1qg-W15c73P_pqLsWdR3IkomUX7LcYe4N/view	Hưng			
07/08/25 - 14:42	TT - Chuyện của Hà Nội	Minh Trang				https://drive.google.com/file/d/1JcGMwvr6rR1kXYIwxmUtNaPjAMmSUmlN/view	Hưng	L		
07/08/25 - 14:42	TT - Chuyện của Hà Nội	Minh Trang				https://docs.google.com/document/d/1zUz-zukifeH1D4tUPzpQDzcZMKElxWfh8hOAnIRA3SM/edit?usp=sharing	Hưng			
07/08/25 - 15:52	TT - Chuyện của Hà Nội	Minh Trang				https://drive.google.com/file/d/16cGr9jwIhtK3gp651MvYJ6EoWd33J5dP/view	Hưng	L		
07/08/25 - 16:43	TT - Chuyện của Hà Nội	Nguyễn Khánh Linh				https://docs.google.com/document/d/1ozCaleM3lcYAvk6UjWSlOyW6g3OkK6VmUmjZeL9zTYo/edit?usp=drivesdk	Hưng			
07/08/25 - 16:43	TT - Chuyện của Hà Nội	Nguyễn Khánh Linh				https://drive.google.com/file/d/1F1oPcD-p1Yx-oN0AWWR4ixQZmMhwj-jf/view?usp=drivesdk	Hưng	L		
07/08/25 - 17:18	TT - Chuyện của Hà Nội	Nguyễn Khánh Linh	LIST NHẠC TỰ HÀO VIỆT NAM CHO QUỐC KHÁNH 2/9   #CCHN #tiepluatuhao	528294809_1277372177362225_2126904047895910918_n.jpg 526762424_682596878134143_69978315256204963_n.jpg 525347705_1065850575313063_2203836960752989542_n.jpg 526128956_741683671814344_147807752867597298_n.jpg 526382165_1464761664524397_6496014804393073690_n.jpg 528818140_1810753696535222_6484200675990414991_n.jpg 526086180_2607858772890810_6315919454590256742_n.jpg 527542866_1280032763660854_5191886809867334292_n.jpg 527676355_1047884127414673_486677696474962156_n.jpg 526765213_1459284068651294_1202490727194462007_n.jpg			Hưng	L		
07/08/25 - 17:18	TT - Chuyện của Hà Nội	Minh Nguyễn	a ơi check giúp em ạ				Hưng			
07/08/25 - 18:04	TT - Chuyện của Hà Nội	Minh Trang				https://drive.google.com/file/d/1QF4GZiK7b9L89cLRhSiPn-R8DZiWC0jj/view	Hưng	L		
07/08/25 - 18:04	TT - Chuyện của Hà Nội	Minh Trang				https://docs.google.com/document/d/1fYrruZnEAoE3A2pSRDsBZ7IVdfj6dC6NNOVNEyVU3jg/edit?usp=sharing	Hưng			
07/08/25 - 22:05	TT - Chuyện của Hà Nội	Minh Trang				https://drive.google.com/file/d/1v5_C-3QOqaSVekZ0VQRCDs4iIFvwCluO/view?usp=drivesdk	Hưng	L		
05/08/25 - 10:15	FP - Inside the Box	Nguyễn Đức Trọng	Có những khoảnh khắc, sau này sẽ trở thành kỷ niệm vô giá...  Tiếng cười yêu thương của nội, là thứ mà đứa trẻ nào rồi cũng sẽ rất nhớ thương.  Nhìn mấy cảnh này lại nhớ nội mình quá đi...  | Video: canhcanhdaily		527897206_24102000646152321_1418731216498136664_n.mp4		Dũng	L		
05/08/25 - 15:44	FP - Inside the Box	Đặng Phương Anh	Dù vang lên nơi đâu, Tiến Quân Ca vẫn khiến tim ta thổn thức, như hồn thiêng dân tộc réo gọi. Đó là tiếng lòng cha ông, là máu xương đổi lấy hòa bình hôm nay. Trong không khí chờ đón Quốc khánh 2/9, lời ca: Tiến lên, cùng tiến lên! Non nước Việt Nam ta vững bền. Thắp lửa tự hào, thôi thúc ta sống xứng đáng, xây dựng Việt Nam hùng cường, mãi trường tồn.			https://drive.google.com/drive/folders/1y4HJVdQT8da6KVBMNZftmzZ1hlvs4Edo	Dũng			
05/08/25 - 15:44	FP - Inside the Box	Đặng Phương Anh	@Minh Vũ a duyệt cho e vs nha				Dũng			
05/08/25 - 15:44	FP - Inside the Box	Minh Vũ	Non nước Việt Nam -> nước non  VN chứ nhỉ				Dũng			
05/08/25 - 15:44	FP - Inside the Box	Đặng Phương Anh	vâng ahah				Dũng			
05/08/25 - 15:44	FP - Inside the Box	Đặng Phương Anh	Trong không khí rộn ràng chuẩn bị Đại lễ Quốc khánh 2/9, lời ca: “Tiến lên, cùng tiến lên! Nước non Việt Nam ta vững bền” thôi thúc mỗi chúng ta sống xứng đáng, xây dựng Việt Nam hùng cường, vững mạnh.  Dù vang lên nơi đâu, Tiến Quân Ca vẫn khiến tim ta thổn thức, như hồn thiêng dân tộc réo gọi, là tiếng lòng cha ông, là máu xương đổi lấy hòa bình hôm nay.  #tiepluatuhao				Dũng	L		
05/08/25 - 15:44	FP - Inside the Box	Đặng Phương Anh	e duyệt lại nha				Dũng			
05/08/25 - 17:09	FP - Inside the Box	Nguyễn Đức Trọng	Tui đã khóc như mưa khi đọc tin nhắn này.  Chuyện là tui mua bọc bánh tráng to rồi quăng vào tủ bếp, tui cũng không có để ý gì lắm tại nghĩ là để vô tủ bếp rồi thì ai muốn ăn thì cứ lấy ăn thôi.   Tối qua thấy tin nhắn của mẹ gửi lúc đang đi làm mà lu bu quá cái quên check, tan làm đi ăn uống xong về nhà cũng trễ, vô zalo xem lịch làm tuần tới thì mới thấy có tin nhắn mẹ gửi.   Ừa, con bé con nhà tui nó lấy zalo mẹ nhắn tui, xin tui để được ăn bánh tráng…  | Chia sẻ đáng iu từ threads của bạn vpnga.rmy  Thực sự là bạn nhỏ này không dám tự tiện lấy đồ xong phải hỏi chị mấy lần (sau đó không được thì đánh răng đi ngủ - như chia sẻ), là thấy bạn ngoan lắm rồi.   Bạn nhỏ dễ thương ghê, làm anh chị mà thấy mấy đứa em cứ “chị oi” chị oi thì làm sao mà chịu nổi ha!!	524918549_1225829302542161_8498678411395096812_n.jpg			Dũng	L		
05/08/25 - 17:09	FP - Inside the Box	Nguyễn Đức Trọng	cầu xin dc duyệt trước khi anh hết 4G				Dũng			
05/08/25 - 20:20	FP - Inside the Box	Lê Giang Uyên	"Làm bác sĩ quân y là giấc mơ đúng đắn và đẹp đẽ nhất tôi từng chọn trong đời.    Tôi nhớ mãi một kỷ niệm, cách đây khoảng mười mấy năm rồi. Lúc đó, tôi đang trực ở bệnh xá thì có một chiến sĩ gõ cửa rất gấp, nói: ""Cô ơi, bạn con bị sốt co giật!""  Tôi chạy vội ra thì thấy em ấy đang nằm co giật, sùi bọt mép. Mắt thì trợn ngược, không còn nhận thức gì nữa. Tôi hốt hoảng, vội đưa vào cấp cứu. Khi ấy, các phương tiện y tế còn thiếu thốn, nhưng tôi vẫn cố hết sức. Tôi truyền dịch, tiêm thuốc, dùng mọi biện pháp để hạ sốt. Cứ thế, phải đến hơn nửa tiếng sau em mới tỉnh lại.  Nhưng tôi thì không cầm được nước mắt. Thấy em ấy mở mắt, nhìn mình mà nói thều thào: “Cô ơi, con sợ lắm.” Tôi như người mẹ nhìn con mình vượt qua cơn nguy kịch. Sau khi em tỉnh táo, tôi ngồi lại bên cạnh cả đêm, xoa tay, xoa chân, rồi động viên. Cậu bé ấy là con một, gia đình ở xa nên tôi thương lắm.  Mấy năm sau, em ấy tìm lại tôi, em kể: ""Hồi đó, con đã viết bài văn miêu tả một người con thương nhất, chính là cô. Con viết cô như người sinh ra con lần thứ hai."" Chỉ câu nói đó thôi là đủ để tôi biết: Làm bác sĩ quân y là giấc mơ đúng đắn và đẹp đẽ nhất tôi từng chọn trong đời.    Hóa ra, cái tình người trong lúc hoạn nạn nó có sức nặng như thế. Em ấy bây giờ đã lập gia đình, có con nhỏ, và mỗi dịp về phép là đều ghé thăm tôi.  ---------------------- Gần 30 năm trong quân ngũ, cô Lịch không thể đếm được bao nhiêu lần mình thức trắng bên giường bệnh, bao nhiêu đôi giày mòn trên đường xuống đơn vị, bao nhiêu lần tay run vì lo sợ mất một người mà cô chưa kịp gọi tên. Những khoảnh khắc ấy, dù đắng cay hay mệt nhọc, đều là minh chứng cho một trái tim luôn cháy bỏng vì sự sống và sự tin yêu của một người bác sĩ quân y.   | Trích chia sẻ của bác sĩ quân y Lê Thanh Lịch chia sẻ với Inside the Box."	525678346_754286563853252_1446786406036979115_n.jpg			Dũng	L		
05/08/25 - 20:20	FP - Inside the Box	Lê Giang Uyên	Bkd ơiii				Dũng			
05/08/25 - 20:20	FP - Inside the Box	Cựu cảnh sát	có khi dùng lại ảnh cũ cho chân thực e ạ				Dũng			
05/08/25 - 20:20	FP - Inside the Box	Đặng Phương Anh	cái này nhìn giả				Dũng	L		
05/08/25 - 20:20	FP - Inside the Box	Lê Giang Uyên	Dạ ôkii	526882353_1949416865914531_4110512070896046283_n.jpg			Dũng			
05/08/25 - 20:20	FP - Inside the Box	Lê Giang Uyên	Đây ạ				Dũng			
05/08/25 - 20:47	FP - Inside the Box	Đặng Phương Anh	Đáng iuuu     Dáng vẻ của đứa trẻ lớn lên trong hạnh phúc...  Chỉ là một khoảnh khắc đời thường những lại là mơ ước của bao nhiêu người.  Càng ngày, những điều đơn giản này lại càng quý giá biết bao...  | Video: Infj_t_		527332423_24414264361526812_476722240377669446_n.mp4		Dũng	L		
05/08/25 - 20:47	FP - Inside the Box	Nguyễn Đức Trọng	BKD oii				Dũng			
05/08/25 - 21:38	FP - Inside the Box	Lê Giang Uyên	“Chị ơi, em không biết mình đang làm việc vì điều gì nữa.”  Tôi từng gặp lại một vài bạn sinh viên cũ sau khoảng 6 tháng đi làm. Các bạn từng là những gương mặt hăng hái trên giảng đường, từng rất rõ ràng với ước mơ của mình. Nhưng lần này gặp lại, các bạn không hỏi tôi cách deal lương hay chuyển việc. Mà chỉ chia sẻ vài điều tưởng nhỏ thôi, mà lại khiến tôi nghĩ mãi:  “Không khí công ty im lặng đến mức em không biết mình có đang làm sai điều gì.” “Em không biết nên hỏi ai, học từ ai.” “Lúc đầu em chọn công ty vì lương cao. Nhưng giờ em thấy… không có ý nghĩa gì cả.”  Bạn nói mình đã nghỉ việc. Không phải vì lương thấp, mà vì cảm giác trống rỗng ngày một lớn. Và bạn không thấy đây là nơi mình thuộc về.  Có một sự thật tôi quan sát thấy khá phổ biến, đó là khi chuẩn bị đi làm, chúng ta hay chú ý tới những thứ dễ nhìn thấy, đó là mức lương, chức danh, văn phòng đẹp, phúc lợi tốt. Nhưng sau vài tháng, điều khiến nhiều người day dứt lại thường là những thứ không được viết trong mô tả công việc: không khí nơi làm việc chưa tạo cảm giác gắn kết các nhân sự, không ai thật sự lắng nghe nhau, không ai hướng dẫn mình đi tiếp như thế nào. Và nặng nề nhất, là cảm giác không biết mình đang cố gắng để làm gì.  Không có định hướng, không có sự kết nối, không có cảm giác được nhìn thấy - tất cả những điều đó khiến người trẻ rơi vào trạng thái mất phương hướng, kể cả khi công việc họ đang làm có vẻ “tốt” trên lý thuyết.  Vậy nên, đừng đợi đến khi thấy trống rỗng mới bắt đầu đặt câu hỏi.  Công việc là nơi bạn sẽ dành 8 tiếng mỗi ngày, không chỉ để làm mà còn để sống, để học, để lớn lên. Và một công việc thực sự “tốt” không chỉ là nơi có mức lương cao, mà là nơi có người lắng nghe bạn, có ai đó để học hỏi, có không gian để bạn dần trở thành phiên bản tốt hơn của chính mình.  Khi bắt đầu đi làm, đừng chỉ hỏi: “Lương bao nhiêu?”. Hãy học cách hỏi thêm: “Môi trường này có giúp mình trưởng thành không?; “Ở đây, mình có được nhìn thấy, hay chỉ là một mắt xích vô hình?”  | Chị Hải Yến - Nghề Mới.	524638438_1180246920573930_6488429690450498084_n.jpg			Dũng	L		
05/08/25 - 21:38	FP - Inside the Box	Lê Giang Uyên	Bkd ơii				Dũng			
06/08/25 - 10:15	FP - Inside the Box	Cựu cảnh sát	Sáng nay Hà Nội mưa lớn. Trước cổng bệnh viện Huyết học, vẫn có những suất cơm 0 đồng được trao tận tay bệnh nhân.  Ngoài trời lạnh buốt, nhưng trong lòng lại ấm đến lạ. Vì giữa phố xá vội vã, vẫn còn những tấm lòng lặng lẽ gieo nắng giữa mưa				Dũng	L		
06/08/25 - 10:15	FP - Inside the Box	Đặng Phương Anh			526513946_24152662854342692_1378474629427317082_n.mp4		Dũng	L		
06/08/25 - 11:38	FP - Inside the Box	Lê Giang Uyên	Vĩnh Biệt Chú Minh: Người Gác Cổng Công Viên Thống Nhất Trong chưa đầy một tháng, Hội Từ thiện Đêm phải chứng kiến thêm một sự ra đi đầy tiếc thương, đó là chú Minh, người gác cổng Công viên Thống Nhất. Chú Minh đã sống hơn 20 năm tại khu vực Nguyễn Đình Chiểu. Không ít người dân sống và đi tập thể dục ở Công viên Thống Nhất đã quen với bóng dáng một người đàn ông gầy gò nhưng khuôn mặt luôn nở nụ cười. Cuộc đời chú là một chuỗi những biến cố và mất mát. Chú từng có một gia đình đầy đủ ở Thành nhà Hồ, Thanh Hóa. Thế nhưng, sau cuộc ly hôn với vợ, chú phải một mình lang bạt khắp nơi. Con gái chú bị thiểu năng, đã cùng chú phiêu bạt gần chục năm trời, chỉ mới về quê sống với mẹ được khoảng hai năm nay. Dù phải sống trong hoàn cảnh khó khăn, nhưng chú Minh luôn là một người lương thiện, sống hiền lành và không tranh giành với ai. Cả cuộc đời chú là sự chắt chiu, dành dụm từng đồng tiền nhỏ kiếm được để gửi về nuôi con. Đêm thứ ba tuần trước, các thành viên Hội Từ thiện Đêm vẫn còn gặp chú. Vẫn những câu chuyện đời thường, những lời hỏi han chân tình, không ai ngờ rằng đó lại là lần cuối cùng mọi người được trò chuyện với chú. Chính đêm hôm đó, chú đã ra đi mãi mãi vì một cơn đột quỵ. Chú đã sống một cuộc đời cô đơn và lúc ra đi cũng không có người lo liệu. May mắn thay, chính quyền phường Hai Bà Trưng đã đứng ra làm tang lễ cho chú, để chú có thể ra đi thanh thản. Sự ra đi của chú Minh cùng với câu chuyện của ông Câm trước đó là sự nhở về những số phận bất hạnh vẫn còn hiện hữu giữa lòng thủ đô. Cầu mong chú Minh được an nghỉ nơi cõi vĩnh hằng, và những nỗi bất hạnh trong cuộc đời chú sẽ được khép lại. Mong rằng tình thương của những người ở lại sẽ là lời tiễn biệt ấm áp nhất dành cho chú.	526932612_1271146400562133_7910334423510800964_n.png		https://www.facebook.com/giaitrivtv3/posts/g%E1%BA%A7n-%C4%91%C3%A2y-h%C3%ACnh-%E1%BA%A3nh-m%E1%BB%99t-ng%C6%B0%E1%BB%9Di-%C4%91%C3%A0n-%C3%B4ng-l%E1%BB%9Bn-tu%E1%BB%95i-trong-b%E1%BB%99-%C4%91%E1%BB%93ng-ph%E1%BB%A5c-b%E1%BA%A3o-v%E1%BB%87-c%E1%BA%B7m-c%E1%BB%A5i-v%E1%BA%BD/1175501664612569/	Dũng	L		
06/08/25 - 11:38	FP - Inside the Box	Lê Giang Uyên	@Minh Vũ a ơii				Dũng			
06/08/25 - 11:38	FP - Inside the Box	Đặng Phương Anh	e lên đi				Dũng			
06/08/25 - 11:38	FP - Inside the Box	Minh Vũ	hoặc là nhắc nhở nhé	527803336_2446286692417447_3291127939969922720_n.png			Dũng			
06/08/25 - 12:41	FP - Inside the Box	Lê Giang Uyên	Em reup bài này thì có cần lấy nguồn báo nữa k anh	451131403_516231924403405_6328253010701999721_n.jpg 527873802_794575163235745_1502554149778000849_n.jpg			Dũng			
06/08/25 - 13:24	FP - Inside the Box	Minh Vũ					Dũng			
06/08/25 - 13:24	FP - Inside the Box	Lê Giang Uyên	Nma vtv3 dẫn nguồn đời sống pháp luật ợ				Dũng			
06/08/25 - 13:24	FP - Inside the Box	Minh Vũ	e tìm được link đời sống pháp luật hok				Dũng			
06/08/25 - 13:24	FP - Inside the Box	Lê Giang Uyên	Đợi em tị				Dũng			
06/08/25 - 14:02	FP - Inside the Box	Lê Giang Uyên	Dễ thưn: Hai chú U50 với U60 đi ún rịu xong rủ nhau đi chụp photobooth  Quá cute rồi các chú ơi     | Bức ảnh dễ thương được chia sẻ từ threads của bạn emlalanhdayyyy	525301203_738427652420596_2504179104871622661_n.jpg			Dũng	L		
06/08/25 - 14:02	FP - Inside the Box	Nguyễn Đức Trọng	BKD oii hiii				Dũng			
06/08/25 - 14:02	FP - Inside the Box	Đặng Phương Anh	a lên ik				Dũng			
06/08/25 - 14:27	FP - Inside the Box	Nguyễn Đức Trọng	"Trend tôi muốn viral nhất lúc này: ""Đóng viện phí cho người lạ""     Mọi người có thể đã thấy ở đâu đó, cụ thể là trên tiktok của bạn Lương Đỗ.  Bạn đến Bệnh viện Nhi đồng 1 và thanh toán viện phí ngẫu nhiên cho hai hoàn cảnh em nhỏ khó khăn.  Lần đầu, bạn hỗ trợ một bệnh nhi mắc bệnh tim đang nợ viện phí 4 triệu đồng. Không chần chừ. Lần sau tới, bạn hỗ trợ bé khác 3 triệu đồng. Dù không đủ cho tất cả nhưng cũng đủ để làm người mẹ đã cố hết sức lo cho con bật khóc giữa bệnh viện.  Quả thực, có những trend trên mạng xã hội làm ta rưng rưng thật. Rất cảm ơn bạn đã giúp đỡ được những hoàn cảnh khó khăn nơi bệnh viện.  Tôi mong việc làm thiện nguyện này cũng giống như truyền thống lá lành đùm lá rách của người Việt ta, chưa bao giờ là cũ hay lỗi thời cả, cần được biết đến nhiều hơn. Ở các bệnh viện lớn đều có phòng Công tác xã hội, có thông tin những trường hợp khó khăn đang cần được giúp đỡ.  Nếu có điều kiện, bạn có thể liên hệ để hỗ trợ các bệnh nhân khó khăn cần giúp đỡ. Không cần nhiều, chỉ một chút thôi cũng có thể đem lại hy vọng, đã giúp cho ngày trở về nhà của một ai đó gần hơn rồi.   Xin cảm ơn rất nhiều!!!   | Hình ảnh từ kênh của bạn Lương Đỗ"	525328323_764417246002372_8529368161353975030_n.jpg 527883672_1418811619213585_116062483033447161_n.jpg 524759934_1123231183059416_4499891580545892759_n.png 525781564_4087146928280725_880161694145233206_n.png		https://www.tiktok.com/@im.lukedo/video/7533861299252497672	Dũng	L		
06/08/25 - 14:27	FP - Inside the Box	Nguyễn Đức Trọng				https://www.tiktok.com/@im.lukedo/video/7534712586160311560	Dũng			
06/08/25 - 14:27	FP - Inside the Box	Nguyễn Đức Trọng	BKD oi hụ hụ				Dũng			
06/08/25 - 14:27	FP - Inside the Box	Minh Vũ	em bị viêm màng túi mà ko ai hỗ trợ nhỉ				Dũng	L		
06/08/25 - 14:27	FP - Inside the Box	Nguyễn Đức Trọng	anh cũng đang muốn kêu gọi tầm 1 2 tỷ để mua nhà				Dũng	L		
06/08/25 - 14:52	FP - Inside the Box	Nguyễn Đức Trọng	Mấy ní đi bên trong có thể là sĩ đến hết đời luôn    Khối quân và dân thế này là đẹp lắm nè    Sao mong tới 2/9 quá rồi bà con ơi!!!  #tiepluatuhao   | Video chia sẻ từ threads của nophuong15		527784022_23931352056564675_2906325577559549050_n.mp4		Dũng	L		
06/08/25 - 14:52	FP - Inside the Box	Nguyễn Đức Trọng	bkd oi hii				Dũng			
06/08/25 - 14:52	FP - Inside the Box	Minh Vũ	Anh em ơi, hiện tại bên mình tạm dừng lấy nguồn báo và ảnh từ phía dân trí và vietnamnet vì liên quan đến vấn đề pháp lí bản quyền nha				Dũng			
06/08/25 - 14:52	FP - Inside the Box	Nguyễn Đức Trọng	ò xóa bài ko				Dũng			
06/08/25 - 14:52	FP - Inside the Box	Nguyễn Đức Trọng	xóa bài 1 loạt à ahuhu				Dũng			
06/08/25 - 14:52	FP - Inside the Box	Cựu cảnh sát	cái này cuối tuần trước a Hưng mới báo mà a Vũ				Dũng			
06/08/25 - 14:52	FP - Inside the Box	Đặng Phương Anh	bên mình dừng lấy nguồn từ tuần này thôi ạ				Dũng			
06/08/25 - 14:52	FP - Inside the Box	Đặng Phương Anh	ko cần xoá a ạ				Dũng			
06/08/25 - 14:52	FP - Inside the Box	Minh Vũ	tuần trước là vietnamnet thui, nhưng nay mới có thêm bên dantri nữa rùi				Dũng			
06/08/25 - 14:52	FP - Inside the Box	Cựu cảnh sát	vãi vch				Dũng			
06/08/25 - 14:52	FP - Inside the Box	Đặng Phương Anh	vẫn còn Thanh nien, Znews				Dũng			
06/08/25 - 18:38	FP - Inside the Box	Nguyễn Đức Trọng	Mình là người Việt, mình đùm bọc lẫn nhau. Lúc nước cuốn đi chắc bác ấy đã hoảng sợ lắm...  Cảm ơn mọi người đã dang tay giúp đỡ đồng bào khi cần thiết      | Video: Daicacadanh		526389778_24239777059042369_7393164398889892526_n.mp4		Dũng	L		
06/08/25 - 20:18	FP - Inside the Box	Lê Giang Uyên	Không phải ai cũng được làm điều mình thích từ đầu. Không phải ai cũng có thể sống với đam mê một cách trọn vẹn.  Có những người đi làm vì gia đình, vì trách nhiệm, và để vì một ngày nào đó “nuôi” được ước mơ vẫn nhen nhóm trong lòng.   Xem clip thấy nể phục chú nhiều, chúc chú tiếp tục theo đuổi đam mê ấy    | Video từ bạn na421464		526709916_24765793376351719_5329022976909204920_n.mp4		Dũng	L		
06/08/25 - 21:10	FP - Inside the Box	Nguyễn Đức Trọng	Gần ngày Quốc khánh, bỏ chút thời gian nhớ những con người này…  Người trong ảnh là bà Hoàng Thị Minh Hồ, vợ của nhà tư sản Trịnh Văn Bô.  Bà mất năm 2017, thọ 104 tuổi, và, thực ra ban đầu tên bà là Hoàng Thị Hồ, chữ “Minh” được Bác Hồ đặt cho.  Chuyện là, bố của bà là cụ Hoàng Đạo Phương, cùng với cụ Trịnh Văn Đường (thân sinh ông Trịnh Văn Bô) là bạn thân, cả hai từng tham gia phong trào yêu nước Đông Kinh Nghĩa Thục. Hai cụ thân nhau, gả con cho nhau vào năm 1932, vợ chồng ông Trịnh Văn Bô được giao cho ngôi nhà 48 phố Hàng Ngang để kinh doanh. Sau này vợ chồng ông bà dành tặng căn nhà ấy để cán bộ Cách mạng có nơi làm việc. Đây cũng chính là nơi Chủ tịch Hồ Chí Minh viết ra bản Tuyên ngôn độc lập. Năm 1943, trước khi mất, cụ Trịnh Văn Đường dặn ông bà sau này cần ủng hộ Việt Minh, ủng hộ lãnh tụ Nguyễn Ái Quốc. “Đó là lý do khiến gia đình chúng tôi sau này một lòng đi theo Cách mạng, sẵn sàng hiến cả tài sản khi Cách mạng cần”- bà Minh Hồ chia sẻ. Bà Minh Hồ cho biết, niềm vinh dự lớn nhất đối với cá nhân bà là được người đặt tên đệm. Bà kể, một lần khi được Bác hỏi tên, bà lễ phép đáp: “Thưa Bác, cháu là Trịnh Văn Bô ạ”. Bác cười: “Trịnh Văn Bô là tên chú, Bác biết rồi. Bác muốn hỏi tên của cô”. “Dạ, cháu là Hoàng Thị Hồ”. Bác nói: “Cháu là người thông minh, tham gia việc nước, đảm đang việc nhà. Cháu nên đệm chữ Minh trước tên của mình”.  Sau Lễ Tuyên ngôn Độc lập nửa tháng, Chính phủ đã phát động “Tuần lễ Vàng” kêu gọi sự ủng hộ của các tầng lớp nhân dân đóng góp tiền và đồ vật để xây dựng đất nước. Trong ngày đầu của “Tuần lễ Vàng”, vợ chồng bà đã chuẩn bị hơn một trăm lượng vàng để ủng hộ. Sau “Tuần lễ Vàng”, Bác Hồ đã tổ chức cuộc gặp với tầng lớp công thương yêu nước tại Hà Nội, và bà Minh Hồ đã được mời tham dự. Sau khi thăm hỏi mọi người, Bác nói mình rất vui vì sự góp sức của các nhà tư sản cho nền độc lập của nước nhà.  Bà kể lại lời Bác hôm đó: “Lá cờ Việt Nam có ngôi sao vàng năm cánh, thì năm cánh sao đó cũng là năm đội quân “sĩ, nông, công, thương, binh”. Vậy một cánh sao đó là của các cô các chú, những nhà tư sản dân tộc”. Thông tin được ghi nhận ngày độc lập: toàn bộ ngân khố của Chính phủ chỉ có hơn 1,2 triệu đồng Đông Dương, trong đó rất nhiều tờ bạc rách nát khó lưu thông.   Theo các tài liệu, trước và sau khi thành lập nước, gia đình ông Trịnh Văn Bô đã ủng hộ Cách mạng 5.147 lượng vàng, tương đương 2 triệu đồng Đông Dương…  Cảm ơn, mãi biết ơn sự cống hiến của ông bà và đồng bào rất nhiều, từ những ngày đầu tiên của đất nước!  | Thông tin từ báo Tiền Phong #Tiepluatuhao	525382839_780230904584617_7338641243297068042_n.png		https://tienphong.vn/nho-nguoi-phu-nu-hien-hon-5-ngan-luong-vang-cho-cach-mang-post988734.tpo	Dũng	L		
06/08/25 - 21:10	FP - Inside the Box	Nguyễn Đức Trọng					Dũng			
06/08/25 - 21:10	FP - Inside the Box	Nguyễn Đức Trọng				https://tuoitre.vn/to-chuc-le-tang-cap-cao-nguoi-hien-5000-luong-vang-cho-dat-nuoc-20171108184652138.htm	Dũng			
06/08/25 - 21:10	FP - Inside the Box	Nguyễn Đức Trọng	@Minh Vũ ới ời ờiii				Dũng			
06/08/25 - 21:56	FP - Inside the Box	Đặng Phương Anh	Những món ăn làm nên đất nước.  Cơm độn khoai không chỉ là một món ăn, mà là một chứng nhân lịch sử hùng tráng của dân tộc Việt Nam trong những năm tháng chiến tranh khốc liệt.  Trong bối cảnh gạo trắng trở thành thứ xa xỉ, cơm độn khoai ra đời như một biểu tượng của lòng kiên cường và tinh thần tự lực tự cường của người dân. Bát cơm vơi đi phần gạo, đầy thêm phần khoai lang, khoai mì hay sắn, không chỉ là giải pháp cho cơn đói mà còn là hành động chống đối lại sự thiếu thốn, thể hiện ý chí sắt đá không chịu khuất phục trước hoàn cảnh.  Đằng sau mỗi bữa cơm độn khoai là sự hy sinh thầm lặng của cả một thế hệ người Việt. Họ đã ăn những bữa cơm đạm bạc ấy để có sức lực chiến đấu, lao động sản xuất, nuôi dưỡng ý chí giành độc lập tự do cho đất nước. Món ăn giản dị này đã trở thành nguồn sức mạnh tinh thần to lớn, giữ vững niềm tin và ý chí bất khuất của cả một dân tộc.  Đây là món ăn không chỉ được nấu bằng những nguyên liệu sẵn có mà còn bằng mồ hôi, nước mắt và niềm tin vào một ngày mai tươi sáng. Nó là ký ức và lịch sử, là minh chứng cho tình người cao đẹp, cho sự sẻ chia đùm bọc trong gian khó. Hương vị mộc mạc, giản dị ấy đã khắc sâu vào tâm khảm của bao thế hệ người Việt, nhắc nhở về một thời kỳ gian khổ nhưng đầy tự hào, về những con người đã làm nên Tổ quốc. | Mai Dung	527932071_661652712890534_7928075318306684240_n.jpg 525860350_2136843643459986_6933959115557749247_n.jpg			Dũng	L		
06/08/25 - 21:56	FP - Inside the Box	Đặng Phương Anh	@Minh Vũ duyệt e vứi				Dũng			
06/08/25 - 22:23	FP - Inside the Box	Lê Giang Uyên	Sao đáng yêu thế! Chị gái đi lấy chồng nên bạn khóc nức nở lại còn tặng của “hồi môn” siêu xịn thế này!   Ui tôi chưa lấy chồng đâu, bình thường thằng bé em tôi sợ chị một phép, cứ bảo chị ghê em không yêu chị. Thế mà thỉnh thoảng cũng nằm ôm bảo không cho chị đi lấy chồng   không biết sau có khóc thế này không  | Ảnh từ Genz Có Gì Vui	526620242_755459253848658_3809996716821033197_n.jpg 525737869_1787156615241336_8835575175629831109_n.jpg 518414459_1275869940933736_3008771241450351448_n.jpg			Dũng	L		
06/08/25 - 22:23	FP - Inside the Box	Lê Giang Uyên	Hello anh @Minh Vũ		528203777_24540303898938984_8226443884155187029_n.mp4		Dũng			
06/08/25 - 22:23	FP - Inside the Box	Nguyễn Đức Trọng	"""Vinh quang đời đời thuộc về dân tộc Việt Nam văn hiến và anh hùng""    Chỉ nhìn thôi cũng đã thấy háo hức rồi     Quảng trường Ba Đình những ngày tước đại lễ kỷ niệm 80 năm Quốc khánh nước Cộng hòa Xã hội chủ nghĩa Việt Nam 2/9      | Video: Kiên htv #tiepluatuhao"				Dũng	L		
06/08/25 - 22:23	FP - Inside the Box	Nguyễn Đức Trọng	BKD oiiii				Dũng			
06/08/25 - 22:23	FP - Inside the Box	Cảnh sát chính tả 👮	chính tả nè a				Dũng			
06/08/25 - 22:23	FP - Inside the Box	Minh Vũ		526700848_1248730373136696_1256519030217038375_n.png			Dũng			
07/08/25 - 10:50	FP - Inside the Box	Nguyễn Đức Trọng	anh tính viết mà beat lên r đỡ phải tìm hẹ hẹ	524229487_1414675123352012_6614862417945373424_n.jpg 528776604_1423004762519048_171500006265947349_n.jpg			Dũng			
07/08/25 - 10:50	FP - Inside the Box	Minh Vũ	a reup lun đúng ko				Dũng			
07/08/25 - 10:50	FP - Inside the Box	Nguyễn Đức Trọng	"Trend đóng viện phí cho người lạ: ""Chợt nhận ra đã đu trend này được 3 năm rồi""    Bạn ấy là Uông Thục Quyên. Theo như bạn chia sẻ, 3 năm qua bạn đã hỗ trợ viện phí cho rất nhiều người lạ.   Nghĩa cử của bạn đã thắp lên hy vọng cho nhiều mảnh đời khó khăn tại bệnh viện Nhi Đồng 2  .  Cảm ơn bạn rất nhiều! Đúng là trend ý nghĩa mà tôi cần viral mà!!!"	526039363_2718775688311239_8250561733355344076_n.jpg 528365085_1299019881928637_2612418042536234247_n.jpg 527711678_1749193695718054_4815550452616200761_n.jpg 526675370_1258459865773182_8643638654537809788_n.jpg			Dũng	L		
07/08/25 - 10:50	FP - Inside the Box	Nguyễn Đức Trọng	@Minh Vũ ơi như này				Dũng			
07/08/25 - 20:01	FP - Inside the Box	Nguyễn Đức Trọng	“Lâu lắm rồi mới được khách quan tâm như thế này  ”  Có lẽ đi làm, niềm hạnh phúc đôi khi là được khách hàng thấu hiểu, thông cảm cho thế này    Thỉnh thoảng xem được những chia sẻ nhẹ nhàng tích cực từ mọi người thấy này cũng vui vui	525256841_758912157077759_745436098387122823_n.jpg			Dũng	L		
07/08/25 - 20:01	FP - Inside the Box	Lê Giang Uyên	Anh check cả cmt hộ iem				Dũng			
07/08/25 - 20:01	FP - Inside the Box	Cảnh sát chính tả 👮	A xem rùi				Dũng			
07/08/25 - 20:01	FP - Inside the Box	Lê Giang Uyên	Dạ uki ạ				Dũng			
07/08/25 - 21:19	FP - Inside the Box	Đặng Phương Anh	"Những món ăn làm nên Đất nước.  “Sáng ra bờ suối, tối vào hang Cháo bẹ, rau măng vẫn sẵn sàng.""  Khi hạt gạo khan hiếm, đôi khi không chờ được đến lúc ngô già, khi bắp ngô râu chuyển sang màu đen và rụng dần là bắp ngô bắt đầu mẩy hạt. Những gia đình thật sự khó khăn không có nơi vay mượn lương thực đã chọn những bắp ngô mẩy hạt về làm cháo bẹ. ""Cháo bẹ"" ra đời từ chính những bắp ngô ấy. Người ta cẩn thận tỉa từng hạt ngô non còn mọng sữa, đem xay hoặc giã ra rồi được nấu lên thành một nồi cháo sánh mịn, thơm lừng hương ngô non.  Để ăn kèm với cháo bẹ, người dân, bộ đội lại tìm đến những món quà của núi rừng. Rau măng chính là những búp măng non được hái về, luộc kỹ nhiều lần cho bớt đi vị đắng hăng rồi thái nhỏ cho vào cháo hoặc để ngoài ăn kèm.  Cháo bẹ rau măng là sự hòa quyện giữa cái ngọt thanh của ngô non và cái chân chất của rừng. Trên nền cháo như sữa, sánh mịn là những sợi măng trắng ngà, sần sật. Vị ngọt thơm của sữa ngô non hòa với vị đăng đắng nhẹ của măng rừng, tạo nên một hương vị độc đáo, vừa lạ lẫm vừa thân quen.  Từng bát cháo ấm nóng ấy không chỉ làm dịu cơn đói, mà còn là sự an ủi, là vị ngọt quý giá của sự sống được chắt chiu giữa bom đạn. Nó là biểu tượng cho sự hy vọng, cho tinh thần lạc quan và khả năng sáng tạo vô bờ của người Việt Nam, biết tìm thấy và trân trọng những gì tinh túy nhất trong hoàn cảnh gian khó nhất. | Mai Dung  #Tiepluatuhao"""	527483461_1460011761667125_4200738892545106986_n.jpg			Dũng	L		
07/08/25 - 21:38	FP - Inside the Box	Cảnh sát chính tả 👮	Tin bảo trợ				Dũng			
07/08/25 - 21:38	FP - Inside the Box	Minh Vũ	Lên được đó a				Dũng			
07/08/25 - 21:38	FP - Inside the Box	Cựu cảnh sát	:)) lên đi a				Dũng			
07/08/25 - 21:38	FP - Inside the Box	Đặng Phương Anh	biết đâu mở ra vùng đất mới				Dũng			
07/08/25 - 21:38	FP - Inside the Box	Nguyễn Đức Trọng	Show này mình vẫn lên mà				Dũng			
07/08/25 - 21:38	FP - Inside the Box	Lê Giang Uyên	Em nghĩ bình thêm kiểu khi ta ở chỉ là nơi đất ở…				Dũng			
07/08/25 - 21:38	FP - Inside the Box	Cựu cảnh sát	nhưng mình chưa dc làm đối tác bbbt				Dũng			
07/08/25 - 21:38	FP - Inside the Box	Đặng Phương Anh	😪				Dũng			
07/08/25 - 21:38	FP - Inside the Box	Lê Giang Uyên	Hợp màu mình				Dũng			
07/08/25 - 21:38	FP - Inside the Box	Lê Giang Uyên	Mình ngưỡng mộ những cô chú lớn tuổi vẫn âm thầm theo đuổi điều mình thích  Mấy hôm nay, mình xem tin về chú bảo vệ vẽ tranh được mọi người chia sẻ. Càng đọc, mình càng thấy xúc động, bởi mình nhận r có một người vẫn lặng lẽ nuôi giữ niềm yêu thích của mình, bất chấp tuổi tác, hoàn cảnh hay công việc.  Mình luôn ngưỡng mộ những cô chú lớn tuổi vẫn theo đuổi điều mình thích. Có người đi học đại học ở tuổi 60, có người học đàn năm 50 tuổi vì ngày trẻ chưa từng có cơ hội. Có cô giáo về hưu mở lớp dạy vẽ miễn phí cho mấy đứa trẻ trong xóm, hay một bác tài xế xe buýt luôn mang theo máy ảnh để ghi lại những khoảnh khắc thường ngày ở thành phố.  Không cần ai công nhận. Không phải để kiếm sống. Chỉ đơn giản là được làm điều mình thích, và kiên định với nó qua năm tháng.  Mình học được từ họ rất nhiều. Rằng không bao giờ là muộn để bắt đầu một điều gì đó. Rằng đam mê thật sự không nằm ở tuổi tác, mà nằm ở sự bền bỉ. Và rằng đôi khi, sống một cuộc đời bình thường, nhưng vẫn giữ được một điều gì đó cho riêng mình, để làm - là đủ đẹp rồi.  Mong là khi về già, mình cũng sẽ có một điều gì đó để giữ lại cho riêng mình,  như cách những cô chú vẫn kiên trì nuôi dưỡng điều mình yêu. Lặng lẽ, nhưng kiêu hãnh.  | Ảnh: Phan Diệp - Báo Thanh Niên			https://thanhnien.vn/lan-toa-tren-mang-xa-hoi-bac-bao-ve-ve-tranh-ben-goc-duong-18525080622085252.htm	Dũng	L		
07/08/25 - 21:38	FP - Inside the Box	Lê Giang Uyên	[Message Retracted]				Dũng			
07/08/25 - 21:38	FP - Inside the Box	Lê Giang Uyên					Dũng			
07/08/25 - 21:38	FP - Inside the Box	Lê Giang Uyên	Bkd ơii	526893031_2147434735778850_4351844077879855900_n.jpg			Dũng			
07/08/25 - 21:38	FP - Inside the Box	Lê Giang Uyên	Đừng cảm thấy áp lực khi mình đang nghỉ ngơi. Bạn không được sinh ra để chỉ để chạy mãi trong một vòng xoay bận rộn.  Mình biết có nhiều người trẻ rơi vào một trạng thái lạ: không làm gì thì thấy lo, mà làm rồi vẫn thấp thỏm, sợ bản thân làm chưa đủ. Dù công việc đã hoàn thành, đầu óc vẫn quay cuồng kiểm tra lại, không dám nghỉ ngơi vì sợ sót việc. Cứ như thể, nếu mình dừng lại, mình sẽ tụt hậu, sẽ không còn “xứng đáng” với vị trí mình đang có.  Nguyên nhân cũng bởi chúng ta gắn giá trị bản thân với hiệu suất công việc. Khi nghỉ ngơi khiến ta cảm thấy có lỗi, khi thư giãn lại khiến ta hoang mang. Và bạn biết không, đó là lúc công việc không còn chỉ là việc, nó đã trở thành một phần định danh, đến mức nếu không làm, ta thấy mình vô dụng.  Áp lực phải luôn “có ích” khiến nhiều người trẻ lúc nào cũng căng lên như dây đàn. Và dù không ai thúc giục, bản thân ta lại trở thành người quản lý khắt khe nhất với chính mình. Ta tự ép bản thân vào guồng quay không điểm dừng, nghĩ rằng năng suất là thước đo duy nhất cho giá trị con người.  Nhưng thật ra, không làm gì cũng là một việc quan trọng. Được nghỉ ngơi đúng nghĩa không phải là lười biếng, mà là một phần thiết yếu để phục hồi tinh thần và giữ gìn sự sáng suốt. Không ai có thể duy trì năng lượng nếu cứ liên tục ở trong trạng thái phòng thủ, nghi ngờ và kiệt sức.  Nếu bạn đang mệt mỏi vì không thể nghỉ ngơi mà không cảm thấy áy náy, hãy bắt đầu từ việc cho phép mình được dừng lại. Đặt ra ranh giới rõ ràng giữa công việc và đời sống cá nhân. Tập tin vào giá trị của bản thân kể cả khi bạn không làm gì cả.   Bởi lẽ, bạn không được sinh ra để chỉ để chạy mãi trong một vòng xoay bận rộn.  | Từ Nghề Mới.	514392872_1760847351191809_6651265399305988753_n.jpg			Dũng	L		
07/08/25 - 21:38	FP - Inside the Box	Lê Giang Uyên	@Minh Vũ ưuu				Dũng			
05/08/25 - 09:38	TT - HelloVietnam	Ngô Tiến Dũng				https://drive.google.com/file/d/1zSbtjnicMmMCZdE1YQh5wJEIFPPfCTmd/view?usp=drivesdk	Dương	L		
05/08/25 - 09:38	TT - HelloVietnam	Ngô Tiến Dũng	@Linh Phương @Dương Nguyễn				Dương			
05/08/25 - 10:31	TT - HelloVietnam	Ngô Tiến Dũng	Chị ơi @Linh Phương				Dương			
05/08/25 - 10:31	TT - HelloVietnam	Phạm Hồ Linh Phương	đợi c tí				Dương			
05/08/25 - 11:06	TT - HelloVietnam	Nguyễn Như Quỳnh				https://drive.google.com/file/d/1n6EhHYUbQHniGtawbG3lnQvAbqYpk9Ez/view?usp=drive_link	Dương	L		
05/08/25 - 11:06	TT - HelloVietnam	Hong Trangg	e xin ạ				Dương			
05/08/25 - 11:06	TT - HelloVietnam	Hong Trangg	@Linh Phương@Dương Nguyễn e gửi duyệt ạ				Dương			
05/08/25 - 11:06	TT - HelloVietnam	Dương	bài này hơi căng				Dương			
05/08/25 - 11:06	TT - HelloVietnam	Hong Trangg	ko được hả anh				Dương			
05/08/25 - 11:06	TT - HelloVietnam	Phạm Hồ Linh Phương	hmmm				Dương			
05/08/25 - 11:06	TT - HelloVietnam	Phạm Hồ Linh Phương	có cách nào né k b				Dương			
05/08/25 - 11:44	TT - HelloVietnam	Bảo				https://drive.google.com/file/d/10SuKFxi49qEuzPyObv2tZdKdYL-uGaqr/view?usp=drive_link	Dương	L		
05/08/25 - 11:44	TT - HelloVietnam	Hong Trangg	@Dương Nguyễn anh xem lại giúp em nha				Dương			
05/08/25 - 12:35	TT - HelloVietnam	Ngô Tiến Dũng	@Linh Phương như này hay thêm ảnh nữa hem chị	525568786_1283859606563557_7988900897738076653_n.png 524352932_739518832030702_7491077509794178499_n.png 525328807_648207188310996_5204786753567674765_n.png 525618043_1782946369265042_4335292913383629721_n.png 524830491_1480788713281069_7351195719827757791_n.png 526890737_738834385805280_6940254363116732193_n.png			Dương			
05/08/25 - 12:35	TT - HelloVietnam	Phạm Hồ Linh Phương	thêm đi				Dương			
05/08/25 - 12:35	TT - HelloVietnam	Phạm Hồ Linh Phương	link nguồn nhé				Dương			
05/08/25 - 12:35	TT - HelloVietnam	Phạm Hồ Linh Phương	CHỊ THÔNG TẶNG BÙI CÔNG NAM MỘT ĐOẠN KÈN LÁ, HÓA RA NGƯỜI ĐỒNG BÀO TỪ MỘT CHIẾC LÁ NHỎ XINH CŨNG CÓ THỂ THỔI RA GIAI ĐIỆU NÚI RỪNG				Dương	L		
05/08/25 - 12:35	TT - HelloVietnam	Ngô Tiến Dũng	ảnh thumb để ảnh chị Thông đi em	525568786_1283859606563557_7988900897738076653_n.png 526924169_1466193531403726_5698444767623585847_n.jpg 526038062_2196182824228479_4004563861606346015_n.jpg 524765470_24665893349668867_131852051111670566_n.jpg 527121711_955801370005926_3261611909506170798_n.jpg 524334546_1275293770720429_8428085178992080793_n.jpg 526594801_4026279484250496_4924914814289949713_n.jpg 524139563_598711246431363_3818421885677413934_n.jpg 525240185_1732706010722549_3163984572101315642_n.jpg 525624336_761756123207178_1478475072075168369_n.jpg 525614055_1264451845473606_6319918890106423738_n.jpg 521201178_1694506421255728_7740706717283749459_n.jpg 527775958_23870140899353657_1663519303222932225_n.jpg 525981548_1947832179314087_3882979129488292388_n.jpg 527513396_1425908565382126_2151804091477932459_n.jpg 528134891_3612576952385298_1148408687604202048_n.jpg 525625705_1052434943721314_7691098563524745868_n.jpg 524932603_1899976050735264_7184828027104590649_n.jpg			Dương			
05/08/25 - 12:35	TT - HelloVietnam	Phạm Hồ Linh Phương	tội gì không tận dugnj mặt bả				Dương			
05/08/25 - 13:35	TT - HelloVietnam	Hong Trangg	chị xem lại giúp em ạ				Dương			
05/08/25 - 13:35	TT - HelloVietnam	Trangg				https://docs.google.com/document/d/1IfwDDMpZmjxQXkpcM0wYSLG1itsfsrt-XJ72d3-7FmI/edit?usp=drive_link	Dương			
05/08/25 - 13:35	TT - HelloVietnam	Hong Trangg	@Dương Nguyễn anh duyệt giúp em nhé				Dương			
05/08/25 - 14:07	TT - HelloVietnam	Bảo				https://drive.google.com/file/d/1P7CzM4-3ml7xrv-DfhTF3yH3P3bGaBNo/view?usp=drive_link	Dương	L		
05/08/25 - 14:07	TT - HelloVietnam	Hong Trangg	e xin				Dương			
05/08/25 - 14:33	TT - HelloVietnam	Dương	này lại k qua đc policy r :))				Dương			
05/08/25 - 14:33	TT - HelloVietnam	Hong Trangg	[Message Retracted]				Dương			
05/08/25 - 15:00	TT - HelloVietnam	Ngô Tiến Dũng				https://drive.google.com/file/d/1iScXR5kJmspKToW5ZGj4Pjh9shUup96M/view?usp=drive_link	Dương	L		
05/08/25 - 15:00	TT - HelloVietnam	Ngô Tiến Dũng	@Linh Phương@Dương Nguyễn				Dương			
05/08/25 - 15:00	TT - HelloVietnam	Hong Trangg	e có bài này nữa ạ				Dương			
05/08/25 - 15:00	TT - HelloVietnam	Phạm Hồ Linh Phương	YÊN TÂM NHẤT VIỆT NAM VỀ CHẤT LƯỢNG				Dương			
05/08/25 - 15:00	TT - HelloVietnam	Hong Trangg	GÁNH RAU THẮM ĐƯỢM TÌNH QUÂN DÂN NHẤT VIỆT NAM MÀ KHÔNG PHẢI AI CŨNG BẮT GẶP, NHƯNG CÓ THẤY CŨNG MUA ÍT THÔI, ĐỪNG MUA NHIỀU QUÁ ĐỂ CÁC CHÚ BỘ ĐỘI CÓ THỜI GIAN NGẮM CẢNH				Dương			
05/08/25 - 15:00	TT - HelloVietnam	Hong Trangg	em sửa lại như vậy đc ko ạ				Dương			
05/08/25 - 15:00	TT - HelloVietnam	Phạm Hồ Linh Phương	GÁNH RAU CỰC CHẤT LƯỢNG MÀ PHẢI CÓ DUYÊN MỚI ĐƯỢC GẶP, NHƯNG CÓ THẤY…				Dương			
05/08/25 - 15:00	TT - HelloVietnam	Phạm Hồ Linh Phương	Này thui nhá em				Dương			
05/08/25 - 15:00	TT - HelloVietnam	Hong Trangg	dạ vưng em xin				Dương			
05/08/25 - 15:00	TT - HelloVietnam	Hong Trangg	em fix r ạ				Dương			
05/08/25 - 15:00	TT - HelloVietnam	Ngô Tiến Dũng	em . lại cho các anh chị chú ý nhé				Dương			
05/08/25 - 15:00	TT - HelloVietnam	Nguyễn Như Quỳnh				https://drive.google.com/file/d/1kuPnDY-AFPgapSFc1rDQrs8rUDiCQvqb/view?usp=drive_link	Dương	L		
05/08/25 - 15:00	TT - HelloVietnam	Hong Trangg	em xin				Dương			
05/08/25 - 15:00	TT - HelloVietnam	Trangg	@Linh Phương@Dương Nguyễn e gửi duyệt ạ				Dương			
05/08/25 - 15:00	TT - HelloVietnam	Hong Trangg				https://docs.google.com/document/d/1DIrS3d99ksAeH4RTbSmihex71Tl80cPjhxyNx8e7aTA/edit?tab=t.0	Dương			
05/08/25 - 15:00	TT - HelloVietnam	Hong Trangg	@Dương Nguyễn anh ới check hộ em				Dương			
05/08/25 - 16:55	TT - HelloVietnam	Bảo				https://drive.google.com/file/d/14FYuF4Ao79mnOA86BLGTIx-64Tz79pJn/view?usp=drive_link	Dương	L		
05/08/25 - 16:55	TT - HelloVietnam	Hong Trangg	@Linh Phương@Dương Nguyễn e gửi duyệt				Dương			
05/08/25 - 16:55	TT - HelloVietnam	Nguyễn Như Quỳnh				https://drive.google.com/file/d/1UIPtt2_ev1hVXi3B1w07asxYop07muDY/view?usp=drive_link	Dương	L		
05/08/25 - 16:55	TT - HelloVietnam	Hong Trangg	@Dương Nguyễn e gửi duyệt				Dương			
05/08/25 - 16:55	TT - HelloVietnam	Ngô Tiến Dũng				https://drive.google.com/file/d/1IKcOjng2GB3z9dabMjwZjBYT2xpuXcHn/view?usp=drivesdk	Dương	L		
05/08/25 - 16:55	TT - HelloVietnam	Ngô Tiến Dũng	@Linh Phương @Dương Nguyễn anh chị chekc giúp em với ạ				Dương			
05/08/25 - 16:55	TT - HelloVietnam	Phạm Hồ Linh Phương	Đăng ik mn				Dương			
05/08/25 - 16:55	TT - HelloVietnam	Ngô Tiến Dũng	check giúp em với nhá chị				Dương			
05/08/25 - 16:55	TT - HelloVietnam	Phạm Hồ Linh Phương	Các khuyển làm cảnh				Dương			
05/08/25 - 16:55	TT - HelloVietnam	Phạm Hồ Linh Phương	Là gì ah				Dương			
05/08/25 - 16:55	TT - HelloVietnam	Ngô Tiến Dũng	chó làm cảnh ấy chị,				Dương			
05/08/25 - 16:55	TT - HelloVietnam	Ngô Tiến Dũng	2 con kia là chó cảnh nên em viết thế				Dương			
05/08/25 - 16:55	TT - HelloVietnam	Dương Nguyễn	các khuyển :))				Dương			
05/08/25 - 16:55	TT - HelloVietnam	Phạm Hồ Linh Phương	Viết lại ik				Dương			
05/08/25 - 16:55	TT - HelloVietnam	Phạm Hồ Linh Phương	Hơi lú				Dương			
05/08/25 - 16:55	TT - HelloVietnam	Ngô Tiến Dũng	fix tiêu đề sang này nhé chị @Linh Phương				Dương			
05/08/25 - 16:55	TT - HelloVietnam	Bảo				https://drive.google.com/file/d/1AkC9iQpBVWASvO2NAM9W16-HMAyI_1F0/view?usp=drive_link	Dương	L		
05/08/25 - 16:55	TT - HelloVietnam	Ngô Tiến Dũng	em fix rùi ạ, anh chị check lại xem ạ				Dương			
05/08/25 - 19:00	TT - HelloVietnam	Ngô Tiến Dũng	@Linh Phương được hem chị em air ạ				Dương			
06/08/25 - 09:36	TT - HelloVietnam	Ngô Tiến Dũng				https://drive.google.com/file/d/1PyyVI0kVYtPsBAAevXYVOkCTLTDX_0tF/view?usp=drive_link	Dương	L		
06/08/25 - 09:36	TT - HelloVietnam	Ngô Tiến Dũng	@Linh Phương@Dương Nguyễn anh chị check giúp em với ạ				Dương			
06/08/25 - 10:13	TT - HelloVietnam	Ngô Tiến Dũng	@Dương Nguyễn anh iuw				Dương			
06/08/25 - 10:13	TT - HelloVietnam	Ngô Tiến Dũng	Check giúp em với ạ				Dương			
06/08/25 - 10:13	TT - HelloVietnam	Dương Nguyễn	Biệt danh này truyền miệng hay có nguồn gì k e				Dương			
06/08/25 - 10:13	TT - HelloVietnam	Ngô Tiến Dũng	Truyền miệng anh ạ				Dương			
06/08/25 - 10:13	TT - HelloVietnam	Phạm Hồ Linh Phương	kiểu trên mạng họ gọi ý bạn				Dương			
06/08/25 - 10:13	TT - HelloVietnam	Phạm Hồ Linh Phương	trend				Dương			
06/08/25 - 10:13	TT - HelloVietnam	Dương Nguyễn	[Message Retracted]				Dương			
06/08/25 - 10:13	TT - HelloVietnam	Dương Nguyễn	T đang sợ nó vào cái troll trêu lực lượng quân đội ý b				Dương			
06/08/25 - 13:50	TT - HelloVietnam	Ngô Tiến Dũng				https://drive.google.com/file/d/1lS-X2iZZvrSscmXlERJS6x6KgsnSRNAH/view?usp=drivesdk	Dương	L		
06/08/25 - 13:50	TT - HelloVietnam	Ngô Tiến Dũng				https://docs.google.com/document/d/1bnXM_2HH9wXmBsyvtqJXWTFZIe28N3jWQ_0IPyd_sls/edit?usp=drivesdk	Dương			
06/08/25 - 13:50	TT - HelloVietnam	Phạm Hồ Linh Phương	kỉ niệm 80 năm ngày quốc khánh	528331656_1295334288881935_5050268323784002828_n.png			Dương	L		
06/08/25 - 13:50	TT - HelloVietnam	Phạm Hồ Linh Phương	ghi rõ và chuẩn nhé em	527022689_1645598059467591_1544060120166340063_n.png			Dương			
06/08/25 - 13:50	TT - HelloVietnam	Phạm Hồ Linh Phương	chuẩn con này k nhỉ Dũng				Dương			
06/08/25 - 13:50	TT - HelloVietnam	Phạm Hồ Linh Phương	tin này check chắc chắn vào nha				Dương			
06/08/25 - 13:50	TT - HelloVietnam	Ngô Tiến Dũng	em lấy từ bảo An ninh thủ đồ dưới nguồn ấy ạ				Dương			
06/08/25 - 13:50	TT - HelloVietnam	Dương Nguyễn	scub B vs scub C khác nhau đó, check xem có đúng k nhá				Dương			
06/08/25 - 13:50	TT - HelloVietnam	Phạm Hồ Linh Phương	nhưng vde là nó có đúng là con hqua mình đăng ảnh k				Dương			
06/08/25 - 13:50	TT - HelloVietnam	Ngô Tiến Dũng	Báo sức khỏe đời sống nè chị	526038062_749090261055509_1123575461813854046_n.png			Dương			
06/08/25 - 13:50	TT - HelloVietnam	Phạm Hồ Linh Phương	oki chốt				Dương			
06/08/25 - 13:50	TT - HelloVietnam	Ngô Tiến Dũng	em sợ cái thông số kĩ thuật của nó ấy	528411344_987510966788297_5758066072394187245_n.png			Dương			
06/08/25 - 13:50	TT - HelloVietnam	Phạm Hồ Linh Phương	scrub B				Dương			
06/08/25 - 13:50	TT - HelloVietnam	Phạm Hồ Linh Phương	là chuẩn r mà nhỉ				Dương			
06/08/25 - 13:50	TT - HelloVietnam	Ngô Tiến Dũng	em fix và check rùi nhé anh chị, nhờ anh chị check lại giúp em phát ạ @Linh Phương@Dương Nguyễn				Dương			
06/08/25 - 13:50	TT - HelloVietnam	Phạm Hồ Linh Phương	Đến thời điểm này, Việt Nam là quân đội đầu tiên và cũng là duy nhất tại khu vực Đông Nam Á có tên lửa đạn đạo chiến thuật Scud trong biên chế.				Dương	L		
06/08/25 - 13:50	TT - HelloVietnam	Phạm Hồ Linh Phương	thêm câu này đi				Dương			
06/08/25 - 13:50	TT - HelloVietnam	Dương Nguyễn	câu này k có nguồn b ơi				Dương			
06/08/25 - 13:50	TT - HelloVietnam	Phạm Hồ Linh Phương	trong link của Dũng đó				Dương			
06/08/25 - 13:50	TT - HelloVietnam	Dương Nguyễn	à thấy r :))				Dương			
06/08/25 - 13:50	TT - HelloVietnam	Ngô Tiến Dũng	em fix rùi anh chị nhé				Dương			
06/08/25 - 13:50	TT - HelloVietnam	Bảo				https://drive.google.com/file/d/1BMhSW4rsTVKbuN4pZ2DgO5BtZVqUqr6o/view?usp=drive_link	Dương	L		
06/08/25 - 13:50	TT - HelloVietnam	Hong Trangg	text thumb anh ơi				Dương			
06/08/25 - 13:50	TT - HelloVietnam	Ngô Tiến Dũng	@Linh Phương chị ơii				Dương			
06/08/25 - 13:50	TT - HelloVietnam	Hong Trangg	@Linh Phương em nữa ạ				Dương			
06/08/25 - 15:36	TT - HelloVietnam	Nguyễn Như Quỳnh				https://drive.google.com/file/d/1fCzCsWr-Bit70Lj2tumYb33707ct_bTm/view?usp=drive_link	Dương	L		
06/08/25 - 15:36	TT - HelloVietnam	Hong Trangg	E XIN				Dương			
06/08/25 - 16:33	TT - HelloVietnam	Nguyễn Như Quỳnh				https://drive.google.com/file/d/1gIreJBL9oApeFmyzOxQ8mWYbD--emi_f/view?usp=drive_link	Dương	L		
06/08/25 - 16:33	TT - HelloVietnam	Hong Trangg	e xinnn				Dương			
06/08/25 - 16:33	TT - HelloVietnam	Phạm Hồ Linh Phương	Thế này cơ mà				Dương			
06/08/25 - 16:33	TT - HelloVietnam	Trangg	@Nguyễn Như Quỳnh chị bỏ hộ em nha				Dương	L		
06/08/25 - 16:33	TT - HelloVietnam	Hong Trangg				https://docs.google.com/document/d/1Pnwd1MYm6BGApTX9WzmsOcT7cH9GorG7-ZuOGNE4e2w/edit?tab=t.0	Dương			
06/08/25 - 16:33	TT - HelloVietnam	Nguyễn Như Quỳnh	c sửa rồi nhé				Dương			
06/08/25 - 16:33	TT - HelloVietnam	Hong Trangg	em xin ạ				Dương			
06/08/25 - 16:33	TT - HelloVietnam	Hong Trangg	ac check giúp em ạ				Dương			
06/08/25 - 17:51	TT - HelloVietnam	Ngô Tiến Dũng				https://drive.google.com/file/d/1bAfJQvOdKlbcQIYYLM-xY-WujN1jjW3n/view?usp=drive_link	Dương	L		
06/08/25 - 17:51	TT - HelloVietnam	Ngô Tiến Dũng				https://docs.google.com/document/d/1qQETEwlsbTrOOATniDy8syNADIn0-Yvu4aUZ8gmTuik/edit?usp=sharing	Dương			
06/08/25 - 17:51	TT - HelloVietnam	Ngô Tiến Dũng	@Linh Phương chị ơ				Dương			
06/08/25 - 22:51	TT - HelloVietnam	Bảo				https://drive.google.com/file/d/1pxw_wQ6ND4-8Ljevkd7P3XxLaW41Mw68/view?usp=drive_link	Dương	L		
06/08/25 - 22:51	TT - HelloVietnam	Bảo	Alo sốp ơi				Dương			
06/08/25 - 22:51	TT - HelloVietnam	Anh Bảo	@Dương Nguyễn @Linh Phương 2 đại ca tha tội em không biết mất mạng ngồi chạy đồ án giờ mới thấy gửi tin nhắn				Dương			
06/08/25 - 22:51	TT - HelloVietnam	Phạm Hồ Linh Phương	🤩				Dương			
06/08/25 - 23:41	TT - HelloVietnam	Hong Trangg	Bùn nhiều chút				Dương			
06/08/25 - 23:41	TT - HelloVietnam	Phạm Hồ Linh Phương	Duyệt tôi nốt bài này				Dương			
06/08/25 - 23:41	TT - HelloVietnam	Nguyễn Hưng	Bài này à c ơi				Dương			
06/08/25 - 23:41	TT - HelloVietnam	Ngô Tiến Dũng	đúng rùi anh ạ				Dương			
07/08/25 - 09:15	TT - HelloVietnam	Dương Nguyễn	Gửi a KB nhé				Dương			
07/08/25 - 09:15	TT - HelloVietnam	Dương Nguyễn	Sr qua t đi ngủ sớm mất				Dương			
07/08/25 - 10:00	TT - HelloVietnam	Trangg				https://docs.google.com/document/d/1hVehyIdYUfF6PNmwTh-e3JKzbtN87A0YlZrIDnCds24/edit?tab=t.0	Dương			
07/08/25 - 10:00	TT - HelloVietnam	Hong Trangg	e ửi ạ				Dương			
07/08/25 - 10:29	TT - HelloVietnam	Ngô Tiến Dũng				https://drive.google.com/file/d/1hOnB6EAiBvyujmh815j87-lBVq23nnFC/view?usp=sharing	Dương	L		
07/08/25 - 10:29	TT - HelloVietnam	Ngô Tiến Dũng	anh chị check giúp em với ạ				Dương			
07/08/25 - 10:29	TT - HelloVietnam	Phạm Hồ Linh Phương	Khách du lịch nước ngoài				Dương			
07/08/25 - 11:03	TT - HelloVietnam	Ngô Tiến Dũng	em fix rùi nhá chị @Linh Phương				Dương			
07/08/25 - 11:44	TT - HelloVietnam	Ngô Tiến Dũng	[Message Retracted]				Dương			
07/08/25 - 11:44	TT - HelloVietnam	Ngô Tiến Dũng	@Linh Phương chị check lại giúp em với nha s				Dương			
07/08/25 - 14:50	TT - HelloVietnam	Ngô Tiến Dũng				https://drive.google.com/file/d/1pG7TbVE8iX5esrMgzhFUbQmrPx--Xn2s/view?usp=sharing	Dương	L		
07/08/25 - 14:50	TT - HelloVietnam	Nguyễn Như Quỳnh				https://drive.google.com/file/d/1k6ejR-GZVEMWnz7d_SQW2gEhjr1b8sKE/view?usp=drive_link	Dương	L		
07/08/25 - 14:50	TT - HelloVietnam	Bảo				https://drive.google.com/file/d/1Bgy4EVl1_pJwSzCTDDIKPqa4IvFrJwAG/view?usp=drive_link	Dương	L		
07/08/25 - 14:50	TT - HelloVietnam	Phạm Hồ Linh Phương	bỏ hộ mình cái meme này nhớ	527957278_1288365472917726_907943813911935358_n.png			Dương			
07/08/25 - 14:50	TT - HelloVietnam	Phạm Hồ Linh Phương	cứ cảnh chill chill là dc rùi ạ				Dương			
07/08/25 - 14:50	TT - HelloVietnam	Hong Trangg	em còn bài này ạ				Dương			
07/08/25 - 14:50	TT - HelloVietnam	Bảo	Cái ảnh chạy lúc đầu ấy á?				Dương			
07/08/25 - 14:50	TT - HelloVietnam	Anh Bảo	Bỏ cả cái đấy khum biết thay gì luôn ý				Dương			
07/08/25 - 14:50	TT - HelloVietnam	Dương Nguyễn	bài này thay ảnh chưa				Dương			
07/08/25 - 14:50	TT - HelloVietnam	Trangg	e để cái ảnh này được ko anh hay phải thay hết ạ, tại trong bài nhắc đến bà Thu	525698016_1459582844966957_9202356056136903834_n.png			Dương			
07/08/25 - 14:50	TT - HelloVietnam	Hong Trangg	mà không có ảnh bà đấy khán giả ko biết đấy là ai mất				Dương			
07/08/25 - 14:50	TT - HelloVietnam	Dương	phim ngắn à e				Dương			
07/08/25 - 14:50	TT - HelloVietnam	Dương Nguyễn	này đủ content đăng 2 tháng chưa hết				Dương			
07/08/25 - 14:50	TT - HelloVietnam	Hong Trangg	.				Dương			
07/08/25 - 14:50	TT - HelloVietnam	Trangg	.				Dương			
07/08/25 - 14:50	TT - HelloVietnam	Hong Trangg	anh chị duyệt trước giúp em 2 bài này				Dương			
07/08/25 - 14:50	TT - HelloVietnam	Anh Bảo	Em sửa rồi ạ				Dương			
07/08/25 - 14:50	TT - HelloVietnam	Hong Trangg	AC ƠIIII				Dương			
07/08/25 - 14:50	TT - HelloVietnam	Hong Trangg	@Dương Nguyễn				Dương			
07/08/25 - 14:50	TT - HelloVietnam	Dương Nguyễn	lại dính r e				Dương			
07/08/25 - 14:50	TT - HelloVietnam	Hong Trangg	cảnh sát giao thông cũng phải gọi anh Dương bằng số điện thoại :)))				Dương			
07/08/25 - 14:50	TT - HelloVietnam	Nguyễn Như Quỳnh	anh F5 lại giúp e nhé				Dương			
07/08/25 - 15:59	TT - HelloVietnam	Bảo				https://drive.google.com/file/d/1youcPc_b162rV8cAUj52NDmO3JNGKuJz/view?usp=drive_link	Dương	L		
07/08/25 - 15:59	TT - HelloVietnam	Hong Trangg	chị check lại giúp em @Linh Phương				Dương			
07/08/25 - 16:59	TT - HelloVietnam	Bảo				https://drive.google.com/file/d/13lm3d9lPGbLglh8oKHo1LlVC_ScbH-4z/view?usp=drive_link	Dương	L		
07/08/25 - 17:44	TT - HelloVietnam	Hong Trangg	@Linh Phương chị ơi check giúp em				Dương			
07/08/25 - 17:44	TT - HelloVietnam	Phạm Hồ Linh Phương	TÀI KHOẢN TIKTOK MANG CẢ TUỔI THƠ VÀO TỪNG KHUNG HÌNH, HÌNH ẢNH ĐẦU TƯ ĐẸP MẮT XỨNG ĐÁNG ĐƯỢC VIRAL HƠN NỮA				Dương			
07/08/25 - 17:44	TT - HelloVietnam	Hong Trangg	dạ				Dương			
07/08/25 - 17:44	TT - HelloVietnam	Trangg	TỔ QUỐC CHƠI LỚN CỠ NÀY QUÁ ĐÃ! TẤT CẢ 34 TỈNH THÀNH SẼ TỔ CHỨC CA NHẠC VÀ BẮN PHÁO HOA DỊP KỶ NIỆM QUỐC KHÁNH 2/9				Dương			
07/08/25 - 17:44	TT - HelloVietnam	Bảo				https://drive.google.com/file/d/16Uomgv2r4guCUqznFaYNSlQmn8auZGFX/view?usp=drive_link	Dương	L		
07/08/25 - 17:44	TT - HelloVietnam	Nguyễn Như Quỳnh				https://drive.google.com/file/d/1lQRLCJfiz5mSXSVPo4Mh3Cukc5UeaZzH/view?usp=drive_link	Dương	L		
07/08/25 - 17:44	TT - HelloVietnam	Phạm Hồ Linh Phương	lúc đăng	526110066_4231284600435644_5851924709740116059_n.png			Dương			
07/08/25 - 17:44	TT - HelloVietnam	Phạm Hồ Linh Phương	thumb ấy	524926341_1291774842301803_6844657469990411693_n.png			Dương			
07/08/25 - 17:44	TT - HelloVietnam	Hong Trangg	vâng ạ				Dương			
07/08/25 - 17:44	TT - HelloVietnam	Phạm Hồ Linh Phương	vs đỡ bị kiểu ảnh từ báo ấy				Dương			
07/08/25 - 17:44	TT - HelloVietnam	Trangg	vang ạ				Dương			
07/08/25 - 17:44	TT - HelloVietnam	Hong Trangg	@Dương Nguyễn anh ơi duyệt hộ iêm				Dương			
07/08/25 - 18:37	TT - HelloVietnam	Bảo		528330886_1102598117872301_438740252044677800_n.jpg			Dương			
07/08/25 - 18:37	TT - HelloVietnam	Dương Nguyễn	Làm goods dần đi thôi :))				Dương			
07/08/25 - 18:37	TT - HelloVietnam	Hong Trangg	@Linh Phương  chị ới				Dương			
04/08/25 - 19:42	FP - Showbeat	Đỗ Thị Lệ	Những lần muốn từ bỏ	528301220_1077850567806873_4546266273796415784_n.png			Dũng			
04/08/25 - 19:42	FP - Showbeat	Đỗ Thị Lệ		527730340_2204146146724018_7872512536661806467_n.png			Dũng			
05/08/25 - 10:54	FP - Showbeat	Đỗ Thị Lệ				https://drive.google.com/file/d/1d2fMQjuPV8V-P_UQOe4iDBRoxLXYwGEK/view?usp=sharing	Dũng			
05/08/25 - 10:54	FP - Showbeat	Đỗ Thị Lệ	Y là tại sao cả thế giới đều có thể giả giọng Hương Giang vậy??????				Dũng			
05/08/25 - 17:12	FP - Showbeat	Đỗ Thị Lệ				https://drive.google.com/file/d/17feuJuXixzzq8bz8yLL0Rxfo-zZSJHcI/view	Dũng			
05/08/25 - 17:12	FP - Showbeat	Đỗ Thị Lệ	Trung bình người bị liệu khi nghe mấy bài này =)))  Clip: Gia Đình Haha #GiaDinhHaha				Dũng			
05/08/25 - 17:37	FP - Showbeat	Đỗ Thị Lệ	Cái này là tướng phu thê trong truyền thuyết đây à	526083493_738144252464386_4291201895118747444_n.png			Dũng			
05/08/25 - 20:09	FP - Showbeat	Đỗ Thị Lệ	Nhà mình cũng có mà chị Thu Trang ủa	526694990_1466186011074430_1211352963140570646_n.jpg			Dũng			
05/08/25 - 20:09	FP - Showbeat	Đỗ Thị Lệ		528057171_24226657647024423_2709388875318592538_n.jpg			Dũng			
06/08/25 - 09:56	FP - Showbeat	Đỗ Thị Lệ	Nếu ai thắc mắc Mono hướng ngoại tới cỡ nào thì...	525460819_1482145269693863_1464427880807864919_n.jpg			Dũng	L		
06/08/25 - 09:56	FP - Showbeat	Đào Hửu Nhơn	Nguồn ảnh: Mono, The PRIMEstudioVN, Nhịp sống online, binhthuong_, Mono anh The First, Làn Sóng Xanh, Unofficial Mono  (còn thiếu nguồn ở đâu mng cho mình xin với nha)				Dũng	L		
06/08/25 - 09:56	FP - Showbeat	Đỗ Thị Lệ	oki				Dũng			
06/08/25 - 10:42	FP - Showbeat	Đỗ Thị Lệ	HẢ? CÁI GÌ CƠ? KHÔNGGGGGGG!!!	516939917_2149109275597847_1180162483513923716_n.jpg			Dũng			
06/08/25 - 10:42	FP - Showbeat	Đào Hửu Nhơn	Cmt: Giờ mới đầu chặng 3 nhưng tôi đã sợ phải chia tay...	526302211_1304224371223850_7272975675437317420_n.jpg			Dũng			
06/08/25 - 10:42	FP - Showbeat	Đỗ Thị Lệ	Cmt: Không một ai hỏi tôi có muốn hay không				Dũng			
06/08/25 - 10:42	FP - Showbeat	Đào Hửu Nhơn	"Bích Phương: ""Cái thân thể của Phương nó rất thích nghi với cái việc nằm. Đứng hoặc là đi lại là nó mệt, còn nó nằm là nó có thể nằm mãi mãi rồi""  Thì ra chị ta nói thật =)))  Nguồn ảnh: Bích Phương, Em Xinh Say Hi"				Dũng			
06/08/25 - 10:42	FP - Showbeat	Đỗ Thị Lệ	"chữ ""đứng"" cách ra kìa"	525663103_1284667696635640_4404967047726118205_n.png			Dũng	L		
06/08/25 - 10:42	FP - Showbeat	Đỗ Thị Lệ	còn lại oki				Dũng			
06/08/25 - 10:42	FP - Showbeat	Đào Hửu Nhơn	Dạ r ạ	526834910_735687976097590_6640533121775174307_n.jpg			Dũng			
06/08/25 - 10:42	FP - Showbeat	Đỗ Thị Lệ	Bảo Ngọc đang cho chúng ta 1 tín hiệu đúng không?	525391438_1465376777814250_7585431019849622925_n.jpg			Dũng	L		
06/08/25 - 10:42	FP - Showbeat	Đỗ Thị Lệ	Oki				Dũng			
06/08/25 - 10:42	FP - Showbeat	Đỗ Thị Lệ	Quá khứ của 2 thầy trò SOOBIN trên sóng truyền hình, thầy VTV thì trò cũng Đài Hà Nội =))))  Ảnh: VTV via ddury.2208, H1 via strawberry_duri				Dũng			
06/08/25 - 11:33	FP - Showbeat	Đào Hửu Nhơn	Lớn lên bảo có kinh nghiệm đu Quang Hùng 20 năm không ai tin   Không phải fan cứng nữa, là fan từ trong bụng mẹ luôn rồi đó    Ảnh: sunflowerMD_97	526675313_1285957919649595_2636524954647361151_n.jpg			Dũng	L		
06/08/25 - 11:33	FP - Showbeat	Đỗ Thị Lệ	oki				Dũng			
06/08/25 - 11:33	FP - Showbeat	Đào Hửu Nhơn	Dạ				Dũng			
06/08/25 - 13:16	FP - Showbeat	Đào Hửu Nhơn	Cmt: Bảo Ngọc bất ngờ lên tiếng trước thềm công bố, vẫn cứ hy vọng thôi nào	526604539_1248507289852413_3800593212436133572_n.jpg			Dũng	L		
06/08/25 - 20:31	FP - Showbeat	Đỗ Thị Lệ	Nếu có 1 người bảo đi Sao Nhập Ngũ sướng hơn ở nhà thì đó chỉ có thể là Bình An chồng Phương Nga =)))  #SaoNhapNgu #SaoNhapNgu2025	524614319_1116543393768883_2173301208217929231_n.jpg			Dũng	L		
06/08/25 - 21:30	FP - Showbeat	Đỗ Thị Lệ	Cầu được ước thấy luôn nhé!!!   #SaoNhapNgu #SaoNhapNgu2025	524428770_558826953983268_1581267815980931600_n.jpg			Dũng			
07/08/25 - 08:57	FP - Showbeat	Đỗ Thị Lệ	Hành trang của người sợ ma kiểu:	528019549_1180933947406401_4896274799053427337_n.jpg			Dũng			
07/08/25 - 08:57	FP - Showbeat	Đỗ Thị Lệ	Thả cmt	526201287_1606034823690011_4575128735577330970_n.jpg			Dũng			
07/08/25 - 09:53	FP - Showbeat	Đỗ Thị Lệ	Quay xong chặng cuối, mấy anh em Gia Đình Haha gọi điện về cho chị Thông anh Hà này    #GiaDinhHaha	527636423_749075414337805_1795305079552508630_n.jpg			Dũng			
07/08/25 - 09:53	FP - Showbeat	Đỗ Thị Lệ	Cmt: Anh Hà mặc áo Gia Đình Haha luôn nha =))))				Dũng			
07/08/25 - 12:01	FP - Showbeat	Đỗ Thị Lệ	Đội hình rất đồng đều... ủa  Ảnh: Sao Nhập Ngũ	525021546_775557024998232_1920830310710184492_n.jpg			Dũng			
07/08/25 - 16:45	FP - Showbeat	Đỗ Thị Lệ				https://www.tiktok.com/@showbeat_official/video/7535750870185594120?is_from_webapp=1&sender_device=pc&web_id=7386576763017463314	Dũng			
07/08/25 - 16:45	FP - Showbeat	Đỗ Thị Lệ	"Mỗi lần nghe bài này là trong đầu tự động ""Nothing beats a jet2 holiday"" =))))"				Dũng			
07/08/25 - 17:58	FP - Showbeat	Đỗ Thị Lệ	Xem ai trở lại Bản Liền này!!!!  Chị Thông anh Hà bé Thư bé Thắng chị Cân anh Nâng bé Thẩu bé Lướng  bé Gấu ơiiiiiii	528283985_1280447280534652_8902031738426412084_n.jpg			Dũng			
07/08/25 - 18:37	FP - Showbeat	Đỗ Thị Lệ	Chú Jun vừa về tới Bản Liền và bé Thắng kiểu =))))))  Nguồn: giadinhkara/congthoatnuocnsndtulong	526220142_1095376796028757_5740099170069279694_n.jpg			Dũng			
07/08/25 - 18:37	FP - Showbeat	Đỗ Thị Lệ	Cmt: Cảm giác như chính mình về vậy   	509606315_17895221841249965_8773297135680021841_n.jpg 528389272_3116432425187494_6925512804001772471_n.jpg		https://www.threads.com/@congthoatnuocnsndtulong/post/DNDSgtbS8_z?xmt=AQF0FfyNRkWbpQRnJjYkH3FD5BZnEAK-CmR6uTx25YK8IA	Dũng			
07/08/25 - 20:05	FP - Showbeat	Đỗ Thị Lệ	[Message Retracted]	517132590_1092883892944328_8442545901576037703_n.jpg			Dũng			
07/08/25 - 20:05	FP - Showbeat	Đỗ Thị Lệ	Nào, để yên cho tôi xúc động đi!  Ảnh: im.ngocnguyen	528102889_31938717865727067_7617354812725271718_n.jpg			Dũng			
07/08/25 - 21:58	FP - Showbeat	Đỗ Thị Lệ	Chồng H'Hen Niê và pha xử lý cồng kềnh vô cùng     Thay vì để mẹ là người Ê Đê dạy tiếng Ê Đê cho con, thì bố là người Kinh mua sách về dạy tiếng Ê Đê cho con.   Không biết con có học được gì không, chứ người Ê Đê trong nhà nghe không hiểu rồi đó	525752874_653714917242384_4415684445015161007_n.jpg			Dũng			
07/08/25 - 21:58	FP - Showbeat	Đỗ Thị Lệ		528142565_616575167839318_7420881552939977976_n.jpg 528867468_24309784725374947_6170489799129144168_n.jpg			Dũng			
04/08/25 - 19:39	TT - Showbeat	Đỗ Thị Lệ				https://drive.google.com/file/d/1N67WQmC_e7vkz9GgoW9TfQBkQ2b2LK2k/view?usp=sharing	Hưng	L		
04/08/25 - 19:39	TT - Showbeat	Đỗ Thị Lệ	mng check giúp e gấp bài #tiepluatuhao này với ạ =)))) @Tuấn Dũng@Nguyễn Hưng@Minh Vũ@Dương Nguyễn				Hưng			
05/08/25 - 15:00	TT - Showbeat	Hà Lan Võ Hồng				https://drive.google.com/file/d/1aJ3a04jnlXx-zY2RN4uv4TQGd7KZWchv/view?usp=drive_link	Hưng	L		
05/08/25 - 15:00	TT - Showbeat	Hà Lan Võ Hồng	mng check giúp em nhen				Hưng			
05/08/25 - 16:45	TT - Showbeat	Đỗ Thị Lệ				https://drive.google.com/file/d/1rsnWfSFuAwgRr1v88Lg10uFGXi2TM99D/view?usp=sharing	Hưng	L		
05/08/25 - 16:45	TT - Showbeat	Đỗ Thị Lệ	mng check giúp e nha				Hưng			
05/08/25 - 17:41	TT - Showbeat	Hà Lan Võ Hồng				https://drive.google.com/file/d/1a2yIEB4wLObP6Pukrn_rK2DVl9OEt_JZ/view?usp=drive_link	Hưng	L		
05/08/25 - 17:41	TT - Showbeat	Hà Lan Võ Hồng	Mng check giú0p em nha				Hưng			
05/08/25 - 18:11	TT - Showbeat	Hà Lan Võ Hồng				https://drive.google.com/file/d/14cpu3YWknzY9U-XeNOeKV5FbUu3u83Nf/view?usp=drive_link	Hưng	L		
05/08/25 - 18:11	TT - Showbeat	Hà Lan Võ Hồng	MNG CHECK GIÚP EM NHA				Hưng			
05/08/25 - 21:34	TT - Showbeat	Đỗ Thị Lệ				https://drive.google.com/file/d/1MMpehVIOtC5V1zJa789GU0eLThu-GSm6/view?fbclid=IwY2xjawL-9aRleHRuA2FlbQIxMQABHu004o_fy39v9EjikxurV1gdqo_O1cBlVGRYgxbeVrxCzJnKq_dcIX9bXGvk_aem_fcZ2B9pieH08LpRltFkveg	Hưng	L		
05/08/25 - 21:34	TT - Showbeat	Đỗ Thị Lệ	Mng check giúp e nha				Hưng			
05/08/25 - 21:34	TT - Showbeat	Đỗ Thị Lệ	mng check giup e nha				Hưng			
07/08/25 - 10:31	TT - Showbeat	Đỗ Thị Lệ				https://drive.google.com/file/d/1WlLJmXB8_uVjP1tbXHGCZglz7e3_wCoE/view?usp=sharing	Hưng	L		
07/08/25 - 11:32	TT - Showbeat	Đỗ Thị Lệ				https://drive.google.com/file/d/1PwtsgO5ZmouPS8SOG-aMRytfWj84HoQr/view?fbclid=IwY2xjawMBC3dleHRuA2FlbQIxMABicmlkETFTZFBMbjRSMXBtNkh0SDFHAR43npMGi9BG2SLmEaL38oeCkfxU8q8PCNesmFoKcAw70_NkbfRQSLSr5IULEA_aem_nNpr5G1iNrlnN36wy-4W4w	Hưng	L		
07/08/25 - 14:58	TT - Showbeat	Hà Lan Võ Hồng				https://drive.google.com/file/d/1PQhqNGeYebQj8UMCsefOM3ok_XXisZdV/view?usp=drive_link	Hưng	L		
07/08/25 - 16:37	TT - Showbeat	Hà Lan Võ Hồng				https://drive.google.com/file/d/1Jh4SCVkk85hwcX0QAOt_R2ZPlQh7aE-o/view?usp=drivesdk	Hưng	L		
07/08/25 - 16:37	TT - Showbeat	Hà Lan Võ Hồng	mng check giúp em nha				Hưng			
07/08/25 - 17:37	TT - Showbeat	Hà Lan Võ Hồng				https://drive.google.com/file/d/1YzX0JjmxQ0HuZ3feDb0DinQfBYwqz1xF/view?usp=drive_link	Hưng	L		
07/08/25 - 20:09	TT - Showbeat	Hà Lan Võ Hồng				https://drive.google.com/file/d/15jCDfrCWrs3-rWXiAO3tb485Uu6KY7_I/view?usp=drive_link	Hưng	L		
07/08/25 - 20:09	TT - Showbeat	Hà Lan Võ Hồng	mng check giup em nha				Hưng			
07/08/25 - 20:09	TT - Showbeat	Đỗ Thị Lệ	@mọi người				Hưng			
04/08/25 - 22:43	FP - Cao Thủ	Phạm Công Hiếu	Bài này anh ơi	526221307_1069468675315899_8449634414684388625_n.jpg 525715499_1344177917710150_4334249073723358745_n.png			Dương			
04/08/25 - 22:43	FP - Cao Thủ	Nguyễn Bá Dũng	ae	527666363_1108359727856163_7864578544173629469_n.png			Dương			
04/08/25 - 22:43	FP - Cao Thủ	Dương Nguyễn	👌				Dương			
05/08/25 - 10:11	FP - Cao Thủ	Hồ Quang Huy	SỐC: Phản ứng lạ khi   chai coca		527572573_24127074546935546_1301742873481596673_n.mp4		Dương	L		
05/08/25 - 10:11	FP - Cao Thủ	Hồ Quang Huy	Hình ảnh: 40 hành khách gồm cả trẻ em đến người lớn núp sau bóng của chiếc xe khách trong cái nắng nóng hơn 40 độ ngày hôm qua.   Dù được hành khách năn nỉ anh B.T.S vẫn không chịu trả chìa khóa mà phóng xe đi thẳng.	524952559_784992623956449_5017149502710893197_n.jpg 525577045_775866204829739_6110061128475913017_n.jpg 526038062_1067870302082234_2736463899086482220_n.jpg			Dương	1	Che mặt	12
05/08/25 - 10:11	FP - Cao Thủ	Dương	che mặt 2 người ảnh đầu đi a				Dương			
05/08/25 - 10:11	FP - Cao Thủ	Dương Nguyễn	ảnh này nữa	526187690_734488235963138_7770139838541671268_n.png			Dương			
05/08/25 - 10:11	FP - Cao Thủ	Dương Nguyễn	đây nha	524232360_781706200946082_1656131100146504284_n.png			Dương			
05/08/25 - 10:11	FP - Cao Thủ	Hồ Quang Huy	"CAMERAMAN BÁO THỰC SỰ    Bỏ ra nửa năm chuẩn bị, gần 200 triệu đồng tổ chức đám cưới, cô dâu Hồng Hạnh là một nghiên cứu sinh tiến sĩ từ Trung Quốc tưởng sẽ có bộ ảnh cưới “để đời”. Nào ngờ, khi nhận gần 2.000 bức ảnh từ ê-kíp chụp, cô chỉ muốn khóc: ""Không có nổi một bức tử tế!""  Chồng dỗ dành suốt mấy đêm, thợ ảnh hoàn tiền, Hạnh quyết định ""lò vi sóng"" làm lại đám cưới chỉ để chụp ảnh cho đẹp. Dù không dựng rạp rình rang như lần đầu, cặp đôi vẫn mời bạn thân tới chứng kiến lễ “tái hiện cưới hỏi”, đầy đủ lời thề, rót rượu, trao nhẫn và dàn váy áo đã đầu tư kỹ lưỡng.  Lần này thì thành công, ảnh đẹp long lanh, cô dâu tự tin đăng dần lên mạng, nhận “mưa” lời chúc. Dẫu từng được khuyên “ảnh chỉ là phụ, hôn nhân mới quan trọng”, Hạnh vẫn khẳng định:  ""Ngày trọng đại không thể thiếu những bức ảnh đẹp để lưu giữ cảm xúc.""  Theo VNExpress"				Dương	L		
05/08/25 - 10:11	FP - Cao Thủ	Hồ Quang Huy	[Message Retracted]	525768883_785568520469935_6884104130968329014_n.png 526632732_1037894561519343_4132805818502627097_n.png 526693785_1760135558713359_8510572131859367280_n.png			Dương			
05/08/25 - 10:11	FP - Cao Thủ	Hồ Quang Huy		524370596_714118534954669_8911687941900869179_n.png			Dương			
05/08/25 - 10:11	FP - Cao Thủ	Hồ Quang Huy	ĐỘ CAO 30M - KHÔNG THỂ KHÁNG CỰ LẠI    Michelle Wilson (52 tuổi) một bà mẹ ba con đến từ Anh cho biết cô bị sờ sãm bởi người điều khiển dù lượn khi đang bay ở độ cao hơn 30m.  Vụ việc xảy ra trong kỳ nghỉ tại Sousse, Tunisia. Michelle kể lại: người hướng dẫn viên buộc dây phía sau cô đã có hành vi khiếm nhã, kéo quần bơi tôi lên, cọ xát cơ thể, tay đi du lịch khắp nơi rồi còn thì thầm bằng tiếng Ả Rập khiến cô cảm thấy “bị xâm phạm và bất lực”.  Ngay sau khi hạ cánh, cô lập tức trình báo với ban quản lý và cảnh sát địa phương. Nghi phạm được cho là đã bị bắt giữ. Phía công ty du lịch và Bộ Ngoại giao Anh đang hỗ trợ Michelle làm rõ vụ việc.  Chuyến nghỉ dưỡng trị giá 6.000 bảng của cô giờ trở thành cơn ác mộng.  Nguồn: Phụ Nữ Số	519616228_1266262514963957_4164575234980738933_n.png 524496997_1662177327804550_3837625549688600574_n.png 526084323_641384035094945_4589219217168115113_n.png 524310432_1259777469171399_9154637738391138452_n.png			Dương			
05/08/25 - 10:11	FP - Cao Thủ	Hồ Quang Huy	Hành trình phục hồi của Lee Sin Thái Nguyên   Video: Hà Đỗ		525988880_24872035609064013_1138383341852151192_n.mp4		Dương	L		
05/08/25 - 10:11	FP - Cao Thủ	Hồ Quang Huy	bài trên ok chưa				Dương			
05/08/25 - 10:11	FP - Cao Thủ	Dương Nguyễn	đợi em tý, chắc phải nhờ Dũng check lại vì nó có bóc lột td				Dương			
05/08/25 - 13:50	FP - Cao Thủ	Hồ Quang Huy	Xe dành cho ae muốn đi xe đạp nhưng sợ mỏi chân		527729087_9631253446974507_978875004407188571_n.mp4		Dương	L		
05/08/25 - 13:50	FP - Cao Thủ	Hồ Quang Huy	bài này sao r				Dương			
05/08/25 - 13:50	FP - Cao Thủ	Dương Nguyễn	bỏ a ạ, rủi ro ăn gậy bóc lột td khá cao từ cap cho tới ảnh				Dương			
05/08/25 - 13:50	FP - Cao Thủ	Tuấn Dũng	bài này bltd á ae, lộ ảnh người bị hại, vụ việc				Dương			
05/08/25 - 13:50	FP - Cao Thủ	Hồ Quang Huy	NÂNG TẠ ĐẾN NĂM 2324 KHÔNG HẾT    Sau 3 năm miệt mài đốt mỡ tại Ranyan Gym (Hàng Châu), anh Jin bất ngờ bước vào hành trình đốt... tiền. Phòng gym rủ rê anh khách ruột mua gói thành viên 8.888 tệ rồi hứa nếu bán hộ thì anh sẽ lời gấp đôi. Anh không những đồng ý mà trong 2 tháng còn liên tiếp mua thêm lên tới 870.000 tệ (~3 tỷ VND) với giấc mơ lời 1,6 triệu tệ.  Tổng cộng anh ôm 26 cái hợp đồng tặng lại cho con – cháu – chắt – chút – chít – chụt – chòe mỗi đứa một cái nếu phòng gym còn tồn tại tới năm 2324.    Nguồn VNExpress	526159682_684931637912528_4152629409745886987_n.png			Dương	L		
05/08/25 - 13:50	FP - Cao Thủ	Hồ Quang Huy		527796469_779754538043237_541959906676169486_n.png 526473554_1391460675275023_419267116989026535_n.png			Dương			
05/08/25 - 14:58	FP - Cao Thủ	Hồ Quang Huy	T ĐÃ KHÓC NHƯ MƯA KHI ĐỌC TIN NHẮN NÀY    Chuyện là t mua bọc bánh tráng to rồi quăng vào tủ bếp, t cũng không có để ý gì lắm tại nghĩ là để vô tủ bếp rồi thì ai muốn ăn thì cứ lấy ăn thôi.   Tối qua thấy tin nhắn của mẹ gửi lúc đang đi làm mà lu bu quá cái quên check, tan làm đi ăn uống xong về nhà cũng trễ, vô zalo xem lịch làm tuần tới thì mới thấy có tin nhắn mẹ gửi. Ừa con bé con nhà t nó lấy zalo mẹ nhắn t xin t để được ăn bánh tráng...  Ở nhà không được ăn vặt bánh kẹo nhiều vì ba mẹ t cũng khó rồi, xong thòm thèm bọc bánh tráng chị nó mua mà nhắn tận 2 lần không thấy chị nó trả lời, chắc đợi cũng lâu quá nên nhỏ quánh răng đi ngủ luôn    Nguồn: Kênh14	524992666_3401253103348501_8028570512095485702_n.png			Dương	L		
05/08/25 - 14:58	FP - Cao Thủ	Hồ Quang Huy	[0]=AZVI0hEWouZEIx5rOUUwJyPqiXK8_AOGbkKc_V_K9Pywb_wrokrgDtJUBsoCpKTAnxlHbhFDfr2hjrnyI5NT6RGrVEL5dgnPUpwflLOpsAsIdkqEhjsZ34Wa8hMeD0dFNivP8dm7GIddJ9cQmvzFoU00&__tn__=%2CO%2CP-R	525248208_1092335759540191_8327032577360632332_n.png		https://www.facebook.com/K14vn/posts/pfbid02qH6jvtoeo2iAkgSAzQyksCbpLipCPup3PCq2Qx1CHucAT82yP64gq8k78taqLA8Xl?__cft__	Dương			
05/08/25 - 14:58	FP - Cao Thủ	Hồ Quang Huy	GIẢM HƠN 96%    Theo ông Thana Chaiprasit, Campuchia ban đầu dự kiến cử 1.500 vận động viên của 37 môn thể thao tham gia tranh tài.   Tuy vậy, do tình hình căng thẳng với Thái Lan, Campuchia sẽ chỉ gửi đến đại hội… 57 vận động viên, chưa rõ số lượng môn thi đấu. Tính ra, Campuchia giảm nhân sự đoàn thể thao nước này đến hơn 96%!  Nguồn: Người Lao Động				Dương	L		
05/08/25 - 14:58	FP - Cao Thủ	Hồ Quang Huy	120k NGƯỜI XEM 2 CƠ THỦ XUỐNG TÓC    Một “kèo bi-a” cực căng vừa tạo nên kỷ lục người xem trong cộng đồng bida Việt Nam nhưng không phải vì đẳng cấp chuyên môn, mà là vì màn... xuống tóc đầy cảm xúc của hai cơ thủ hạng C và D: Ngọc Xăm và Hà Thành.=))))	526530950_1408064170939576_6157520860877333406_n.png 514304176_1814960359378449_25393715654195624_n.png 525226928_2854795524709591_3583941600745458605_n.png			Dương	L		
05/08/25 - 14:58	FP - Cao Thủ	Hồ Quang Huy		525755037_1092517298978093_635970305291288478_n.jpg 514308489_1320036776208761_6851299124810091085_n.jpg			Dương	L		
05/08/25 - 16:03	FP - Cao Thủ	Hồ Quang Huy	LẠI LÀ PHẠM THOẠI    Tiktoker Phạm Thoại (Phạm Văn Thoại) vừa bị Công an TP. Hà Nội xử phạt hành chính 7,5 triệu đồng vì đăng tải thông tin sai sự thật khi “vinh danh” bản thân là Đại sứ Chương trình Top nông sản – Nông sản về phố VIETNAM OCOPEX 2025.  Vấn đề là... cái chức danh này chưa từng tồn tại. Theo xác nhận từ Cục Xúc tiến thương mại (Bộ Công Thương), đến hiện tại không ai được bổ nhiệm làm “đại sứ” gì hết. Mọi phát ngôn đều là “tự biên tự diễn”, và không có tổ chức nào cho phép gắn tên Bộ vào chuyện này.  Thoại không làm đại sứ cho nông sản chỉ làm “đại sứ content” cho chính mình. Nhưng lần này content hơi đi hơi xa, nên chốt đơn với… biên bản hành chính.  Nguồn: Báo Công Thương	526446678_612663964902506_2859700434164208111_n.png			Dương	L		
05/08/25 - 16:03	FP - Cao Thủ	Hồ Quang Huy	@Dương Nguyễn duyệt a lên luôn	513549588_776754308629859_6260614606678034456_n.png 526210486_1273873927855672_4281114382968299319_n.png 525579362_1396809758282756_1042411010711639744_n.png			Dương			
05/08/25 - 16:03	FP - Cao Thủ	Hồ Quang Huy	"Con gái: Chỉ là mấy cọc băng thôi mà??  Con trai: ""Đẹp trai là một loại cảm giác"""		523928128_31515174628069582_957107583906002220_n.mp4		Dương	L		
05/08/25 - 16:03	FP - Cao Thủ	Dương Nguyễn	[Message Retracted]				Dương			
05/08/25 - 16:03	FP - Cao Thủ	Hồ Quang Huy	vid trung mà				Dương			
05/08/25 - 16:50	FP - Cao Thủ	Hồ Quang Huy	TÔI LÀ NẠN NHÂN CỦA MAGEARENA    Trên con hành trình tìm game chơi thì tôi va phải quả game này - nơi bạn chơi game bằng mồm. Bạn sẽ được trở thành pháp sư đầy quyền năng cùng 3 đồng đội chiến đấu với team 4 khác tại các map random.  Vấn đề là cách thi triển phép thuật tất cả đều bằng miệng, ae phải có mic mới tung chiêu được. Tất cả skill đều là tiếng anh, đọc phải chuẩn sai chút ngữ điệu thôi thì skill ếu cast, đọc nhỏ cũng méo cast.  Game thích hợp cho ae 8.0 IELTS, phổi to hoặc là fan T1 đã có sẵn bình oxi. Nên chơi vào ban ngày và hạn chế chơi ở net trừ khi bạn muốn di chuyển lên núi ở. (thanh niên bị mẹ cho ra khỏi nhà giữa đêm chia sẻ)  _ Cao Thủ Chơi Gì _	527330697_1297722248746702_8205286892760080015_n.png			Dương	L		
05/08/25 - 16:50	FP - Cao Thủ	Hồ Quang Huy	Một quán cafe thôi mà quá nhiều vấn đề		526340439_10031851426936985_5442623174261255969_n.mp4		Dương	L		
05/08/25 - 19:51	FP - Cao Thủ	Nguyễn Bá Dũng	Giông lốc quét qua xã Mỹ Lý (Nghệ An) chiều 5/8 Thương bà con quá…    Theo: Báo Nghệ An		527592476_24181637804863211_9213379598275012668_n.mp4	https://baonghean.vn/gio-loc-mua-lon-anh-huong-no-luc-khac-phuc-hau-qua-tai-cac-xa-bi-thiet-hai-do-thien-tai-o-nghe-an-10303899.html?fbclid=IwY2xjawL-3blleHRuA2FlbQIxMABicmlkETFSZWdjMVdJYVhoRzBtdXQ0AR6NxNvJ_WO6nzP3PJgLsbjXVhPofC-6mKePegJKoZYBaJNonavzXls_k73E8A_aem_PcqHIAWJY_v_QKKNFAl2Jw	Dương	L		
05/08/25 - 19:51	FP - Cao Thủ	Nguyễn Bá Dũng					Dương			
05/08/25 - 19:51	FP - Cao Thủ	Nguyễn Bá Dũng	@Dương Nguyễn duyệt gấp em với a oi	525889940_1662774547772354_9226844367638458_n.png			Dương			
05/08/25 - 19:51	FP - Cao Thủ	Nguyễn Bá Dũng	TP.HCM SAU CƠN MƯA NGANG QUA HÔM NAY  Mưa như trút nước nhiều tuyến đường ở TP.HCM ngập sâu, có nơi ngập cao ngang yên xe máy    Theo: VnExpress	517887497_4105177059725767_27431314378975318_n.png 528224377_1080783564144736_6532559055326066114_n.png 526386501_608329705666810_300835491514955151_n.png 528824309_2184300338733041_8428842925990088931_n.png 526189735_1283139743346278_5526495170583998206_n.png 525931194_1131975462210194_4026198043228856084_n.png 525625705_1496873525005372_1431495133969922960_n.png			Dương	L		
05/08/25 - 19:51	FP - Cao Thủ	Nguyễn Bá Dũng	Khu vực phường Linh Đông (TP Thủ Đức cũ) lúc này    Nguồn: Trần Vũ Đại/OFFB	525984117_1050572720564993_4068411130004196754_n.png			Dương	L		
05/08/25 - 19:51	FP - Cao Thủ	Nguyễn Bá Dũng		524916558_1468245830932044_3599339868977042898_n.jpg			Dương			
05/08/25 - 19:51	FP - Cao Thủ	Nguyễn Bá Dũng	👌	506465932_1026460906322042_5563912043123865902_n.png			Dương			
05/08/25 - 19:51	FP - Cao Thủ	Nguyễn Bá Dũng	Giấy khai sinh 1-0 giấy kết hôn    Nguồn: iuc. vn		529259063_30719948110953934_1461819903787914384_n.mp4		Dương	L		
05/08/25 - 19:51	FP - Cao Thủ	Nguyễn Bá Dũng		524599336_1446004189856069_955924622739739371_n.jpg			Dương			
05/08/25 - 21:31	FP - Cao Thủ	Nguyễn Bá Dũng	QUÁ ĐAU BUỒN   Cháu bé bị bảo mẫu baohanh ở Quảng Ngãi đã tuvong    Nguồn: Tuổi Trẻ	526214845_1451783109275675_2064327940030020006_n.jpg 525601469_1495696895206686_6281847314385439700_n.jpg 527289336_1274005917463242_3396182047251437533_n.jpg			Dương	L		
05/08/25 - 21:31	FP - Cao Thủ	Nguyễn Bá Dũng	Đáng yêu: Các bạn nhân viên cùng nhau tạo bất ngờ mừng sinh nhật chú bảo vệ	526145350_679696255192657_2116423006073882632_n.png 527759222_1280559579680124_8256384619741768322_n.png 526631953_1099812168779786_832402814350880362_n.png 525596101_1612291636413724_8229150155164050104_n.png			Dương	L		
05/08/25 - 21:31	FP - Cao Thủ	Nguyễn Bá Dũng	Gửi cháu sang nhà bà nội nhưng bà không có đồ chơi gì cho cháu và cái kết    Nguồn: Gia đình bánh Gẹo		525734707_25025152707085634_3953731369479607402_n.mp4		Dương	L		
05/08/25 - 21:31	FP - Cao Thủ	Nguyễn Bá Dũng			527593385_24257130523976257_9213722241402574651_n.mp4		Dương	L		
06/08/25 - 09:27	FP - Cao Thủ	Vũ Đình Nguyên	Thà 10 giây huy hoàng rồi vụt tắt    Video: Việt gì cũng biết		527089841_24146597241668615_9210711424021698945_n.mp4		Dương	L		
06/08/25 - 09:27	FP - Cao Thủ	Vũ Đình Nguyên	"SA THẢI THÌ CHƯA THẤY, PHẠT THÌ THẤY RỒI ĐÓ    Anh Ninh (36 tuổi) 2 ngày trước đã có hành vi như đang đóng phim hành động khi điều khiển xe container tốc độ cao, đánh võng qua cả 3 làn đường tại TP HCM.  Theo điều tra, anh thừa nhận cố tình ""đánh võng"" để gây chú ý, nhằm ""ép công ty phải sa thải mình"" vì bức xúc với chính sách của doanh nghiệp.  Đời tài xế bạc chưa thấy đâu mà chưa gì thấy lắc bạc trước mắt rồi   Nguồn: VNExpress"	527705171_1251477442918610_6673813467254368125_n.png		https://vnexpress.net/tai-xe-xe-container-danh-vong-tren-cao-toc-long-thanh-dau-giay-bi-bat-4923194.html	Dương	L		
06/08/25 - 09:27	FP - Cao Thủ	Vũ Đình Nguyên					Dương			
06/08/25 - 09:27	FP - Cao Thủ	Vũ Đình Nguyên		525226928_1182818757194105_8094399797046598032_n.png 527697391_1106912381502037_1719660768742704905_n.png			Dương			
06/08/25 - 09:27	FP - Cao Thủ	Dương		525158621_1420308405756860_5742195173950345553_n.jpg			Dương			
06/08/25 - 09:27	FP - Cao Thủ	Dương Nguyễn	K có lắc bạc đâu e				Dương			
06/08/25 - 09:27	FP - Cao Thủ	Vũ Đình Nguyên	trong video của VNexpress e thấy có a ạ	528770494_2506038223099349_9065882628257907360_n.png			Dương			
06/08/25 - 10:20	FP - Cao Thủ	Vũ Đình Nguyên	BLV Hoàng Luân chia sẻ góc nhìn về việc T1 Faker đặt ra một tiêu chuẩn vô thực vô tình khiến nhiều người bị gò vào cái tiêu chuẩn đó.  Người xưa có câu: sóng sau sô sóng trước. Nhưng sóng đầu tiên là sóng thần rồi thì không biết sóng sau xô kiểu gì đây	525774473_1132050765518955_210364396810504559_n.png			Dương	L		
06/08/25 - 10:20	FP - Cao Thủ	Hồ Quang Huy	"""Vào đây chú cắt cho, chú mới mua cái tông đơ với kéo 15 triệu xịn lắm""   Video: ThanhBB"		526531437_24614652094793710_4753339328448310097_n.mp4		Dương	L		
06/08/25 - 10:20	FP - Cao Thủ	Vũ Đình Nguyên	"+1 “xe nhà đi, giữ kỹ, cam kết ko ngập nước thuỷ kích, gia đình đi nước ngoài nên bán gấp""    Video: Ninh Tuan Anh"""		526558459_24163232289983210_1926472782945428764_n.mp4		Dương	L		
06/08/25 - 10:57	FP - Cao Thủ	Hồ Quang Huy	Tự nhiên thấy hợp lý ngang ha anh Bình An    Nguồn: Sao Nhập Ngũ 2025	526526361_1260355295200699_5977476325568722235_n.png			Dương	L		
06/08/25 - 11:15	FP - Cao Thủ	Hồ Quang Huy	"Đắk Lắk: Được cứu lên từ giếng sâu, chú voi 2 tháng tuổi quyết tâm theo ân nhân, một mực không chịu trở lại rừng cùng mẹ  Trước đó phát hiện một bé voi 2 tháng tuổi bị kẹt ở giếng sâu nên anh Chung cùng đội Bảo tồn voi đã cứu bé lên. Sau khi giải cứu bé voi, team pha sữa cho em bé uống, chăm sóc tận tình. Rồi mang trả về đàn, tưởng đâu mẹ con đoàn tụ happy ending.  Thì khi đoàn anh rời đi bé voi cũng bỏ đàn, bỏ mẹ chạy theo luôn. Cuối cùng, cả hội đành ""nuôi luôn cho rồi"", đặt tên bé là Gold (k có Bình) sống trong khu bán hoang dã như công chúa, năm nào cũng được tổ chức sinh nhật vào ngày ""rơi giếng định mệnh"".  Nguồn VietNamNet"	525820055_968443692022398_7561950030879291138_n.jpg 525697129_24283162604676878_5235018452870918215_n.jpg 526695823_2227027847728631_3406916879226802904_n.jpg			Dương			
06/08/25 - 11:15	FP - Cao Thủ	Hồ Quang Huy		525688252_1267742751039092_1842082317775270371_n.png 525313065_1422575298959773_7134006277587667218_n.png 529244426_1432028654514219_4672315698502393545_n.png			Dương			
06/08/25 - 11:15	FP - Cao Thủ	Trần Thị Hồng Nhung	@Huy Ho k đọc thông tin à em?	527726041_778417041603446_5001070078383852567_n.png			Dương			
06/08/25 - 11:15	FP - Cao Thủ	Hồ Quang Huy	@Dương Nguyễn nguồn vnn dùng đc chưa nhi				Dương			
06/08/25 - 11:15	FP - Cao Thủ	Trần Thị Hồng Nhung	ok c	525322226_2354946528235063_1952253902949094928_n.png			Dương			
06/08/25 - 11:15	FP - Cao Thủ	Trần Thị Hồng Nhung	bao giờ dùng được c thông báo				Dương			
06/08/25 - 11:15	FP - Cao Thủ	Trần Thị Hồng Nhung	Lưu ý nhé @Huy Ho				Dương			
06/08/25 - 11:15	FP - Cao Thủ	Hồ Quang Huy	e gửi zô hỏi ạ tại thấy lâu r				Dương			
06/08/25 - 11:15	FP - Cao Thủ	Trần Thị Hồng Nhung				https://plo.vn/duoc-cuu-sau-khi-roi-xuong-gieng-chu-voi-con-bam-theo-nguoi-da-cuu-minh-post850118.html	Dương			
06/08/25 - 12:14	FP - Cao Thủ	Vũ Đình Nguyên	KHÉO PHẢI MỞ GIỎ HÀNG TRÊN TIKTOK SHOP CHO CỤ THÔI    Bà cụ 87 tuổi đạp xe đi bán rau khiến con cháu phải thay nhau đi ô tô phía sau hộ tống hôm trước, nay bảo cụ ở nhà nằm, không cho đi bán nữa thì cụ vật vã thế này đây    Nguồn: Nguyễn Tiến Đạt		526838501_24180020714972038_1597173531668131267_n.mp4		Dương	L		
06/08/25 - 12:55	FP - Cao Thủ	Hồ Quang Huy	"Chiếc trend khiến dân mạng rưng rưng, cần viral nhất lúc này: ""Đóng viện phí cho người lạ""    Nguồn: im.lukedo"	526587798_769747092158130_8480111160853350458_n.jpg 525955833_1092772345658231_4001774368472580690_n.jpg 526587798_1076709380788483_8573858091970703018_n.jpg 525313065_1467479591343383_3412146992163470569_n.jpg 526467133_1513103400068327_7254994205060388903_n.jpg			Dương	L		
06/08/25 - 14:03	FP - Cao Thủ	Hồ Quang Huy	Biết tý ngoại ngữ sang hẳn	525301744_1235334088340334_1583488664183153957_n.jpg			Dương	L		
06/08/25 - 14:03	FP - Cao Thủ	Vũ Đình Nguyên	SỨC MẠNH CỦA TRI THỨC     Jiang Chennan vừa thì đại học xong thì bị viêm cơ tim cấp và rơi vào hôn mê sâu. Suốt 8 ngày điều trị gia đình em phải vay mượn 200.000 tệ (hơn 730 triệu đồng) để chữa trị.  Đúng lúc tuyệt vọng, cha Jiang nhận được giấy báo trúng tuyển, thì thầm với con: “Cả nhà vui lắm, con đậu đại học rồi!”. Như được trọng sinh, mi mắt cô khẽ động đậy và hôm sau em mở mắt và giao tiếp bằng tay bình thường.   Tiểu thuyết cũng chưa kịp vẽ ra kịch bản như này, các bác sĩ gọi đây là một ca hồi phục “hiếm thấy”.  Nguồn: Dân Trí	525792583_771211188696573_583531875412876434_n.png			Dương	L		
06/08/25 - 14:03	FP - Cao Thủ	Vũ Đình Nguyên		527198211_2476327829434701_2432628295826026447_n.png 528693057_1735786753724198_1794620478323022403_n.png			Dương			
06/08/25 - 14:03	FP - Cao Thủ	Hồ Quang Huy	Kiến thức này đã được tiếp thu		528786700_24520651564226849_672209718161224844_n.mp4		Dương	L		
06/08/25 - 14:34	FP - Cao Thủ	Dương Nguyễn	bài này lên chưa e ơi				Dương			
06/08/25 - 14:34	FP - Cao Thủ	Trần Thị Hồng Nhung	lên r em, @Đình Nguyên tìm nguồn báo khác đổi nguồn đi em				Dương			
06/08/25 - 14:34	FP - Cao Thủ	Dương Nguyễn	tạm dừng cả nguồn dân trí nhé ae				Dương			
06/08/25 - 14:34	FP - Cao Thủ	Vũ Đình Nguyên	LÀM PHÉP KIỂU GÌ RA CHO MÌNH CON SỐ 8 LUÔN    Chị Kha là hàng xóm bà L tại Cái Vồn (Vĩnh Long). Kha có nói sẽ làm phép cho bà trúng số và bán được đất, chỉ cần đổi lại là nạp mana có đơn vị là vnđ.  Nhìn thầy pháp này uy tín nên bà L hai lần đưa 60 triệu cho Kha. Phép hiển linh, bà L bán được thửa đất nhưng lại không trúng số nên muốn Kha trả lại tiền.   Làm phép là phải kiên nhẫn, Kha bảo bà L chờ thêm một thời gian. Bà L hết kiên nhẫn, bỏ qua phép thuật và tìm đến pháp luật, còn Kha đã tốc biến từ lúc nào rồi.  Qua điều tra, chỉ sau 4 tháng Kha đã làm phép cho khá nhiều người, thu về gần 700 triệu đồng và 1,9 lượng vàng 24K.  Người tài như này cần được đưa về bảo vệ nghiêm ngặt. Không chần chừ, các chú công an đã đưa Kha về đồn tâm sự luôn cho an toàn, đảm bảo sắp tới sẽ có chỗ ăn chỗ ở riêng cho tiện nghiên cứu phép thuật.  Nguồn: Dân Trí	528331941_1051708697119554_3271024776647005732_n.jpg		https://www.scmp.com/news/people-culture/trending-china/article/3320294/china-girl-heart-infection-wakes-coma-when-shown-college-acceptance-letter?module=top_story&pgtype=subsection	Dương	L		
06/08/25 - 14:34	FP - Cao Thủ	Vũ Đình Nguyên	SỨC MẠNH CỦA TRI THỨC     Jiang Chennan vừa thì đại học xong thì bị viêm cơ tim cấp và rơi vào hôn mê sâu. Suốt 8 ngày điều trị gia đình em phải vay mượn 200.000 tệ (hơn 730 triệu đồng) để chữa trị.  Đúng lúc tuyệt vọng, cha Jiang nhận được giấy báo trúng tuyển, thì thầm với con: “Cả nhà vui lắm, con đậu đại học rồi!”. Như được trọng sinh, mi mắt cô khẽ động đậy và hôm sau em mở mắt và giao tiếp bằng tay bình thường.   Tiểu thuyết cũng chưa kịp vẽ ra kịch bản như này, các bác sĩ gọi đây là một ca hồi phục “hiếm thấy”.  Theo: SCMP	525753866_1266221351648569_6155204876552133139_n.png 527773162_1774124423218116_4286646148941164405_n.png 526732942_1109176771112324_4298140141588179113_n.png			Dương	L		
06/08/25 - 14:34	FP - Cao Thủ	Vũ Đình Nguyên	Trời mưa lạnh thật...nhưng nhìn cảnh này thấy ấm lòng ghê    Video: daicacadanh		526369323_9881053105334085_5306884587621713175_n.mp4		Dương	L		
06/08/25 - 14:34	FP - Cao Thủ	Vũ Đình Nguyên	LÀM PHÉP KIỂU GÌ RA CHO MÌNH CON SỐ 8 LUÔN    Chị Kha là hàng xóm bà L tại Cái Vồn (Vĩnh Long). Kha có nói sẽ làm phép cho bà trúng số và bán được đất, chỉ cần đổi lại là nạp mana có đơn vị là vnđ.  Nhìn thầy pháp này uy tín nên bà L hai lần đưa 60 triệu cho Kha. Phép hiển linh, bà L bán được thửa đất nhưng lại không trúng số nên muốn Kha trả lại tiền.   Làm phép là phải kiên nhẫn, Kha bảo bà L chờ thêm một thời gian. Bà L hết kiên nhẫn, bỏ qua phép thuật và tìm đến pháp luật, còn Kha đã tốc biến từ lúc nào rồi.  Qua điều tra, chỉ sau 4 tháng Kha đã làm phép cho khá nhiều người, thu về gần 700 triệu đồng và 1,9 lượng vàng 24K.  Người tài như này cần được đưa về bảo vệ nghiêm ngặt. Không chần chừ, các chú công an đã đưa Kha về đồn tâm sự luôn cho an toàn, đảm bảo sắp tới sẽ có chỗ ăn chỗ ở riêng cho tiện nghiên cứu phép thuật.  Theo: Người đưa tin	528289286_1201384898417912_3872903659835624953_n.png 526201903_1757838098203783_7171803298644076438_n.png		https://www.nguoiduatin.vn/bat-nu-9x-no-lam-bua-phep-de-trung-so-doc-dac-chiem-doat-tien-roi-bo-tron-204250806115656382.htm	Dương	L		
06/08/25 - 14:34	FP - Cao Thủ	Hồ Quang Huy	Quả này giữ nguyên ra đường khối anh theo		529165056_24369267059373200_8546844766338948582_n.mp4		Dương	L		
06/08/25 - 15:35	FP - Cao Thủ	Hồ Quang Huy	Cận cảnh một trận lũ quét kinh hoàng chỉ mất chưa đầy 1 phút đã chôn vùi cả một thị trấn tại Ấn Độ   10 khách sạn bị cuốn trôi, 100 người mất tích... thế mới thấy con người nhỏ bé trước thiên nhiên đến mức nào.  Nguồn: Vnexpress		526676017_24038341479191399_8643925257221319605_n.mp4		Dương	L		
06/08/25 - 15:35	FP - Cao Thủ	Vũ Đình Nguyên		525986280_1510246063475409_5997412710104863478_n.png 525226928_1097907332293823_1018494867018236202_n.png			Dương			
06/08/25 - 15:35	FP - Cao Thủ	Hồ Quang Huy	KHO BÁU KỸ THUẬT SỐ VĨ ĐẠI NHẤT THẾ KỶ 21... BỊ CHUI VÙI MÃI MÃI    8.000 Bitcoin tương đương 900 triệu USD đã chính thức trở thành Onepiece phiên bản ngoài đời thật, nhưng không nằm giữa biển cả mà… dưới bãi rác Newport ở Anh.  James Howells – “vị vua hải tặc IT” là người từng nắm giữ chìa khóa kho báu đó, cho đến một ngày định mệnh năm 2013, anh lỡ tay vứt luôn ổ cứng chứa cả gia tài vào thùng rác. Từ đó, bắt đầu cuộc truy tìm kho báu huyền thoại kéo dài hơn 10 năm, với AI, luật sư, đơn kiện, và cả “hứa donate 10% cho hội đồng thành phố”... nhưng đời không như anime.  Năm 2025, Tòa án Tối cao Anh chốt hạ từ chối yêu cầu đào kho báu của anh, chính thức đóng nắp quan tài giấc mơ tỷ phú. Thậm chí câu chuyện này còn được HBO chuyển thể thành series phim “The Buried Bitcoin”.  Cuối cùng thì kho báu vẫn nằm đâu đó ngoài kia... trong đỗng rác    Nguồn VTCNews	525728625_1047023054273283_1153394669763031054_n.png			Dương			
06/08/25 - 15:35	FP - Cao Thủ	Hồ Quang Huy	này nữa nhé	525633393_24002994506048725_5543069632194728380_n.png 526658221_1299452055182553_553848219359110971_n.png 516433943_776148514880413_4054614988447450215_n.png			Dương			
06/08/25 - 15:35	FP - Cao Thủ	Dương Nguyễn	sửa chính tả đi a, đống rác				Dương			
06/08/25 - 15:35	FP - Cao Thủ	Hồ Quang Huy	KHO BÁU KỸ THUẬT SỐ VĨ ĐẠI NHẤT THẾ KỶ 21... BỊ CHUI VÙI MÃI MÃI    8.000 Bitcoin tương đương 900 triệu USD đã chính thức trở thành Onepiece phiên bản ngoài đời thật, nhưng không nằm giữa biển cả mà… dưới bãi rác Newport ở Anh.  James Howells – “vị vua hải tặc IT” là người từng nắm giữ chìa khóa kho báu đó, cho đến một ngày định mệnh năm 2013, anh lỡ tay vứt luôn ổ cứng chứa cả gia tài vào thùng rác. Từ đó, bắt đầu cuộc truy tìm kho báu huyền thoại kéo dài hơn 10 năm, với AI, luật sư, đơn kiện, và cả “hứa donate 10% cho hội đồng thành phố”... nhưng đời không như anime.  Năm 2025, Tòa án Tối cao Anh chốt hạ từ chối yêu cầu đào kho báu của anh, chính thức đóng nắp quan tài giấc mơ tỷ phú. Thậm chí câu chuyện này còn được HBO chuyển thể thành series phim “The Buried Bitcoin”.  Cuối cùng thì 24.000 tỷ đó vẫn nằm đâu đó ngoài kia... trong đống rác    Nguồn VTCNews				Dương	L		
06/08/25 - 16:37	FP - Cao Thủ	Hồ Quang Huy	"Người dân xúc động nhận lại két sắt bị lũ vùi lấp được bộ đội tìm thấy: ""Đây là cả gia tài mà vợ chồng tôi tích góp được, tưởng đã mất sạch. Không ngờ các chú bộ đội tìm lại được""    Nguồn: Báo Quân Đội Nhân Dân"	528268758_1090854092538262_3166288435768798272_n.jpg 525631840_1440527287000108_5847731099299665978_n.jpg 526416742_786419957142077_7148815724616925531_n.jpg 525226928_800891348937280_5286169135194368234_n.jpg			Dương	L		
06/08/25 - 16:37	FP - Cao Thủ	Hồ Quang Huy		529472934_1445933096447536_5319607054382952575_n.png 525746553_1084913636558951_8150786956844246540_n.png 525704110_1944709516305447_5311561777048706903_n.png			Dương			
06/08/25 - 18:14	FP - Cao Thủ	Vũ Đình Nguyên	"SAU 8 NĂM THÌ LOGO TỪ CỤC VE   ĐÃ THÀNH HÌNH NHỆN =))))  Không còn là Iron Man Jr, đây mới đúng là Spider-man với tạo hình vô cùng sương gió, đầu bù tóc rối lăn lộn với cuộc đời    Có thể trong phần mới Tombstone, Tarantula, Boomerang, Scorpion xuất hiện, cùng nhau ""tẩm quất"" nhện nhọ... Không biết bro đã làm gì suốt mấy năm qua mà bị tụi nó dí hội đồng thế này    - Cao thủ Review -"	528322032_1072502088426948_4727359650167885579_n.png			Dương	L		
06/08/25 - 19:06	FP - Cao Thủ	Hiếu	Con được đi học trong môi trường mát lạnh, lại có cô giáo đáng yêu thế này thì phụ huynh yên tâm lắm :)))  Video: Hồng Diệu Lê				Dương	L		
06/08/25 - 19:06	FP - Cao Thủ	Phạm Công Hiếu			526984661_30547013194946401_2186404310921931064_n.mp4		Dương	L		
06/08/25 - 19:47	FP - Cao Thủ	Hiếu	Đi thủy cung vô tình bắt gặp bản thân ở thời tiền sử    Nguồn: Kenh14				Dương	L		
06/08/25 - 19:47	FP - Cao Thủ	Phạm Công Hiếu	"Mới đây 1 chị gái ở TP.HCM đã chia sẻ về màn chi tiêu 1 tháng cho bộ môn ""Lương dưới 10 triệu thì đừng chơi"":  - Trước tiên nhất khi chơi thể thao là phải mua mỹ phẩm phù hợp với chi phí ~3 triệu/ tháng  - Quần áo cực kỳ quan trọng khi ra sân. Đánh có thể không hay nhưng không được xấu, mỗi tháng chi ~4 - 5 triệu là Phủ Lý.  - Tiền mua vợt dù mới chơi nhưng cũng phải làm luôn con vợ 3 củ cho nó chuyên nghiệp.  - Có vợt rồi thì phải mua túi, thêm 1-2 triệu nữa. Mỗi tháng dùng 2 3 loại kẻo quê.  - Giày cũng như túi, phải thay đổi màu sắc liên tục để tránh sự nhàm chán, mỗi tháng ~4 triệu.  - Tiền thuê thầy ~9 - 10 triệu cho 10 buổi.  - Và cuối cùng là tiền sân, mỗi tháng ~3 triệu.  Tổng vệ sinh chi phí mỗi tháng đi đánh Pickle Ball của chị dao động từ 20 - 25 triệu đồng, tùy theo số buổi mà chị đến sân hàng tháng"	523734215_967962738987774_3085281734997650841_n.jpg 527766447_772490935461317_7273599445087820581_n.jpg 524948680_1421547758915512_4103810938010436057_n.jpg 526904996_1432299478101857_1062058873282991697_n.jpg			Dương	L		
06/08/25 - 20:05	FP - Cao Thủ	Nguyễn Bá Dũng	HIỆU ỨNG CONAN MOVIE 28 – CỨU CẢ MỘT ĐỊA ĐIỂM DU LỊCH  Đài thiên văn Nobeyama (Nagano) từng vắng vẻ, suýt đóng cửa vì thiếu kinh phí, nay bỗng “đổi đời” sau khi xuất hiện trong Movie 28 của Conan.  Khách du lịch tăng gấp 3,5 lần, fan đổ về check-in và “nhập vai phá án” giữa không gian bí ẩn của đài quan sát. Đặc biệt, giám đốc đài còn cosplay Conan để dẫn tour    Theo: Tiền Phong	525774473_656219106801183_209068343086475634_n.png			Dương			
06/08/25 - 20:05	FP - Cao Thủ	Nguyễn Bá Dũng		527350406_2191928407978523_4743328430934013251_n.png 526432886_773971485788546_5395524926542638154_n.png			Dương			
06/08/25 - 20:20	FP - Cao Thủ	Trần Thị Hồng Nhung	:))				Dương			
06/08/25 - 20:20	FP - Cao Thủ	Nguyễn Bá Dũng	:v				Dương			
06/08/25 - 20:20	FP - Cao Thủ	Phạm Công Hiếu	TỪ TRƯỢT TÔI ĐƯỢC HÔ BIẾN THÀNH THỦ KHOA    Tại kỳ thi vào lớp 10 năm học 2024-2025, ông Vũ Ngọc Liêm(Chủ tịch Hội đồng thi trường THPT Ngọc Lặc) đã chỉ đạo cô Ngô Thị Tuyết nâng điểm cho một thí sinh, biến em từ trượt thành thủ khoa.  Nghi ngờ kết quả, thanh tra Sở điều tra thì phát hiện sự chênh lệch giữa kết quả do giám khảo chấm với điểm công bố.  Chiều 6/8, Ông Liêm và bà Ngô Thị Tuyết, 46 tuổi, giáo viên trường THPT Ngọc Lặc, bị khởi tố về tội Giả mạo trong công tác. Ông Liêm bị tạm giam, bà Tuyết được tại ngoại.  Nguồn: VnExpress	527684152_1304216038063187_4016301676661792563_n.jpg			Dương	L		
06/08/25 - 20:20	FP - Cao Thủ	Phạm Công Hiếu		527112942_24446940098328720_3027651394991863638_n.png 526775541_1675513736490590_4876547972796242180_n.png 527211813_635597382942430_2479199306243056311_n.png			Dương			
06/08/25 - 20:20	FP - Cao Thủ	Phạm Công Hiếu	Khi đồng đội bảo phải nghiêm túc nhưng tâm hồn vẫn đang bay lượn ngoài vũ trụ    #CaoThu #SaoNhapNgu #SaoNhapNgu2025	527773840_1311133940360469_1941518761250393288_n.png			Dương	L		
06/08/25 - 20:20	FP - Cao Thủ	Nguyễn Bá Dũng	@Dương Nguyễn duyệt gấp em bài BTTT này với ạ				Dương			
06/08/25 - 20:20	FP - Cao Thủ	Dương Nguyễn	Câu đề nghị nghiêm túc là ai nói đấy e				Dương			
06/08/25 - 20:20	FP - Cao Thủ	Nguyễn Bá Dũng	nói bình an với độ a				Dương			
06/08/25 - 20:20	FP - Cao Thủ	Dương Nguyễn	Ý là trong chương trình có câu này k hay ai nói hay em tự nghĩ ra ý				Dương			
06/08/25 - 20:20	FP - Cao Thủ	Dương Nguyễn	Vì nếu là câu của sĩ quan khác nói thì k troll trêu đc đâu				Dương			
06/08/25 - 20:20	FP - Cao Thủ	Nguyễn Bá Dũng	câu em chế với ảnh thôi a chứ sĩ quan k nói thế	525774473_1388659435581801_3091262172071578113_n.png			Dương			
06/08/25 - 20:20	FP - Cao Thủ	Nguyễn Bá Dũng	CHỊ EM MÌNH CỨ THẾ THÔI HẸ HẸ  Đội tuyển nữ Việt Nam vừa gõ đội tuyển nữ Campuchia với tỉ số 6-0 sau 60' thi đấu =))))				Dương	L		
06/08/25 - 20:20	FP - Cao Thủ	Nguyễn Bá Dũng	Ủa sao không đi tiếp nữa vậy    Nguồn: Trùm Lúp Lùm/OFFB		527054726_9733085273458239_31232203721301233_n.mp4		Dương	L		
06/08/25 - 20:20	FP - Cao Thủ	Nguyễn Bá Dũng		526436886_1214875296994021_686385150033302069_n.png			Dương			
06/08/25 - 21:36	FP - Cao Thủ	Nguyễn Bá Dũng	“CÔNG AN ONLINE” GIÚP LẤY LẠI TIỀN TIỆN THỂ LẤY LUÔN 180 TRIỆU  Nguyễn T P (1999, Gia Lai) lên Zalo mạo danh công an, kết bạn với anh H. (1974, Đà Nẵng). Tự xưng là công an vừa được điều động về quận, P bày kịch bản giúp anh giải quyết tranh chấp và khéo léo ôm trọn 180 triệu của nạn nhân.  Ngoài ra P còn fake giấy tờ đất để vay 600 triệu và nghi liên quan nhiều vụ khác.  Hiện vụ việc và đối tượng đã được bàn giao cho Cơ quan Cảnh sát điều tra Công an thành phố Đà Nẵng để tiếp tục điều tra, xử lý theo quy định.  Theo: Công an Tp Đà Nẵng	525875465_24328358786853179_6467279276434576773_n.png 527828464_1157861786362062_5171270647091484966_n.png			Dương	L		
06/08/25 - 21:36	FP - Cao Thủ	Nguyễn Bá Dũng	[Message Retracted]	525981548_2510540202662535_5573931353682787185_n.png 525932065_1502013790824303_1698844339494671448_n.png 528292748_1747626512535802_4123068553560526503_n.png			Dương			
06/08/25 - 22:10	FP - Cao Thủ	Nguyễn Bá Dũng	ĐI THĂM CON TRAI, MẸ GẶP NẠN TRÊN ĐƯỜNG VỀ  Chiều 6/8, ngã 6 An Phú (TP.HCM) xảy ra vacham giữa xe tải và xe máy khiến bà N.T.H. (61 tuổi, Dĩ An) tuvong tại chỗ. Trước đó, bà vừa đi thăm con trai đang bị tạm giam và trên đường trở về nhà.  Công an TP.HCM đang khám nghiệm, điều tra nguyên nhân vụ tainan.  Theo: Người Lao Động	525784779_1336115804703550_5170094140248785991_n.png		https://nld.com.vn/tp-hcm-di-tham-con-bi-tam-giam-nguoi-me-gap-tai-nan-tu-vong-196250806195643797.htm	Dương	L		
06/08/25 - 22:10	FP - Cao Thủ	Nguyễn Bá Dũng					Dương			
06/08/25 - 22:10	FP - Cao Thủ	Phạm Công Hiếu	BỐ SUY NGHĨ NÓNG NẢY, BỒNG BỘT QUÁ   Sáng 1/8, Phòng CSGT Lâm Đồng phát hiện Nguyễn Hữu Q. (19 tuổi, ngụ xã Đắk Mil) chạy xe máy có dấu hiệu vi phạm nên ra hiệu lệnh dừng xe kiểm tra.  Q không xuất trình được giấy đăng ký xe và giấy phép lái xe nên tổ công tác đã thông báo lỗi vi phạm.  ông Thân (là bố vợ của Quý) tiến đến xô đẩy, đ:e d:ọa và có những lời lẽ xúc phạm lực lượng chức năng. Dù được nhắc nhở nhưng ông Thân vẫn tiếp tục hành vi trên.  Cuối cùng, ông Thân bị khống chế đưa về trụ sở và bị khởi tố theo khoản 1 tội chống người thi hành công vụ.  Nguồn: Báo plo	527711252_1281029147025731_3814349114321072433_n.png 525761087_779372444436498_1415458169424609102_n.png 526665466_1981824932554603_1443696909861404863_n.png			Dương	L		
06/08/25 - 22:10	FP - Cao Thủ	Phạm Công Hiếu	[Message Retracted]	526108890_1075523894559866_8456950789016022662_n.png 526362664_1250520822968552_9154024140043513315_n.png			Dương			
06/08/25 - 22:10	FP - Cao Thủ	Hiếu				https://plo.vn/con-re-vi-pham-giao-thong-bo-vo-cam-dao-de-doa-csgt-post864284.html	Dương			
06/08/25 - 22:10	FP - Cao Thủ	Nguyễn Bá Dũng	ĐI THĂM CON TRAI, MẸ GẶP NẠN TRÊN ĐƯỜNG VỀ  Chiều 6/8, ngã 6 An Phú (TP.HCM) xảy ra vacham giữa xe tải và xe máy khiến bà N.T.H. (61 tuổi, Dĩ An) tuvong tại chỗ. Trước đó, bà vừa đi thăm con trai đang bị tạm giam và trên đường trở về nhà. Công an TP.HCM đang khám nghiệm, điều tra nguyên nhân vụ tainan.  Dù con có lầm đường lỡ bước, mẹ vẫn lặn lội đi thăm… nào ngờ chuyến đi ấy lại là lần cuối.  Ở trong trại giam, có lẽ người con ấy sẽ phải sống cả đời trong nỗi day dứt không bao giờ nguôi.   Xin chia buồn cùng gia đình.  Theo: Người Lao Động	526634580_1543600609941142_2293635770676377926_n.png			Dương	L		
06/08/25 - 22:10	FP - Cao Thủ	Phạm Công Hiếu	CON VI PHẠM GIAO THÔNG BỐ VỢ BỊ KHỞI TỐ    Sáng 1/8, Phòng CSGT Lâm Đồng phát hiện Nguyễn Hữu Q. (19 tuổi, ngụ xã Đắk Mil) chạy xe máy có dấu hiệu vi phạm nên ra hiệu lệnh dừng xe kiểm tra.  Q không xuất trình được giấy đăng ký xe và giấy phép lái xe nên tổ công tác đã thông báo lỗi vi phạm.  ông Thân (là bố vợ của Quý) tiến đến xô đẩy, đ:e d:ọa và có những lời lẽ xúc phạm lực lượng chức năng. Dù được nhắc nhở nhưng ông Thân vẫn tiếp tục hành vi trên.  Cuối cùng, ông Thân bị khống chế đưa về trụ sở và bị khởi tố theo khoản 1 tội chống người thi hành công vụ.  Nguồn: Báo plo				Dương	L		
06/08/25 - 22:10	FP - Cao Thủ	Phạm Công Hiếu	Em đổi cap anh ơi @Dương Nguyễn				Dương			
06/08/25 - 22:10	FP - Cao Thủ	Dương Nguyễn	Emoji				Dương			
06/08/25 - 22:10	FP - Cao Thủ	Nguyễn Bá Dũng	Hàng xóm mua ‘bóng bay khí’ về cho con chơi, làm nhà bên cạnh hết hồn lúc 2 giờ sáng    Video: Vân93		527897206_24201437416183600_1768028508939220842_n.mp4		Dương	L		
06/08/25 - 22:10	FP - Cao Thủ	Nguyễn Bá Dũng	Quảng trường Ba Đình trước thềm đại lễ kỷ niệm 80 năm Quốc khánh nước Cộng hòa Xã hội chủ nghĩa Việt Nam 2/9    Nguồn: Kienhtv		527269979_9844873618951663_8207422166579416388_n.mp4		Dương	L		
06/08/25 - 22:10	FP - Cao Thủ	Nguyễn Bá Dũng		525792583_1564509104534790_6643478037746196363_n.png			Dương			
07/08/25 - 10:20	FP - Cao Thủ	Hồ Quang Huy	"Ấm lòng với trend ""Đóng viện phí cho người lạ""    ""Nhận ra mình đã đu trend này được 3 năm rùi  "" - Chia sẻ từ bạn Uông Thục Quyên.  Bạn Quyên cho biết, bạn thường đến hỗ trợ ở bệnh viện Nhi Đồng 2, khi đến đây, bạn đến thẳng phòng công tác xã hội gặp cô Tường. Sau đó chia sẻ với cô số tiền muốn hỗ trợ và nhận danh sách bệnh nhân rồi gửi phí.  Theo: Việc tử tế"	526621881_1472574517096380_579007698787818562_n.jpg 526516087_733501786218202_5811457241871288976_n.jpg 525787782_1539400140564798_4681364137111908699_n.jpg 528384248_3328492870637822_2767568614715508891_n.jpg 524617205_1221540039989322_7872034920176036719_n.jpg		https://www.facebook.com/share/p/15T9Aitu7S/	Dương	L		
07/08/25 - 10:20	FP - Cao Thủ	Hồ Quang Huy		500069551_1149014293923256_4222613674490201938_n.jpg 528067880_1212451234246228_3945962125088587350_n.jpg			Dương			
07/08/25 - 10:20	FP - Cao Thủ	Dương Nguyễn		527465230_715672258118689_6055185515786040588_n.png			Dương			
07/08/25 - 10:50	FP - Cao Thủ	Hồ Quang Huy	LINH VẬT ĐẠI DIỆN CHO SỰ BUỒN NGỦ    Với thân mình phủ đầy lông bóng mượt và đôi tai dài thẳng đứng, chuột viscacha được coi là loài động vật đáng yêu có ngoại hình rất giống với loài thỏ ngoại trừ chiếc đuôi dài đặc trưng.  Điều đặc biệt là giao diện trông lúc nào cũng buồn ngủ kể cả lúc ăn của chúng như vừa học 5 tiết Văn xong vậy    Fact: Ai cũng có 1 người bạn mà lúc nào cũng buồn ngủ y như lũ này	524365322_2016072072529036_8342760566731423030_n.jpg 525675688_828595429845242_7333350185366029165_n.jpg 525794710_1455071065945656_2031599345358868894_n.jpg 527869102_3227979814026583_9083279399968134041_n.jpg 520868864_716316051232206_1800629485410754150_n.jpg 525651997_675582148828834_9173028576903517488_n.jpg 520163734_728569190077787_2919854279325327851_n.jpg 524716838_1449879472795252_5946524003732064071_n.jpg 525237499_2452510848455722_271945052488370085_n.jpg			Dương	L		
07/08/25 - 10:50	FP - Cao Thủ	Hồ Quang Huy	Lạnh lùng dứt khoát    Video: Đinh Sĩ		526709916_23961108476921878_5585114067846468490_n.mp4		Dương	L		
07/08/25 - 11:19	FP - Cao Thủ	Hồ Quang Huy	Đấy đấy biết ngay mà	526539228_3813154005654489_8031838462175345074_n.png			Dương	L		
07/08/25 - 11:19	FP - Cao Thủ	Hồ Quang Huy	Một phần của A80 thôi đã cỡ này    Video: Tuấn Trường Sa		527591674_24870331452572976_3790365639202493318_n.mp4		Dương	L		
07/08/25 - 11:19	FP - Cao Thủ	Hồ Quang Huy		525250201_1296967515364458_7633132154787744732_n.png			Dương			
07/08/25 - 12:08	FP - Cao Thủ	Hồ Quang Huy	Tâm trạng háo hức hồ hởi những ngày đầu trở lại trường học	526444869_1412446380013999_6377546889486699959_n.png			Dương	L		
07/08/25 - 14:00	FP - Cao Thủ	Hồ Quang Huy	"VÌ QUẢ ""GÂU GÂU"" MÀ BAY NGAY 100 CỦ  Vụ việc nam thanh niên bênh bé ""gâu gâu"" rồi tương tác bác bảo vệ đã có hồi kết.  Tòa tuyên đình chỉ vụ án, trả tự do cho Tưởng C.H sau khi bị hại rút yêu cầu xử lý hình sự, xác nhận đã nhận đủ 100 triệu đồng bồi thường và không bị tác động.   Nguồn: VTCNews"	524920692_1129261162442992_5216118070116184516_n.png			Dương	L		
07/08/25 - 14:00	FP - Cao Thủ	Hồ Quang Huy		524778867_602934642652186_8751411153832066181_n.png 527336701_1882378992610393_8520730761035699826_n.png			Dương			
07/08/25 - 15:19	FP - Cao Thủ	Hồ Quang Huy	"THÓ ĐÚNG CỦA ""ĐỒNG NGHIỆP""  Ngày 4/8, Công an phường Hòa Cường (Đà Nẵng) vừa bắt giữ Chung (SN 1995) – thanh niên “cầm nhầm” chiếc điện thoại Galaxy Z Fold tại khu vực Cung Thể thao Tiên Sơn.  Tưởng là xong việc nhưng rồi bất ngờ xuất hiện một nhân vật mới – Phong (SN 2008), hớt hải chạy tới công an, nhận mình là chủ nhân “chính chủ” của chiếc điện thoại. Nhưng sau vài câu hỏi Phong cũng thật thà thú nhân chiếc điện thoại là đồ thó được.  Không chỉ vậy, Phong còn khai luôn từng “đi làm” 2 vụ tr:ộm túi xách trước đó cho đủ combo phạt. Như định mệnh dẫn lối 2 “đồng nghiệp” ngành 2 ngón, không hẹn mà gặp nhau sau song sắt.  Nguồn: Sức Khỏe & Đời Sống"	526725754_1378168306611526_5063168284317817473_n.png			Dương	L		
07/08/25 - 15:19	FP - Cao Thủ	Hồ Quang Huy			528221521_9748988078534550_7950318437357246975_n.mp4		Dương	L		
07/08/25 - 15:19	FP - Cao Thủ	Dương Nguyễn	cắt bớt ảnh hoặc blur cái còng đi a				Dương			
07/08/25 - 15:19	FP - Cao Thủ	Hồ Quang Huy	GÓI MÙA THU DÙNG THỬ ĐÃ HẾT HẠN  Tạm biệt không khí mát mẻ, từ mai mùa hè rực lửa sẽ chính thức trở lại    Nguồn VTV	528352597_621087617730594_4257330821861103631_n.jpg			Dương	L		
07/08/25 - 15:19	FP - Cao Thủ	Hồ Quang Huy	Sau hôm nhảy dây với tụi nhỏ trong làng không thấy anh ship quay lại nữa, nay xem lại video mới biết lí do tại sao    Video: chu_tamhipper	526383825_2110496376121457_7315733836245160134_n.png			Dương	L		
07/08/25 - 15:19	FP - Cao Thủ	Hồ Quang Huy	Trốn lợ vô tư lun    Ảnh: Ng Tú San	527331083_1416229609638264_7010830362910884152_n.png			Dương	L		
07/08/25 - 15:19	FP - Cao Thủ	Hồ Quang Huy				https://vt.tiktok.com/ZSSXpjFbU/	Dương			
07/08/25 - 16:04	FP - Cao Thủ	Hồ Quang Huy	"CÂU CHUYỆN ĐANG ĐƯỢC QUAN TÂM BẰNG 2 HƯỚNG KHÁC NHAU...  Một bên thì quan điểm ""Không có tiền thì đừng yêu"", cho rằng kinh tế chưa ổn định thì đừng nghĩ đến chuyện yêu đương, tập trung lo cuộc sống và phát triển sự nghiệp trước đi.  Bên còn lại thì cảm thông với chàng trai ""cảm giác bất lực"", bày tỏ rằng nếu một người đang trong giai đoạn khó khăn về kinh tế nhưng vẫn cố gắng làm việc, giữ một mối quan hệ tử tế thì nên trân trọng.  Suy cho cùng câu chuyện không phải về lẩu, mà là về khoảng cách ngày càng lớn giữa hai người: Một người đang chạy xe ôm, nắng chang chang, lo từng đồng đổ xăng. Một người lại rủ đi ăn lẩu kiểu “cuối tuần chill nhẹ”.  Nguồn Đời Sống & Pháp Luật"	527914368_3915865848655246_7169430482350278723_n.png			Dương	L		
07/08/25 - 16:04	FP - Cao Thủ	Hồ Quang Huy		525744349_3942190392688673_3398220810343837053_n.png 526683336_1450413659423188_3844730415332969229_n.png 526915425_2272162676632718_4791776045324216178_n.png 526622538_1269841517534744_4629070571812077779_n.png			Dương			
07/08/25 - 16:58	FP - Cao Thủ	Hồ Quang Huy	Ủa anh??	525961667_3704443266521229_7039027138503372954_n.png			Dương	L		
07/08/25 - 16:58	FP - Cao Thủ	Hồ Quang Huy	Không biết sẽ có mùi như thế nào?	525758356_1277178677390123_8260872902842366282_n.jpg			Dương	L		
07/08/25 - 16:58	FP - Cao Thủ	Hồ Quang Huy	LẨN TRỐN HƠN 3 THẬP KỶ    Sau 34 năm trốn chạy, đối tượng truy nã đặc biệt P.Đ.P. (SN 1960) vừa chính thức “đổi nơi ở” sau song sắt, nhờ sự phối hợp bắt giữ giữa Công an xã Thượng Đức và Trại giam A2.  Theo hồ sơ truy nã từ năm 1991, đối tượng từng thực hiện hành vi “cư:ớp tài sản”, sau đó liên tục thay tên đổi họ, thay đổi nơi ở để trốn chạy pháp luật.  Nhưng mà, lưới trời lồng lộng, chạy kiểu gì cũng… không tránh khỏi pháp luật. 34 năm trốn chạy, cuối cùng cũng đến hồi kết đã điểm.  Nguồn: Công An Thành Phố Đà Nẵng	527330697_777847197918478_7530808599864820501_n.png			Dương	L		
07/08/25 - 16:58	FP - Cao Thủ	Hồ Quang Huy		525693379_1387359195704269_191633427014085518_n.png 525754865_1310108264031425_2086952394040479452_n.png			Dương			
07/08/25 - 17:35	FP - Cao Thủ	Hồ Quang Huy	LỔ RỒI, VÔ ĐỊCH RỒIIIII  Hũ to khủng kiếp của 1-21 của DNF chính thức NỔ trước DRX với khoảng cách gần 17k vàng	525954842_1260237862255829_3247665344970861513_n.png			Dương	L		
07/08/25 - 17:35	FP - Cao Thủ	Hồ Quang Huy	@Dương Nguyễn @Dương Nguyễn	524720563_1073198531603977_8242231861340900288_n.jpg			Dương			
07/08/25 - 17:35	FP - Cao Thủ	Hồ Quang Huy	Sao mà ák với 2 chị quá    Nguồn: Sao Nhập Ngũ 2025				Dương	L		
07/08/25 - 20:25	FP - Cao Thủ	Phạm Công Hiếu	TRONG CÁI RỦI THÌ VẪN CÓ 1 TÝ LÀ MAY    Tiểu Lý(25 tuổi) làm lập trình viên tại Đài Loan. Cuộc sống của anh chỉ xoay quanh công việc và gia đình ở quê. Lý vì bận nên chưa từng yêu thương chính thức.  Trong một lần đi liên hoan với đồng nghiệp, Tiểu Lý vô tình kể ra tâm tư của mình. Nghe xong đồng nghiệp nằng nặc đưa anh đến một quán “karaoke” để “biết mùi đời”.  Ngay khi nữ nhân viên ngồi gần, cô ghé tai khuyên Tiểu Lý nên đi khám.  Vài ngày sau, Lý quyết định lần đầu đi khám nam khoa.  Cuối cùng, kết luận Tiểu Lý bị UT t,i,n,h h,o*,n giai đoạn 1. Ngày nhận kết quả online, Lý bật khóc nức nở ngay giữa văn phòng, liên tục nói cảm thấy oan ức.  Nguồn: Báo Đời Sống và Pháp Luật				Dương	L		
07/08/25 - 20:25	FP - Cao Thủ	Hiếu		528280104_1279416403853132_8893088772834622949_n.jpg			Dương	L		
07/08/25 - 20:25	FP - Cao Thủ	Phạm Công Hiếu		521882175_750525320914834_181639516430660818_n.png 526643255_1473171993929389_3858666588235885549_n.png 527064199_2843014559224304_5790716820495117812_n.png			Dương			
07/08/25 - 20:25	FP - Cao Thủ	Nguyễn Bá Dũng	"MỞ LỜI BẰNG ""ANH ƠI CHO EM HỎI ĐƯỜNG"" KHÉP LẠI BẰNG ""MỜI VỀ TRỤ SỞ LÀM VIỆC""    Ngày 5/8, Thạch M H (19 tuổi) kéo theo 5 “huynh đệ đồng môn” cưỡi xe máy đến xã Xuân Bắc (Đồng Nai), mở màn pha giao tiếp đầy lễ phép ""Anh ơi, cho em hỏi đường…""  Chưa kịp chỉ đường, nạn nhân đã nhận 1 loạt combo chân tay miệng. Nhóm H khiến ba người hoảng hốt bỏ chạy, để lại luôn chiếc xe máy, chiến lợi phẩm đã được nhóm H giữ lại  Tuy nhiên, chưa kịp tiêu thụ để up level cho bản thân thì cả team đã bị trùm cuối là công an xã phản gank. 5/6 bị bắt ngay trong ngày, chỉ còn “đồng môn Giang Hữu N (18 tuổi)"" vẫn đang bị truy lùng. Nhóm khai gây án để… lấy tiền tiêu xài.  Game over tạm thời, chờ ngày full team tái ngộ… trong trại giam    Theo: VnExpress"""	527770050_736717862670376_3983083514236122070_n.png			Dương	L		
07/08/25 - 20:25	FP - Cao Thủ	Nguyễn Bá Dũng		526189734_1258316502140487_3713724002845339261_n.png 529879377_1117894763581688_6179934311365207347_n.png			Dương			
07/08/25 - 20:25	FP - Cao Thủ	Nguyễn Bá Dũng	Cô còn quậy hơn trò, mỗi ngày 1 chiêu đánh thức các cháu dậy sau giờ ngủ trưa    Video: Hồng Diện Lê		525991143_25082145368044901_5068525721914617301_n.mp4		Dương	L		
07/08/25 - 20:25	FP - Cao Thủ	Phạm Công Hiếu	Giận chồng bỏ nhà đi nhậu, anh ta đến chỗ nhậu ngồi chờ tôi say để chở về. Nửa đêm tỉnh dậy mở camera xem lúc mình ‘mất nhận thức’ anh ta có làm gì không thì…  Video: Mẹ Tũn		527881429_24372317619074099_4517266049057037179_n.mp4		Dương	L		
07/08/25 - 20:25	FP - Cao Thủ	Nguyễn Bá Dũng	END GAME, GENG 2-1 T1  Dầu mỏ không thể cản bước được GenG	526393300_2286298968453866_6050956466515690355_n.png			Dương	L		
07/08/25 - 20:25	FP - Cao Thủ	Nguyễn Bá Dũng				https://drive.google.com/file/d/17wP6o-MT0tShENorKGQo5btymBeOfhGw/view?usp=sharing	Dương	L		
07/08/25 - 20:25	FP - Cao Thủ	Dương Nguyễn	Chị Nhung ơi chị check mấy bài cho các giúp em xíu, em đang đi đường ạ				Dương			
07/08/25 - 20:25	FP - Cao Thủ	Trần Thị Hồng Nhung	Thế lên muộn xíu cũng đk, bây giờ c mới ở cty về :))				Dương			
07/08/25 - 20:25	FP - Cao Thủ	Trần Thị Hồng Nhung	👌				Dương			
07/08/25 - 21:41	FP - Cao Thủ	Phạm Công Hiếu	MAY LÀ KHÔNG SAO   Ngày 6/8, em H.V.Đ(SN 2011) được đưa đến Trung tâm Y tế trong tình trạng khó thở, một bên lỗ mũi rỉ  .  Qua nội soi tai - mũi - họng, bác sĩ phát hiện một con đỉa sống kích thước lớn trong mũi bệnh nhân và nhanh chóng gắp ra con đỉa dài khoảng 4cm.  Hiện tình trạng sức khỏe của Đ đã ổn định. Được biết 10 ngày trước Đ có tắm ở khe suối và nhiều khả năng đỉa đã chui vào mũi từ thời điểm này.   Trung tâm Y tế cũng Khuyến cáo người dân, đặc biệt là trẻ em ở vùng núi, gần sông suối, cần cảnh giác khi tiếp xúc với nguồn nước tự nhiên.  Nguồn: Báo Đời Sống và Pháp Luật				Dương	L		
07/08/25 - 21:41	FP - Cao Thủ	Phạm Công Hiếu		527064199_2843014559224304_5790716820495117812_n.png 524733261_987325983418906_1602512458272973801_n.png 526910913_1563856348331511_3438373634735019614_n.png			Dương			
07/08/25 - 21:41	FP - Cao Thủ	Nguyễn Bá Dũng	còn bài này nữa ạ				Dương			
07/08/25 - 21:41	FP - Cao Thủ	Trần Thị Hồng Nhung	10h Hiếu vẫn ở cty :))	528149405_1061132719423747_2573025969281895923_n.jpg			Dương			
07/08/25 - 21:41	FP - Cao Thủ	Trần Thị Hồng Nhung	Bọn c tìm đồ ở cty . Mà h chuẩn bị về thấy Hiếu vẫn ngồi đây				Dương			
05/08/25 - 14:17	TT - BEAT The Game	Nguyễn Song An				https://drive.google.com/file/d/1XEFxYwcaGhgEPOR3xsiLZOquGpCbq6UG/view?usp=drive_link		L		
05/08/25 - 17:32	TT - BEAT The Game	Nguyễn Song An				https://drive.google.com/file/d/1g8aJ5bnaFFqF3BEfDnun4j4Frj4CBqT9/view?usp=drive_link		L		
06/08/25 - 14:36	TT - BEAT The Game	Nguyễn Song An				https://drive.google.com/file/d/1rpz-npgxTt9D2YfZGpI0wnqQRI-_IO3u/view?usp=drive_link		L		
06/08/25 - 17:39	TT - BEAT The Game	Nguyễn Song An				https://drive.google.com/file/d/1kax2zSWDzjOpvmZHxZvuwntEZgJf2tXC/view?usp=drive_link		L		
07/08/25 - 15:16	TT - BEAT The Game	Nguyễn Song An				https://drive.google.com/file/d/1RmjMTNe6llYRImcxrSXBgTGETXegKbJY/view?usp=drive_link		L		
07/08/25 - 20:47	TT - BEAT The Game	Nguyễn Song An				https://drive.google.com/file/d/1x6RLpL0lCXy-b62Zsu9SL1Mv_5zE7LXC/view?usp=drive_link		L		
