time	page	btv	content	photo	video	link	cap source	kdv	kq	cmt	
2024-08-29	Quảng cáo	Lưu Minh Quang	https://docs.google.com/document/d/19moHGSmXvCKDHcE8zTjBBTuDv_ufHLa_LcvRg7M8sZw/edit	''	''	https://docs.google.com/document/d/19moHGSmXvCKDHcE8zTjBBTuDv_ufHLa_LcvRg7M8sZw/edit		Bách	Duyệt		
2024-08-29	Quảng cáo	Nguyễn Thị Khánh Ly	TT Beat: https://drive.google.com/file/d/1v_3sp_TQDWGtyCXLfx0QYiARIkDnJtq-/view	''	''	https://drive.google.com/file/d/1v_3sp_TQDWGtyCXLfx0QYiARIkDnJtq-/view		Bách	Duyệt		
2024-08-29	Quảng cáo	Lương Phương Thảo	TT beatvn  https://drive.google.com/file/d/1ufCaSE2V3IH5itX9rNePy3q8TJQaby8b/view?usp=sharing  Caption: Đỉnh cao lễ hội hội tụ tại 8WONDER Moon Festival 🥳	''	''	https://drive.google.com/file/d/1ufCaSE2V3IH5itX9rNePy3q8TJQaby8b/view?usp=sharing		Đạt	Duyệt		
2024-08-29	Quảng cáo	Bùi Thị Khánh 	https://drive.google.com/file/d/1h-2IZix4_keWUe-ALH_drwWTnZFtgacS/view?usp=sharing	''	''	https://drive.google.com/file/d/1h-2IZix4_keWUe-ALH_drwWTnZFtgacS/view?usp=sharing		Đạt	Duyệt		
2024-08-29	Quảng cáo	Bùi Thị Khánh 	Caption  Đu trend viết ước mơ thành bài hát với nền tảng AI "Vượt trội trong bạn" của nhà Techcombank nè mấy ní!!!  👉🏻 Thông tin chi tiết các bạn tham khảo tại trang Techcombank Việt Nam nhé.   #Techcombank #BeGreater #TienToiPhienBanVuotTroi #VuotTroiHonMoiNgay	''	''			Đạt	Duyệt		
2024-08-29	Quảng cáo	Lương Phương Thảo	https://drive.google.com/file/d/1UCEqHiCHdLf0sLP-3OyeXdntEUegPzzZ/view   Cap: Quẩy tới bờ tới bến thôi AE Wibu ơi!!!  TT Viral world	''	''	https://drive.google.com/file/d/1UCEqHiCHdLf0sLP-3OyeXdntEUegPzzZ/view		Đạt	Duyệt		
2024-08-29	Quảng cáo	Nguyễn Thị Khánh Ly	BEAT HP:  Tại sao em “chưa quên đi người yêu cũ”, “hãy để anh” lau đôi mi hoen, đưa em đến Vincom Plaza Imperia tại “Hải Phòng quê hương tôi” để nghe “khúc nhạc vui” !!!!   Xin nhẹ cái kèo ngày mai đi đu idol Hà Nhây và anh trai Vũ Thịnh tại Vincom thôi cả nhà oiiiii!!! 😍  #vincomplazaimperia    https://drive.google.com/drive/u/0/folders/1yIgVUl0WI6O04i7hJsEiqD4PemhWIsvT?fbclid=IwY2xjawE9OV9leHRuA2FlbQIxMAABHW-PvKD0_NbVNPEt7AfuasdCpxxxldX72Qd8TM2zZ5VcucG7EKg6bSpZXg_aem_YTcmnhTemRXxsJdaNVbVqQ	''	''	https://drive.google.com/drive/u/0/folders/1yIgVUl0WI6O04i7hJsEiqD4PemhWIsvT?fbclid=IwY2xjawE9OV9leHRuA2FlbQIxMAABHW-PvKD0_NbVNPEt7AfuasdCpxxxldX72Qd8TM2zZ5VcucG7EKg6bSpZXg_aem_YTcmnhTemRXxsJdaNVbVqQ		Đạt	Duyệt		
2024-08-29	Quảng cáo	Nguyễn Thị Khánh Ly	🇻🇳 TIÊN CÁ CÔNG VIÊN THIÊN ĐƯỜNG BẢO SƠN ĐU TREND “HƯỚNG VỀ LÁ CỜ TỔ QUỐC”  Dịp lễ 2/9 này cả nhà mình đến Công viên Thiên đường Bảo Sơn vui hội Xứ sở thần tiên thôi.  Bên cạnh, Tổ hợp 22 trò chơi không giới hạn, Công viên nước; khám phá thế giới động vật trong Safari, Nông trại, Vương quốc khủng long và thám hiểm đại dương tại Thủy cung bao la rộng lớn. Công viên cũng luôn có các hoạt động nhằm lan tỏa tinh thần dân tộc và tình yêu Tổ quốc qua các bộ phim sa bàn, phim lịch sử, chương trình dân ca nhạc cổ truyền và múa rối nước. Đặc biệt, lễ này còn có thêm show diễn nàng tiên cá, vũ hội thần tiên và binh đoàn mascot tinh nghịch đầy sôi động mà giá vé không thay đổi.  #thienduongbaoson #xusothantien	''	''			Đạt	Duyệt		
2024-08-29	Quảng cáo	Nguyễn Thị Khánh Ly	CAPTION MINIGAME: 63 ĐỒNG LÒNG - VIỆT NAM QUYẾT TIẾN CÙNG ACECOOK VIỆT NAM​ ​ Lan tỏa niềm tự hào vô cùng tận với chiếc áo tập của đội tuyển Quốc Gia Việt Nam do Acecook Việt Nam là Nhà tài trợ chính. Chơi minigame liền tay săn ngay áo tập real của Đội Tuyển Quốc Gia Việt Nam, không chơi tiếc hùi hụi mấy ní ơi!  (Chi tiết dưới bình luận nha mấy ní)   - COMMENT Mọi người tham gia minigame tại đây nhé https://www.facebook.com/share/v/EWoryymnHxoUUuGp/   - Ảnh: https://drive.google.com/file/d/11lDGt59Z2E_lR9Mym-j-e7UjCO4oSma_/view	''	''			Đạt	Duyệt		
2024-08-29	Quảng cáo	Nguyễn Thị Khánh Ly	BEATVN:  500 AE HẢI PHÒNG ĐIỂM DANH!!! QUẨY BANH NÓC NGÀY LỄ 2/9 SIÊU CHẤT VỚI EDM SHOW SIÊU CHẤT KẾT HỢP NHẠC NƯỚC & PHÁO HOA TẦM CAO HOÀN TOÀN MIỄN PHÍ  Hân hoan tưng bừng ngày Tết Độc Lập rộn ràng cả nước, sáng ngày 2.9 không thể bỏ lỡ dịp check in cùng 6 lá cờ tổ quốc rộng tới 6m tại quảng trường Phố đi bộ Vũ Yên. Cùng với đó, tham gia hoạt động tô màu cờ tổ quốc lên diều và tham gia lễ hội thả diều khổng lồ với những con diều dài tới 50m trong ngày lễ trọng đại này thì hết nước chấm, 10 điểm không có nhưng!!!   Tối đến tham gia nhạc hội EDM sôi động cùng dàn lineup siêu chất từ anh tài DJ Mike Hào, DJ LIOP "sai đẹp chiêu" kết hợp cùng bắn pháo hoa tầm cao thì đây là trải nghiệm không thể bỏ lỡ cho anh em "danchoi" tại Hải Phòng rồi!!!  Note ngay lịch cùng hội bạn quẩy tới bờ tới bền ngay thôi!!!	'456252174_1089180712775353_2432052591745434907_n_2874831892682276.png'	''			Đạt	Duyệt		
2024-08-29	Quảng cáo	Nguyễn Thị Khánh Ly	ACHP:  TẬN HƯỞNG KỲ NGHỈ LỄ 2/9 SIÊU BÙNG NỔ TẠI PHỐ ĐI BỘ - CÔNG VIÊN VŨ YÊN HẢI PHÒNG  Địa điểm hội tụ nhiều trai đẹp nhất dịp lễ này gọi tên Phố đi bộ - Công viên Vũ Yên, Hải Phòng với EDM show hoàn toàn miễn phí kết hợp nhạc nước và pháo hoa tầm cao   Loạt hoạt động Tự hào bay cao diễn ra trong cả ngày 2.9 này tại Phố đi bộ Vũ Yên - Sáng: Check in cùng 6 lá cờ tổ quốc rộng tới 6m sẽ tung bay tại quảng trường, cùng với đó là hoạt động tô màu cờ tổ quốc lên diều  - Chiều: Lễ hội diều khổng lồ với những con diều dài tới 50m - Tối: Nhạc hội EDM sôi động & bắn pháo hoa tầm cao   Rủ bạn bè lên kèo đi chơi tới bến tới bờ thôi anh em ơii  #phodibovuyen	'454654576_535269088843307_2954120730418452435_n_1232309284624671.png'	''			Đạt	Duyệt		
2024-08-29	Quảng cáo	Nguyễn Thị Khánh Ly	Beat HP:  QUÁN TRÀ SỮA TAI THỎ HOT HIT ĐÃ XUẤT HIỆN TẠI VŨ YÊN!  Thương hiệu trà sữa SHUYI GRASS JELLY & TEA đứng TOP 3 tại Trung Quốc với 7000+ cửa hàng trên toàn thế giới và kỷ lục 200 triệu cốc bán ra mỗi năm đã có cửa hàng chính thức đầu tiên tại Vũ Yên, Hải Phòng.  Nhân dịp khai trương cứ order là sẽ được dùng cốc tai thỏ siêu cute để checkin và nếu may mắn có thể nhận được mô hình thỏ Cindy mang về nữa.   Dịp lễ 2/9 ghé chơi nhớ thử “Thạch Thảo Mộc” Shuyi Grass Jelly & Tea, đồ uống signature của hàng nha! #phodibovuyen   ------  Ăn chơi HP:  LÊN KÈO 2/9 GHÉ CHƠI NGAY QUÁN TRÀ SỮA TAI THỎ ĐANG SIÊU HOT!!  Các tín đồ của trà sữa đâu rồi? Ghé ngay SHUYI GRASS JELLY & TEA để thẩm vị menu và check in siêu xinh cùng chiếc cốc tai thỏ đang hot dần dần tại Vũ Yên.  Nhân dịp khai trương này đang được mua cùng cốc tai thỏ  và nếu may mắn có thể nhận được mô hình thỏ Cindy mang về.   Rủ hội tà tưa lễ này đến check ngay thui!  #phodibovuyen	'455886166_503941855563448_8167284882896742581_n_809185761078977.png
 454707214_8115617105190207_89573366261415395_n_1304131574331061.png'	''			Đạt	Duyệt		
2024-08-29	Quảng cáo	Nguyễn Thị Khánh Ly	BEAT:  TIÊN CÁ CÔNG VIÊN THIÊN ĐƯỜNG BẢO SƠN ĐU TREND “HƯỚNG VỀ LÁ CỜ TỔ QUỐC”  Dịp lễ 2/9 này nhất định phải ghé Công viên Thiên đường Bảo Sơn vui hội Xứ sở thần tiên thôi anh em ơi, hơi bị nhiều cái hay.   Bên cạnh tổ hợp 22 trò chơi không giới hạn, từ Công viên nước, khám phá thế giới động vật trong Safari, Nông trại, Vương quốc khủng long đến thám hiểm đại dương tại Thủy cung bao la rộng lớn.   Đặc biệt Quốc Khánh thì sao có thể không có trend cờ Tổ Quốc được!! Bên cạnh các hoạt động nhằm lan tỏa tinh thần dân tộc và tình yêu Tổ quốc qua các bộ phim sa bàn, phim lịch sử, chương trình dân ca nhạc cổ truyền và múa rối nước, lễ này còn có thêm show diễn nàng tiên cá, vũ hội thần tiên và binh đoàn mascot tinh nghịch hướng về lá cờ tổ quốc đầy sôi động mà giá vé không thay đổi.  Chuẩn bị một tâm hồn đẹp đi đón lễ hăng say đi thôi!!!   #thienduongbaoson #xusothantien  https://drive.google.com/drive/u/0/folders/1rA_4ZcQM8Ram9rn3mDqhXEFvENV-rSOw?fbclid=IwY2xjawE9K61leHRuA2FlbQIxMAABHbahPFedS9wjG_UyK9yNAjqFaPs0VCiT1yD98wtkd9iWg0-ckz5A6f1jIw_aem_FrlWsHDFUIwaiJfasTPMnw	''	''	https://drive.google.com/drive/u/0/folders/1rA_4ZcQM8Ram9rn3mDqhXEFvENV-rSOw?fbclid=IwY2xjawE9K61leHRuA2FlbQIxMAABHbahPFedS9wjG_UyK9yNAjqFaPs0VCiT1yD98wtkd9iWg0-ckz5A6f1jIw_aem_FrlWsHDFUIwaiJfasTPMnw		Đạt	Duyệt		
2024-08-29	Quảng cáo	Bùi Thị Khánh 	Caption: Dạo này mưa nắng thất thường thì anh em tranh thủ bật Hà Nội để mang về iphone xịn nhé =)) #BiaHaNoi #Hesangkhoai #Quadamchat Video: https://drive.google.com/file/d/1pLNR760XnSURxBo2MSo7OiP6lzkwTakh/view	''	''	https://drive.google.com/file/d/1pLNR760XnSURxBo2MSo7OiP6lzkwTakh/view		Bách	Duyệt		
2024-08-29	Quảng cáo	Lưu Minh Quang	https://drive.google.com/drive/folders/1Dh9mqKxONeLG3wTBIhNwTiJn-F-J-Tfn	'456565678_864907161853474_8816439961444203827_n_1696486741106523.jpg'	''			Đạt	Duyệt		
2024-08-29	Quảng cáo	Bùi Thị Khánh 	@Khánh Bùi slot 19h ngày 30/8  CHUYỆN CỦA HÀ NỘI  LÀM GIÀU VỚI MA - KÈO LÀM ĂN KHÓ ĐỠ VÀ LẦY LỘI NHẤT DỊP LỄ 2/9 NĂM NAY  Làm Giàu Với Ma xoay quanh hành trình kiếm tiền đổi đời có 1-0-2 của nhân vật chính tên Lanh. Chuyện sẽ rất bình thường nếu những người đồng hành của anh là một ai đó nhưng đằng này, đối tác của Lanh là một ma nữ. Không chỉ có vậy, đằng sau phi vụ làm ăn đó còn là câu chuyện cảm động về tình cảm cha con. Ngoài Tuấn Trần, Diệp Bảo Ngọc và NSƯT Hoài Linh, phim còn có sự góp mặt của Lê Giang nên chưa xem cũng biết phim này sẽ có nhiều miếng hài hết sức duyên dáng. Tuy nhiên, chắc vì chỉ đảm nhận vai phụ nên Lê Giang lần này hơi ít đất diễn.  Những đoạn cao trào, tình cảm của phim cũng rất xúc động nhờ vào sự diễn xuất ăn ý của Hoài Linh - Tuấn Trần và sự chỉn chu trong âm thanh, hình ảnh và bối cảnh. Thật sự phải khen Tuấn Trần vì lần này diễn xuất lại thêm phần tiến bộ, vừa nhập vai và vừa tự nhiên. Cả cảnh hài và bi, anh đều lột tả được trọn vẹn cảm xúc nhân vật. Tóm lại, nếu các bác đang cần tìm phim để xem giải trí cùng gia đình thì nhất định phải thử Làm Giàu Với Ma nhé. Bật mí nhỏ là kết quả của phi vụ làm ăn xuyên cõi âm này cực kỳ bất ngờ đấy. LÀM GIÀU VỚI MA - Phim đang chiếu tại rạp. Ảnh (theo thứ tự) https://drive.google.com/file/d/1POdqZEVB6A02ewh8TgKP3kruKVu3HSgx/view?usp=drivesdk  https://drive.google.com/file/d/1MA1fC2nJywDY43dCIawFl7RjZGSr2vl6/view?usp=drivesdk  https://drive.google.com/file/d/1M669d9x_onMcwY5Rq65JReSHlKE5FgQ-/view?usp=drivesdk  https://drive.google.com/file/d/1DFFF2rupx-EoVcb8ZH4MhOXKj84M4Wca/view?usp=drivesdk	''	''	https://drive.google.com/file/d/1POdqZEVB6A02ewh8TgKP3kruKVu3HSgx/view?usp=drivesdk		Đạt	Duyệt		
2024-08-29	Quảng cáo	Lưu Minh Quang	https://drive.google.com/file/d/1Cr16ZLQdEbPXI6kZdtQQEYT8NNI8u0uT/view?usp=sharing  Caption: Ngạo nghễ Việt Nam 🇻	''	''	https://drive.google.com/file/d/1Cr16ZLQdEbPXI6kZdtQQEYT8NNI8u0uT/view?usp=sharing		Đạt	Duyệt		
2024-08-29	Quảng cáo	Nguyễn Thị Khánh Ly	TỰ HÀO DÂN TỘC: 6 LÁ CỜ TỔ QUỐC RỰC RỠ SẼ TUNG BAY TẠI CÔNG VIÊN VŨ YÊN 2/9 NÀY!!  Rực rỡ và ngập tràn màu đỏ của tự hào. Địa điểm check in 2/9 nhất định không thể bỏ qua gọi tên Công Viên Vũ Yên!!   Loạt hoạt động với chủ đề Tự Hào Bay Cao gồm:  ✨🇻🇳 Sáng: 6 lá cờ tổ quốc rộng tới 6m sẽ tung bay tại quảng trường, cùng với đó là hoạt động tô màu cờ tổ quốc lên diều dành cho 50 gia đình đến sớm nhất  ✨🇻🇳 Chiều: Lễ hội diều khổng lồ với những con diều dài tới 50m ✨🇻🇳 Tối: Nhạc hội EDM sôi động & bắn pháo hoa tầm cao   Cả nhà nhớ mặc áo cờ đỏ sao vàng để qua check in cho chất nhé!! Siêu ý nghĩa để bày tỏ niềm tự hào dân tộc!! Nhớ đừng bỏ qua nha!!   Ghé ngay: ✨Thời gian: 02.09.2024 ✨Phố đi bộ - Công viên Vũ Yên, Hải Phòng  #phodibovuyen	'456911924_1267416957949412_3582854613390154257_n_1313080853009727.jpg'	''			Đạt	Duyệt		
2024-08-29	Quảng cáo	Nguyễn Thị Khánh Ly	DU TREND CỜ TỔ QUỐC RỰC RỠ DỊP QUỐC KHÁNH TẠI CÔNG VIÊN VŨ YÊN HẢI PHÒNG 2/9 NÀY   Hòa chung không khí khắp nơi trưng cờ Tổ quốc thì sao có thể bỏ qua màn "vẽ tranh" ngập tràn sắc đỏ tại Vũ Yên dịp lễ này chứ!!! Cả nhà ghé ngay công viên Vũ Yên - Hải Phòng để cùng chiêm ngưỡng và check in bức tranh cờ tổ quốc nè!!  Loạt hoạt động với chủ đề Tự Hào Bay Cao gồm:  - Sáng: 6 lá cờ tổ quốc rộng tới 6m sẽ tung bay tại quảng trường, cùng với đó là hoạt động tô màu cờ tổ quốc lên diều dành cho 50 gia đình đến sớm nhất  - Chiều: Lễ hội diều khổng lồ với những con diều dài tới 50m - Tối: Nhạc hội EDM sôi động & bắn pháo hoa tầm cao   Quá xịn xò và ý nghĩa, cùng gia đình ghé ngay công viên Vũ Yên để tham gia hoạt động bày tỏ lòng yêu nước cực chất này nha!!   #phodibovuyen   Comment:   Thời gian địa điểm rõ ràng nè:  ✨🇻🇳Thời gian: 02.09.2024 ✨🇻🇳Phố đi bộ - Công viên Vũ Yên, Hải Phòng	'456506129_487860004178725_8913579737946138144_n_1241349003533387.jpg'	''			Đạt	Duyệt		
2024-08-29	Quảng cáo	Nguyễn Thị Khánh Ly	ACHP:  MƯA KHÔNG ĐẾN MẶT, NẮNG KHÔNG ĐẾN ĐẦU, ĐI ĐÂU CŨNG CÓ XE ĐƯA ĐÓN!!  Sướng nhất anh em Hải Phòng nhé!! Phố đi bộ Vũ Yên sẽ miễn phí xe Vinbus để du khách đến tham quan trong 4 ngày nghỉ lễ. Thế này nắng mưa là việc của trời, còn ăn chơi khám phá Vũ Yên là việc của anh em mình!!  Anh em check ngay lộ trình để làm chuyến trip ngắn qua Vũ Yên hưởng Lễ 2/9 vui vẻ, sôi động này anh em ơi!!  #phodibovuyen  Comment: Lộ trình các tuyến bus thẳng tiến Vũ Yên:  📍 𝐓𝐮𝐲𝐞̂́𝐧 𝐇𝐏𝟏: 𝐕𝐢𝐧𝐜𝐨𝐦 𝐈𝐦𝐩𝐞𝐫𝐢𝐚 – 𝐍𝐡𝐚̀ 𝐇𝐚́𝐭 𝐋𝐨̛́𝐧 – 𝐕𝐢𝐧𝐡𝐨𝐦𝐞𝐬 𝐑𝐨𝐲𝐚𝐥 𝐈𝐬𝐥𝐚𝐧𝐝 - Thời gian hoạt động: 15h00 - 22h00 hàng ngày - Tần suất: 30 phút/chuyến - Lộ trình: Vincom Imperia – Hùng Vương – Nguyễn Đức Cảnh – Trần Phú – Lê Thánh Tông – Lê Lai – Ngô Quyền – VHM Royal Island và ngược lại. 📍 𝐓𝐮𝐲𝐞̂́𝐧 𝐇𝐏𝟐: 𝐕𝐢𝐧𝐡𝐨𝐦𝐞𝐬 𝐌𝐚𝐫𝐢𝐧𝐚 – 𝐋𝐚̣𝐜𝐡 𝐓𝐫𝐚𝐲 – 𝐕𝐢𝐧𝐡𝐨𝐦𝐞𝐬 𝐑𝐨𝐲𝐚𝐥 𝐈𝐬𝐥𝐚𝐧𝐝 - Thời gian hoạt động: 15h05 - 22h00 hàng ngày - Tần suất: 30 phút/chuyến - Lộ trình: Vinhomes Marina – Võ Nguyễn Giáp – Hồ Sen – Tô Hiệu – Lạch Tray – Nguyễn Bỉnh Khiêm – Lê Hồng Phong – Lê Lai – Ngô Quyền – Vinhomes Royal Island và ngược lại.  #phodibovuyen	'457259730_2263872087282152_1971608111223093677_n_7786246388150877.png'	''			Đạt	Duyệt		
2024-08-29	Quảng cáo	Nguyễn Thị Khánh Ly	TIN VUI: PHỐ ĐI BỘ VŨ YÊN SẼ MIỄN PHÍ XE VINBUS ĐỂ DU KHÁCH ĐẾN THAM QUAN TRONG 4 NGÀY NGHỈ LỄ.  Thế này đã đủ chất chưa các dân chơi Hải Phòng ơi!!! Tha hồ khám phá địa điểm ăn chơi hot nhất Hải Phòng dịp 2/9 này nhé!   Cụ thể 2 tuyến như sau: 📍 𝐓𝐮𝐲𝐞̂́𝐧 𝐇𝐏𝟏: 𝐕𝐢𝐧𝐜𝐨𝐦 𝐈𝐦𝐩𝐞𝐫𝐢𝐚 – 𝐍𝐡𝐚̀ 𝐇𝐚́𝐭 𝐋𝐨̛́𝐧 – 𝐕𝐢𝐧𝐡𝐨𝐦𝐞𝐬 𝐑𝐨𝐲𝐚𝐥 𝐈𝐬𝐥𝐚𝐧𝐝 - Thời gian hoạt động: 15h00 - 22h00 hàng ngày - Tần suất: 30 phút/chuyến - Lộ trình: Vincom Imperia – Hùng Vương – Nguyễn Đức Cảnh – Trần Phú – Lê Thánh Tông – Lê Lai – Ngô Quyền – VHM Royal Island và ngược lại. 📍 𝐓𝐮𝐲𝐞̂́𝐧 𝐇𝐏𝟐: 𝐕𝐢𝐧𝐡𝐨𝐦𝐞𝐬 𝐌𝐚𝐫𝐢𝐧𝐚 – 𝐋𝐚̣𝐜𝐡 𝐓𝐫𝐚𝐲 – 𝐕𝐢𝐧𝐡𝐨𝐦𝐞𝐬 𝐑𝐨𝐲𝐚𝐥 𝐈𝐬𝐥𝐚𝐧𝐝 - Thời gian hoạt động: 15h05 - 22h00 hàng ngày - Tần suất: 30 phút/chuyến - Lộ trình: Vinhomes Marina – Võ Nguyễn Giáp – Hồ Sen – Tô Hiệu – Lạch Tray – Nguyễn Bỉnh Khiêm – Lê Hồng Phong – Lê Lai – Ngô Quyền – Vinhomes Royal Island và ngược lại.  Thế này mà không hẹn ngay hội bạn, gia đình đến Vũ Yên dịp Quốc Khánh này thì có lỗi với thần ăn chơi lắm này!! Lẹt gô lẹt gô!!  #phodibovuyen	'456898754_1220535195803946_602331664602118042_n_530359229501986.jpg'	''			Đạt	Duyệt		
2024-08-29	Quảng cáo	Bùi Thị Khánh 	https://drive.google.com/file/d/1jvC2lWi2kZtCdgP96ua0JSb3tN0u_jJL/view?usp=sharing  Caption: Haidilao lại có trend mới nè bà conn	''	''	https://drive.google.com/file/d/1jvC2lWi2kZtCdgP96ua0JSb3tN0u_jJL/view?usp=sharing		Bách	Duyệt		
2024-08-29	Quảng cáo	Lưu Minh Quang	Content: https://docs.google.com/document/d/1AUOX0s6gg0sb7j0vdghc2g6xT0uDG3_CgkMJmVz7LDM/edit  Hình ảnh: https://drive.google.com/drive/folders/14VUKHGSFLDesxFQtx2o72lG6Pci9sAv1	''	''	https://docs.google.com/document/d/1AUOX0s6gg0sb7j0vdghc2g6xT0uDG3_CgkMJmVz7LDM/edit		Bách	Duyệt		
2024-08-29	Quảng cáo	Bùi Thị Khánh 	Ní sói này thật quen thuộc, hình như ta đã thấy ở đâu rồi =)))  Lầy lội từ ngoại hình cho đến tính cách, sự kết hợp giữa Neymar nhưng rất Charlie Puth này đảm bảo sẽ khiến ae cười sặc bắp 😝 Ai muốn xả stress thì lên kèo "200% Sói Bảnh" từ ngày 30.08 nha   Đặc biệt, phim có cả bản lồng tiếng và phụ đề hội lười đọc đều có thể cười thả ga vào dịp lễ 02/09 🔥 #200SoiBanh #200Wolf	''	''			Đạt	Duyệt		
2024-08-29	Quảng cáo	Thành Đạt	thêm cái dòng thực phẩm này ko phải là thuốc và không có tác dụng thay thế thuốc chữa bệnh	''	''			Đạt	Sửa/ xóa bài - cơ bản		
2024-08-29	Quảng cáo	Lưu Minh Quang	Cap: Bí quyết của hội chị em thành công là đây ư?	''	''			Đạt	Duyệt		
2024-08-29	Quảng cáo	Lưu Minh Quang	https://drive.google.com/file/d/135SwLxwo5ZgutwOhDxgMHolZqWdIYwiE/view?usp=sharing	''	''	https://drive.google.com/file/d/135SwLxwo5ZgutwOhDxgMHolZqWdIYwiE/view?usp=sharing		Đạt	Duyệt		
2024-08-29	Quảng cáo	Lưu Minh Quang	https://drive.google.com/file/d/1ZQ5K4-pgogAIdERvB2gzb4Rc3ujP5Fdv/view?usp=sharing	''	''	https://drive.google.com/file/d/1ZQ5K4-pgogAIdERvB2gzb4Rc3ujP5Fdv/view?usp=sharing		Bách	Duyệt		
2024-08-29	Quảng cáo	Lưu Minh Quang	Phần lớn thời gian đều không có ở nhà cũng như có nhiều mối quan hệ khác, phải chăng đó là lý do Hằng gặp nhiều bi kịch? Đón xem ngay tại Nghề Chủ Chốt vào lúc 21h30 tối thứ 7!  #NgheChuChot #TikTokGiaiTri #TVShowHay	''	''			Bách	Duyệt		
2024-08-29	Quảng cáo	Bùi Thị Khánh 	https://drive.google.com/drive/folders/1hXWW-PpkhDV1EUPvEKxVlxG3UaeU-FIH	''	''	https://drive.google.com/drive/folders/1hXWW-PpkhDV1EUPvEKxVlxG3UaeU-FIH		Bách	Duyệt		
2024-08-29	Quảng cáo	Bùi Thị Khánh 	Số gì đây, số số số gì đây Cờ ra cờ ra con mấy Con mấy mấy gì đây  Làm phát đuổi hình bắt chữ tí không cả nhà ơi!! Nhân tiện thì Xanh SM đang có code to dịp 2/9. Giảm 29% tới 29K khi nhập mã XANHVN. Đại lễ cực to, đi đâu khỏi lo!! Đi Xanh ngay nhá!!  #xanhsm #xanhvn #manhliettinhthanvietnam	''	''			Bách	Duyệt		
2024-08-29	Quảng cáo	Lưu Minh Quang	PHỤ NỮ HIỆN ĐẠI KHÔNG NGẠI XÔNG PHA!! PHÍA SAU THÀNH CÔNG CỦA NGƯỜI PHỤ NỮ LÀ GÌ?!!  Nể thật đấy! Vừa kinh doanh giỏi vừa lo toan đầy đủ cho gia đình mỗi ngày thì không biết quỹ thời gian của các chị em thành công này như nào nhỉ? AE mà đi làm về mệt chỉ muốn nằm luôn ấy chứ, chứ nói gì làm dọn dẹp dành thời gian cho gia đình.  Điển hình người phụ nữ mà AE nào cũng ao ước là đây! Chị đại Trương Ngọc Ánh vừa chăm chỉ hoạt động nghệ thuật, vừa miệt mài kinh doanh kiêm luôn danh hiệu "bà trùm hoa hậu" nhưng luôn dành nhiều thời gian cho gia đình nhỏ của mình, nhất là cô con gái đang tuổi phát triển, 10 điểm không có nhưng!!!   Nhưng đâu phải ai cũng thấy và cũng chỉ chính bản thân tự vượt qua tiếp tục công việc. Một vài bật mí nhỏ rút ra từ kinh nghiệm của bản thân, chị đại đã chia sẻ đến chị em phụ nữ những mẹo, dễ dàng mà vô cùng hiệu quả nhất là chăm sóc giấc ngủ. Bí kíp ở đây mang tên Cebraton Premium, bổ não cao cấp từ đinh lăng, bạch quả và hoạt chất GABA giúp căng thẳng dịu nhanh, ngủ ngon và sâu hơn.  Chuẩn chỉnh bí kíp từ nhà Traphaco siêu uy tín với các dòng sản phẩm chăm sóc sức khoẻ. Tips chuẩn đét đẹt là đây chứ đâu, hóng nhanh đi ACE ơi!!! #Cebraton #CebratonPremium #bonao #giamcangthang #ngungon  2. Comment:  Hội chị em đang phải "gồng" mình với căng thẳng, stress thì học ngay bí kíp dịu nhanh căng thẳng, làm chủ cuộc sống tại: https://shopee.vn/product/397879680/23274285006/	'455716280_1827824361079003_2055160604088058541_n_1005056871414495.png'	''	https://shopee.vn/Vi%C3%AAn-U%E1%BB%91ng-B%E1%BB%95-N%C3%A3o-Cebraton-Premium-Traphaco-Gi%C3%BAp-B%E1%BB%95-N%C3%A3o-T%C4%83ng-T%E1%BA%ADp-Trung-Gi%E1%BA%A3m-C%C4%83ng-Th%E1%BA%B3ng-%C4%90au-%C4%90%E1%BA%A7u-C%E1%BA%A3i-Thi%E1%BB%87n-M%E1%BA%A5t-Ng%E1%BB%A7-i.397879680.23274285006		Đạt	Duyệt		
2024-08-29	Quảng cáo	Bùi Thị Khánh 	Ní sói này thật quen thuộc, hình như ta đã thấy ở đâu rồi =)))  Lầy lội từ ngoại hình cho đến tính cách, sự kết hợp giữa Neymar nhưng rất Charlie Puth này đảm bảo sẽ khiến ae cười sặc bắp 😝 Ai muốn xả stress thì lên kèo "200% Sói Bảnh" từ ngày 30.08 nha   Đặc biệt, phim có cả bản lồng tiếng và phụ đề nên "búp măng" mọi lứa tuổi đều có thể cười thả ga vào dịp lễ 02/09 🔥 #200SoiBanh #200Wolf	'456570673_1818518318672761_3370107524277497843_n_1695560277859415.png'	''			Bách	Duyệt		
2024-08-29	Quảng cáo	Bùi Thị Khánh 	Thế sửa cap thôi được ko cậu	''	''			Đạt	Duyệt		
2024-08-29	Quảng cáo	Bùi Thị Khánh 	Ní sói này thật quen thuộc, hình như ta đã thấy ở đâu rồi =)))  Lầy lội từ ngoại hình cho đến tính cách, phiên bản "cartoon" của Neymar và Charlie Puth đảm bảo sẽ khiến ae cười sặc bắp 😝 Ai muốn xả stress thì lên kèo "200% Sói Bảnh" từ ngày 30.08 nha   Đặc biệt, phim có cả bản lồng tiếng và phụ đề nên "búp măng" mọi lứa tuổi đều có thể cười thả ga vào dịp lễ 02/09 🔥 #200SoiBanh #200Wolf	'455650276_1534975467405093_1476111219124359441_n_8105983846151834.png'	''			Đạt	Duyệt		
2024-08-29	Quảng cáo	Tuấn Dũng	ok, chắc 2 ổng cũng ko rảnh về VN đánh bản quyền hình ảnh cá nhân đâu	''	''				Duyệt		
2024-08-29	Quảng cáo	Bùi Thị Khánh 	cậu ơi còn hình ảnh 2 người thì dùng được đúng ko	''	''				Duyệt		
2024-08-29	Quảng cáo	Thành Đạt	cái ảnh đang hơi bị so sánh với đv b	''	''			Đạt	Duyệt		
2024-08-29	Quảng cáo	Nguyễn Thị Khánh Ly	à ko =))) gầy không nhể	''	''			Đạt	Duyệt		
2024-08-29	Quảng cáo	Bùi Thị Khánh 	https://docs.google.com/spreadsheets/d/1A1Z6yhDK-5PWkQfEu_o6OqbSpMZXp9qOLMPhY4HlJIQ/edit?hl=vi&gid=0#gid=0	''	''	https://docs.google.com/spreadsheets/d/1A1Z6yhDK-5PWkQfEu_o6OqbSpMZXp9qOLMPhY4HlJIQ/edit?hl=vi&gid=0#gid=0		Đạt	Duyệt		
2024-08-29	Quảng cáo	Nguyễn Thị Khánh Ly	TRIỆU HỒI HẾT NGƯỜI GẦY VÀO ĐÂY THỂ HIỆN!! CẢ TIKTOK ĐUA NHAU NHẢY ĐIỆU NHẢY "TÔI QUÁ GẦY"  Tuổi thơ comeback anh em ơi!!! Còn ai nhớ quảng cáo ngày xưa của Appeton Weight Gain - Thức uống dinh dưỡng dành cho người gầy ky không nhể? Anh ấy đã chính thức comeback, tuy vẫn gầy như thế nhưng trình tạo trend thì cứ phải gọi là ghế vì viral không phải bàn!!  Khắp nơi trên tiktok, nhà nhà người người đuười đua nhau nhảy điệu nhảy "Tôi quá gầy" do anh ấy khởi xướng! Từ người gầy đy độ 1 đến độ 10, mà kể cả không gầy cũng nhảy!!   Được biết nhảy không chỉ để flex độ gầy của bản thân mà còn để "đua top" tranh giải thưởng khủng là  Apple Watch series 9 cùng 5 hộp sữa tăng cân Appeton Weight Gain. Bảo sao anh em nhảy sung thế!!  Đấy các chiến thần tóp tóp, các bà hoàng dancer, ông hoàng dance cover còn chần chừ gì mà không nhảy ngay đi ạ! Anh em chỉ cần sử dụng nhạc có sẵn của Appeton Weight Gain, quay lại video nhảy “Tôi quá gầy" rồi đăng video lên tài khoản TikTok cá nhân ở chế độ công khai, kèm hashtag #AppetonWeightGain #Tôiquágầy là xong!! Nhảy luôn giật quà đi chứ còn gì nữa!!	''	''			Đạt	Duyệt		
2024-08-29	Quảng cáo	Lưu Minh Quang	https://drive.google.com/file/d/1ZQ5K4-pgogAIdERvB2gzb4Rc3ujP5Fdv/view?usp=sharing	''	''	https://drive.google.com/file/d/1ZQ5K4-pgogAIdERvB2gzb4Rc3ujP5Fdv/view?usp=sharing		Đạt	Duyệt		
2024-08-28	Quảng cáo	Bùi Thị Khánh 	Link VDO: https://drive.google.com/file/d/1vWUDyB_1bzel8_EkEWqhMeMymv6UqXKX/view?usp=sharing  Caption: Cần can thiệp màn đi đường quyền "mukbang" của bộ 3 KOLs trong Mega Livestream Mukbang Đối Đầu cùng 7UP Soda Chanh #UongSoDa #AnSoNgon #7UPSodaChanh #7UPmukbang  Text on frame: CẦN "CHÍNH QUYỀN" CAN THIỆP MÀN ĐẠI CHIẾN GIỮA BÉ DUY, LONG CHUN VÀ CAO HOÀNG MẪN VÀO PHIÊN MEGA LIVESTREAM MUKBANG ĐẦU TIÊN TẠI VIỆT NAM CÙNG 7UP SODA CHANH	''	''	https://drive.google.com/file/d/1vWUDyB_1bzel8_EkEWqhMeMymv6UqXKX/view?usp=sharing		Đạt	Duyệt		
2024-08-28	Quảng cáo	Lương Phương Thảo	Link VDO: https://drive.google.com/file/d/1vWUDyB_1bzel8_EkEWqhMeMymv6UqXKX/view?usp=sharing  Caption: Cần can thiệp màn đi đường quyền "mukbang" của bộ 3 KOLs trong Mega Livestream Mukbang Đối Đầu cùng 7UP Soda Chanh #UongSoDa #AnSoNgon #7UPSodaChanh #7UPmukbang  Text on frame: CẦN "CHÍNH QUYỀN" CAN THIỆP MÀN ĐẠI CHIẾN GIỮA BÉ DUY, LONG CHUN VÀ CAO HOÀNG MẪN VÀO PHIÊN MEGA LIVESTREAM MUKBANG ĐẦU TIÊN TẠI VIỆT NAM CÙNG 7UP SODA CHANH	''	''	https://drive.google.com/file/d/1vWUDyB_1bzel8_EkEWqhMeMymv6UqXKX/view?usp=sharing		Đạt	Duyệt		
2024-08-28	Quảng cáo	Phạm Hoàng My	BEAT:  NÓ CỨ PHẢI GỌI MƯỚT MƯỜN MƯỢT !!!!! 😍  Sau bao ngày làm các cụ, các mợ đam mê 4 bánh bàn tán ko ngớt thì cuối cùng MG 7 cũng đã được trình làng tại Việt Nam.  Nhìn qua sương sương thôi cũng đủ thấy độ nuột của em nó rồi. Đẹp dã man, thiết kế lạ mắt, nội thất cũng sang chảnh vip pr0, hệ thống an toàn tốt… đã thế giá lăn bánh lại còn same same mấy con hạng C. Dự là chú MG 7 này có khi thành mẫu sedan hot nhất phân khúc hạng D, xe quốc dân cho mọi người mọi nhà luôn ấy chứ =))  Nói chung là hàng ngon, lại còn được đặt cọc ngày ra mắt với ưu đãi lớn 👌 nóng hổi vừa thổi vừa chốt đơn nhé 500 ae 😌  #MGVietnam #MGVN  Ảnh: https://drive.google.com/drive/folders/1KxO_1n_eXRbQOW87JhKcViyGVG1jMUuM?usp=drive_link  Cmt:  MG là thương hiệu xe còn khá mới mẻ với thị trường Việt nhưng đã "nhẵn mặt" ở quốc tế. Riêng trong nửa đầu năm 2023, thương hiệu MG đã bán ra 115.000 xe tại châu Âu, tăng 143% so với năm trước. Tại Việt Nam, SAIC Motor Việt Nam (SMV) đảm nhiệm vai trò trực tiếp điều hành và phân phối độc quyền thương hiệu ô tô MG với những chính sách và cải tiến phù hợp với nhu cầu của người Việt.	''	''	https://drive.google.com/drive/folders/1KxO_1n_eXRbQOW87JhKcViyGVG1jMUuM?usp=drive_link		Đạt	Duyệt		
2024-08-28	Quảng cáo	Lưu Minh Quang	Content: "Có chương trình khuyến mãi nào gần đây mà khiến mình mua hàng chỉ để lấy quà không?"	''	''			Bách	Duyệt		
2024-08-28	Quảng cáo	Lưu Minh Quang	Cap: Quá là xịn luôn. 10 điểm không có nhưng !!!  Vid: https://drive.google.com/file/d/1FY-uh6eqo9RJ6JDmLaOCG2UqAe5uI1qW/view?usp=sharing	''	''	https://drive.google.com/file/d/1FY-uh6eqo9RJ6JDmLaOCG2UqAe5uI1qW/view?usp=sharing		Đạt	Duyệt		
2024-08-28	Quảng cáo	Phạm Hoàng My	Beatvn - Video: https://drive.google.com/file/d/1kQzwG6HpyxzGUEWF56zC7wzB5q3Swacf/view - Caption:  LẠI THÊM “CHÔNG GAI” CỦA CÁC ANH GIAI XUẤT HIỆN!  Cứ ngỡ chỉ một 🌳  Trần là đã đủ “chông gai” cho cánh đàn ông - khi mà từ đầu chương trình ATVNCG tới giờ các chị em cứ chết mê chết mệt 🌳  Trần rồi đòi đổi chồng đổi bạn trai. Thì lại tới kiếp nạn oppa K-Team nữa :)  Quay một vòng văn phòng thấy các chị em đồng nghiệp cứ chụm đầu vào xem đi xem lại video của một oppa nhảy cực bốc, ừ thì cũng cuốn đấy, tưởng đâu lại có nhóm nhạc Hàn tên K-Team chuẩn bị đì-biu nữa, hóa ra người ta là giám đốc bên công ty BĐS Hàn Quốc tên N.H.O! Bảo sao vừa đẹp giai, nhảy đẹp, lại còn xây nhà xịn có tiếng nữa thì bao chị em phụ nữ đòi theo xây tổ ấm.  Chúng tôi đề nghị phía công ty N.H.O tập trung xây thêm mấy nghìn ngôi nhà chuẩn Hàn cho gia đình Việt, đừng hát hay nhảy nữa, để hình ảnh cánh đàn ông chúng tôi còn được bảo toàn!	''	''	https://drive.google.com/file/d/1kQzwG6HpyxzGUEWF56zC7wzB5q3Swacf/view		Bách	Duyệt		
2024-08-28	Quảng cáo	Bùi Thị Khánh 	https://docs.google.com/spreadsheets/d/1Oavg-gd3H2ea_OqHa3C6EnSo6Tq3bogFK20zmaHqvL0/edit?gid=1536277014#gid=1536277014	''	''	https://docs.google.com/spreadsheets/d/1Oavg-gd3H2ea_OqHa3C6EnSo6Tq3bogFK20zmaHqvL0/edit?gid=1536277014#gid=1536277014		Đạt	Duyệt		
2024-08-28	Quảng cáo	Lưu Minh Quang	https://drive.google.com/file/d/1qyFvkyx3A1mosVhHHV5Z--woGjG5rEdi/view?usp=sharing	''	''	https://drive.google.com/file/d/1qyFvkyx3A1mosVhHHV5Z--woGjG5rEdi/view?usp=sharing		Đạt	Duyệt		
2024-08-28	Quảng cáo	Lưu Minh Quang	https://docs.google.com/document/d/1MNomcRMnonwimcJKXdOyA6CHDZmw9jbkjcWixoYIQkY/edit	''	''	https://docs.google.com/document/d/1MNomcRMnonwimcJKXdOyA6CHDZmw9jbkjcWixoYIQkY/edit		Đạt	Duyệt		
2024-08-28	Quảng cáo	Thành Đạt	ok chị ạ	''	''				Duyệt		
2024-08-28	Quảng cáo	Nguyễn Thị Khánh Ly	ĐIỂM CHECK IN MÙA THU NHẤT ĐỊNH KHÔNG THỂ BỎ QUA GỌI TÊN  LỄ HỘI PHÁO HOA 8WONDER MOON FESTIVAL 2024  Ai bảo 8WONDER Moon Festival chỉ có đại nhạc hội bùng nổ, ở đây còn có siêu lễ hội pháo hoa cực xịn để anh chị em tha hồ đến check in này!!   Đêm 7/9, cả nhà sẽ được chiêm ngưỡng màn bắn pháo hoa dự kiến diễn ra lúc 22h45 tại cầu Đông Tây, khu Venice. Sự kiện diễn ra ngay sau siêu nhạc hội 8WONDER vào tối 7/9, tái hiện đêm hội pháo hoa Bastille Day của Pháp. Từ cả bờ Đông và bờ Tây, mọi người đều có thể thưởng thức màn trình diễn pháo hoa được kỳ công thiết kế với tạo hình trái tim, hình cá vàng, giàn mưa bạc, giàn hoa rực rỡ nhiều màu sắc… xoay chuyển liên hồi. Vì vậy quẩy xong nhạc hội đừng quên ở lại để check in cùng pháo hoa đẳng cấp nhé!!   Đẳng cấp quốc tế, mở cửa tự do. Thu này phải qua 8WONDER Moon Festival xem bắn pháo hoa mới được!!  #8Wonder #MoonFestival #OceanCity #Hanoi	'457246409_809567887924205_3566774679065463014_n_1946613149102389.jpg'	''			Bách	Duyệt		
2024-08-28	Quảng cáo	Nguyễn Thị Khánh Ly	Khẩn!! Cần tìm người nắm tay và xem pháo hoa cùng =))))  Đến hẹn lại lên, đến gần Trung Thu là không khí cần có bồ để nắm tay, để vi vu ăn chơi mùa thu nó lại tăng cao đột biến. Cùng với những lễ hội rầm rộ được diễn ra mà phải cô đơn đứng nhìn cặp khác tay trong tay thì khá là cay 🙂  Ae chuẩn bị tinh thần vào tối 07/09 này ngay sau khi Siêu nhạc hội 8WONDER kết thúc thì sẽ diễn ra màn bắn pháo hoa rực rỡ và kỳ công nhất tại cầu Đông Tây khu Venice, Ocean City tái hiện đêm hội pháo hoa Bastille Day của Pháp.  Bật mí là sẽ có những màn trình diễn được đầu tư công phu với thiết kế tạo hình trái tim, hình cá vàng, giàn mưa bạc, giàn hoa rực rỡ nhiều màu sắc… xoay chuyển liên hồi.  Rồi đó, giờ thì đi kiếm gấu để đi chơi 8WONDER Moon Festival xong xem bắn pháo hoa là hợp lý, đỉnh nóc nha!!  #8Wonder #MoonFestival #OceanCity #Hanoi	'457125843_1029548408814911_935677541984273716_n_1023872655857442.png'	''			Bách	Duyệt		
2024-08-28	Quảng cáo	Nguyễn Thị Khánh Ly		'456244276_1571613374237370_5722480223546101689_n_1571613370904037.png'	''			Đạt	Duyệt		
2024-08-28	Quảng cáo	Nguyễn Thị Khánh Ly	https://drive.google.com/file/d/1nrMVBtVitT71T8GXMI7a6j-EjfpZQPN2/view  Cap: Mùa thu đến rồi!! Đi date ngay thôi =)))	''	''	https://drive.google.com/file/d/1nrMVBtVitT71T8GXMI7a6j-EjfpZQPN2/view		Bách	Duyệt		
2024-08-28	Quảng cáo	Nguyễn Thị Khánh Ly	okie em	''	''				Duyệt		
2024-08-28	Quảng cáo	Nguyễn Thị Khánh Ly	HOÀ MÌNH VÀO KHÔNG KHÍ LỄ HỘI TRUNG THU CHUẨN HÀN QUỐC NGAY TẠI PHÍA ĐÔNG HÀ NỘI  Chỉ còn hơn 1 tuần nữa là siêu nhạc hội 8WONDER Moon Festival quy tụ dàn nghệ sĩ đình đám trong và ngoài nước sẽ diễn ra lại Ocean City, bên cạnh những màn trình diễn đỉnh chóp, anh em tới đây còn được trải nghiệm không khí lễ hội Trung thu Chuseok chuẩn Hàn Quốc ngay tại phân khu K-Town.  Anh em không chỉ được thỏa mãn đam mê ẩm thực với bữa tiệc hương vị đậm chất Hàn mà còn tha hồ tham gia trải nghiệm chợ truyền thống Hàn Quốc, máy nhảy Zling, biến hoá với trang phục truyền thống Hanbok, K-Idol show, K-Random Dance, diễu hành múa trống và múa quạt truyền thống.  Điểm nhấn đặc biệt nhất chính là Lễ hội Đèn lồng nguyện ước Jinju được tái hiện từ lễ hội đèn lồng nổi tiếng Jinju Namgang Yudeung của Hàn Quốc. Đây sẽ trở thành điểm check-in hot nhất mùa lễ hội với không gian lung linh rực rỡ, những chiếc đèn lồng truyền thống rực rỡ sắc màu.  8Wonder Moon Festival đúng chuẩn là sự kết hợp hoàn hảo giữa âm nhạc, văn hóa và giải trí rồi! Anh em sẵn sàng tinh thần ăn chơi hết nấc thôi, nhanh tay săn vé siêu nhạc hội 8WONDER Moon Festival để chào đón một mùa lễ hội bùng nổ và đáng nhớ nhé! - Comment:  Lễ hội Trung thu Chuseok sẽ diễn ra vào khung giờ 10:00 - 22:00 từ 06 - 08/09/2024, anh em có thể săn vé 8WONDER Moon Festival tại:  - Kênh bán vé của BTC: Website 8thwonder.vn, vinwonders.com, mobile app VinWonders - Kênh bán của các đại lý chính thức: KKday, Klook, VinID	'456377660_359655080541515_9001688263510643043_n_386628721124072.png'	''			Đạt	Duyệt		
2024-08-28	Quảng cáo	Nguyễn Thị Khánh Ly	TT BEAT XANH:  ĐỊA ĐIỂM HẸN HÒ HÓT NHẤT MÙA THU NĂM NAY!!! LỄ HỘI TRUNG THU CHUSEOK CHUẨN CHẤT HÀN QUỐC CÓ MẶT TẠI 8WONDER MOON FESTIVAL!!!  Đón đầu xu thế mùa thu năm nay với không khí độc lạ mà náo nhiệt của một trong những ngày lễ cổ truyền lớn nhất Hàn Quốc ngay tại phân khu K-Town Ocean City. Lễ hội tại khu đèn lồng nguyện ước Jinju Namgang Yudeung ngập tràn ánh đèn, lung linh huyền ảo mặc thêm bộ Hanbok cứ gọi là chuẩn bài như bước ra từ phim cổ trang siêu chất. Nhất anh em Hà Nội rồi!!! Đầu mùa thu mà đưa crush làm bộ ảnh check-in sống ảo đẹp lung linh đăng dần thì hết nước chấm!!  Bên cạnh đó, các tín đồ ăn uống không thể bỏ qua khu ẩm thực với bữa tiệc hương vị đầy hấp dẫn đậm chất Hàn, mà còn thoả sức tham gia trải nghiệm chợ truyền thống, máy nhảy Zling. Choáng ngợp cùng K-Idol show, K-Random Dance, cũng như thưởng thức diễu hành múa trống và múa quạt truyền thống mang đậm giá trị văn hoá Hàn tại đây.   Nổi bật nhất trong sự kiện diễn ra trong 3 ngày từ 6/9 đến 8/9 lần này là Đại nhạc hội quy tụ các siêu sao đẳng cấp thế giới như Ne-Yo, B.I cùng dàn ca sĩ đình đám trong nước như HIEUTHUHAI, CHIPU, LOWG, tổ đội gerdnang, ... Vừa tận hưởng âm nhạc đẳng cấp, vừa được trải nghiệm lễ hội ẩm thực, giải trí, văn hoá, nghệ thuật và đêm hội pháo hoa thì còn gì bằng.  Nhanh tay đặt vé để trải nghiệm cảm giác "chill ngày cháy đêm" tận hưởng đầu lễ hội mùa thu này nhé!!!	''	''			Đạt	Duyệt		
2024-08-28	Quảng cáo	Lưu Minh Quang	THAY VÌ CHẠY SALE DỊP LỄ, MỘT SHOP THỜI TRANG LẠI....DÁN CỜ TỔ QUỐC ĐỂ BÀY TỎ LÒNG BIẾT ƠN  Dịp lễ 2/9 được xem như một trong những dịp nghỉ lễ lớn nhất trong năm của đất nước. Trong khi các thương hiệu thời trang khác đang chạy đua treo biển giảm giá dịp 2/9 thì Calie - một shop quần áo được nhiều bạn trẻ yêu thích lại mặc kệ doanh số mà...dán quốc kỳ kín cả cửa hàng để bày tỏ lòng biết ơn!!   Khi được nhiều người thắc mắc rằng 2/9 mà không treo biển giảm giá để chạy doanh số, Calie trả lời rằng shop muốn dành khoảng thời gian này để bày tỏ lòng yêu nước chứ không phải để bán hàng, đúng là kinh doanh kiểu người giàu :)) mà không biết có giàu thật không nhưng chắc chắn là giàu lòng yêu nước là điều không thể phủ nhận!   Dán cờ quốc kỳ kín 10 cửa hàng, che hết cả sản phẩm bên trong, cờ quốc kỳ phải được dán càng to càng tốt". Không những vậy, Calie còn tặng gần 1000 chiếc túi tote Mùa Yêu Nước cho các bạn trẻ để lan tỏa thêm tình yêu tổ quốc, yêu đồng bào!!  GenZ là một thế hệ trẻ yêu nước và biết ơn nhưng đôi khi lại bị gắn mác vô ơn, quên mất đất nước. Đó là lí do Calie muốn được đồng hành cùng các bạn trẻ, bằng những sản phẩm chất lượng cùng thông điệp yêu nước cực kì dễ thương!	''	''			Đạt	Duyệt		
2024-08-28	Quảng cáo	Lưu Minh Quang	https://drive.google.com/drive/folders/158q_e6cWGIGVUWGUZhEBwz-YwxPCrmcQ	''	''	https://drive.google.com/drive/folders/158q_e6cWGIGVUWGUZhEBwz-YwxPCrmcQ		Đạt	Duyệt		
2024-08-28	Quảng cáo	Lưu Minh Quang	QUÁ XÁ ĐÃ!!! THỜI ĐẾN CẢN KHÔNG KỊP  CÙNG LI-NING ĐÓN SIÊU SALE 30% TOÀN BỘ QUẦN ÁO, GIÀY DÉP MÙA HÈ ĐỈNH NÓC, KỊCH TRẦN MỪNG QUỐC KHÁNH   Cơ hội vàng trong làng “xốp ping” cho các fans nhà Li-Ning xúng xính áo quần, giày, dép hè cho kỳ nghỉ lễ này đâyyyy   Gi gỉ gì gi, đồ hè gì cũng giảm từ quần áo, giày, dép,...toàn kèo thơm ngon hết nước chấm…Lâu lắm mới thấy sale xịn thế này, các dân chơi tranh thủ hốt ngay cho ló lóng chứ còn gì nứa. Chả nhẽ lại đi múc nguyên cả cái store về nhà cho nó đã! Tranh thủ thu trảnh ngay vì ưu đãi chỉ diễn ra đến hết 3/9 thôi đấy bà con ơi!!	''	''			Đạt	Duyệt		
2024-08-28	Quảng cáo	Lưu Minh Quang	"TỚI CÔNG CHUYỆN" - LI-NING "CHƠI TỚI BẾN" ƯU ĐÃI 30% TOÀN BỘ QUẦN ÁO, GIÀY, DÉP MÙA HÈ ❗❗  Tin mật vừa được bật mí, mới dạo vài vòng quanh phố thì phát hiện tụ điểm mua sắm dành cho các tín đồ thời trang thể thao hàng hiệu tại Hà Nội Li-Ning đang sale đậm sâu luôn nè!!!    Khởi động tuần lễ mua sắm để chào mừng Quốc Khánh và kỳ nghỉ lễ đáng nhớ, Li-Ning đang ưu đãi cực shock bà con ơi, toàn bộ quần áo, giày, dép, phụ kiện,... mùa hè đều được ưu đãi sâu, cùng hàng ngàn quà tặng lên tới 775K!! Chương trình chỉ diễn ra từ nay đến 3/9 thôi nên nhanh chân nha các ní!!!	''	''			Đạt	Duyệt		
2024-08-28	Quảng cáo	Lưu Minh Quang	ap tiktok:  Lần đầu xuất hiện giữa bão sóng gió, Hằng Du Mục có thay đổi quan điểm của mình về nghề livestream? 21h30 tối thứ 7 đón xem tập tiếp theo của Nghề Chủ Chốt để biết rõ thực hư!!  #NgheChuChot #TikTokShop #MoMo #ViTraSau #TikTokGiaiTri #TVShowHay	''	''			Đạt	Duyệt		
2024-08-28	Quảng cáo	Bùi Thị Khánh 	🔥BIẾT TIN GÌ CHƯA CÁC CHỊ EM ƠI!!! MỪNG ĐẠI LỄ 2/9 - THỜI TRANG PANTIO SALE LỚN TỚI 50% ++ TOÀN BỘ CỬA HÀNG & TRỪ THÊM TỚI 800K GIÁ TRỊ ĐƠN HÀNG!!!  Các chị em đã sẵn sàng để "tan chảy" trước những món đồ thời trang siêu chất lượng với giá cực yêu chưa?  PANTIO đang "bung lụa" với chương trình sale lớn nhất năm, giảm giá sâu đến hơn 50% TOÀN BỘ CỬA HÀNG. Đừng bỏ lỡ cơ hội làm mới tủ đồ của mình với những thiết kế thời thượng nhất nhé! ✨  ◼️ TOÀN BỘ CỬA HÀNG GIẢM SHOCK TỚI 50% ++ ◼️ TRỪ THÊM 800K với ĐH bất kỳ từ 3 triệu 600 ngàn đồng. ◼️ TRỪ THÊM 500K với ĐH bất kỳ từ 2 triệu 400 ngàn đồng. ◼️ TRỪ THÊM 200K  với ĐH bất kỳ từ 1 triệu 200 ngàn đồng.  Nhanh tay lên các nàng ơi, thời gian để sở hữu những item đẹp giá hời đang dần hết! ⏳ Pantio đang "cháy hàng" với chương trình sale siêu khủng này. Đừng để vuột mất cơ hội có 1-0-2 này nhé!  Truy cập website Pantio theo địa chỉ bên dưới comment để biết thêm chi tiết về Lễ hội mua sắm FINAL SALE - MỪNG ĐẠI LỄ 2/9 của thương hiệu thời trang cao cấp PANTIO nhé!	'455833918_898429442191857_6030399729519302916_n_898429435525191.jpg'	''			Bách	Duyệt		
2024-08-27	Quảng cáo	Lương Phương Thảo	27 . 08 . 2024 - HÀ NỘI - NHỮNG TRẢI NGHIỆM MÙA THU KHÔNG THỂ BỎ LỠ |  Đón đầu xu hướng trong thời tiết Hà Nội đang vào thu, ngay sau kỳ nghỉ lễ Tết Độc Lập, sự kiện Lễ Hội Mùa Thu chuẩn chất từ Á sang Âu quy tụ tại 8WONDER MOON FESTIVAL sắp được diễn ra xuyên suốt 3 ngày từ 6/9 đến hết 8/9/2024!!!   Nổi bật với Đại nhạc hội quy tụ các siêu sao đẳng cấp thế giới hót rần rần giang cư mận mấy ngày gần đây. Ngoài ra, sau khi đêm nhạc kết thúc du khách khi đến đây sẽ được "quẩy xuyên màn đêm" tại Lễ hội Té bia cực chất! Đặc biệt, hội người mê bia có thể “tỉ thí” tại cuộc thi uống bia nhanh BEERATHONS để nhận được những phần thưởng giá trị hay quẩy banh nóc với màn té bia cùng dàn DJ kết hợp với vũ đạo cuốn hút từ các vũ công tại Lan Quế Phường!!.  Ngoài ra, khi đến với 8WONDER MOON FESTIVAL anh em phải thốt lên khi đắm chìm vào không gian lung linh náo nhiệt Lễ hội Trung hu Chuseok, bánh trung thu HN đậm đà bản sắc, Đêm hội pháo hoa, Vũ trụ Sống xanh Greeniverse, ... cùng các trải nghiệm ẩm thực, văn hóa đỉnh chóp.  Đừng quên có hẹn với 8WONDER MOON FESTIVAL tại Ocean City vào tháng 9 tuyệt vời này nhé	'454866948_1981052369015547_9111909480894473958_n_1030212452135519.png'	''			Bách	Duyệt		
2024-08-27	Quảng cáo	Lương Phương Thảo	KIẾN  DANCHOI CHƯA CHẮC ĐÃ BÍC!!! LỄ HỘI MÙA THU CHUẨN CHẤT TỪ Á SANG ÂU QUY TỤ TẠI 8WONDER MOON FESTIVAL  Vừa nghỉ lễ Tết Độc Lập xong, dân tình chưa kịp đi làm mà lại phải đi chơi xuyên suốt 3 ngày từ 6/9 đến hết 8/9/2024 với một chuỗi các lễ hội ẩm thực, giải trí, văn hóa, âm nhạc, nghệ thuật và đêm hội pháo hoa chỉ có tại 8WONDER Moon Festival!!!  Điển hình với lễ hội Trung thu Chuseok mang tính biểu tượng Hàn Quốc, nét nèn nẹt với phong cách chuẩn Hàn ngay tại phân khu K-Town!!! Ai mà fan tín đồ ăn uống thì đây là dịp không thể bỏ lỡ với bữa tiệc hương vị hấp dẫn, ghé thăm chợ truyền thống Hàn Quốc cùng với các hoạt động diễu hành, K-Idol show, K-Random Dance, ... Đặc biệt, khu đèn lồng Jinju Namgang Yudeung ngập tràn ánh đèn, lung linh huyền ảo, thế này mặc thêm bộ Hanbok check-in thì cứ gọi là chuẩn bài!!!  Ngoài ra, các hoạt động chill ngày cháy đêm không thể bỏ qua như: EDM Orchestra kết hợp với Fashion show, Lễ hội Té bia “quẩy xuyên màn đêm”, Đêm hội pháo hoa, Vũ trụ Sống xanh Greeniverse, ... cùng các trải nghiệm ẩm thực, văn hóa cho du khách cảm giác phê từ (châu) Á đến ... (châu) Âu =)))  Quả là một trải nghiệm không thể bỏ lỡ!! AE còn chờ đợi gì mà không note ngay lịch đến 8WONDER Moon Festival tại Ocean City ngay thôi!!!	'455677361_7849363438495769_8309211986757261017_n_1099077968505897.png'	''			Bách	Duyệt		
2024-08-27	Quảng cáo	Lưu Minh Quang		'456345721_525518253470794_7648425569494848896_n_525518250137461.jpg'	''			Bách	Duyệt		
2024-08-27	Quảng cáo	Bùi Thị Khánh 	https://aeonmallvietnam-my.sharepoint.com/:w:/g/personal/longbien_aeonmall-vn_com/EfTGT6TDcsFKgh1dmlJJsuABimEjliCaby_oFUsfczepDQ?rtime=tqtA8nXG3Eg	''	''	https://aeonmallvietnam-my.sharepoint.com/:w:/g/personal/longbien_aeonmall-vn_com/EfTGT6TDcsFKgh1dmlJJsuABimEjliCaby_oFUsfczepDQ?rtime=tqtA8nXG3Eg		Đạt	Duyệt		
2024-08-27	Quảng cáo	Bùi Thị Khánh 	https://drive.google.com/drive/folders/1YxYfix6ErLGGp8SdyPaSiWP2NdAGo_q-?usp=sharing	''	''	https://drive.google.com/drive/folders/1YxYfix6ErLGGp8SdyPaSiWP2NdAGo_q-?usp=sharing		Đạt	Duyệt		
2024-08-27	Quảng cáo	Lưu Minh Quang	https://drive.google.com/file/d/1Ztm_8jFEIvkuYKm0m2ubHFMwn0T8lfyl/view	''	''	https://drive.google.com/file/d/1Ztm_8jFEIvkuYKm0m2ubHFMwn0T8lfyl/view		Đạt	Duyệt		
2024-08-27	Quảng cáo	Bùi Thị Khánh 	https://drive.google.com/file/d/1nuQBmODENz1D8CLw_gc-K63BVXmHVCso/view	''	''	https://drive.google.com/file/d/1nuQBmODENz1D8CLw_gc-K63BVXmHVCso/view		Đạt	Duyệt		
2024-08-27	Quảng cáo	Bùi Thị Khánh 	Cap: AE cùng chung tay giúp đỡ trẻ em nghèo Tây Nguyên nhé!!!	''	''			Đạt	Duyệt		
2024-08-27	Quảng cáo	Bùi Thị Khánh 	https://drive.google.com/drive/folders/1fiH5Q2WawlpS-KMUduS3Eh7EV-_aQG7p	''	''	https://drive.google.com/drive/folders/1fiH5Q2WawlpS-KMUduS3Eh7EV-_aQG7p		Đạt	Duyệt		
2024-08-27	Quảng cáo	Lương Phương Thảo	Kiến không ngủ  https://imgur.com/a/CSTBcVP  ĐI 8WONDER MẶC GÌ MỚI SLAY 💅💃  Idol nào fan mặc quần áo nấy mới tông xoẹt tông, mời anh em tham khảo các xì tai để lên đồ dần cho cháy :))))  Nhân tiện vé 8WONDER vẫn đang mở bán cực xôm, ai chưa mua thì mua lẹ lẹ!! Đừng quên tham gia chương trình Moon Festival ngay để cùng nhau lan tỏa không khí lễ hội và nhận về những phần thưởng hấp dẫn từ VinWonders nhé V-Creator ơi!  #8Wonder #MoonFestival #OceanCity #Hanoi	''	''	https://imgur.com/a/CSTBcVP		Đạt	Duyệt		
2024-08-27	Quảng cáo	Bùi Thị Khánh 	Kiến Không Ngủ - Tối 27/08 - Grab 10 năm  Caption: 1 viên kẹo nho nhỏ mang ý nghĩa to to!  Khoảnh khắc nhìn thấy cô chủ tiệm cơm ruột fill đầy túi để tiếp chút ngọt ngào cho mấy chú Grab giữa cái nắng gay gắt của Sài Gòn, tui chỉ biết thốt lên “ỏoo sao mà đáng yêu thế”. Đúng là chẳng cần gì nhiều gì nhặn, chỉ cần chút kẹo bánh xíu xiu cùng vài lời cảm ơn tử tế là thấy cả ngày trọn vẹn rồi nhỉ?   Thông điệp ý nghĩa của mấy cô chú chủ quán với Grab dành cho bác tài thật sự cần được lan toả nhaaa! Link Visual: https://drive.google.com/drive/folders/1jGDDVCtNUSRAOuBw5UHvFCvIo0lkzLEP?usp=drive_link	''	''	https://drive.google.com/drive/folders/1jGDDVCtNUSRAOuBw5UHvFCvIo0lkzLEP?usp=drive_link		Đạt	Duyệt		
2024-08-27	Quảng cáo	Bùi Thị Khánh 	https://drive.google.com/file/d/15Rw9BZYGpfQTAHJBTpFb_J3rwHOEBe4J/view?usp=sharing	''	''	https://drive.google.com/file/d/15Rw9BZYGpfQTAHJBTpFb_J3rwHOEBe4J/view?usp=sharing		Bách	Duyệt		
2024-08-27	Quảng cáo	Lưu Minh Quang	https://drive.google.com/file/d/11f0kzR3cPJdKe3vyLc6U-fpINQ6xmqnv/view?usp=sharing	''	''	https://drive.google.com/file/d/11f0kzR3cPJdKe3vyLc6U-fpINQ6xmqnv/view?usp=sharing		Đạt	Duyệt		
2024-08-27	Quảng cáo	Bùi Thị Khánh 	Caption: HẬU ĐÁM CƯỚI "HỤT", TẠ CÔNG BẰNG & CAO HOÀNG MẪN QUYẾT MUKBANG ĐẾN CÙNG TRÊN LIVESTREAM MUKBANG ĐẠI CHIẾN ĐẦU TIÊN TẠI VIỆT NAM CÙNG 7UP SODA CHANH ​​#UongSoDa #AnSoNgon #7UPSodaChanh #7UPMukbang  Text on frame: NHÀ LÀ PHẢI CÓ NÓC: HẬU ĐÁM CƯỚI "HỤT", TẠ CÔNG BẰNG & CAO HOÀNG MẪN QUYẾT MUKBANG ĐẾN CÙNG TRÊN LIVESTREAM MUKBANG ĐẠI CHIẾN ĐẦU TIÊN TẠI VIỆT NAM CÙNG 7UP SODA CHANH	''	''			Đạt	Duyệt		
2024-08-27	Quảng cáo	Bùi Thị Khánh 	Caption: Chính hãng ở đâu đâu đâu Ở VnShop đây đây đây!  Mấy ngày nay ông cháu đổi gu, dỗ ăn cơm không phải bật cá mập đu đu đu nữa mà phải bật VnShop đây đây đây, ám ảnh thật sự các ông ạ. Bùi Công Nam sáng tác bài nhạc chất lượng, như VnShop luôn bán hàng chuẩn chính hãng! Lại còn flash sale toàn sàn 50% mỗi 12 giờ trưa hàng ngày! Mua sắm thôi các ông cháu ơi!   #VnShop #100chinhhang  Pin Comment: Đúng 12 giờ trưa, Mua sắm VnShop ở ứng dụng ngân hàng và Ví VNPAY để nhận ưu đãi lớn:  PHÁT MÃ NỬA GIÁ CHO TOÀN BỘ SẢN PHẨM  - Mã 50% tối đa 10.000 VND - Mã 50% tối đa 50.000 VND - Mã 50% tối đa 100.000 VND   MIỄN PHÍ VẬN CHUYỂN CHO MỌI ĐƠN HÀNG ĐẾN 35.000 VND Mua ngay tại đây: https://bit.ly/beat_vnshop   TVC cần đăng chéo: https://drive.google.com/file/d/1LUOT5jmGIROWBYAEw0cHluTds8M5kCLU/view	''	''	https://bit.ly/beat_vnshop		Đạt	Duyệt		
2024-08-27	Quảng cáo	Lưu Minh Quang	Cmt:  CGV: https://bit.ly/CGV-HAI-MUOI  GALAXY: https://www.galaxycine.vn/dat-ve/hai-muoi/  CINESTAR: https://cinestar.com.vn/movie/8afdbfa1-a001-42b6-8f82-971aa254f782/  MOVEEK: https://moveek.com/lich-chieu/hai-muoi/  BHD: https://www.bhdstar.vn/dat-ve/?f=hai-muoi#/  LOTTE: https://www.lottecinemavn.com/LCHS/Contents/Movie/Movie-Detail-View.aspx?movie=11526  MOMO: https://www.momo.vn/cinema/hai-muoi-24020  BETA:  https://www.betacinemas.vn/chi-tiet-phim.htm?gf=f6596657-7120-406b-b462-5188321a8a79  Dcine: https://www.dcine.vn/film/hai-muoi/93baeaf4-6b2b-499b-9e6a-069375e4318d.html   MEGAGS: https://www.megagscinemas.vn/phim/hai-muoi/	''	''	https://www.cgv.vn/default/hai-muoi.html?deeplink=Y2d2Y2luZW1hc3ZpZXRuYW06Ly9tb3ZpZS82OTM0		Đạt	Duyệt		
2024-08-27	Quảng cáo	Nguyễn Thị Khánh Ly	Caption: Trung bình các anh đi chơi Trung Thu cùng ny tại Vincom (và hội chị em của cô ấy) :)))  Người tinh tế là người thấy ny lau cam điện thoại là biết đường chuẩn bị căn góc lăn lê bò toài rồi nhé các anh 😂  Comment: Anh nào thiếu tự tin về khả năng chụp ảnh của mình thì dẫn ny qua Vincom mà chụp hình Trung Thu. Đầy góc decor sống ảo bao đẹp đảm bảo dơ máy lên là ưng nhé 😂  https://drive.google.com/file/d/1A_YPX182hHH6laGIltbWL0f7X0QTGOqC/view?usp=sharing	'455270369_878899200262301_8056527772899244219_n_508719595086043.png'	''			Đạt	Duyệt		
2024-08-27	Quảng cáo	Bùi Thị Khánh 	2/9 NÀY KHÔNG "PHÁ ĐẢO" SUỐI TIÊN ĐỜI KHÔNG NỂ !!!! 😍😤  Dù ai đi ngược về xuôi, 2/9 này nhớ đến Suối Tiên quẩy tới bến nhé các anh em dân chơi. Ti tỉ hoạt động từ tham quan miễn phí Đền Hùng, cây ước nguyện 300 tuổi, chùa Long Hoa Thiên Bảo, Suối Tiên Farm... hay mãn nhãn cùng các chương trình nghệ thuật đỉnh nóc kịch trần... nói chung gi gỉ gì gi, cái gì cũng đã =))  Đặc biệt và cũng ngon nhất trong dịp lễ này là Suối Tiên sẽ tặng 2000 vé free trong ngày 2/9 cho mọi người tới đây ăn chơi phè phỡn hết cả za =))  Quá nhiều lý do để đến đây "phá đảo", chơi quên luôn lối về rồi. Xách balo lên và đi thui các dân chơi êiiiiiiiiiiii  Comment: Chi tiết các hạng mục vé mà Suối Tiên tặng free mng đây nè:  👉 TẶNG 𝟏.𝟎𝟎𝟎 COMBO BIỂN TIÊN ĐỒNG NGƯỜI LỚN: ✔️ Du khách đến đầu tiên ngày 2/9 mua 4 vé combo Biển Tiên Đồng người lớn/trẻ em sẽ được tặng 1 vé combo Biển Tiên Đồng trị giá 320.K và có giá trị sử dụng trong ngày.  👉 TẶNG 𝟏.𝟎𝟎𝟎  VÉ CỔNG NGƯỜI LỚN: ✔️ Tất cả du khách mua 4 vé combo Biển Tiên Đồng người lớn/trẻ em sẽ được tặng 1 vé cổng trị giá 150.K, có giá trị sử dụng đến 30/11/2024. ---------------- 🔰 VÉ COMBO BIỂN TIÊN ĐỒNG CÓ GÌ HẤP DẪN?  - Bao gồm vé cổng, Taxi, Suối Tiên Farm, Vương Quốc Cá Sấu Giang Sơn Bách Thú, Massage cá, Biển Tiên Đồng 🔰SỞ HỮU VÉ CỔNG SẼ CHƠI ĐƯỢC GÌ? - Tham quan m.iễn ph.í Đền Hùng, cây ước nguyện hơn 300 tuổi, chùa Long Hoa Thiên Bảo, Suối Tiên Farm…	'455320418_834121372145645_3254367589842605577_n_834121368812312.jpg'	''			Đạt	Duyệt		
2024-08-27	Quảng cáo	Lưu Minh Quang	https://docs.google.com/document/d/16AMw-JaeIBIF0wqqGqjpSfWMYP1M4hFLEKwQFfmMinU/edit	''	''	https://docs.google.com/document/d/16AMw-JaeIBIF0wqqGqjpSfWMYP1M4hFLEKwQFfmMinU/edit		Đạt	Duyệt		
2024-08-27	Quảng cáo	Lưu Minh Quang	https://drive.google.com/file/d/1sO9dEJA2UpVdcBfJYfsN-SxoD8tUARoO/view?usp=sharing	''	''	https://drive.google.com/file/d/1sO9dEJA2UpVdcBfJYfsN-SxoD8tUARoO/view?usp=sharing		Đạt	Duyệt		
2024-08-27	Quảng cáo	Bùi Thị Khánh 	https://drive.google.com/drive/u/0/folders/14_Y9I6lDcmB5IZOwOHu67bpYKoLiEx-V	''	''	https://drive.google.com/drive/u/0/folders/14_Y9I6lDcmB5IZOwOHu67bpYKoLiEx-V		Đạt	Duyệt		
2024-08-27	Quảng cáo	Bùi Thị Khánh 	https://docs.google.com/document/d/1Yw7JiSwtLgO3gvZxpy8H0F3GafNhQzsBNW_qfk6JeBw/edit	''	''	https://docs.google.com/document/d/1Yw7JiSwtLgO3gvZxpy8H0F3GafNhQzsBNW_qfk6JeBw/edit		Đạt	Duyệt		
2024-08-27	Quảng cáo	Thanh Hương	CHỌN MẶT GỬI VÀNG!!! NHÌN GIÁM ĐỐC THƯƠNG HIỆU UY TÍN THẾ NÀY CÒN GÌ NỮA  Người đẹp Lan Khuê mà đã cộng tác thì đủ hiểu thương hiệu uy tín cỡ nào rồi đấy!!! DELIA - thương hiệu Nha khoa & Thẩm mỹ uy tín đã tạo được tiếng vang lớn trên thị trường làm đẹp và trong lần bắt tay đỉnh của chóp này với Lan Khuê ắt hẳn mạnh mẽ hơn nữa!!  Anh chị em nào đang bắt đầu hành trình làm đẹp thì hãy theo dõi Lan Khuê và DELIA ngay nhé!!!  #CBOLanKhue #DeliaBeautyGroup #NhakhoaDelia #VienthammyElia  https://imgur.com/a/jxfQ7wo   Comment:  🔥 Bùng nổ Khai trương Tổ hợp Nha khoa và Thẩm mỹ Delia Sài Gòn, đăng ký là có quà liền: https://s.net.vn/12W7	''	''	https://imgur.com/a/jxfQ7wo		Đạt	Duyệt		
2024-08-27	Quảng cáo	Lưu Minh Quang	tiktok:  THAY VÌ CHẠY SALE DỊP LỄ, MỘT SHOP THỜI TRANG LẠI....CHẠY THEO TREND CỜ TỔ QUỐC!!  Dịp lễ 2/9 được xem như một trong những dịp nghỉ lễ lớn nhất trong năm của đất nước. Trong khi các thương hiệu thời trang khác đang chạy đua treo biển giảm giá dịp 2/9 thì Calie - một shop quần áo được nhiều bạn trẻ yêu thích lại mặc kệ doanh số mà...chạy theo trend vẽ quốc kỳ kín cả cửa hàng để bày tỏ lòng biết ơn!!   Khi được nhiều người thắc mắc rằng 2/9 mà không treo biển giảm giá để chạy doanh số, Calie trả lời rằng shop muốn dành khoảng thời gian này để bày tỏ lòng yêu nước chứ không phải để bán hàng, đúng là kinh doanh kiểu người giàu :)) mà không biết có giàu thật không nhưng chắc chắn là giàu lòng yêu nước là điều không thể phủ nhận!   Dán cờ quốc kỳ kín các cửa hàng, che hết cả sản phẩm bên trong, cờ quốc kỳ phải được dán càng to càng tốt". Không những vậy, Calie còn tặng gần 1000 chiếc túi tote Mùa Yêu Nước cho các bạn trẻ để lan tỏa thêm tình yêu tổ quốc, yêu đồng bào!!  GenZ là một thế hệ trẻ yêu nước và biết ơn nhưng đôi khi lại bị gắn mác vô ơn, quên mất đất nước. Đó là lí do Calie muốn được đồng hành cùng các bạn trẻ, bằng những sản phẩm chất lượng cùng thông điệp yêu nước cực kì dễ thương! Quốc Khánh này nhớ qua Calie shopping và nhận quà các bạn nhé!!	''	''			Đạt	Duyệt		
2024-08-27	Quảng cáo	Lưu Minh Quang	Tiktok:  Cứ ngỡ ngồi xa màn hình là an toàn, người mẹ vô tình để ánh sáng xanh làm tổn thương hàng triệu tế bào nhãn cầu của con cho đến khi Bộ Y Tế và Kun Doctor kêu gọi hành động  Với suy nghĩ rằng ngồi cách xa màn hình là đủ để bảo vệ mắt con khỏi ánh sáng xanh, nhiều bậc phụ huynh vô tình để con đối mặt với nguy cơ tổn thương nhãn cầu nghiêm trọng. Nhưng thực tế, ánh sáng xanh từ các thiết bị điện tử hiện đại có thể ảnh hưởng đến mắt trẻ ở bất kỳ khoảng cách nào, dù gần hay xa.  Theo chuyên gia y tế, mắt trẻ em chưa hoàn thiện, võng mạc còn rất nhạy cảm, dễ bị tổn thương bởi ánh sáng xanh. Ánh sáng này có thể gây ra các vấn đề như mỏi mắt, khô mắt, thậm chí là thoái hóa điểm vàng, gây ảnh hưởng nghiêm trọng đến thị lực.  Để nâng cao nhận thức về tác hại của ánh sáng xanh đối với mắt trẻ, Bộ Y Tế và Kun Doctor đã chung tay phát động chiến dịch kêu gọi hành động.  Bộ Y Tế x Kun Doctor khuyến cáo các bậc phụ huynh nên chú ý bảo vệ mắt con bằng cách bổ sung dinh dưỡng cho mắt với sản phẩm Kun Doctor Eye Max. Kun Doctor Eye Max là giải pháp dinh dưỡng bảo vệ mắt được Bộ Y Tế khuyến nghị, giúp tăng cường sức khỏe cho mắt, hỗ trợ bảo vệ mắt khỏi tác hại của ánh sáng xanh.   Hãy hành động ngay để bảo vệ đôi mắt con yêu. Đừng để ánh sáng xanh tiếp tục tàn phá hàng triệu tế bào nhãn cầu của con!	''	''			Đạt	Duyệt		
2024-08-27	Quảng cáo	Lưu Minh Quang	https://docs.google.com/document/d/16AMw-JaeIBIF0wqqGqjpSfWMYP1M4hFLEKwQFfmMinU/edit	''	''	https://docs.google.com/document/d/16AMw-JaeIBIF0wqqGqjpSfWMYP1M4hFLEKwQFfmMinU/edit		Đạt	Duyệt		
2024-08-27	Quảng cáo	Tuấn Dũng	cái này e check với chị Trịnh giấy tờ chứng minh tổ chức của quỹ này chưa, nếu quỹ của nhà nước thì ok. Của tư nhân tự phát thì thui e ah	''	''				Duyệt		
2024-08-27	Quảng cáo	Bùi Thị Khánh 	check giúp em xem dạng bài gây quỹ này có nhận ko ạ	''	''				Duyệt		
2024-08-27	Quảng cáo	Lưu Minh Quang	Material: https://drive.google.com/file/d/1lwozSk9i6BhX9hyoAoXTDF8PwW8-ddod/view Caption: PHIM CỦA QUYỀN LINH RA MẮT DỊP LỄ 2/9 - HAI MUỐI CHÍNH THỨC MỞ BÁN VÉ 👏  Gia đình ông Hai Muối - Quyền Linh sắp oanh tạc phòng vé rồi đây ! Một câu chuyện tình cảm gia đình nhiều cảm xúc. Đặt vé chuẩn bị ra rạp ngay thôi.  Hai Muối - Dự kiến khởi chiếu: 30.08.2024 #haimuoi #phimhaimuoi	''	''	https://drive.google.com/file/d/1lwozSk9i6BhX9hyoAoXTDF8PwW8-ddod/view		Đạt	Duyệt		
2024-08-27	Quảng cáo	Nguyễn Thị Khánh Ly	https://drive.google.com/file/d/11Wdjn_rWxtveIQGORMlHvkbA48wsPvCR/view  CAP: Bắt đáy cực mạnh ACE ơi!!!	''	''	https://drive.google.com/file/d/11Wdjn_rWxtveIQGORMlHvkbA48wsPvCR/view		Đạt	Duyệt		
2024-08-27	Quảng cáo	Bùi Thị Khánh 	check lại tớ nhé	''	''			Đạt	Duyệt		
2024-08-27	Quảng cáo	Bùi Thị Khánh 	CƠ HỘI CÓ 1-0-2 CỰC HỜI DÀNH CHO ANH EM TÀI XẾ DUY NHẤT NGÀY 28/08   Anh em chỉ cần bỏ ra 7 triệu để nhận ngay xe VinFast mới cứng vận doanh, miễn phí sạc pin 1 năm duy nhất tại Ngày hội Bác Tài Xanh Hà Nội.  Cộng hưởng thêm mức doanh thu chia sẻ 87% chỉ áp dụng trong tháng 8 nữa thì đúng là hời vô cùng luôn. Đã có hơn 5000 anh tài xế HCM chớp được thời cơ vào phút cuối. Anh em thủ đô nhanh tay chốt deal hời thôi!  Cơ hội cuối để đăng ký tham dự ngày 28/08 này tại nhà thi đấu quận Thanh Xuân Hà Nội nhé anh em! Check ngay comment để biết thêm chi tiết	''	''			Đạt	Duyệt		
2024-08-27	Quảng cáo	Thành Đạt	CƠ HỘI CÓ 1-0-2 DUY NHẤT NGÀY 28/08 ĐỂ CÓ THU NHẬP TỚI 40 TRIỆU+/THÁNG VỚI VỐN CHỈ TỪ 7 TRIỆU	''	''			Đạt	Duyệt		
2024-08-27	Quảng cáo	Bùi Thị Khánh 	https://drive.google.com/drive/folders/1KPPqAMiOeevjoUAp7bmrIIHvRo-1ol0N?usp=drive_link	''	''	https://drive.google.com/drive/folders/1KPPqAMiOeevjoUAp7bmrIIHvRo-1ol0N?usp=drive_link		Đạt	Duyệt		
2024-08-27	Quảng cáo	Lưu Minh Quang	https://docs.google.com/document/d/12_tzLnkz-VqmgIC44uGKgtAvMwQ0Ef2y_0LWSHz3czU/edit?usp=sharing	''	''	https://docs.google.com/document/d/12_tzLnkz-VqmgIC44uGKgtAvMwQ0Ef2y_0LWSHz3czU/edit?usp=sharing		Đạt	Duyệt		
2024-08-27	Quảng cáo	Lưu Minh Quang	Chuyện của HN 20h tối nay  Đón Trung Thu vẹn tròn cảm xúc cùng "GIỜ CHUYỆN TRĂNG" tại Highlands Coffee.  Không cần rồng rắn lên Đồng Xuân, Hàng Mã, chỉ cần ghé qua Highlands là có có thể cảm nhận được không khí Trung Thu tân thời rộn ràng và ấm áp phù hợp với những người trẻ hiện đại.   Mâm cỗ trông trăng của Highlands Coffee tất nhiên chẳng thể nào thiếu bánh, cũng đủ đầy 7749 vị trà. Nhưng đặc biệt hơn cả, năm nay Highlands tổ chức "Giờ Chuyện Trăng" - một hoạt động mới trong năm nay giúp tạo nên những khoảnh khắc để hàn gắn, hàn huyên và trao nhau những tràng cười giòn giã.  Giờ Trông Trăng sẽ diễn ra từ 19h30 - 21h30 (tuỳ cửa hàng). Highlands sẽ tắt đèn và thắp sáng đêm Rằm bằng lồng đèn và nến điện. Nhờ đó không gian xung quanh chỉ còn tập trung vào cuộc hẹn, cuộc gặp gỡ thân mật với người đối diện.    Trung Thu đã gõ cửa. Lên lịch săn ảnh lung linh và ghi dấu những khoảnh khắc vẹn tròn cảm xúc mùa Trung Thu tại Highlands Coffee ngay nào!  Link hình post theo thứ tự 5 hình đầu:  https://drive.google.com/drive/folders/1_7VfyMOgZXN7UaTJ8l_3ljsi_B5Z-rkn?usp=sharing	''	''	https://drive.google.com/drive/folders/1_7VfyMOgZXN7UaTJ8l_3ljsi_B5Z-rkn?usp=sharing		Đạt	Duyệt		
2024-08-27	Quảng cáo	Lưu Minh Quang	Giờ mới biết tạp hoá còn tặng cả sinh tố lúa mạch free các bác ạ =))  Chỉ cần ghé tiệm tạp hoá là nhận được 1 lon bia Bud miễn phí và chơi game trúng thưởng, các bác nhanh chân ghé tạp hoá gần nhà tại khu Trung Hoà Nhân Chính, Cầu Giấy và Mỹ Đình, Nam Từ Liêm vào giờ tan tầm để nhận quà nhée - Comment:  Tới tạp hoá là auto nhận 1 lon bia Bud và 1 lượt chơi Plinko miễn phí, bác nào mua 12 lon lại có thêm 1 lượt chơi Plinko nữa nha. Quà bao gồm voucher 10K, áo, nón và ly siêu đẹpp	''	''			Bách	Duyệt		
2024-08-27	Quảng cáo	Bùi Thị Khánh 	BeatVN  27/08 11:00   SIÊU PHẨM HOẠT HÌNH CHO DỊP LỄ 2/9 - "SÓI BẢNH 200%":  GẤP ĐÔI HỀ HƯỚC, SIÊU LẦY SIÊU BỰA DÀNH CHO CẢ GIA ĐÌNH   Gòi gòi tới công chuyện, “Sói Bảnh 200%” đã trở lại và lầy lội hơn xưa khi tăng gấp đôi sự hài hước và nội dung giải trí “đỉnh nóc, kịch trần, bay phấp phới”.  Vẫn tiếp nối sự dễ thương của phần 1 “Sói 100%”, phần 2 này sẽ là cuộc phiêu lưu cực kỳ hấp dẫn của cậu bé người sói Freddy Lupin và nhóm bạn Freddy, Batty… khi tìm cách đưa Moopoo - Tinh linh mặt trăng tinh nghịch trở lại mặt trăng.  Sở hữu nội dung đỉnh chóp, hình ảnh siêu dễ thương với những miếng hài siêu lầy xuyên suốt của Sói Bảnh, bom tấn hoạt hình “Sói Bảnh 200%” đã khiến nhiều “búp măng non” cười rung rạp mà quên ăn luôn cả bắp.  Bộ phim cực phù hợp cho cả gia đình cùng nhau xả stress trong dịp lễ này!  🐺200% SÓI BẢNH | Dự kiến khởi chiếu: 30.08.2024 #200SoiBanh #200Wolf  https://drive.google.com/file/d/1Bwho6r4h2cXHtQifC6mKGWPOKsxlgPvS/view?usp=drivesdk	''	''	https://drive.google.com/file/d/1Bwho6r4h2cXHtQifC6mKGWPOKsxlgPvS/view?usp=drivesdk		Đạt	Duyệt		
2024-08-27	Quảng cáo	Nguyễn Thị Khánh Ly	check giúp c video này lên Beat với: https://www.youtube.com/watch?v=MG_HKlecPac	''	''	https://www.youtube.com/watch?v=MG_HKlecPac		Bách	Duyệt		
2024-08-26	Quảng cáo	Nguyễn Thị Khánh Ly	check lại giúp c cap SGN nha:  Sài Gòn vẫn luôn sôi động, náo nhiệt trên từng con phố, ngách hẻm không quản ngày đêm ... Dịp lễ 2/9 tới, đi đu đưa đi, có Xanh SM chở tới nơi tới chốn rùii. Cứ nhập mã XANHVN để được ưu đãi 29% lên tới 29K, mình đi chơi tẹt lun nha mấy ní ơiiiiii #xanhsm #xanhvn #manhliettinhthanvietnam	''	''			Bách	Duyệt		
2024-08-26	Quảng cáo	Nguyễn Thị Khánh Ly		'456483643_1707420463338535_6735069438268161810_n_1707420460005202.jpg'	''			Đạt	Duyệt		
2024-08-26	Quảng cáo	Nguyễn Thị Khánh Ly	CCHN:  Dù có đi bốn phương trời, lòng vẫn nhớ về Hà Nội… Lễ này, để Xanh SM chở bạn khám phá các địa điểm du lịch vang danh Hà thành trong tiết trời sang thu êm dịu 🍂  Mừng Quốc khánh tặng mã XANHVN nhận ngay ưu đãi 29% lên tới 29K. Đặt Xanh ngay!  https://drive.google.com/drive/folders/1vNUp0mH7ondtHYH6Z5AZXFHU39gRXu0I	''	''	https://drive.google.com/drive/folders/1vNUp0mH7ondtHYH6Z5AZXFHU39gRXu0I		Đạt	Duyệt		
2024-08-26	Quảng cáo	Nguyễn Thị Khánh Ly	SGN:  Mừng 2/9, để Xanh SM chở bạn vi vu hòa nhịp với cuộc sống sôi động cả ngày lẫn đêm tại Sài Gòn.   Tham quan những công trình kiến trúc nổi tiếng và đắm mình vào lễ hội đường phố cùng những người thân yêu. Nhập mã XANHVN nhận ngay ưu đãi 29% lên tới 29K. Đặt Xanh ngay!  https://drive.google.com/drive/folders/1pQTs7KU_Scqzul68AYIqRAcySPuhzp1Z	''	''	https://drive.google.com/drive/folders/1pQTs7KU_Scqzul68AYIqRAcySPuhzp1Z		Đạt	Duyệt		
2024-08-26	Quảng cáo	Lưu Minh Quang	https://drive.google.com/file/d/1eoaGIvzw76DHU0OjkZq3O4idDeahAscn/view?usp=sharing  Caption: Cái tên vận vào người Hằng Du Mục	''	''	https://drive.google.com/file/d/1eoaGIvzw76DHU0OjkZq3O4idDeahAscn/view?usp=sharing		Đạt	Duyệt		
2024-08-26	Quảng cáo	Nguyễn Thị Khánh Ly	check lại giúp chị ảnh này nha: https://drive.google.com/file/d/10-2YRBiDAX2mOxMfLyRKdAKeBRw3yuvC/view?fbclid=IwY2xjawE5PpxleHRuA2FlbQIxMAABHThrR3CD0S4a6VGMLRTCTiLw6Wf0L2UwTs-NXmkncmRgpWidf3serdSaWQ_aem_WkfPBqX2-T-0CZrkLCtbOg	''	''	https://drive.google.com/file/d/10-2YRBiDAX2mOxMfLyRKdAKeBRw3yuvC/view?fbclid=IwY2xjawE5PpxleHRuA2FlbQIxMAABHThrR3CD0S4a6VGMLRTCTiLw6Wf0L2UwTs-NXmkncmRgpWidf3serdSaWQ_aem_WkfPBqX2-T-0CZrkLCtbOg		Đạt	Duyệt		
2024-08-26	Quảng cáo	Lưu Minh Quang	"Trung bình người đi đường hôm nay: Ơ ơ cái gì thế nhỉ ???? 😳  Nếu thật thế này thì ảo vch nhỉ =)) ai kiểm chứng hộ tui vớiiii"	''	''			Đạt	Duyệt		
2024-08-26	Quảng cáo	Lưu Minh Quang	https://drive.google.com/drive/folders/1hBJ8zxuPG1iyJYjvF0miyzZQbAKxTUEZ?usp=drive_link	''	''	https://drive.google.com/drive/folders/1hBJ8zxuPG1iyJYjvF0miyzZQbAKxTUEZ?usp=drive_link		Đạt	Duyệt		
2024-08-26	Quảng cáo	Nguyễn Thị Khánh Ly	TT BEAT ĐỎ:  BẠN CÓ HIỂU BA MẸ NHƯ BẠN NGHĨ? NẾU CHƯA THÌ PHẢI DÙNG FILTER ĐANG CÓ TẬN 2000 NGƯỜI THAM GIA NÀY NGAY!  Phụ huynh thường có những câu nói, hành động là lạ mà những người con như chúng ta vẫn chưa "đủ trình" để thấm thía được hết.  Rầm rộ trên tóp tóp mấy hôm nay xuất hiện một chiếc filter được hơn 2000 người con thi nhau dùng để xem ẩn ý đằng sau những câu nói sức khoẻ của phụ huynh, anh chị em nhà mình ai đã test thử chưa?  Đây tôi ví dụ luôn nè: Ba mẹ hay nói "Tối qua 2h sáng mới về nhà phả không?" sự thật là tín hiệu cho biết ba mẹ có thể đang có đề kháng yếu, ngủ không được sâu nên có tiếng động là biết ngay. Chuẩn cơm mẹ nấu luôn chưa????  Và còn rất nhiều câu hay nữa, chiếc fillter thần kỳ này đang được rất nhiều tiktoker dùng để thấu hiểu nỗi liềm của phụ huynh.   Ae nào muốn hiểu hơn về sức khỏe ba mẹ thì có thể tham khảo các câu nói ở trên filter cùng Varna Colostrum nhé!	''	''			Đạt	Duyệt		
2024-08-26	Quảng cáo	Nguyễn Thị Khánh Ly	QUÁ XÁ ĐÃ THỜI ĐẾN CẢN KHÔNG KỊP!!! ĐƯỢC ĂN ĐƯỢC NÓI ĐƯỢC GÓI MANG VỀ!!!  Cực hót từ nay đến hết 28.9.2024, chỉ cần đăng tải hoá đơn trong ngày từ 300k tại TTTM Vincom bất kỳ lên nền tảng đổi hoá đơn tại Vincom sẽ có cơ hội trúng 1 trong 5 GIẢI ĐẶC BIỆT:  Combo vé máy bay + Khách sạn Vinpearl 3 ngày 2 đêm & vé vào cửa VinWonders (Nha Trang hoặc Nam Hội An) dành cho 03 người (2 người lớn, 1 trẻ em) đó nha mấy ní ơi.   Ngoài ra còn nhân ngay 1 mã đổi quà sáng tạo độc quyền của Vincom. Tết độc lập đang tới gần, nhận thêm quà "Đại tiệc Trung thu - Trúng quà vi vu" siêu chất thế này thì hết nước chấm, 10 điểm không có nhưng!!! Cụ thể như nào thì anh em hóng ngay bên dưới nhen!!!	'455253137_1501363910745288_4897248543999236773_n_779782814145994.png'	''			Đạt	Duyệt		
2024-08-26	Quảng cáo	Nguyễn Thị Khánh Ly	TT BEAT ĐỎ:  TIN CHẤN ĐỘNG GIÁ VÀNG CHẠM ĐÁY CHỈ BẰNG 2 LỐC SỮA GÂY SANG CHẤN CỘNG ĐỒNG MẠNG!!!  Mới đây, dân tình "đứng ngồi không yên" với tin sang chấn trúng vàng!!! Các mom nô nức truyền tai nhau bắt đáy giá vàng chỉ bằng 2 lốc sữa MILO!!!  Mở bát đã có rất nhiều các mẹ trúng giải trên khắp các tỉnh thành Việt Nam, gọi tên TP.HCM, Đồng Tháp, Phú Thọ, Đồng Nai. Lần khuyến mãi này có thể nói là cực cháy, các bậc phụ huynh chia sẻ chưa bao giờ giá vàng lại rẻ như thế này, 10 điểm không có nhưng!!  Cụ thể, MILO chơi lớn chương trình khuyến mãi, khi mua MILO lốc 8 hộp sẽ nhận được thẻ cào với cơ hội trúng 24 hộp MILO vàng mỗi ngày. Đặc biệt, các bậc phụ huynh còn có cơ hội nhạn được hàng triệu giải thưởng hấp dẫn khách như thẻ nạp điên thoại, bộ vợt cầu lông, vân vân và mây mây với tỷ lệ trúng siêu cao, kiểu nhắn 2 trúng 1.   Chương trình kéo dài từ 12 tháng 8 đến hết 15 tháng 11, với số lượng vàng cực khủng thì các mẹ cứ nhanh tay bắt đáy đầu tư, vừa bổ sung dinh dưỡng khoẻ mạnh cho gia đình mà lụm vàng siêu chất. Nhanh chân đến ngay các tiệm tạp hoá gần nhà, săn ngay mấy thùng có lốc 8 hộp MILO thì chả mấy thành người thành công!!	''	''			Bách	Duyệt		
2024-08-26	Quảng cáo	Nguyễn Thị Khánh Ly	TT BEAT Đỏ:  TRẢI NGHIỆM SPECIAL "LẤY MỘT LON, NẾU BẠN CÓ SINH NHẬT, TIN VUI HAY CỘT MỐC SPECIAL", AI MÀ KHÔNG LẤY LÀ HƠI PHÍ VÌ LẦN NÀO TRONG ĐỜI CHẢ LÀ LẦN SPECIAL  Vừa mừng, vừa lo cho Bia Sài Gòn quá các ông êi!!  Bia Sài Gòn Special đang tổ chức một hoạt động Trải nghiệm Special "Lấy một lon, nếu bạn có sinh nhật, tin vui công việc hay cột mốc special" ngay tại các TTTM (*pop up text các TTTM diễn ra).   Mừng là vì nhận được lon Bia Sài Gòn Special miễn phí, phiên bản đặc biệt chúc mừng dịp đặc biệt. Còn lo là vì không biết Bia Sài Gòn có đủ lon để phát cho mọi người nữa không đây, vì lần nào trong đời chả là lần Special!!   Người nối người cứ đến booth của BSG special để trải nghiệm lấy một lon, check-in hay tham gia vòng quay may mắn trúng quà giới hạn như áo/nón BSG hợp tác cùng Binz, drinking card thú vị, bình nước, voucher xem phim CGV,... cùng cơ hội nhận vé fan meeting cùng Binz ở 2 đầu cầu HN & TP.HCM nữa chứ!  Chả biết lãi gì chứ lần này chắc chắn nhãn hàng LÃI ĐẬM tình cảm của người dùng rồi. Ai cũng đã sở hữu Vị special cho dịp special của riêng mình cùng với ê hề, ê hề quà mang về nhà.	''	''			Bách	Duyệt		
2024-08-26	Quảng cáo	Lưu Minh Quang		'456733416_1552459325685218_2527398694570584191_n_1552459322351885.jpg
 454640744_484839981108494_3966524598215234884_n_484839977775161.jpg
 456475027_1038804567785892_2207938558577009492_n_1038804564452559.jpg
 456371619_1555667318686729_6166589365069336376_n_1555667315353396.jpg
 456475028_3670444753269223_2703445641754866452_n_3670444749935890.jpg'	''			Đạt	Duyệt		
2024-08-26	Quảng cáo	Nguyễn Thị Khánh Ly	kênh ngoài;  Visual: https://imgur.com/a/SVNeIcC  Caption: Các anh chồng kiểu: Bình thường rất ít khi lo việc nhà nhưng một khi đã lo thì chắc chắn là có gì đó =))   Comment:  Các mom nhanh tay mua lốc 8 hộp sữa lúa mạch MILO để săn thẻ cào trúng 24 hộp MILO vàng mỗi ngày cùng hàng triệu giải thưởng hấp dẫn khác như thẻ điện thoại, bộ vợt cầu lông với tỷ lệ trúng siêu cao từ nay đến 15/11/2024 nhé: https://www.nestlemilo.com.vn/nhantintrungquangay	''	''	https://imgur.com/a/SVNeIcC		Đạt	Duyệt		
2024-08-26	Quảng cáo	Lưu Minh Quang	IT thì cũng có IT this, IT that !!!! Cơ mà IT this này sắp “bưng” cả đội bóng sang Anh xem Liverpool thi đấu thì nể luôn rồi ... + 100000 respect, vua của mọi nghề :))   Cho ae nào chưa biết thì trải qua một mùa giải đầy gay cấn, vượt qua 43 đội đến từ các công ty, doanh nghiệp khác trên toàn quốc, những chàng trai IT đến từ FPT Software chính thức giành ngôi vô địch Giải bóng đá Cúp Standard Chartered 2024, với thành tích không để thủng lưới bàn nào.  Với kết quả này, những chàng trai công nghệ cũng trở thành đại diện đến Anh xem trực tiếp CLB Liverpool thi đấu, tham quan sân vận động Anfield và tham gia buổi tập huấn chuyên nghiệp được hướng dẫn bởi các huyền thoại CLB tại Học viện CLB bóng đá Liverpool. Sướng nhất là anh em cứ việc “du hí” Anfield, mọi deadline ở nhà đã có công ty lo.  Nói thêm về Giải bóng đá Cúp Standard Chartered. Đây là giải đấu không chuyên do Ngân hàng Standard Chartered tổ chức tại các thị trường mà ngân hàng này hoạt động kể từ năm 2012. Đây là năm thứ sáu giải đấu được tổ chức tại Việt Nam.  Vừa chăm luyện code và bắt bug, lại giỏi đá bóng thế này thì bảo sao các anh IT đúng là vua mọi nghề =))). Chưa kể chiếc công ty đẳng cấp, giờ có đội bóng cũng đẳng cấp, cũng tiến global luôn. Một từ thôi: ĐỈNH	''	''			Bách	Duyệt		
2024-08-26	Quảng cáo	Nguyễn Thị Khánh Ly	check c lên Beat với: https://docs.google.com/presentation/d/1njl5iM8om2Fj0Se0pshve2vg9tL-d5NyFuZMvwCcgGc/edit?fbclid=IwY2xjawE5GbpleHRuA2FlbQIxMAABHSHPK2a4Nkuus9-uYLmO5jP5y1IEzL17y7cAnLtrYwYo_TgYPcc33K1zzw_aem_V-RI9GFRm8k5Hn-CWh4mfg#slide=id.g2833bfb1a9a_0_0	''	''	https://docs.google.com/presentation/d/1njl5iM8om2Fj0Se0pshve2vg9tL-d5NyFuZMvwCcgGc/edit?fbclid=IwY2xjawE5GbpleHRuA2FlbQIxMAABHSHPK2a4Nkuus9-uYLmO5jP5y1IEzL17y7cAnLtrYwYo_TgYPcc33K1zzw_aem_V-RI9GFRm8k5Hn-CWh4mfg#slide=id.g2833bfb1a9a_0_0		Bách	Duyệt		
2024-08-26	Quảng cáo	Lưu Minh Quang	https://drive.google.com/file/d/14mI65cI4vRooBLcOg8NA5yIAdD2LON3L/view?usp=sharing	''	''	https://drive.google.com/file/d/14mI65cI4vRooBLcOg8NA5yIAdD2LON3L/view?usp=sharing		Bách	Duyệt		
2024-08-26	Quảng cáo	Lưu Minh Quang	Caption: Lý Tiêu Dao, cái tên đã khắc sâu vào tuổi thơ biết bao người, nay lại một lần nữa xuất hiện trong Tiên Kiếm: Gặp Lại Tiêu Dao mới. Bạn đã sẵn sàng cho cuộc hành trình trở lại tuổi thơ cùng Cao Thủ chưa   Comment:  Link FB chính thức: https://www.facebook.com/vntienkiem/	'455075988_7775435282568311_7244340836965779124_n_7775435279234978.png'	''	https://www.facebook.com/vntienkiem		Bách	Duyệt		
2024-08-26	Quảng cáo	Nguyễn Thị Khánh Ly		'455657026_2597085860486298_6512290898542480312_n_2472922436239226.jpg'	''			Đạt	Duyệt		
2024-08-26	Quảng cáo	Nguyễn Thị Khánh Ly	ĐỘC LẠ HÀ NỘI, SÀI GÒN: CỨ CÓ SINH NHẬT/ KỈ NIỆM/ CHIẾN THẮNG LÀ ĐƯỢC LẤY FREE NGAY 1 LON BIA??  Chuyện thật không đùa, lấy free luôn anh em nhé!!   Bia Sài Gòn đang có 1 chiếc box đặc biệt mang tên “GET ONE IF” BOX. Nếu tại máy bán nước tự động bình thường, anh em phải đút tiền vào để lấy nước thì tại đây, anh em có thể lấy ngay 1 lon bia FREE chỉ cần có ngày sinh nhật là hôm nay, có một ngày làm việc vất vả, có một cột mốc đáng nhớ, có một chiến thắng nào đấy cần ăn mừng....Hay ho độc lạ chưa?????  Bên cạnh lon bia đặc biệt, anh em còn có cơ hội nhận những phần quà hấp dẫn: áo/nón BSG x Binz, drinking card, bình nước, voucher CGV,...cùng cơ hội nhận vé fan meeting cùng Binz.  Đến đâu để thấy chiếc box này thì anh em nhanh chân qua ngay CGV Landmark 81,Tòa nhà Melinh Point - Sài Gòn và CGV Royal City, CGV AEON MALL Hà Đông - Hà Nội nhá!! Còn anh em ở tỉnh thì cứ mạnh dạn mà t.a.g @ Bia Sài Gòn vào để đem box về tỉnh cho anh em nhé!   Còn chờ gì nữa mà không qua trải nghiệm anh em ơi!!	'456296968_474604552005981_8847283572297334846_n_1025230918813202.jpg'	''			Đạt	Duyệt		
2024-08-26	Quảng cáo	Nguyễn Thị Khánh Ly	BIA SÀI GÒN KHÔNG NÓI: HÁP PI BỚT ĐÂY BIA SÀI GÒN NÓI: LẤY 1 LON NẾU HÔM NAY LÀ SINH NHẬT BẠN, BẠN THẬT SPECIAL  Đúng như cái tên, Bia Sài Gòn Special, tặng quà anh em cũng phải độc lạ, đặc biệt như này luôn!!  Cho anh em nào chưa biết thì Bia Sài Gòn đang có 1 chiếc box “GET ONE IF” BOX khá độc lạ, ở đấy anh em được tha hồ "Lấy một lon, nếu bạn có...." hoàn toàn miễn phí. Có gì thì vô vàn luôn, từ có ngày sinh nhật là hôm nay, có một ngày làm việc vất vả, có một cột mốc đáng nhớ....Cứ có gì hay ho là được ngay 1 lon bia kỉ niệm cho dịp đó! Chất chưa?  Bên cạnh lon bia đặc biệt, anh em còn có cơ hội nhận những phần quà hấp dẫn: áo/nón BSG x Binz, drinking card, bình nước, voucher CGV,...cùng cơ hội nhận vé fan meeting cùng Binz.  Chiếc box đặc biệt này đang hiện diện tại CGV Landmark 81,Tòa nhà Melinh Point - Sài Gòn và CGV Royal City, CGV AEON MALL Hà Đông - Hà Nội!! Anh em nơi khác muốn có thì đừng ngần ngại @ Bia Sài Gòn vào để đem box hay về tỉnh cho anh em nhé!!  Lập team đến săn ngay lon bia đặc biệt có 1-0-2 này đi nào anh em ơi!!!!	'456172401_524636710227980_5147721756474369837_n_1202355577572839.jpg'	''			Đạt	Duyệt		
2024-08-26	Quảng cáo	Nguyễn Thị Khánh Ly		'456593426_1289020182545112_3571732296105332238_n_362507186907676.jpg'	''			Bách	Duyệt		
2024-08-25	Quảng cáo	Nguyễn Thị Khánh Ly	Kenh ngoài:    Ảnh: https://drive.google.com/file/d/1gzSg_KjOwSLB4_pDE_4t7bFjUmFW3hYJ/view?usp=sharing   Caption: CUỘC CHIẾN SĂN VÀNG MILO KHÔNG HỒI KẾT GIỮA CÁC TỈNH THÀNH. CƠ HỘI TRÚNG 24 HỘP MILO VÀNG MỖI NGÀY VẪN CÒN!!!    Từ Bắc vào Nam, các tỉnh như Phú Thọ, Yên Bái, Phú Thọ, Hà Nội, Bình Thuận, Gia Lai, Long An, Đồng Nai, Đồng Tháp, Sài Gòn, Bình Phước, ... người người nhà nhà nhẹ nhàng ẵm chỉ vàng giá chỉ bằng 2 lốc sữa MILO. Ảo thật đấy!     Cụ thể là MILO đang có chương trình khuyến mãi, cứ mua 2 lốc sữa là có cơ hội trúng 24 hộp MILO vàng mỗi ngày. Hôm nay không trúng thì hôm sau lại có cơ hội, hot vậy nên cuộc chiến này cứ gọi là không thấy hồi kết. Anh em nào thấy giá vàng giờ bất ổn quá thì cứ MILO lốc 8 mà triển. Tranh thủ ra tạp hóa trước 15/11 đi nhá!    Cmt: Mà có lỡ không trúng vàng thì cũng khỏi lo, chương trình đang nhả nhiều giải lắm, cứ nhắn 2 trúng 1 hay sao ấy, tha hồ hốt thẻ điện thoại, với mấy món đồ thể thao, để đây để anh chị tham khảo thêm nhá!    #MILO #MILOVietnam #NhanTinTrungQuaNgay	''	''	https://drive.google.com/file/d/1gzSg_KjOwSLB4_pDE_4t7bFjUmFW3hYJ/view?usp=sharing		Đạt	Duyệt		
2024-08-25	Quảng cáo	Nguyễn Thị Khánh Ly	Caothu:    Ảnh: https://drive.google.com/file/d/1cph2dHgWCMI4huBGp7Yds0LLpsDdDA_3/view?usp=sharing   Caption:  CAO THỦ "" SĂN VÀNG GIÁ 60K CHÍNH THỨC GỌI TÊN SÀI GÒN & HẬU GIANG. CƠ HỘI VẪN CÒN, MUA MILO LỐC 8 NGAY!  Tranh thủ giá vàng chạm đáy...... chỉ bằng mua 2 lốc sữa MILO, từ Nam ra Bắc, nhà nhà người người đều tranh thủ bắt đáy và rất nhiều người đã thành công. Dẫn đầu cả nước gọi tên 2 thành phố là Hồ Chí Minh đã thắng 7 giải và Hậu Giang là 10 giải. Phải công nhận là đỉnk kout, kịch trần, bay phấp phới luôn đấy 😎  Nhưng phải công nhận là quả chương trình này của MILO đỉnh thật, cứ mua MILO lốc 8 hộp sẽ nhận được thẻ cào với cơ hội trúng 24 hộp MILO vàng mỗi ngày. Nếu ae không trúng vàng thì vẫn còn có cơ hội nhận được hàng triệu giải thưởng hấp dẫn khác như thẻ điện thoại, bộ vợt cầu lông... nữa cơ. Nên là làm gì thì làm, từ nay đến 15.11 test nhân phẩm của mình cái bằng việc mua MILO xem cuộc đời có lên hương ko nhé các dân chơi :))))))  #MILO #MILOVietnam #NhanTinTrungQuaNgay	''	''	https://drive.google.com/file/d/1cph2dHgWCMI4huBGp7Yds0LLpsDdDA_3/view?usp=sharing		Đạt	Duyệt		
2024-08-25	Quảng cáo	Nguyễn Thị Khánh Ly	CHUYỆN CỦA HÀ NỘI . Đăng sớm nhất có thể nha @KhánhBT   1. Caption: Hôm qua Hà Nội mưa to vì TPBank có bão visual  #TPBank #LễHộiSắmĐã #HèĐậmChấtTÔI  2. Comment: =)))) xem full ở đây nè: https://web.facebook.com/TPBank/videos/456342830729586?locale=vi_VN   3. Link ảnh: https://drive.google.com/file/d/1iJgRaD0tSlPNk491hWPMQc7ItFNvi3Rl/view?usp=drivesdk	''	''	https://www.facebook.com/TPBank/videos/456342830729586/		Bách	Duyệt		
2024-08-25	Quảng cáo	Lưu Minh Quang	Link vid: https://drive.google.com/file/d/12j2qdrOL3G3bKi0918w9x_dlEI6_ebw3/view?usp=sharing  Caption:   Chuyện gì xui nhất cũng tới tay Hằng Du Mục!!!  Không biết sắp tới chỉ còn gặp biến cố gì nữa, nhớ 21h30 tối thứ 7 lên kênh TikTok và YouTube của TikTok Shop Live check var liền tay   #NgheChuChot #TikTokGiaiTri #TVShowHay	''	''	https://drive.google.com/file/d/12j2qdrOL3G3bKi0918w9x_dlEI6_ebw3/view?usp=sharing		Bách	Duyệt		
2024-08-25	Quảng cáo	Nguyễn Thị Khánh Ly	https://drive.google.com/drive/folders/1bMkI7yOshs5CEIzOEpLeOOBChCIgaezE?fbclid=IwY2xjawE3v9VleHRuA2FlbQIxMAABHVHuemU6X-ebNpLcolLKzwJOU_sd_EVGKb8qsUMuL9n0AcAVmXV0rb1_5Q_aem_sL786N80zBICkQKSq07PFg	''	''	https://drive.google.com/drive/folders/1bMkI7yOshs5CEIzOEpLeOOBChCIgaezE?fbclid=IwY2xjawE3v9VleHRuA2FlbQIxMAABHVHuemU6X-ebNpLcolLKzwJOU_sd_EVGKb8qsUMuL9n0AcAVmXV0rb1_5Q_aem_sL786N80zBICkQKSq07PFg		Bách	Duyệt		
2024-08-25	Quảng cáo	Nguyễn Thị Khánh Ly	BEAT HP:  CUỐI TUẦN LÊN PHỐ ĐI BỘ VŨ YÊN CỨ PHẢI GỌI LÀ ĐỈNH NÓC 😆  Hình như cuối tuần trai xinh gái đẹp đất cảng quy tụ hết tại đây hay sao ấy 😛 thấy ai lên ảnh cũng đẹp, cũng vui hết nấc 😘  Chắc phải đặt tên phố đi bộ Vũ Yên là phố đi bộ đẹp và zui nhất quả đất mất :))))))))) ai chưa lên đây chơi thì tối nay làm cái hẹn qua đây luôn và ngay nhé !!!!!  #phodibovuyen	''	''			Bách	Duyệt		
2024-08-25	Quảng cáo	Lưu Minh Quang	Caption: Lẹ lẹ ko là anh sibun giận đó 😠😤 🤣#TaiKhoanTechcombank #SinhLoiTuDong #AnhTraiVuotNganChongGai #SOOBIN   Vid: https://drive.google.com/file/d/1dw9MZ42pOGt66BW45R_wEuj5b4-xIrU_/view?usp=sharing	''	''	https://drive.google.com/file/d/1dw9MZ42pOGt66BW45R_wEuj5b4-xIrU_/view?usp=sharing		Bách	Duyệt		
2024-08-25	Quảng cáo	Lương Phương Thảo	https://drive.google.com/file/d/1mAlSCUDLGsM0hKbL_PMpwMZ99C6KP_nj/view?usp=embed_facebook  - BEATVN:  TIẾP NĂNG LƯỢNG YAMALUBE CHO XE, SIÊU PHẨM YAMAHA NAY CÀNG ĐỈNH HƠN BAO GIỜ HẾT  Chạy xe Yamaha mà thiếu Yamalube - Dầu nhớt chính hãng dành cho xe Yamaha thì làm sao xế yêu của bạn có thể chiến mọi cung đường một cách mượt mà được nữa. Tất cả các dòng xe của Yamaha sẽ dùng dầu nhớt được đặc chế riêng như tay ga sẽ dùng Yamalube Blue Core, AT; xe số sẽ dùng Yamalube 4T, Eco; xe tay côn sẽ dùng Yamalube Full Synthetic.   Giá cả của Yamalube bán ổn định, mua tại đại lý hoặc online đều được. Còn muốn được thay nhớt FREE thì canh ngay dịp diễn ra khuyến mãi 27/8 - 30/8 Yamaha Care+ để được kiểm tra bảo dưỡng miễn phí, chạy xe tay ga đến thì còn tặng được dầu nhớt hộp số nữa đấy nhé! Chỉ diễn ra vài ngày với số lượng có hạn nên hãy tranh thủ đặt lịch đến ngay đại lý gần nhất nhé!  #Yamaha #YamahaTown #Phutungnhanhchong #Dichvutantam #YamahaCare+ #Yamalube   - PIN TOP CMT:  👉👉Chi tiết xem thêm tại: https://ymhvn.com/yamahacare2024"	''	''	https://drive.google.com/file/d/1mAlSCUDLGsM0hKbL_PMpwMZ99C6KP_nj/view?usp=embed_facebook		Đạt	Duyệt		
2024-08-25	Quảng cáo	Nguyễn Thị Khánh Ly	AE HẢI PHÒNG LÊN ĐỒ DỊP LỄ ĐI CHƠI Ở VINCOM CÓ GÌ?  Hòa chung không khí tưng bừng chào mừng Quốc Khánh 02.09, Vincom Plaza Imperia, Hải Phòng “tái xuất” với dàn thương hiệu đình đám, trải nghiệm đẳng cấp cùng đêm nhạc hội thăng hoa đầy cảm xúc có sự góp mặt của “Miêu Quý Tộc” Hà Nhi - chủ nhân của loạt “big hits” khuấy đảo các bảng xếp hạng và “Anh trai đất Cảng” Vũ Thịnh.   Đêm nhạc sẽ bắt đầu từ 19h30 - 21h ngày 30.08, mở cửa miễn phí cho ae Hải Phòng và du khách tới thưởng nhạc và ăn chơi, set kèo dần thui nào!!	'456082629_1524006475150297_7130340513055883800_n_8204133863036205.png'	''			Đạt	Duyệt		
2024-08-25	Quảng cáo	Nguyễn Thị Khánh Ly	ACHP:  Vincom Plaza Imperia tưng bừng mừng trở lại với đêm nhạc hội siêu hot ngày 30.08 🔥🔥🔥  Hóng thật sự 👀 Hòa chung không khí tưng bừng chào mừng Quốc Khánh 02.09, Vincom Plaza Imperia, Hải Phòng sẽ “tái xuất” với dàn thương hiệu đình đám, trải nghiệm đẳng cấp cùng đêm nhạc hội thăng hoa đầy cảm xúc có sự góp mặt của “Miêu Quý Tộc” Hà Nhi - chủ nhân của loạt “big hits” khuấy đảo các bảng xếp hạng và “Anh trai đất Cảng” Vũ Thịnh.   Thế này thì dịp nghỉ lễ tới, cả nhà phải lên lịch tới Vincom ăn chơi thỏa thích, nghe nhạc cực chill cùng anh em bạn bè gia đình để vui hết nấc rùiiiiiiiiiiiiiiiiiiiii 😛 Sự kiện hoàn toàn miễn phí! Nhanh tay set kèo đi nhá :)))))  ⏰ Thời gian: 19:30 - 21:00 | 30.08.2024 📌 Địa điểm: TTTM Vincom Plaza Imperia, Hải Phòng.	'455678042_1182614102819947_2947826372186899670_n_883131643689503.png'	''			Đạt	Duyệt		
2024-08-25	Quảng cáo	Lương Phương Thảo	Cao Thủ 25/08/2024   Flex tháng 8 trong tôi =))))))  Đừng quên tham gia chương trình Moon Festival ngay để cùng nhau lan tỏa không khí lễ hội và nhận về những phần thưởng hấp dẫn từ VinWonders nhé V-Creator ơi!  #8Wonder #MoonFestival #OceanCity #Hanoi  https://imgur.com/a/9iMmoKn	''	''	https://imgur.com/a/9iMmoKn		Đạt	Duyệt		
2024-08-24	Quảng cáo	Lưu Minh Quang	Beatvn Post 10: https://www.facebook.com/share/v/XhmanGntC58Lpxf6/ Cmt: Có ai chuẩn bị săn sale cuối tháng ko? Vô lấy mã FREESHIP từ Tiktokshop nè, FREESHIP cả năm luôn á tụi bây https://km.zalopay.vn/TSui/freeshiptiktokshop	''	''			Bách	Duyệt		
2024-08-24	Quảng cáo	Bùi Thị Khánh 	Cap: Đúng là thời tới cản không kịp mà 🏆!!!  Beatvn viral: https://drive.google.com/file/d/10K4u6gVBiCTrfR73W6D16PI7AvCwOjX5/view?usp=sharing	''	''	https://drive.google.com/file/d/10K4u6gVBiCTrfR73W6D16PI7AvCwOjX5/view?usp=sharing		Bách	Duyệt		
2024-08-24	Quảng cáo	Bùi Thị Khánh 	https://drive.google.com/drive/folders/1fawPShMJpI5bzNWz7h6BgKHUMzwSGfjJ?usp=sharing	''	''	https://drive.google.com/drive/folders/1fawPShMJpI5bzNWz7h6BgKHUMzwSGfjJ?usp=sharing		Bách	Duyệt		
2024-08-24	Quảng cáo	Bùi Thị Khánh 	https://drive.google.com/drive/folders/1fawPShMJpI5bzNWz7h6BgKHUMzwSGfjJ?usp=sharing	''	''	https://drive.google.com/drive/folders/1fawPShMJpI5bzNWz7h6BgKHUMzwSGfjJ?usp=sharing		Đạt	Duyệt		
2024-08-24	Quảng cáo	Bùi Thị Khánh 	SGN:  CHỈ CÒN 24 GIỜ: Đại hội võ lâm mùa 2 - “Ngày hội Bác Tài Xanh” của Xanh SM sẽ chính thức khởi tranh!!  Các bác tài hãy nhanh tay đăng ký tham gia và chuẩn bị  đón nhận những bất ngờ tới từ Xanh SM cùng cơ hội rinh điện thoại Samsung Galaxy, đồng hồ Galaxy Fit đến tai nghe AirPod về nha 😘  ——  KKN:  Các anh tài, bác tài chú ý: Chỉ còn 1 ngày để đăng ký tham gia “Ngày hội Bác Tài Xanh” mùa 2 của Xanh SM 💙  “Đại hội võ lâm mùa 2” này của Xanh SM sẽ quy tụ rất nhiều điều bất ngờ cùng cơ hội bốc thăm trúng thưởng từ điện thoại Samsung Galaxy, đồng hồ Galaxy Fit đến tai nghe AirPod. Ai mà bỏ lỡ là phí lắm đó nha!	''	''			Đạt	Duyệt		
2024-08-24	Quảng cáo	Lương Phương Thảo	Sài Gòn Nghenn 24/08/2024   "Nếu em là người yêu, anh sẽ chiều đến mức em sinh hư”  Cuộc đời này, chắc “nóc nhà” nào cũng ước có cho mình một Low G. Câu chuyện bắt nguồn từ nóc nhà của chủ tọa là fan cứng của idol Hàn Quốc B.I. Nếu theo dõi cặp đôi này đủ lâu, ai hẳn cũng biết chuyện Low G tháp tùng Dương Fynn khi đi đu idol, chiều chuộng ny mình được chụp chung idol như thế nào 😅 Và mới đây, khi 8WONDER Moon Festival công bố line up chính thức với sự góp mặt của B.I, NE-YO cùng dàn ca sĩ khách mời đỉnh chóp thì Dương Fynn đã k đứng ngoài cuộc mà nhanh nhảu hô hào fan comment “nhờ” BTC mời Low G diễn free đi. Không phụ lòng nhiệt tình của cô nàng thì BTC đã đáp lại bằng cách điền tên Low G vào dàn line up. Chưa dừng lại ở đó, Dương Fynn đã thông báo rất đáng yêu là “Anh Long (tức Low G) hoàn toàn tự nguyện nhé” 🤣🤣🤣  Thật sự đối với fan thì đây là một concert đỉnh nóc, kịch trần khi cả Low G và B.I cùng hội ngộ trên một sân khấu. Dương Fynn dịp này chắc chắn sẽ tháp tùng anh nhà, tiện đu idol luôn. Low G cũng vui k khém vì được góp mặt trong một festival âm nhạc quy tụ toàn dàn sao hot. Đúng là được anh, được ả được cả đôi bên. Nhiều người lúc này chỉ biết ước có một chàng người yêu dễ thương như Low G mà thui 😌  Đừng quên tham gia chương trình Moon Festival ngay để cùng nhau lan tỏa không khí lễ hội và nhận về những phần thưởng hấp dẫn từ VinWonders nhé V-Creator ơi!  #8Wonder #MoonFestival #OceanCity #Hanoi  https://imgur.com/QnYuFDL	''	''	https://imgur.com/QnYuFDL		Đạt	Duyệt		
2024-08-24	Quảng cáo	Lưu Minh Quang	https://drive.google.com/drive/folders/1dSyogiM-Z0Pp5-zDIbvvRRhhvQ07u1L-?usp=sharing	''	''	https://drive.google.com/drive/folders/1dSyogiM-Z0Pp5-zDIbvvRRhhvQ07u1L-?usp=sharing		Đạt	Duyệt		
2024-08-24	Quảng cáo	Nguyễn Thị Khánh Ly	Ảnh chung: https://www.google.com/url?q=https://www.google.com/url?q%3Dhttps://drive.google.com/drive/folders/1WQHEhKkqnV_x1N8d-Lgd6wWFUS_ysPNN?usp%253Dsharing%26amp;sa%3DD%26amp;source%3Deditors%26amp;ust%3D1724505114580707%26amp;usg%3DAOvVaw3kDARvw0U8s2zdhiZjMYdr&sa=D&source=docs&ust=1724505114587093&usg=AOvVaw0eCW6rW7U6krjIrE2BUZCN	''	''	https://www.google.com/url?q=https%3A%2F%2Fwww.google.com%2Furl%3Fq%3Dhttps%3A%2F%2Fdrive.google.com%2Fdrive%2Ffolders%2F1WQHEhKkqnV_x1N8d-Lgd6wWFUS_ysPNN%3Fusp%253Dsharing%26amp%3Bsa%3DD%26amp%3Bsource%3Deditors%26amp%3Bust%3D1724505114580707%26amp%3Busg%3DAOvVaw3kDARvw0U8s2zdhiZjMYdr&sa=D&source=docs&ust=1724505114587093&usg=AOvVaw0eCW6rW7U6krjIrE2BUZCN		Đạt	Duyệt		
2024-08-24	Quảng cáo	Nguyễn Thị Khánh Ly	CCHN  TẤT CẢ CHÚ Ý!!! KHI MUA VÉ 8WONDER ƯU ĐÃI LÊN ĐẾN 15% ĐẶC QUYỀN DÀNH CHO THÀNH VIÊN VINCLUB  Tuyệt vời ông mặt trời, vừa đón kỳ nghỉ lễ 4 ngày 2/9, dân tình được đón chào sự kiện 8WONDER Moon Festival 3 ngày thoải mái chill ngày cháy đêm tại đây!!!  Hót hơn bao giờ hết thì mới đây, đặc quyền chỉ dành riêng cho 3 hạng thành viên Gold, Platinum, Diamond của VinClub khi mua vé tham dự Đại nhạc hội 8WONDER Moon Festival: - Giảm 10% giá vé - Tích VPoint lên tới 5% - Độc quyền line check-in riêng cho thành viên hạng Diamond và Platinum của VinClub.  Hàng hót và hết sớm rất nhanh nên anh em tranh thủ rinh ngay những tấm vé siêu xịn quẩy tới bờ tới bến dịp nghỉ lễ này nhé!!!	''	''			Đạt	Duyệt		
2024-08-24	Quảng cáo	Nguyễn Thị Khánh Ly	Beat:  HỘI VIÊN VINCLUB “CHILL HẾT CỠ” TẠI 8WONDER VỚI ĐẶC QUYỀN KHỦNG!!  Nhận giá vé mềm hơn, điểm VPoint cao hơn là một vài đặc quyền mà hội viên VinClub hạng Gold, Platinum, Diamond sẽ được tận hưởng khi mua vé tham dự Đại nhạc hội 8WONDER Moon Festival, cụ thể:  - Giảm 10% giá vé, cực hời. - Tích VPoint lên tới 5%, thêm điểm tha hồ đổi quà. - Độc quyền line check-in riêng cho thành viên hạng Diamond và Platinum của VinClub, né đám đông vào show trong phút mốt.  Anh em nào đang sở hữu những hạng thẻ quyền lực này của VinClub thì đừng bỏ lỡ cơ hội đi chill siêu tuyệt vời cùng NE-YO, B.I., Chi Pu, HIEUTHUHAI... ở 8WONDER hôm 7/9 tới nha!	''	''			Đạt	Duyệt		
2024-08-24	Quảng cáo	Lưu Minh Quang	Caption: Lẹ lẹ ko là anh sibun giận đó 😠😤 🤣  Vid: https://drive.google.com/file/d/1dw9MZ42pOGt66BW45R_wEuj5b4-xIrU_/view?usp=sharing	''	''	https://drive.google.com/file/d/1dw9MZ42pOGt66BW45R_wEuj5b4-xIrU_/view?usp=sharing		Đạt	Duyệt		
2024-08-24	Quảng cáo	Nguyễn Thị Khánh Ly	c gửi lại cap Inside the box:   Tin chuẩn và VÀNG cũng là VÀNG THẬT! ✨  Giá vàng rẻ đến mức tiệm tạp hóa nhập sỉ về bán??? Khắp nơi từ Phú Thọ, Đồng Nai, Đồng Tháp, Sài Gòn, Bình Phước,… đã có những mẹ sắm được vàng thật 100% tại các tiệm tạp hoá chỉ bằng giá 2 lốc sữa????  Cụ thể là bằng việc mua 2 lốc sữa MILO.Độ nóng của chương trình khuyến mãi này của MILO đang lan rộng ra nhiều tỉnh thành trên cả nước vì chỉ cần mua MILO 8 hộp sẽ nhận được cơ hội trúng 24 hộp MILO vàng mỗi ngày cùng hàng triệu giải thưởng hấp dẫn khác như thẻ điện thoại, bộ vợt cầu lông. Đặc biệt là tỷ lệ trúng siêu cao, trung bình cứ nhắn 2 là chắc chắn trúng 1.   Săn ngay tại các tiệm tạp hoá gần nếu muốn đầu cơ nha các mẹ ơi!!  #MILO #MILOVietnam #NhanTinTrungQuaNgay	''	''			Đạt	Duyệt		
2024-08-24	Quảng cáo	Nguyễn Thị Khánh Ly	Inside The Box:  ĐỘC LẠ: GIÁ VÀNG RẺ ĐẾN MỨC TẠP HÓA NHẬP SỈ VỀ BÁN, NGƯỜI DÂN CẢ NƯỚC ĐỔ XÔ ĐI MUA???  Khắp nơi từ Phú Thọ, Đồng Nai, Đồng Tháp, Sài Gòn, Bình Phước,… đã có những phụ huynh sắm được vàng thật 100% tại các tiệm tạp hoá chỉ bằng việc mua 2 lốc sữa MILO.  Độ nóng của chương trình khuyến mãi này của MILO đang lan rộng ra nhiều tỉnh thành trên cả nước vì vàng vẫn còn rất nhiều. Các phụ huynh chỉ cần mua MILO 8 hộp sẽ nhận được thẻ cào với cơ hội trúng 24 hộp MILO vàng mỗi ngày cùng hàng triệu giải thưởng hấp dẫn khác như thẻ điện thoại, bộ vợt cầu lông, với tỷ lệ trúng siêu cao từ nay đến 15/11/2204.  Con thì có sữa MILO uống, ba mẹ thì có vàng. Săn ngay tại các tiệm tạp hoá gần nhà nha các mom ơi!!  #MILO #MILOVietnam #NhanTinTrungQuaNgay  https://imgur.com/a/IJSUKNI	''	''	https://imgur.com/a/IJSUKNI		Bách	Duyệt		
2024-08-24	Quảng cáo	Nguyễn Thị Khánh Ly	SGN:  "ẢO THÌ THÔI RỒI CÁC BÁC ƠI!!!  Tầm này mà không ra hốt thì coi như bỏ lỡ cơ hội làm giàu rồi á!!  Giảm chưa từng thấy, giá vàng bây giờ chỉ đúng bằng bằng giá....2 lốc sữa MILO nên tạp hóa thi nhau nhập về bán???  Thì là MILO đang có chương trình khuyến mãi to chưa từng thấy. Cứ mua MILO Lốc 8 hộp sẽ nhận được thẻ cào với cơ hội trúng 24 hộp MILO vàng mỗi ngày. Đặc biệt, nếu không trúng vàng thì vẫn còn có cơ hội nhận được hàng triệu giải thưởng hấp dẫn khác như thẻ điện thoại, bộ vợt cầu lông...Tỉ lệ trúng theo như update mỗi ngày là rất cao, cứ trung bình nhắn 2 là trúng 1 nên anh em nào muốn chuẩn bị vàng cưới vợ thì cứ đầu cơ. Nhà nhà người người đến tiệm tạp hoá nhận vàng thật hết rồi đây này!!  Chương trình kéo dài từ 12.08 đến 15.11, nhanh nhẹn ra tạp hoá gần nhà mua MILO cho con để trúng vàng cho mình nha!!  #MILO #MILOVietnam #NhanTinTrungQuaNgay "  https://imgur.com/n8DfYse	''	''	https://imgur.com/n8DfYse		Bách	Duyệt		
2024-08-24	Quảng cáo	Nguyễn Thị Khánh Ly	Thế xem ở đây giúp c nha: https://docs.google.com/document/d/1of5WDC25DdPEH0cqVOsvGbCDtM7EMEbHd--5fz8Fm7g/edit	''	''	https://docs.google.com/document/d/1of5WDC25DdPEH0cqVOsvGbCDtM7EMEbHd--5fz8Fm7g/edit		Bách	Duyệt		
2024-08-24	Quảng cáo	Tuấn Dũng	Ko sao e ah	''	''				Duyệt		
2024-08-24	Quảng cáo	Lưu Minh Quang	https://drive.google.com/drive/folders/1VjdWAqEEkTdq39FZPG_JiQnoIG-aX9sl?usp=sharing	''	''	https://drive.google.com/drive/folders/1VjdWAqEEkTdq39FZPG_JiQnoIG-aX9sl?usp=sharing		Bách	Duyệt		
2024-08-24	Quảng cáo	Lưu Minh Quang	| 24.08.2024 - Góp đông góp tây, chi bằng GÓP BƯỚC CHẠY ĐỂ TRỒNG CÂY 🌳 😉 |  Thời tiết Sài Gòn nóng đến mấy thì cũng không bằng được thấy mọi người đang đồng loạt cùng nhau biến việc chạy bộ để nâng cao sức khỏe trở nên ý nghĩa hơn bao giờ hết. Cho bác nào chưa bít, thì mỗi 1 người tham gia chạy sẽ có 1 cây xanh được trồng, hoạt động này được Ngân hàng Standard Chartered tổ chức để kêu gọi cộng đồng những người đam mê chạy bộ góp bước chạy để lan tỏa những điều tốt đẹp đến với cộng đồng ❤  Đây cũng là cơ hội cho các ní thích chạy, thích bứt giới hạn rinh các giải thưởng vô cùng độc đáo như Huy chương được thiết kế độc quyền, mã BIB tham gia giải chạy Standard Chartered Marathon - Di Sản Hà Nội.... cùng nhiều quà khác thì thời tới rùi đó nghen 🤣  Standard Chartered đang kêu gọi mấy ní cùng góp sức hoàn thành mục tiêu 1,200 cây rừng cho rừng Quốc gia Bidoup Núi Bà  Canh ngày nắng đẹp, mát mẻ xí , xỏ giày chạy liền nha! 😘  #StandardCharteredVN #BuocchayphuxanhrungViet	''	''			Bách	Duyệt		
2024-08-24	Quảng cáo	Lương Phương Thảo	TT BEATVN 25/08/2024   CAP: Chiều fan số 2 thì không ai số 1 =))))  #8Wonder #MoonFestival #OceanCity #Hanoi  https://drive.google.com/file/d/1x9Ik4sCzqcL36ZPOc9rvv_0nTHdV1Xad/view?usp=drive_link	''	''	https://drive.google.com/file/d/1x9Ik4sCzqcL36ZPOc9rvv_0nTHdV1Xad/view?usp=drive_link		Bách	Duyệt		
2024-08-24	Quảng cáo	Lương Phương Thảo	TT SHOWBEAT 24/08/2024   Caption: Mong 1 lần được nhìn 2 anh trai cùng cắt kéo trên sân khấu  #8Wonder #MoonFestival #OceanCity #Hanoi  https://drive.google.com/file/d/1RxRmNrqMCoDcFiPrQ1cvitrmHRJM5G21/view?usp=sharing	''	''	https://drive.google.com/file/d/1RxRmNrqMCoDcFiPrQ1cvitrmHRJM5G21/view?usp=sharing		Bách	Duyệt		
2024-08-24	Quảng cáo	Bùi Thị Khánh 	"“Ngày xưa tao nuôi mày bằng nước gạo đấy, sao mày nuôi con phải phức tạp thế?”  Có ai nuôi con mà có nhiều khác biệt với mẹ không?  Mình có con đầu lòng, mọi người nói cho con ăn dặm đau đầu lắm, và đúng thật, cú shock đầu tiên của mình là chọn nhầm món làm con bị dị ứng, nóng ran mẩn đỏ cả buổi chiều. Nhưng khi bản năng của người mẹ chưa đủ, thì bản năng của người con lại trỗi dậy, mình lập tức gọi cầu cứu mẹ và bật khóc như một đứa trẻ. Mẹ bình tĩnh chỉ mình cách xử lý. Khoảnh khắc ấy, mình mới thấm câu “làm mẹ rồi mới hiểu mẹ” Hiểu mẹ là thế nhưng vì 2 thời điểm nuôi con khác nhau, mình và mẹ cũng có nhiều mâu thuẫn. Khi thấy mình chăm con bằng những sản phẩm dinh dưỡng tốt hơn, ngoài bữa chính còn có bữa phụ, có thêm váng sữa sau bữa ăn dặm truyền thống, mẹ lại có nhiều thắc mắc. Mẹ không hiểu vì sao tôi phải bổ sung thêm bữa phụ cho con, sữa thường chưa đủ hay sao, phải chăng là do tôi không tin vào cách của mẹ? Rồi nguồn gốc xuất xứ có đảm bảo không?  Sau nhiều hiểu lầm dở khóc dở cười, cuối cùng mẹ cũng dần hiểu và chấp nhận phương pháp chăm con của mình. Rằng là con ở độ tuổi ăn dặm cần chia nhiều bữa để thích ứng, rằng bữa phụ giúp con không bị mệt mỏi và váng sữa là món phụ nhưng có đủ bộ chất mà con cần. Nói những thông tin về các loại dưỡng chất nào là Chất béo, Canxi, Vitamin A, Protein, Chất xơ này kia bà đúng là không hiểu nhưng khi biết đó là một trong những loại thực phẩm có lợi cho quá trình tiêu hóa, đề kháng, cải thiện khả năng hấp thu của con, được nhập khẩu từ Đức bà thấy yên tâm hơn. Mình với mẹ tuy có những suy nghĩ khác biệt trong cách nuôi dạy con cái, nhưng chung quy lại vẫn là xuất phát từ tình yêu thương. Ngày xưa đúng là tự nuôi tự lớn chứ đâu phụ thuộc mấy ai, hồi ấy thiếu thốn trăm bề, có ăn là đủ rồi, mẹ làm gì mà có món phụ, món chính. Làm gì có sữa công thức này kia, có váng sữa bổ sung như giờ.  Giờ bà không còn bài xích cách mình chăm con nữa mà cứ cuối bữa là lại “lấy Monte cho Kem nào”, “không ăn ở nhà là phải mang váng sữa Monte cho em nhé”. Đồng hành cùng con từ những lần đầu tiên đầy khó khăn nhưng cũng thật đáng nhớ, như lần đầu tiên con tập ăn dặm, tập đi, tập chạy…, tự hào khi thấy con khôn lớn hơn từng ngày bao nhiêu, thì tôi lại càng tự hào về hành trình làm mẹ của mình bấy nhiêu. Hơn hết, mình cảm thấy biết ơn mẹ - người đã, đang và sẽ tiếp tục đồng hành cùng mình trên hành trình còn dài này, từ lúc chập chững bước đi cho đến bây giờ, khi mình đã trở thành một người mẹ.  Mong cho các mom sẽ luôn vững bước trên chặng đường còn muôn dặm tự hào này nhé.  Cảm ơn mẹ vì đã cùng con trên hành trình này <3	'455971440_832105425713479_2930733427075632868_n_832105422380146.png'	''			Bách	Duyệt		
2024-08-24	Quảng cáo	Lưu Minh Quang	Beatvn Post 9: https://www.facebook.com/share/p/Vso4Y3PdE7UauE3h/ Cmt:  Cmt: đời thiếu j 🦅 nhưng mà h thiếu nền là khum được 🥺 thôi lụm liền ưu đãi ZLP giảm tối đa 200k để về già mà lớp nền vẫn căng bóng https://km.zalopay.vn/TSui/freeshiptiktokshop	''	''			Bách	Duyệt		
2024-08-24	Quảng cáo	Nguyễn Thị Khánh Ly	Beatvn Post 8: https://www.facebook.com/share/p/XmqUDzb21Wy1FzSb/ Cmt:  Bình 3 lốp mà lên tts áp mã còn 2 lốp thôi nè, kiểu này chắc 100.000+ năm mới xài hết gia tài ông zà 🤡🤡  https://km.zalopay.vn/TSui/freeshiptiktokshop	''	''			Đạt	Duyệt		
2024-08-24	Quảng cáo	Lưu Minh Quang	https://drive.google.com/drive/folders/1VjdWAqEEkTdq39FZPG_JiQnoIG-aX9sl?usp=sharing	''	''	https://drive.google.com/drive/folders/1VjdWAqEEkTdq39FZPG_JiQnoIG-aX9sl?usp=sharing		Đạt	Duyệt		
2024-08-24	Quảng cáo	Lưu Minh Quang	| 24.08.2024 - Góp đông góp tây, chi bằng GÓP BƯỚC CHẠY ĐỂ TRỒNG CÂY 🌳 😉 |  Thời tiết Sài Gòn nóng đến mấy thì cũng không bằng được thấy mọi người đang đồng loạt, chung tay biến việc chạy bộ để nâng cao sức khỏe trở nên ý nghĩa hơn bao giờ hết. Cho bác nào chưa bít, thì mỗi 1 người tham gia chạy sẽ có 1 cây xanh được trồng, hoạt động này được Ngân hàng Standard Chartered tổ chức để kêu gọi cộng đồng những người đam mê chạy bộ góp bước chạy để lan tỏa những điều tốt đẹp đến với cộng đồng ❤  Các ní thích chạy, thích bứt giới hạn rinh các giải thưởng vô cùng độc đáo như Huy chương được thiết kế độc quyền, mã BIB tham gia giải chạy Standard Chartered Marathon - Di Sản Hà Nội.... cùng nhiều quà khác thì thời tới rùi đó nghen 🤣  Standard Chartered đang kêu gọi mấy ní cùng góp sức hoàn thành mục tiêu 1,200 cây rừng cho rừng Quốc gia Bidoup Núi Bà  Canh ngày nắng đẹp, mát mẻ xí , xỏ giày chạy liền nha! 😘  #StandardCharteredVN #BuocchayphuxanhrungViet	''	''			Đạt	Duyệt		
2024-08-24	Quảng cáo	Lưu Minh Quang	Cap TikTok: Uy tín tạo niềm tin nha bà con ơi!!! Ai dùng combo này nhà Sao Thái Dương rồi cmt nhé!!!  #saothaiduong #myphamthaiduong #kemdanhrangthaiduong #nuocsucmiengvalentine  #saothaiduong #myphamthaiduong #daugoithaiduong #suatamthaiduong	''	''			Đạt	Duyệt		
2024-08-24	Quảng cáo	Nguyễn Thị Khánh Ly	TT beat đỏ:  TRIỆU HỒI HẾT NGƯỜI GẦY VÀO ĐÂY THỂ HIỆN!! CẢ TIKTOK ĐUA NHAU NHẢY ĐIỆU NHẢY "TÔI QUÁ GẦY"  Tuổi thơ comeback anh em ơi!!! Còn ai nhớ quảng cáo ngày xưa của Appeton Weight Gain - Thức uống dinh dưỡng dành cho người gầy không nhể? Anh ấy đã chính thức comeback, tuy vẫn gầy như thế nhưng trình tạo trend thì cứ phải gọi là ghế vì viral không phải bàn!!  Khắp nơi trên tiktok, nhà nhà người người đua nhau nhảy điệu nhảy "Tôi quá gầy" do anh ấy khởi xướng! Từ người gầy độ 1 đến độ 10, mà kể cả không gầy cũng nhảy!!   Được biết nhảy không chỉ để flex độ gầy của bản thân mà còn để "đua top" tranh giải thưởng khủng là  Apple Watch series 9 cùng 5 hộp sữa tăng cân Appeton Weight Gain. Bảo sao anh em nhảy sung thế!!  Đấy các chiến thần tóp tóp, các bà hoàng dancer, ông hoàng dance cover còn chần chừ gì mà không nhảy ngay đi ạ! Anh em chỉ cần sử dụng nhạc có sẵn của Appeton Weight Gain, quay lại video nhảy “Tôi quá gầy" rồi đăng video lên tài khoản TikTok cá nhân ở chế độ công khai, kèm hashtag #AppetonWeightGain #Tôiquágầy là xong!! Nhảy luôn giật quà đi chứ còn gì nữa!!	''	''			Đạt	Duyệt		
2024-08-24	Quảng cáo	Bùi Thị Khánh 	https://drive.google.com/file/d/1Yo4L7MxFIpQzOCUZzFN-Kcu2cuICCjh2/view?usp=sharing	''	''	https://drive.google.com/file/d/1Yo4L7MxFIpQzOCUZzFN-Kcu2cuICCjh2/view?usp=sharing		Đạt	Duyệt		
2024-08-24	Quảng cáo	Bùi Thị Khánh 	Kỷ lục người ta muốn lập là điểm cao, thủ khoa, học bổng,... Kỷ lục bạn tôi muốn lập sau khi rủ đi ăn bân xiển vào cuối tuần hóa ra là …😳   Bạn muốn thì tôi cũng chiều, toilet công cộng mà nó “chanh sả” thì cũng gọi là dịu. Nhắc nhẹ cái hẹn đi vệ sinh chung từ 23 - 25/08/2024 tại Phố Đi Bộ Trần Nhân Tông, Hai Bà Trưng nha cả nhà, không gặp không vềeeee🤗  #NVSSiêuChanhSả #VimTrắngSáng #ToiletSángSạchThơm	''	''			Đạt	Duyệt		
2024-08-24	Quảng cáo	Thành Đạt	còn ảnh ông kia bị áp chế  thì bỏ nhé	''	''				Duyệt		
2024-08-24	Quảng cáo	Thành Đạt	các ảnh vết thương thì phỉa che đi	'455640731_1286588446058260_4282999867844701394_n_1286588442724927.png
 455608099_3911305445860703_6321584713782096592_n_3911305442527370.png
 455694687_1154919352235850_8355981722736043480_n_1154919348902517.png'	''			Đạt	Duyệt		
2024-08-24	Quảng cáo	Bùi Thị Khánh 	https://drive.google.com/file/d/1nu_CnJEsRXLNLiO1JNdw3_rqhSbldzTn/view?usp=sharing	''	''	https://drive.google.com/file/d/1nu_CnJEsRXLNLiO1JNdw3_rqhSbldzTn/view?usp=sharing		Đạt	Duyệt		
2024-08-24	Quảng cáo	Bùi Thị Khánh 	DÙ AI NÓI NGẢ NÓI NGHIÊNG, ĐÂY VẪN LÀ NGƯỜI ĐÀN ÔNG GIỮ LỜI HỨA TÔI LUÔN TIN TƯỞNG!  Khác với phương châm "không cô này thì tôi có cô khác", ngài thám tử miền tây Heiji Hattori của chúng ta vẫn rất kiên trì    Dù đã trải qua muôn vàn chông gai, không ít lần "xịt keo",... anh vẫn luôn kiên định với "bé Kazuha"   Cho dù anh có tỏ tình hụt lần thứ 1, thứ 2, hay thậm chí là lần thứ 8,... nhưng anh vẫn đến đúng giờ thì anh 10 điểm không có nhưng😎  #PhimConan2024VN	''	''			Đạt	Duyệt		
2024-08-24	Quảng cáo	Bùi Thị Khánh 	https://docs.google.com/document/d/1mv7SXpO50e6ZgrexiOQhoYGc2-RGMA-yB3Z_2g-yXUQ/edit?usp=sharing	''	''	https://docs.google.com/document/d/1mv7SXpO50e6ZgrexiOQhoYGc2-RGMA-yB3Z_2g-yXUQ/edit?usp=sharing		Đạt	Duyệt		
2024-08-23	Quảng cáo	Lưu Minh Quang	TITTLE: ĐỈNH NÓC, KỊCH TRẦN, BAY PHẤP PHỚI!! TẶNG NGAY 100 VÉ XEM CHUNG KẾT ANH TRAI VƯỢT NGÀN CHÔNG GAI   Voice: Chất chơi người dơi là đây chứ còn đâu nữa. Không phải nghe nhầm đâu, Techcombank chơi siêu to khổng lồ, tổ chức hoạt động tặng vé tham dự đêm chung kết Anh Trai Vượt Ngàn Chông Gai cho 100 anh em may mắn nhất đây.  Và tin vui cho các trai xinh gái đẹp là ai ai cũng dễ dàng trở thành người may mắn, được nhận vé và đến xem đêm diễn của các anh tài chỉ với 3 bước đơn giản.  < Text pop up 3 bước: - Bước 1: Tải Techcombank Mobile và mở tài khoản online chỉ trong vài phút - Bước 2: Bật Sinh lời tự động  - Bước 3: Tham gia minigame trên fanpage Techcombank >  Cao thủ là phải biết đường tranh thủ nha. Hoạt động này chỉ diễn ra đến hết ngày 27/08 mà thui. Nên là nhanh cái tay cái chân lên, đừng bỏ lỡ cơ hội vàng này để hòa mình vào không khí sôi động và hấp dẫn của đêm chung kết! Lẹ lẹ ko là anh sibun giận đó !!!!!!!!!!!!!!!!	''	''			Bách	Duyệt		
2024-08-23	Quảng cáo	Lưu Minh Quang	.	''	''			Đạt	Duyệt		
2024-08-23	Quảng cáo	Lưu Minh Quang	Check e mấy cái này	''	''			Đạt	Duyệt		
2024-08-23	Quảng cáo	Lưu Minh Quang	https://drive.google.com/file/d/1NB259IezLDrqSy3_fI0LPjMafm8Y1K5C/view?usp=sharing	''	''	https://drive.google.com/file/d/1NB259IezLDrqSy3_fI0LPjMafm8Y1K5C/view?usp=sharing		Đạt	Duyệt		
2024-08-23	Quảng cáo	Lương Phương Thảo	TT BEAT VIRAL - 23/08  Caption: Không hề có kịch bản và diễn xuất nào ở đây!   https://drive.google.com/file/d/1IP4sbQ_qtjPEoXmUn3r-ZaRp-AaPpXMP/view?usp=sharing	''	''	https://drive.google.com/file/d/1IP4sbQ_qtjPEoXmUn3r-ZaRp-AaPpXMP/view?usp=sharing		Đạt	Duyệt		
2024-08-23	Quảng cáo	Anhduong Bui	Beatvn: “Đất nước mình đẹp lắm, anh hùng lắm”  Cùng nhìn lại chương trình Lễ hội Vì hoà bình 2024 lần đầu tiên được tổ chức tại Quảng Trị và Việt Nam. Lễ hội do UBND tỉnh Quảng Trị tổ chức, đơn vị thực hiện Sun Bright.  Lễ hội mở không có ngày bế mạc với thông điệp “Chung tay kiến tạo Thế giới hoà bình” mong muốn “mang cả thế giới hòa bình đến Quảng Trị” - mảnh đất đã trở thành biểu tượng cho khát vọng hòa bình, sự hàn gắn và hồi sinh.  Ekip sáng tạo Sun Bright khẳng định không xoáy vào sự tàn khốc của chiến tranh mà tập trung thể hiện khát vọng hòa bình của những người lính năm xưa, cũng như nhân dân hai miền và bạn bè quốc tế. Từ đó, ê-kíp tiếp cận được nhiều câu chuyện có sức lay động tâm hồn mạnh mẽ, khi ngưỡng vọng tự hào về một thời hào hùng oanh liệt của thế hệ cha ông.  Sân khấu kết hợp đa không gian: trên bờ - dưới sông - trên cây cầu Hiền Lương, kết nối hai trục Bắc - Nam của sông Bến Hải. Sự kiện có sự tham gia của những nghệ sĩ hàng đầu như: NSND Phạm Phương Thảo, Hồ Quỳnh Hương, Tùng Dương, (S)trong Trọng Hiếu, NTK Ngọc Hân, Thuỳ Dung, Đông Hùng, Nguyễn Duyên Quỳnh, nghệ sĩ Violin Jmi Ko, Lê Anh Dũng, Em bé Chất Xệ Xệ; cùng 1.000 nghệ sĩ và các chiến sĩ, người dân địa phương, trong đó không ít cựu chiến binh. Đặc biệt, gần 1000 drone light thắp sáng bầu trời Quảng Trị tại nghi thức khai mạc “Hồi chuông Hoà bình”.   #LehoiViHoabinh #FestivalForPeace #HenveQuangTri #Diemdenvihoabinh #Chungtaykientaothegioihoabinh  Video: https://drive.google.com/file/d/1djC8k29rRsx2rH7ycuQ0Hy0nXm6I_YUD/view?usp=sharing	''	''	https://drive.google.com/file/d/1djC8k29rRsx2rH7ycuQ0Hy0nXm6I_YUD/view?usp=sharing		Bách	Duyệt		
2024-08-23	Quảng cáo	Lưu Minh Quang	ÉT O ÉT: GIẢI CỨU CÁNH TAY MÈO THẦN TÀI 🐧  Mèo thần tài vẫy tay nhiều thì cũng mệt, đã đến lúc cho cánh tay này nghỉ ngơi relax rồi. Tại giờ đã có Biệt đội Đồng minh thông thái - giải pháp quản lý cửa hàng toàn diện, chắc cốp từ ACB lo cho các sốp iu rồi =))  Mấy sốp tính ra giờ nhàn, khỏi cần ghi chép, excel phức tạp. Chỉ cần vài chạm trên 1 tài khoản chính là tạo ngay được nhiều tài khoản và mã QR nhận tiền Lộc Phát riêng cho từng cửa hàng. Chủ sốp thống kê doanh thu nhanh gọn, tra cứu giao dịch chớp nhoáng từ nhiều cửa hàng, đảm bảo “tiền nào ra tiền đó”, chính xác đến từng xu. 👌 Ngoài ra còn có QR Đồng minh tương sinh đắc lộc hợp mệnh chủ shop, thiết kế ngũ hành độc đáo, còn update công nghệ chống giả tiên tiến, an toàn tuyệt đối luôn.   Anh chị em muốn buôn bán chắc tay mà vẫn nhàn tênh thì mở app ACB ONE để khám phá Giải pháp quản lý cửa hàng của ACB luôn và ngay cho nó nóng nhé :))  #ACB #ACBONE #Dongminhthongthai #Tuongsinhdacloc  Comment: Tay không cần lên chuột, chỉ cần lên link: https://bit.ly/BeatVN1	'455948258_1335231790778500_1124077048523301073_n_1919713895165892.png'	''			Bách	Duyệt		
2024-08-23	Quảng cáo	Lưu Minh Quang	Nhiên gửi caption nhen:  Nay mai con cũng muốn giống chú, làm bác sĩ chữa bệnh cho cả nhà. Lần đầu tiên mình được tham gia làm tình nguyện viên trong “Chuyến xe sạch khuẩn” của Lifebuoy đến các vùng xa để thăm khám miễn phí cho các em nhỏ, cùng vui chơi và tặng quà cho các em. Hơn cả một chuyến đi, mình được nhìn, được cảm nhận rõ hơn những khó khăn ở các vùng xa mà chỉ khi đặt chân tới mới hiểu hết được. Thế nhưng, điều đáng quý nhất là các em nhỏ ở đây vẫn luôn hồn nhiên, luôn giữ nụ cười tươi trên môi. Mình còn nhớ mãi khoảnh khắc một em nhỏ trong lúc được thăm khám, với ánh mắt trong veo nhìn bác sĩ và nói “Nay mai con cũng muốn giống chú, làm bác sĩ chữa bệnh cho cả nhà”.  Câu nói đơn giản của em nhỏ nhưng lại khiến mình suy nghĩ rất nhiều.Trước khi lên xe, mình chỉ lo lắng liệu các em có đủ quần áo ấm hay đồ ăn ngon, mà quên mất rằng các em cũng có những ước mơ và khát vọng riêng. Và mình chợt nhận ra, điều quan trọng nhất để các em có thể thực hiện ước mơ đó chính là sức khoẻ như một câu nói “có sức khỏe là có tất cả", thứ mà đôi khi vật chất cũng không thể đem lại được.  Khi đọc báo về chuyến xe đã đi được 30 tỉnh thành trên khắp Việt Nam với tổng cộng hơn 2000 bác sĩ và tình nguyện viên, mình cảm thấy tự hào khi là một người Việt Nam và được góp một phần nhỏ vào chuyến hành trình này. Tuần trước lướt mạng, mình có thấy clip reaction của Pia Linh về MV “Vì một Việt Nam khỏe mạnh hơn” là những thước phim ghi lại hành trình này khiến những cảm xúc về chuyến xe lại ùa về. Nhìn thấy bạn bè xung quanh chia sẻ nhiều clip cover lại bài hát, thậm chí nhiều người còn sử dụng cả nhạc cụ dân tộc để phối lại, rất hay và dễ thương. Chỉ những điều như vậy thôi khiến mình cảm thấy rất vui và cảm động vì thông điệp “Vì một Việt Nam khỏe mạnh hơn” và chuyến xe sạch khuẩn được mọi người ủng hộ nhiệt tình và lan tỏa tích cực từ cộng đồng, tiếp thêm động lực để cùng nhau xây dựng một Việt Nam mạnh khỏe hơn.  Hiện tại chuyến xe sức khỏe của Lifebuoy vẫn đang miệt mài trên hành trình, vượt qua mọi nẻo đường với mục tiêu đi đến 63 tỉnh thành Việt Nam. Mình vẫn luôn theo dõi chuyến xe ý nghĩa này để khi có cơ hội lại đăng ký để đồng hành cùng Chuyến xe sức khỏe đến thăm khám cho các em nhỏ vùng xa tiếp thôi. #LifebuoyVietnam #VìMộtViệtNamKhoẻMạnhHơn	'455237526_345086071902258_1654630589087058233_n_2232038957149446.png'	''			Bách	Duyệt		
2024-08-23	Quảng cáo	Nguyễn Thị Khánh Ly		'456338805_466678509674234_9021347868294154117_n_377694611830710.jpg'	''			Bách	Duyệt		
2024-08-23	Quảng cáo	Lưu Minh Quang	CAPTION:  CÁI GIÁ QUÁ “ĐẮT" CHO SỰ LÀM GIÁ LÀ TỰ THÂN VẬN ĐỘNG ĐỂ NHẬN APPLE WATCH  🤡  Làm mình làm mẩy không làm, học làm giá để nhận cái giá đắt là tự tìm cách để có được Apple Watch nhờ chơi minigame của DOVE 😭.  Ní nào lỡ làm giá thì chơi mini Muôn kiểu cất cánh của DOVE. Chỉ cần tự tin show dáng cất cánh cực slay, cơ hội sở hữu Apple Watch dễ như ăn cháo! 🥳  Quà siêu dưỡng thê từ DOVE:  1️⃣Giải “Cất cánh”: 1 Apple Watch SE 2️⃣Giải “Tỏa sáng”: 1 máy Instax Mini 12 kèm phim chụp hình 3️⃣10 giải “Tự tin”: Combo Dove serum + GRO (chai lăn)  📍Lưu ý thời gian tham gia: 20.08.2024 - 20.09.2024.  Thông tin thể lệ chi tiết dưới phần comment  #DoveSerum #DoveNganMui #Catcanhkhongcatminh	''	''			Bách	Duyệt		
2024-08-23	Quảng cáo	Nguyễn Thị Khánh Ly	em ơi đứa trẻ vô tri đc không em	''	''			Đạt	Duyệt		
2024-08-23	Quảng cáo	Lưu Minh Quang	CMT: Hãy tự tin cất cánh, tỏa sáng khoe cánh của  các nàng ở ngay tại đây nha: https://www.facebook.com/DoveVietnam/posts/pfbid022W8CM2sBL5mNnUANCNB1qR23icunhAXMk49kaEsrwKZQHSFVoLHJXiKJFebLhkrMl	''	''	https://shopee.vn/collections/440996/?smtt=9&utm_campaign=p111138057_ss_vn_fb00_na-fb-brand-dove-aware-dovedeo-aphrodite&utm_content=cp-vn2479-001-noncpas-rnf-coll-aug24&utm_medium=seller&utm_source=facebook		Đạt	Duyệt		
2024-08-23	Quảng cáo	Lưu Minh Quang	https://drive.google.com/file/d/1hoEF--68ThGoKVmkZsUQJ3FbzE1j8RIp/view?usp=sharing	''	''	https://drive.google.com/file/d/1hoEF--68ThGoKVmkZsUQJ3FbzE1j8RIp/view?usp=sharing		Đạt	Duyệt		
2024-08-23	Quảng cáo	Lưu Minh Quang	CAPTION:  CÁI GIÁ QUÁ “ĐẮT" CHO SỰ LÀM GIÁ LÀ TỰ THÂN VẬN ĐỘNG ĐỂ NHẬN APPLE WATCH  🤡  Làm mình làm mẩy không làm, học làm giá để nhận cái giá đắt là tự tìm cách để có được Apple Watch nhờ chơi minigame của DOVE 😭.  Ní nào lỡ làm giá thì chơi mini Muôn kiểu cất cánh của DOVE. Chỉ cần tự tin show dáng cất cánh cực slay, cơ hội sở hữu Apple Watch dễ như ăn cháo! 🥳  Quà siêu dưỡng thê từ DOVE:  1️⃣Giải “Cất cánh”: 1 Apple Watch SE 2️⃣Giải “Tỏa sáng”: 1 máy Instax Mini 12 kèm phim chụp hình 3️⃣10 giải “Tự tin”: Combo Dove serum + GRO (chai lăn)  📍Lưu ý thời gian tham gia: 20.08.2024 - 20.09.2024.  Thông tin thể lệ chi tiết dưới phần cmt  #DoveSerum #DoveNganMui #Catcanhkhongcatminh	''	''			Đạt	Duyệt		
2024-08-23	Quảng cáo	Nguyễn Thị Khánh Ly	BEAT:  Tin vui với những  người đam mê du lịch Thái Lan, đi chuyên cơ giá cực rẻ với những trải nghiệm dịch vụ sang trọng bậc nhất  Lần tới qua Thái Lẻn là có thêm trải nghiệm đỉnh của chóp nữa rồi này!!!  ST Kingdom – Tầm Nhìn Vươn Xa Với Siêu Dự Án Sân Bay & Tổ Hợp Giải Trí Hàng Đầu Thế Giới vừa ký kết hợp tác kinh doanh với một số Tập đoàn uy tín tại Việt Nam trong việc đầu tư vào dự án sân bay Sam Roi Yot - Thái Lan. Đây là dự án sân bay và khu tổ hợp giải trí quy mô lớn, được xây dựng trên diện tích 1,6 triệu m2.  Công ty Cổ phần may và Thương mại Quốc tế Indico là một trong những doanh nghiệp Việt Nam tiên phong trong lĩnh vực đầu tư phát triển dự án du lịch có vị thế lớn trong khu vực và thế giới vừa được hợp tác cùng ST Kingdom trong siêu dự án mới này, hứa hẹn sẽ cùng nhau tạo nên 1 điểm đếm lý tưởng cho khách du lịch đến Thái Lan trong tương lai.   Được biết dự án bao gồm khu tổ hợp giải trí đa dạng và sang trọng với các hạng mục: đường băng, Club House, khách sạn sang trọng (Luxury Hotel), casino, sân golf….triển vọng trở thành điểm thu hút du lịch hấp dẫn, sôi động bậc nhất khu vực và thế giới.  Với sự hợp tác kinh doanh những dự án đa quốc gia lớn, chiến lược của doanh nghiệp Việt Nam hiện nay, đã nâng cao vị thế của Việt Nam trên thương trường Quốc tế, góp phần tăng cường mối quan hệ giữa Việt Nam và Thái Lan.  Trí tuệ Việt Nam, chất lượng xứng tầm.	'454795824_916651986951497_1219695257420282350_n_1001290268404267.png'	''			Đạt	Duyệt		
2024-08-23	Quảng cáo	Nguyễn Thị Khánh Ly	mỗi chỗ đó thui phải k em	''	''			Đạt	Duyệt		
2024-08-23	Quảng cáo	Thành Đạt	đứa trẻ nông cạn  spin từ nông cạn nhé chị	''	''			Đạt	Duyệt		
2024-08-23	Quảng cáo	Nguyễn Thị Khánh Ly	CCHN:  Quá ngon rồi các tín đồ hở ra là đi đó đi đây ơi!!	''	''			Đạt	Duyệt		
2024-08-23	Quảng cáo	Lương Phương Thảo	TT Beat đỏ  Cap: Đúng là chỉ biết ước 😍  https://drive.google.com/file/d/1aI5FxPbG-VUwfDaltZrN9_9C5qX9jqUT/view?usp=sharing	''	''	https://drive.google.com/file/d/1aI5FxPbG-VUwfDaltZrN9_9C5qX9jqUT/view?usp=sharing		Đạt	Duyệt		
2024-08-23	Quảng cáo	Bùi Thị Khánh 	cậu ơi check tớ 3 kênh này nữa nha	''	''			Đạt	Duyệt		
2024-08-23	Quảng cáo	Bùi Thị Khánh 	Trước thềm năm học mới lên Shopee lụm voucher 2 triệu sắm sửa "full giáp" thế này thì các búp măng non cứ phải gọi là tu chí chăm chỉ học hành x100000000 lần =)))))))))  #ShopeeBackToSchool #DienTuTuuTruong	'455048190_1184515312779925_375799760494665447_n_1184515309446592.jpg'	''			Đạt	Duyệt		
2024-08-23	Quảng cáo	Lưu Minh Quang	Cap: Đúng là không ngờ luôn !!!!! 😳  https://drive.google.com/file/d/11uUzslF33JJoJol2o_WYXBoB8y26W0xZ/view?usp=sharing	''	''	https://drive.google.com/file/d/11uUzslF33JJoJol2o_WYXBoB8y26W0xZ/view?usp=sharing		Đạt	Duyệt		
2024-08-23	Quảng cáo	Lưu Minh Quang	https://drive.google.com/drive/folders/1DYy_uij3Ijz1N6MjY9TqixQeNVe2YyHJ?fbclid=IwY2xjawE1NaNleHRuA2FlbQIxMAABHREzn6BnYm6ymXyUyIUrJ-tf9dm4Dvq499OwFGjR1_X-7QqrLR4J4-D3vw_aem_1K5zL0_UoNKHkFJtqB0jyQ	''	''	https://drive.google.com/drive/folders/1DYy_uij3Ijz1N6MjY9TqixQeNVe2YyHJ?fbclid=IwY2xjawE1NaNleHRuA2FlbQIxMAABHREzn6BnYm6ymXyUyIUrJ-tf9dm4Dvq499OwFGjR1_X-7QqrLR4J4-D3vw_aem_1K5zL0_UoNKHkFJtqB0jyQ		Đạt	Duyệt		
2024-08-23	Quảng cáo	Bùi Thị Khánh 	https://drive.google.com/file/d/1hf4fdWs2VHy5SurR1ITFD9yJ0s0V4jqZ/view	''	''	https://drive.google.com/file/d/1hf4fdWs2VHy5SurR1ITFD9yJ0s0V4jqZ/view		Đạt	Duyệt		
2024-08-23	Quảng cáo	Bùi Thị Khánh 	🚂 Câu Chuyện Về Nhà: Hành Trình Mùa Thu trên Chuyến Tàu H7579  Khi tiết trời thu dịu dàng tràn ngập khắp các con phố, chuyến tàu H7579 của Pullman Hanoi đã sẵn sàng khởi hành, đưa bạn trở về với những người thân yêu. Khi trở về, hành khách không chỉ mang theo những chiếc bánh trung thu đủ đầy hương vị, mà còn mang theo tinh thần của tình yêu thương và sự đoàn viên.  Mỗi hành khách trên chuyến tàu đều mang theo một câu chuyện, nhưng khi ngắm nhìn cảnh sắc vụt qua khung cửa sổ, ký ức những mùa Trung thu xưa lại ùa về. Đó là những lần cả gia đình, bè bạn quây quần bên nhau, rước đèn, phá cỗ dưới ánh trăng, và kể cho nhau nghe những câu chuyện vui vầy. Chuyến tàu này không chỉ đưa bạn về nhà mà còn đưa bạn trở lại với những ký ức tươi đẹp, nơi tình thân luôn hiện hữu.  Mỗi chuyến đi với Pullman Hanoi không chỉ là một hành trình, mà còn là nơi bạn tìm thấy những giá trị gia đình, tình thân và hạnh phúc. Chúc bạn một mùa Trung Thu tràn đầy yêu thương, niềm vui, và kỷ niệm bên cạnh những người thân yêu của mình. 🌙  Vậy còn bạn... Câu chuyện về nhà trong bạn là gì?  #Pullmanhanoi #TrungThu #CauChuyenVeNha #HanhTrinhDoanTu #H7579	''	''			Bách	Duyệt		
2024-08-23	Quảng cáo	Bùi Thị Khánh 	@Khánh Bùi Khánh ơi, xin kính cẩn nghiêng mình confirm 3 video của mình như bên dưới, Th gửi lại final content:  Th gửi link 3 TikTok video nha  - BeatVN Viral World: + Caption: Cap: Hết nhạc con về 😎🔥 !!!!!! #TigerBeer #TigerCrystal #TigerCrystalRave  + Video: https://drive.google.com/file/d/1aUHjUpWOQOKg5ENDj4fWgoR_gReIDp4s/view?usp=sharing  - SHOWBEAT + Caption: Anh em Vũng Tàu sẵn sàng chưa ạ???? #TigerBeer #TigerCrystal #TigerCrystalRave  + Video: https://drive.google.com/file/d/1qhS7Mos94DpGvTXEPbDEJH5Ot-FaZ3R4/view?usp=drive_link   - BEATVN: + Caption: Caption: Vui ở đây là vui ở đâyy 🤩 #TigerBeer #TigerCrystal #TigerCrystalRave  + Video: https://drive.google.com/file/d/1q_tG0HNVeOWr_b4aHNPz0KxkXRNYmn9a/view?usp=sharing   => Tối nay khoảng 8h air cả 3 video luôn hén Khánh ơi, cảm ơn Khánh nhiều nè~	''	''	https://drive.google.com/file/d/1aUHjUpWOQOKg5ENDj4fWgoR_gReIDp4s/view?usp=sharing		Đạt	Duyệt		
2024-08-23	Quảng cáo	Nguyễn Thị Khánh Ly		'454836099_920579236528177_4441343814614655035_n_920579233194844.jpg'	''			Đạt	Duyệt		
2024-08-23	Quảng cáo	Nguyễn Thị Khánh Ly	http://fb.com/groups/hanoixinnn  Caption: Lần đầu đi ăn theo TikToker và cái kết  Bữa nằm lướt TikTok thì vô tình thấy clip review AAM Bistro, mấy món ở đây đúng gu mình nên phải rủ anh ny đi liền. Về không gian quán thì được trang trí khá lạ, kiểu tone đỏ đỏ hơi sến í. Bù lại mấy bạn nhân viên chu đáo dễ thương cực.  Roài đến phần mình thích nhất nè, phải nói là mình siêu bất ngờ với đồ ăn ở AAM, kiểu món gì cũng ngon cũng vừa miệng hết ấy. Tại nghe mọi người bảo đi theo Tiktoker review hay fail nên mình cũng hơi sợ:))))) Hai đứa mình gọi ba món và món ưng nhất chắc là mỳ ý cá hồi sốt kem ở đây, cá hồi ăn với sốt kem như kiểu x2 độ béo í, nó ngon gì đâuu. Anh ny mình thì mê món beef steak, thịt mềm chín vừa tới ăn cùng với sốt tiêu đen thì bá cháy luôn. Tụi mình có kêu thêm pizza, nửa cá hồi nửa 4 cheese. Ăn mấy miếng đầu thì ngon nha nhưng để lâu thì phô mai hơi cứng một tẹo, bù lại rõ vị phô mai và cá hồi cũng khá nhiều.  Trước khi đi thì mình đã canh me mua voucher 30% trên app xanh lá, giá gốc 300k nay còn 210k thoai, tính ra hời phết. Mấy bác nào lễ 2/9 chưa biết đi đâu ăn gì cho hợp túi tiền mà vẫn ngon thì AAM Bistro thẳng tiến nhá cho toai nhá!  Comment: Voucher tôi mua ở đây nhá các bác ơi: https://grb.to/AAMBISTRO	''	''	http://fb.com/groups/hanoixinnn		Bách	Duyệt		
2024-08-23	Quảng cáo	Lưu Minh Quang	https://drive.google.com/file/d/1bdsouvgC7_WLQFdii1PziMQhkois99XK/view?usp=sharing	''	''	https://drive.google.com/file/d/1bdsouvgC7_WLQFdii1PziMQhkois99XK/view?usp=sharing		Bách	Duyệt		
2024-08-23	Quảng cáo	Nguyễn Thị Khánh Ly	Tiếp title tiktok nha e:  Opt1: VIETJET NGÀY CÀNG KHẲNG ĐỊNH VỊ THẾ KHI TRỞ THÀNH CÔNG TY CÓ NƠI LÀM VIỆC TỐT NHẤT CHÂU Á Opt2: SỞ HỮU 8000 NHÂN VIÊN ĐẾN TỪ 66 QUỐC GIA, VIETJET CHIỄM CHỆ TRỞ THÀNH NƠI LÀM VIỆC ĐÁNG MƠ ƯỚC NHẤT Á	''	''			Bách	Duyệt		
2024-08-23	Quảng cáo	Nguyễn Thị Khánh Ly	Vietjet - Nơi làm việc đáng mơ ước tại Châu Á!  Vietjet hiện đang sở hữu gần 8000 nhân viên đến từ 66 quốc gia. Đây không chỉ là nơi làm việc cho những nhân sự có niềm đam mê với ngành hàng không mà còn là nơi kết nối văn hoá, giao lưu giữa những con người xuất sắc từ khắp nơi trên toàn thế giới.  Bay vui, làm thích tại môi trường ở Vietjet, mau ứng tuyển lẹ ace ơi!!!	''	''			Đạt	Duyệt		
2024-08-23	Quảng cáo	Bùi Thị Khánh 	https://docs.google.com/document/d/1MAIqjkFeAnkz044ZgY4JLYiq8XxRsdZMDwok-E27ivI/edit?usp=sharing	''	''	https://docs.google.com/document/d/1MAIqjkFeAnkz044ZgY4JLYiq8XxRsdZMDwok-E27ivI/edit?usp=sharing		Bách	Duyệt		
2024-08-23	Quảng cáo	Lưu Minh Quang	ÉT O ÉT: GIẢI CỨU CÁNH TAY MÈO THẦN TÀI 🐧  Không phải mèo cam tai tiếng, nhưng vẫy nhiều thì cũng mệt.. đến lúc cho cánh tay mèo thần tài nghỉ ngơi relax r. Tại giờ đã có giải pháp quản lý cửa hàng ngon nghẻ, chắc cốp từ ACB lo cho các sốp iu r =))  Mấy sốp chính ra giờ nhàn, có QR tương sinh đắc lộc vừa nhanh tiện, an toàn lại còn update công nghệ chống giả. Khỏi cần ghi chép, excel phức tạp. Chỉ cần vài chạm trên 1 tk chính là thống kê doanh thu nhanh gọn, tra cứu giao dịch chớp nhoáng từ nhiều cửa hàng, đảm bảo “tiền nào ra tiền đó”. Còn có QR nhận tiền Lộc Phát cho từng điểm bán, từng đơn hàng chính xác đến từng xu. 👌  Anh chị em muốn buôn bán chắc tay mà vẫn nhàn tênh thì mở app ACB ONE để khám phá Giải pháp quản lý cửa hàng của ACB luôn và ngay cho nó nóng nhé :))  #ACB #ACBONE #Dongminhthongthai #Tuongsinhdacloc	''	''			Bách	Duyệt		
2024-08-23	Quảng cáo	Lương Phương Thảo	BEATVN  - CAPTION: ĐÃ TẬN TÂM NAY YAMAHA TOWN CÒN TOÀN TÂM HƠN VỚI CHƯƠNG TRÌNH CHĂM SÓC XE MIỄN PHÍ YAMAHA CARE+ Bao lâu rồi bạn chưa để ý đến chiếc xe yêu của bạn, dù là phương tiện di chuyển hàng ngày nhưng bạn cũng cần cho xế yêu một ngày “xả hơi” tút tát lại từ trong ra ngoài. Vừa hay Yamaha cũng đang có chương trình Yamaha Care+ Cùng bạn chăm sóc xe 2024, ai mà chạy xe Yamaha có thể đến đại lý gần nhất để trải nghiệm. Sẽ có 2 dịch vụ FREE dành cho bạn: - Kiểm tra và thay Yamalube dầu nhớt chính hãng dành cho xe Yamahha hoàn toàn miễn phí - Tặng thêm dầu hộp số cho khách hàng sử dụng xe tay ga Yamaha tham gia chương trình Nhanh tay thì còn, chậm tay thì hết liền đó. Tranh thủ đến trong thời gian từ ngày 27/8 - 30/8 để được bảo dưỡng toàn diện nha! #Yamaha #YamahaTown #Phutungnhanhchong #Dichvutantam #YamahaCare+ #Yamalube  - LINK HÌNH: https://drive.google.com/file/d/1St05BzvTNejHxdHY2tuJCP_S0hT7yj9q/view?usp=sharing  - PIN TOP CMT: Chi tiết xem thêm tại: https://ymhvn.com/yamahacare2024	''	''	https://drive.google.com/file/d/1St05BzvTNejHxdHY2tuJCP_S0hT7yj9q/view?usp=sharing		Bách	Duyệt		
2024-08-23	Quảng cáo	Nguyễn Thị Khánh Ly	Cả 2 bài đều share video này nha ạ: https://drive.google.com/file/d/1RHU9ujz-w9ugjRNDqJ5BAvRYsQ7tPDy6/view	''	''	https://drive.google.com/file/d/1RHU9ujz-w9ugjRNDqJ5BAvRYsQ7tPDy6/view		Bách	Duyệt		
2024-08-23	Quảng cáo	Lưu Minh Quang	BIẾN CĂNG: HH HƯƠNG GIANG ĐỨNG HÌNH VỚI QUẢ BILL HẾT HỒN TẠI HỆ THỐNG LẨU HẤP LỚN NHẤT VIỆT NAM NGAY TRONG BUỔI DEBUT "CHIẾN HẠM"!   Làm ăn kiểu gì mà lại để chị đẹp Hương Giang phải đứng hình như này vậy??  Cầm quả bill trên tay mà đến cả Hoa hậu cũng phải giật mình thì cũng nể Lẩu Long Wang thật đấy!!!	''	''			Đạt	Duyệt		
2024-08-23	Quảng cáo	Lưu Minh Quang		'454795824_916651986951497_1219695257420282350_n_916651983618164.png'	''			Đạt	Duyệt		
2024-08-23	Quảng cáo	Lưu Minh Quang		'454579812_874547231257840_812811909732213993_n_1227346992017229.jpg'	''			Đạt	Duyệt		
2024-08-23	Quảng cáo	Lưu Minh Quang	Beatvn 12h trưa nay   CÙNG RƯỚC ĐÉN ĐÓN  "GIỜ CHUYỆN TRĂNG" TẠI HIGHLANDS  Không khí Trung Thu đang ngập tràn cùng vạn điều bất ngờ đang chờ đón đoàn viên. Lồng đèn hoa, bánh trung thu đủ vị, dùng cùng Trà Sen Vàng của Highlands Coffee mang lại ngay vibe sum vầy.  Highlands Coffee mùa trông trăng không chỉ là nơi "mời" các bạn thưởng trà, nếm bánh, mà còn là không gian để mọi người đến phá cỗ và trao nhau những tràng cười "giòn giã" đêm Rằm.  Đặc biệt, từ ngày 01 - 17.09.2024, Giờ Chuyện Trăng sẽ được tổ chức tại tất cả các cửa hàng Highlands Coffee trên toàn quốc.   Khi  đến "giờ chuyện trăng" Highlands sẽ tắt đèn & mở nến điện, lồng đèn khắp cửa hàng trên toàn quốc từ 1 đến 2 tiếng (tùy cửa hàng theo khu vực) để đón trung thu với khách.  Lên kèo ngay một chuyến ghé Highlands Coffee để tận hưởng mùa trông trăng giòn giã nào các fens~  Link hình theo thứ tự 1-5, các hình còn lại sao cũng đc : https://drive.google.com/drive/folders/1I-1ts_gzO62VIZQIntsrql0AWRLitFni	''	''	https://drive.google.com/drive/folders/1I-1ts_gzO62VIZQIntsrql0AWRLitFni		Đạt	Duyệt		
2024-08-23	Quảng cáo	Lưu Minh Quang	Cap: Sếp nhà người ta, công ty nhà người ta trong truyền thuyết đây mà!	''	''			Đạt	Duyệt		
2024-08-23	Quảng cáo	Lưu Minh Quang	https://drive.google.com/file/d/1bdsouvgC7_WLQFdii1PziMQhkois99XK/view?usp=sharing	''	''	https://drive.google.com/file/d/1bdsouvgC7_WLQFdii1PziMQhkois99XK/view?usp=sharing		Đạt	Duyệt		
2024-08-23	Quảng cáo	Nguyễn Thị Khánh Ly	Chải chốt kèo như một thói quen mà quên đang nghèo bất thình lình😂	'454369500_1003845408205145_4891650087885123176_n_1221796462196507.png'	''			Đạt	Duyệt		
2024-08-23	Quảng cáo	Lưu Minh Quang	TIN VUI VỚI NHỮNG  NGƯỜI ĐAM MÊ DU LỊCH THÁI LAN, ĐI CHUYÊN CƠ GIÁ CỰC RẺ VỚI NHỮNG TRẢI NGHIỆM DỊCH VỤ SANG TRỌNG BẬC NHẤT  Lần tới qua Thái Lẻn là có thêm trải nghiệm đỉnh của chóp nữa rồi này!!!  ST Kingdom – Tầm Nhìn Vươn Xa Với Siêu Dự Án Sân Bay & Tổ Hợp Giải Trí Hàng Đầu Thế Giới vừa ký kết hợp tác kinh doanh với một số Tập đoàn uy tín tại Việt Nam trong việc đầu tư vào dự án sân bay Sam Roi Yot - Thái Lan. Đây là dự án sân bay và khu tổ hợp giải trí quy mô lớn, được xây dựng trên diện tích 1,6 triệu m2.  Công ty Cổ phần may và Thương mại Quốc tế Indico là một trong những doanh nghiệp Việt Nam tiên phong trong lĩnh vực đầu tư phát triển dự án du lịch có vị thế lớn trong khu vực và thế giới vừa được hợp tác cùng ST Kingdom trong siêu dự án mới này, hứa hẹn sẽ cùng nhau tạo nên 1 điểm đếm lý tưởng cho khách du lịch đến Thái Lan trong tương lai.   Được biết dự án bao gồm khu tổ hợp giải trí đa dạng và sang trọng với các hạng mục: đường băng, Club House, khách sạn sang trọng (Luxury Hotel), casino, sân golf….triển vọng trở thành điểm thu hút du lịch hấp dẫn, sôi động bậc nhất khu vực và thế giới.  Tự hào với những hoạt động hợp tác kinh doanh của Việt Nam với các nước trên thế giới trong những năm gần đây. 10 điểm không nhưng!!	'455696825_1019427849447302_548621336199436475_n_3702917446591273.jpg'	''			Đạt	Duyệt		
2024-08-23	Quảng cáo	Lưu Minh Quang	https://drive.google.com/file/d/1KhzI0597p_ugNinSW1gdJSY0GllW42x7/view?usp=sharing	''	''	https://drive.google.com/file/d/1KhzI0597p_ugNinSW1gdJSY0GllW42x7/view?usp=sharing		Đạt	Duyệt		
2024-08-23	Quảng cáo	Lưu Minh Quang	HOA HẬU HƯƠNG GIANG SHOCK NGANG KHI NHẬN BILL TẠI HỆ THỐNG LẨU HẤP LỚN NHẤT VIỆT NAM !! THỰC HƯ THẾ NÀO???	''	''			Đạt	Duyệt		
2024-08-23	Quảng cáo	Bùi Thị Khánh 	1. Caption  Lần trước tiếc hùi hụi vì trend ko có ở Hà Nội. Chuyến này chiều fan hết mức lun rồi đó nha tương ớt @CHIN-SU  #CHINSU #BungLenVanTiecVui #HaidilaoVietnam  2. Comment:  Đến ngay nhà hàng Haidilao trong list dưới đây nhé:  Hà Nội  +Haidilao Nguyễn Chí Thanh + Haidilao Times City + Haidilao Ocean Park Hồ Chí Minh + Haidilao Vincom Đồng Khởi +Haidilao Phan Văn Trị + Haidilao Giga Mall  3. Hình: bên dưới	'454534452_357035530799082_4547003058530472806_n_357035527465749.png'	''			Bách	Duyệt		
2024-08-22	Quảng cáo	Lương Phương Thảo	cchn   ĐOÀN ROADSHOW MANG THEO DU THUYỀN, GOLF THỦ, NGỰA PHI, DINH THỰ BAY PHẤP PHỚI TRÊN NÓC XE VI VU KHẮP ĐƯỜNG PHỐ HẢI PHÒNG  Đường phố Hải Phòng mấy ngày nay bỗng nhiên rộn ràng hơn bình thường khi xuất hiện đoàn xe độc đáo diễu hành và "chở" theo những kiến trúc với biển riêng sau nhà và bộ sưu tập dịch vụ tiện ích đẳng cấp của Đảo Tỷ Phú Vinhomes Royal Island Vũ Yên.   Trên nóc đoàn Roadshow hiện ra những hình ảnh về Sân golf Vinpearl 36 hố, Học viện cưỡi ngựa Hoàng Gia, Bến du thuyền, Phố đi bộ bên bờ sông, quảng trường Châu Âu với tháp mặt trời cao 45m, sân khấu nhạc nước hoành tráng,...  Cùng theo dõi hành trình vi vu khắp phố phường thành phố Cảng của đoàn xe này nhé!	''	''			Bách	Duyệt		
2024-08-22	Quảng cáo	Lương Phương Thảo	Kiến   Ghen tị với anh em Hải Phòng thực sự 🥹🥹🥹   LẦN ĐẦU NHÌN THẤY DU THUYỀN - GOLF THỦ - NGỰA PHI - DINH THỰ BAY TRÊN NÓC ĐOÀN ROADSHOW ĐÌNH ĐÁM CỦA VINHOMES ROYAL ISLAND 🫨  Không hổ danh là Đảo Tỷ Phú Vinhomes Royal Island Vũ Yên toàn hội tụ tinh hoa. Nào là Sân golf Vinpearl 36 hố, Học viện cưỡi ngựa Hoàng Gia, Bến du thuyền, Phố đi bộ bên bờ sông, quảng trường Châu Âu với tháp mặt trời cao 45m, sân khấu nhạc nước hoành tráng...  Tự hào khi thành phố Cảng có một nơi sang chảnh như vậy, anh em nào lập hội cuối tuần đi Hải Phòng du hí với tôi koooooooo 🥳🥳🥳	''	''			Bách	Duyệt		
2024-08-22	Quảng cáo	Lương Phương Thảo	BEAT  MỚI HẾT MÙA HOA PHƯỢNG ĐỎ, NGƯỜI DÂN HẢI PHÒNG BẤT NGỜ TRƯỚC DU THUYỀN - GOLF THỦ - NGỰA PHI - DINH THỰ LỘNG LẪY BAY TRÊN NÓC ĐOÀN ROADSHOW CỦA VINHOMES ROYAL ISLAND!!!  Anh em Hải Phòng mấy nay hóng được gì không? Phố xá mới thay màu áo, bỗng tự nhiên rộn ràng hẳn lên!!! Đoàn xe ROADSHOW diễu hành "chở" theo những kiến trúc độc đáo với biển riêng sau nhà và bộ sưu tập dịch vụ tiện ích đẳng cấp của Đảo Tỷ Phú Vinhomes Royal Island Vũ Yên.  Những hình ảnh về Sân golf Vinpearl 36 hố, Học viện cưỡi ngựa Hoàng Gia, Bến du thuyền, Phố đi bộ bên bờ sông, quảng trường Châu Âu với tháp mặt trời cao 45m, sân khấu nhạc nước hoành tráng,... Bảo sao người giàu hay thích các hòn đảo, thiên thời địa lợi nhân hòa!!!  Anh em HP cùng vi vu chiêm ngưỡng phố phường thành phố Cảng cùng đoàn xe này nhé!	''	''			Bách	Duyệt		
2024-08-22	Quảng cáo	Lương Phương Thảo	https://drive.google.com/file/d/1wwGnS2t5IxIzrtCeoJjTc9Jak3yLALu4/view	''	''	https://drive.google.com/file/d/1wwGnS2t5IxIzrtCeoJjTc9Jak3yLALu4/view		Bách	Duyệt		
2024-08-22	Quảng cáo	Nguyễn Thị Khánh Ly	https://drive.google.com/drive/folders/165gpZB40D1_xhfGYobJgnf74TsHokfuM CAPTION:   TRUNG BÌNH CÁC MẸ HIỆN NAY KHI MUA MILO LỐC 8 HỘP  Dạo này cộng đồng các moms là cứ xôn xao vụ mua MILO là trúng quà siêu dễ, tỷ lệ cứ gọi là MUA 2 TRÚNG 1, không biết có mẹ nào ở đây thử chưa ta. Theo tin tui hóng hớt thì MILO lần này chơi lớn, tặng hàng triệu thẻ cào và quà thể thao đến khách hàng. Đặc biệt là MILO quyết định quay số 24 người chơi trúng 24 hộp MILO vàng mỗi ngày.  Cho ad hỏi là có mẹ nào may mắn nhận được 1 trong 3 quà này chưa ạ, khoe nhẹ để xem có thật ko nhé. Mẹ nào muốn mua thì cứ ghé tạp hoá gần nhất nha.  #MILO #MILOVietnam #NhanTinTrungQuaNgay  CMT:  👉Xem ngay thông tin chương trình để rinh vàng giá chạm đáy nhé: https://www.nestlemilo.com.vn/nhantintrungquangay	''	''	https://drive.google.com/drive/folders/165gpZB40D1_xhfGYobJgnf74TsHokfuM		Bách	Duyệt		
2024-08-22	Quảng cáo	Lương Phương Thảo	@Thành Đạt ơi nói gì với c đi	''	''				Duyệt		
2024-08-22	Quảng cáo	Lưu Minh Quang	https://drive.google.com/file/d/1a6X_1sxXseP23oDsJ0mgMkpLD_zU_RJ8/view?usp=sharing  Caption: Sản phẩm Việt Nam vươn tầm thế giới luôn rồi 🤩	''	''	https://drive.google.com/file/d/1a6X_1sxXseP23oDsJ0mgMkpLD_zU_RJ8/view?usp=sharing		Đạt	Duyệt		
2024-08-22	Quảng cáo	Nguyễn Thị Khánh Ly	BẠN TH N ƠI LÊN ĐỒ ‼️‼️‼️  Thương hiệu trà sữa Top 3 tại Trung Quốc sắp sửa cập bến Hải Phòng 😘😘😘  Sự xuất hiện rầm rộ của SHUYI đã tạo nên làn sóng đón nhận từ đông đảo giới trẻ Trung Quốc ngay những ngày đầu tiên. Nổi tiếng nhất là dòng Thạch Thảo Mộc đã bán được 200 triệu cốc mỗi năm với doanh thu hơn 1 tỷ yên/sản phẩm.   Hãy trở thành những người Hải Phòng đầu tiên thưởng thức ly trà sữa từ SHUYI Grass Jelly & Tea vào ngày 24/8 nhé, địa điểm cửa hàng tại phố đi bộ Vũ Yên nha.  #phodibovuyen #shuyivietnam	'454553315_385246748009384_4794037327749722978_n_385246738009385.png'	''			Đạt	Duyệt		
2024-08-22	Quảng cáo	Nguyễn Thị Khánh Ly	NHẤT HỘI MÊ TRÀ SỮA: SHUYI - THƯƠNG HIỆU TRÀ SỮA TOP 3 TRUNG QUỐC CHUẨN BỊ CẬP BẾN HẢI PHÒNG  SHUYI được biết đến là một thương hiệu trà sữa đình đám đã tạo nên làn sóng yêu thích từ đông đảo giới trẻ Trung Quốc ngay từ những ngày đầu tiên xuất hiện. Nổi tiếng nhất là dòng Thạch Thảo Mộc đã bán được 200 triệu cốc mỗi năm với doanh thu hơn 1 tỷ yên/sản phẩm.  SHUYI Grass Jelly & Tea sẽ đổ bộ phố đi bộ Vũ Yên vào ngày 24/8 tới đây, anh em Hải Phòng tha hồ thưởng thức đặc sản nước bạn nhé!   #phodibovuyen #shuyivietnam   ------------------------------------  HẢI PHÒNG CHUẨN BỊ CHÀO ĐÓN SHUYI - THƯƠNG HIỆU TRÀ SỮA TOP 3 TRUNG QUỐC TẠI PHỐ ĐI BỘ VŨ YÊN  Team đam mê trà sữa lại có dịp háo hức khi chuẩn bị có sự xuất hiện của thương hiệu trà sữa SHUYI nổi tiếng Trung Quốc ngay tại Hải Phòng.  SHUYI đã tạo nên làn sóng đón nhận từ đông đảo giới trẻ Trung Quốc ngay những ngày đầu tiên. Nổi tiếng nhất là dòng Thạch Thảo Mộc đã bán được 200 triệu cốc mỗi năm với doanh thu hơn 1 tỷ yên/sản phẩm.  Cửa hàng SHUYI Grass Jelly & Tea đầu tiên tại Hải Phòng sẽ có mặt tại phố đi bộ Vũ Yên vào ngày 24/08, lên đồ tới đây thưởng trà thôi anh chị em ơii  #phodibovuyen #shuyivietnam	'455119213_511616114781081_5733741509329609671_n_1528100791129962.png'	''			Đạt	Duyệt		
2024-08-22	Quảng cáo	Lương Phương Thảo	‪  https://drive.google.com/file/d/1wwGnS2t5IxIzrtCeoJjTc9Jak3yLALu4/view	''	''	https://drive.google.com/file/d/1wwGnS2t5IxIzrtCeoJjTc9Jak3yLALu4/view		Đạt	Duyệt		
2024-08-22	Quảng cáo	Lương Phương Thảo	CHOÁNG NGỢP KHI LẦN ĐẦU NHÌN THẤY DU THUYỀN - GOLF THỦ - NGỰA PHI - DINH THỰ BAY TRÊN NÓC ĐOÀN ROADSHOW ĐÌNH ĐÁM CỦA VINHOMES ROYAL ISLAND 😳  Ta nói nó đỉnhhhhhhh nóc kịch trần luôn ấy anh em ơiiii. Toàn là những tuyệt tác kiến trúc với biển riêng sau nhà tại Đảo Tỷ Phú Vinhomes Royal Island Vũ Yên. Ông nào chưa biết thì ở đây còn quy tụ những tiện ích chuẩn hoàng gia siêu sang, đẳng cấp như  Sân golf Vinpearl 36 hố, Học viện cưỡi ngựa Hoàng Gia, Bến du thuyền, Phố đi bộ bên bờ sông, quảng trường Châu Âu với tháp mặt trời cao 45m, sân khấu nhạc nước hoành tráng...  Đường phố Hải Phòng dịp này cũng nhộn nhịp hơn hẳn với đoàn xe độc đáo diễu hành khắp nơi. Thật sự tự hào khi thành phố hoa phượng đỏ giờ đã có một dự án quá sang, xịn, đẳng cấp, định hình lối sống siêu sang sánh ngang với các Đảo Tỷ Phú thế giới !!! 💯💯💯	''	''			Đạt	Duyệt		
2024-08-22	Quảng cáo	Lương Phương Thảo	THÀNH PHỐ HOA PHƯỢNG ĐỎ RỘN RÀNG TRƯỚC ĐOÀN XE ROADSHOW TÁI HIỆN HỆ TIỆN ÍCH ĐỈNH CAO CỦA ĐẢO TỶ PHÚ VINHOMES ROYAL ISLAND VŨ YÊN TRÊN ĐƯỜNG PHỐ  Nằm trên Đảo Vũ Yên - một "đảo tỷ phú" mới của thế giới, Vinhomes Royal Island kiêu hãnh tỏa sáng, kiến tạo nên một chuẩn mực sống đẳng cấp vượt trội, mang đến một phong cách sống hoàng gia chưa từng có tại Việt Nam.  Những thiết kế kiến trúc độc đáo với biển riêng sau nhà, cùng hệ thống tiện ích chuẩn hoàng gia lần đầu tiên quy tụ trong một khu đô thị, là lời khẳng định cho một cuộc sống viên mãn. Từ sân golf Vinpearl 36 hố, học viện cưỡi ngựa Hoàng Gia, bến du thuyền, phố đi bộ bên bờ sông, quảng trường Châu Âu với tháp mặt trời cao 45m và sân khấu nhạc nước hoành tráng, mỗi chi tiết đều toát lên vẻ đẹp sang trọng và tinh tế.  Hình ảnh đoàn xe Roadshow di chuyển khắp thành phố Hải Phòng, như một lời giới thiệu đầy tự hào về Vinhomes Royal Island. Sở hữu một căn hộ tại đây không chỉ là nơi an cư, mà còn là minh chứng cho sự thành công và khẳng định vị thế của giới tinh hoa toàn cầu.	''	''			Đạt	Duyệt		
2024-08-22	Quảng cáo	Nguyễn Thị Khánh Ly	Check c lên beat nha: https://docs.google.com/document/d/1vD7HaQd2UUMn7xxHyy-5R1mscpm2EUdx52Z805G17_k/edit?usp=sharing	'454579812_874547231257840_812811909732213993_n_1239194970334540.jpg
 455640065_3881618925387256_6587797303765913913_n_1033645615133404.jpg
 455227149_1485682192116396_2921753639114539286_n_520051663741423.jpg
 455829322_1041864137518014_7075025562029861509_n_400230262699540.jpg
 455970466_1676808179764251_834950319931740738_n_8040851942657265.jpg'	''			Đạt	Duyệt		
2024-08-22	Quảng cáo	Bùi Thị Khánh 	3000 ANH EM TÀI XẾ CHẠM TAY ĐẾN CƠ HỘI NHẬN VỀ TRĂM TRIỆU TRONG 4 THÁNG CUỐI NĂM  Anh em nào vừa muốn có nghề lương cao kiếm tiền, vừa có xế hộp xịn xò thì tham gia Ngày hội Bác Tài Xanh tháng 8 để kiếm về tới trăm triệu ăn Tết nhé!  Đợt này Xanh SM chơi lớn, chỉ lấy có 13%, còn lại 87% doanh số và thu nhập đến 40 triệu++/ tháng dành hết cho các Bác Tài Xanh Platform.  Các Bác Tài Xanh Taxi sẽ sở hữu mức thu nhập 27 triệu++/ tháng, phí sạc được hỗ trợ thêm 50%, tính ra rẻ hơn đổ xăng tới ⅔ lận. Đặc biệt là quy trình phỏng vấn, lái thử và đi làm ngay chỉ trong 1 ngày!  Ngày hội Bác Tài Xanh đợt này còn tổ chức quay trúng thưởng với quà tặng khủng tới 50 triệu, từ Samsung Galaxy Tab, điện thoại Galaxy M15, Tai nghe Bluetooth AirPods 2, đồng hồ thông minh đến trăm cái nồi chiên không dầu. Tính ra cứ đăng ký đến bốc thăm nhận quà là cũng lãi rồi.   Còn có 2-3 ngày thôi để đăng ký thôi anh em ơi, check ngay comment đăng ký giữ chỗ nhé!	'454149886_1008765637398943_6082550638985394491_n_910093817601922.jpg'	''			Đạt	Duyệt		
2024-08-22	Quảng cáo	Bùi Thị Khánh 	- Caption: Khẩn trương lên thôi ae ơi!! #TigerBeer #BongvangTiger #BatThungTigerNangBongVang   - Video:  https://drive.google.com/file/d/1ebZ4mcbN9oVgEl0HaXMQTu4JUmtXMVJB/view?usp=sharing	''	''	https://drive.google.com/file/d/1ebZ4mcbN9oVgEl0HaXMQTu4JUmtXMVJB/view?usp=sharing		Đạt	Duyệt		
2024-08-22	Quảng cáo	Bùi Thị Khánh 	💰 3000 ANH EM TÀI XẾ ĐÃ CÓ CƠ HỘI NHẬN VỀ TRĂM TRIỆU TRONG 4 THÁNG CUỐI NĂM  Vừa có nghề lương cao kiếm tiền, vừa có xế hộp cầm về kiếm đâu ra?? Tham gia Ngày hội Bác Tài Xanh tháng 8 kiếm về tới trăm triệu ăn Tết 🔥  📣 Đợt này Xanh SM chơi lớn, chỉ lấy có 13%, còn đâu 87% doanh số và thu nhập 40 triệu++/ tháng dành hết cho các Bác Tài Xanh Platform.  ️🎯 Các Bác Tài Xanh Taxi thì thu nhập 27 triệu++/ tháng, phí sạc lại được hỗ trợ thêm 50%, tính ra rẻ hơn đổ xăng tới ⅔ lận. Phỏng vấn, lái thử và đi làm ngay chỉ trong 1 ngày.  Đại hội võ lâm đợt này còn tổ chức quay trúng thưởng với list quà tặng khủng tới 50 triệu, từ Samsung Galaxy Tab, điện thoại Galaxy M15, Tai nghe Bluetooth AirPods 2, đồng hồ thông minh đến trăm cái nồi chiên không dầu 🔥 Tính ra còn phân vân mà cứ đăng ký đến bốc thăm nhận quà cũng được :))     Còn có 2-3 ngày thôi, xuống comment đăng ký giữ chỗ đăng ký 1-1 nhé   Top CMT: 😍 Chạy KPI 4 tháng cuối năm, kiếm tiền ăn Tết thôi anh em ơi: https://bit.ly/NgayhoiBacTaiXanh2 📌 TP.HCM: 8:30 – 16:30, ngày 26/08/2024 Trung tâm Văn hóa Thể thao Quận Gò Vấp, Số 05 Nguyễn Văn Lượng, Phường 16, Quận Gò Vấp, TP. HCM 📌 Hà Nội: 8:30 – 16:30, ngày 28/08/2024, Trung tâm Văn hóa - Thông tin và Thể thao Thanh Xuân, Số 166 Khuất Duy Tiến, Phường Nhân Chính, Quận Thanh Xuân, Hà Nội	''	''	https://docs.google.com/forms/d/e/1FAIpQLSdiJLyks3gZdFkK0ARu9lTxnvN7RWXfSas_aTahQdsWphifZA/viewform?usp=embed_facebook		Đạt	Duyệt		
2024-08-22	Quảng cáo	Bùi Thị Khánh 	- CAPTION:  🔥 HOT: ĐÃ LỘ DIỆN 6 CHỦ NHÂN QUẢ BÓNG VÀNG 200 TRIỆU CỰC GIÁ TRỊ TẠI MIỀN TÂY  Đường đua tranh Quả Bóng Vàng 200 TRIỆU của AE miền Tây ngày càng nóng khi 8 giải thưởng cực giá trị đã về tay chủ nhân!! Liệu ai sẽ là người tiếp theo ghi tên mình vào bảng vàng đây ta?? 🤩🤩  AE nào muốn gia nhập hội săn bóng vàng thì rủ liền chiến hữu lên Tiger nha - 100% khui là trúng đó!! Chương trình chỉ kéo dài tới 30/09 thôi nên AE nhớ tranh thủ rốp rẻng nè 🤘🍻  Lưu ý: Chương trình không dành cho người dưới 18 tuổi  #TigerBeer #BatThungTigerNangBongVang   - Visual: https://drive.google.com/file/d/1wxA9g0IZGHm9HhR2EHsattXsbguWpTym/view?usp=share_link	''	''	https://drive.google.com/file/d/1wxA9g0IZGHm9HhR2EHsattXsbguWpTym/view?usp=share_link		Đạt	Duyệt		
2024-08-22	Quảng cáo	Nguyễn Thị Khánh Ly	Cap:  HỌC CÁI CÁCH CHẢI CHIỀU CÔ ẤY!!! NIỀM VUI CỦA PU, NỖI ĐAO CỦA CHẢI  Sim Viettel có SIM đi quốc tế, Data Roaming không giới hạn - chỉ 20k/ ngày. Du hí 38 nước thả ga vi vu tiết kiệm khỏi lo!!!	''	''			Đạt	Duyệt		
2024-08-22	Quảng cáo	Nguyễn Thị Khánh Ly		'455810924_1570888470532264_7943517266674690266_n_875064121347052.png'	''			Đạt	Duyệt		
2024-08-22	Quảng cáo	Bùi Thị Khánh 	1. Thời gian: 21:00 hôm nay 22/08/2024 2. Caption: Tân binh đổ bộ Ngoại hạng Anh: Tân binh this và Tân binh that  Vòng 1 Ngoại hạng Anh vừa khép lại với sự toàn thắng của những “ông lớn”.  Trong đó, tân binh Joshua Zirkzee (36,5 triệu Bảng) của MU đã đem về chiến thắng 1- 0 ngay ở màn chào sân.   Cũng dùng tân binh nhưng Chelsea lại không gặp may mắn như thế. CLB này đã mạnh tay mua tới 6 cầu thủ với tổng trị giá hàng trăm triệu bảng mà vẫn phải ngậm ngùi để thua 0 - 2 trước đương kim vô địch Man City.  Chỉ còn vài ngày nữa thị trường chuyển nhượng sẽ đóng cửa, các đội đều “tăng tốc” để bổ sung lực lượng. Man City vừa đón tân binh thứ 2 Divin Mubama, vừa đón chào sự trở lại của người đội trưởng kỳ cựu Gundogan từ tay Barcelona. MU rốp rẻng “chốt” Ugarte... Với tình hình này, Vòng 2 Ngoại hạng Anh sẽ càng khó đoán hơn. Đúng là ở Ngoại hạng Anh, chuyện gì cũng có thể xảy ra và 30 vẫn chưa phải là Tết!!!  Đón xem trực tiếp Ngoại hạng Anh mùa giải 2024/2025 trên K+, nền tảng duy nhất phát sóng trọn vẹn 380 trận đấu và độc quyền 3 trận hay nhất mỗi vòng.  Đặc biệt, từ 5/9, K+ còn độc quyền phát sóng AFC - Vòng loại thứ 3 World Cup 2026. Khách hàng đăng ký mới còn có cơ hội quay số để nhận được TV LG UHD 4K AI cao cấp (65 hoặc 75 inch) mới nhất 2024 do thương hiệu LG tài trợ.  #KPlus #NgoaihangAnh 1st comment:   Bùng nổ ưu đãi duy nhất trên K+ ngay từ hôm nay: 👉 Từ 15/8 - 15/9/2024, đăng ký mới DTH gói Trọn Vẹn 12 tháng được tặng trọn bộ thiết bị HD trị giá 1,200,000 VNĐ và 2 tháng thuê bao miễn phí.  👉 Từ 15/08 – 02/09 và 14/09 – 29/09, đăng ký mới gói App K+ được hưởng ưu đãi đặc biệt chỉ từ 88,000 đồng/ tháng. ️Đăng ký: ️https://www.kplus.vn/vn   3. Materials: https://drive.google.com/file/d/1_riC-cmgak_79wSChZar82F7R95-eQYu/view?usp=sharing	''	''	https://drive.google.com/file/d/1_riC-cmgak_79wSChZar82F7R95-eQYu/view?usp=sharing		Đạt	Duyệt		
2024-08-22	Quảng cáo	Lương Phương Thảo	BEAT   Caption: "Giải pháp thay thế trung tâm Anh ngữ chỉ với 10k/ngày". Chỉ 2 cốc trà đá mỗi ngày mà giỏi tiếng Anh thì đúng là thời tới rồi các mình ơi!  Cmt của Beat: Cho anh em nào chưa biết: https://www.facebook.com/SepNgocLan/videos/1619617232270844  Cmt của Beat: Đang được miễn phí học tận 2 tuần, anh chị em vào học thử ngay đi: https://fsel.edu.vn/	'455923591_1035361201619673_2225929175153402631_n_1483318902295701.jpg'	''			Đạt	Duyệt		
2024-08-22	Quảng cáo	Bùi Thị Khánh 	Link Ảnh: https://drive.google.com/drive/folders/1ZXbTnvCkCH-koDcw2fDKK430RLtRb3OA  *Team chọn trong drive giúp mình khoảng 10-12 ảnh nhé Những ảnh mà cùng 1 cảnh nhưng chụp nhiều góc khác nhau, team chọn giúp mình 1 tấm thôi nha. Mình ưu tiên chọn các ảnh các em bé, bạn nữ xinh, chú chó, gia đình đưa lên đầu tiên, còn lại thì mình có thể tự chọn thứ tự ảnh cho phong phú team nha.   Mình gửi vài layout mẫu cho team tham khảo nhé! Nhờ team set bài rồi cho mình check layout trước nhé!	''	''	https://drive.google.com/drive/folders/1ZXbTnvCkCH-koDcw2fDKK430RLtRb3OA		Đạt	Duyệt		
2024-08-22	Quảng cáo	Bùi Thị Khánh 	Tiên phong kiến tạo những "vùng đất hạnh phúc" hơn hai thập kỷ qua, Nhà sáng lập Ecopark cũng thường xuyên được nhắc đến với vai trò kiến tạo biểu tượng cho phong cách sống của giới tinh hoa kín tiếng tại Miền Bắc - Biệt thự đảo Ecopark Grand The Island.  Mỗi căn biệt thự đảo của Nhà sáng lập Ecopark đều được thiết kế độc bản, được bao trọn bởi 5 tầng thiên nhiên cùng hệ sinh thái chuẩn tự nhiên với mặt trước là sân vườn, mặt sau là hệ thống nước tuần hoàn tự nhiên để cư dân hoà mình vào thiên nhiên, tận hưởng trọn vẹn liệu pháp chữa lành hiệu quả nhất ngay tại tổ ấm của mình cùng những người thân yêu nhất.   Với giới tinh hoa kín tiếng Miền Bắc sở hữu biệt thự đảo tại Ecopark, có lẽ sẽ chẳng có nơi nào healing hơn việc gác tạm những âu lo sau cánh cửa, trở về nhà và tận hưởng từng phút giây hạnh phúc được thiên nhiên ôm ấp.   #NhasanglapEcopark #Bietthudao #EcoparkGrandTheIsland  #Nhalaresort	''	''			Đạt	Duyệt		
2024-08-22	Quảng cáo	Nguyễn Thị Khánh Ly		'454247935_963524628879146_8861444125010268633_n_1655975141848373.png'	''			Đạt	Duyệt		
2024-08-22	Quảng cáo	Nguyễn Thị Khánh Ly	https://drive.google.com/drive/folders/11b07h7h9rlMR92xF-LSphoD8A1Xs1J1P?fbclid=IwY2xjawEz8qBleHRuA2FlbQIxMAABHXvCjfQVIf2x1c5GtvCvYWHUvEMUjYhXf3SWLjSbstlXkDqh-wtuEIzJig_aem_RyE2Q8QzwTNz6SM391RG1Q	''	''	https://drive.google.com/drive/folders/11b07h7h9rlMR92xF-LSphoD8A1Xs1J1P?fbclid=IwY2xjawEz8qBleHRuA2FlbQIxMAABHXvCjfQVIf2x1c5GtvCvYWHUvEMUjYhXf3SWLjSbstlXkDqh-wtuEIzJig_aem_RyE2Q8QzwTNz6SM391RG1Q		Bách	Duyệt		
2024-08-22	Quảng cáo	Nguyễn Thị Khánh Ly	BEAT HP:  ĐÊM NHẠC ACOUSTIC SÔI ĐỘNG: “HẢI PHÒNG SAY HI!” CÙNG MAI CHÍ CÔNG & THỎ NGỌC TÙNG DINH KHỔNG LỒ TẠI VINCOM PLAZA IMPERIA 23.08.2024  💃 Tưng bừng mừng tái xuất ấn tượng với phong cách mới đẳng cấp, Vincom Plaza Imperia “chơi lớn” tổ chức chuỗi sự kiện âm nhạc Acoustic Night định kì hàng tuần với các ca sĩ nổi tiếng, bắt đầu vào ngày 23.08 hoàn toàn miễn phí!  💥 “Hải Phòng Say Hi!” là đêm nhạc mở màn cùng sự xuất hiện của ca sĩ Mai Chí Công - hiện tượng MXH đình đám với các ca khúc truyền thống dân gian theo phong cách remix mới đầy sôi động bên cạnh Thỏ Ngọc siêu lớn kỷ lục Việt Nam.   Đặc biệt, chuỗi hoạt động mừng tái xuất không thể bỏ lỡ từ sáng tới đêm, náo nhiệt quên lối về tại Vincom Plaza Imperia từ 23.08: Diễu hành đường phố chào Hải Phòng, Workshop Góc Mer, lễ hội văn hóa Việt - Hàn, hàng triệu phần quà trung thu cho bé,..., và tưng bừng khai trương cửa hàng Uniqlo thứ 2 tại Hải Phòng.   Và bất ngờ lớn nhất sẽ đến vào ngày 30.08 cùng “Đại tiệc  m nhạc ngày trở lại”, mừng sự hồi sinh phong cách đẳng cấp mới của biểu tượng đỉnh cao đất Cảng. Sẵn sàng quẩy nhiệt tình, chơi hết mình cùng Vincom thôi!!!! 😍  #vincomplazaimperia	''	''			Bách	Duyệt		
2024-08-22	Quảng cáo	Lưu Minh Quang	https://drive.google.com/drive/folders/1DYy_uij3Ijz1N6MjY9TqixQeNVe2YyHJ  Cap: Uy tín tạo niềm tin nha bà con ơi!!!	''	''	https://drive.google.com/drive/folders/1DYy_uij3Ijz1N6MjY9TqixQeNVe2YyHJ		Đạt	Duyệt		
2024-08-22	Quảng cáo	Lương Phương Thảo	TT BEATVN   Caption: Họ rất ngầu cho đến khi bước xuống sân khấu 🤣  #8Wonder #MoonFestival #OceanCity #Hanoi  Video: https://drive.google.com/file/d/1dk5y9de_o-6DJUa5OWpu6mUyFJpAacVW/view?usp=sharing   CMT: Đừng quên tham gia chương trình Moon Festival ngay để cùng nhau lan tỏa không khí lễ hội và nhận về những phần thưởng hấp dẫn từ VinWonders nhé V-Creator ơi!	''	''	https://drive.google.com/file/d/1dk5y9de_o-6DJUa5OWpu6mUyFJpAacVW/view?usp=sharing		Bách	Duyệt		
2024-08-22	Quảng cáo	Bùi Thị Khánh 	https://docs.google.com/spreadsheets/d/1gisnK90SL53FLaBCAPDEhVc-85zv3YsFwYIpD1XcNTU/edit?gid=1258447884#gid=1258447884	''	''	https://docs.google.com/spreadsheets/d/1gisnK90SL53FLaBCAPDEhVc-85zv3YsFwYIpD1XcNTU/edit?gid=1258447884#gid=1258447884		Bách	Duyệt		
2024-08-22	Quảng cáo	Bùi Thị Khánh 	BEAT VN - GRAB!)  caption: Check in Địa điểm hot nhất lúc này!!!  👉 Ngã 6 Phù Đổnggg  Thấy ai dừng đèn đỏ cũng check in um sùm với màn hình cảm ơn đáng yêu xỉu của Grab. 😘   Link vdo: https://drive.google.com/file/d/1um1jXwT8SzVVB2N9shku6MyXJ5qat1Pz/view?usp=sharing	''	''	https://drive.google.com/file/d/1um1jXwT8SzVVB2N9shku6MyXJ5qat1Pz/view?usp=sharing		Bách	Duyệt		
2024-08-22	Quảng cáo	Lưu Minh Quang	Ở CÁI TẦM INTERNATIONAL!!! 1 DOANH NGHIỆP VIỆT NAM BAO TRỌN VINWONDERS CHO 3200 NHÂN VIÊN VUI CHƠI GẮN KẾT 24H  Công ty công nghệ nhà người ta "quẩy" kịch trần, bay phấp phới mừng sinh nhật tuổi 30. FPT IS vừa bao trọn VinWonders Nam Hội An 1 ngày 1 đêm cho 3200 nhân viên đi chơi tung nóc, free từ ăn ngủ nghỉ đến chơi full option trò chơi, camping xuyên đêm các kiểu, lại còn mở festival xập xình.  Ở cái tầm international này thì anh em Đông Lào cứ gọi là mở mang tầm mắt. Teambuilding như này thì đi mấy lần cũng được ✌️      Video  https://drive.google.com/file/d/1sfltaPTTg7gF4dHlOciX6jx9SBjlUTNz/view?usp=drivesdk	''	''	https://drive.google.com/file/d/1sfltaPTTg7gF4dHlOciX6jx9SBjlUTNz/view?usp=drivesdk		Đạt	Duyệt		
2024-08-22	Quảng cáo	Bùi Thị Khánh 	Caption: Dễ thương quá kìa 🙋 Chiều nay vô tình đi qua thì thấy Màn hình Cách Mạng tháng 8 livestream lun khoảnh khắc mấy cô/chú tài xế nhận lời cảm ơn rùi cười toe toét, trời ơi ta nói soft xỉu 🤣🤣🤣  Link video: https://drive.google.com/file/d/1-APO63N_dkEPxmEaBS6Uto7UDt45Uo9Q/view?usp=drive_link	''	''	https://drive.google.com/file/d/1-APO63N_dkEPxmEaBS6Uto7UDt45Uo9Q/view?usp=drive_link		Bách	Duyệt		
2024-08-22	Quảng cáo	Lưu Minh Quang	https://drive.google.com/file/d/1NB259IezLDrqSy3_fI0LPjMafm8Y1K5C/view?usp=sharing	''	''	https://drive.google.com/file/d/1NB259IezLDrqSy3_fI0LPjMafm8Y1K5C/view?usp=sharing		Bách	Duyệt		
2024-08-22	Quảng cáo	Lê Thanh Huyền	https://drive.google.com/drive/folders/1S338QS2yzOXlrRpecVjjrMqjoY65_F3U?usp=sharing	''	''	https://drive.google.com/drive/folders/1S338QS2yzOXlrRpecVjjrMqjoY65_F3U?usp=sharing		Bách	Duyệt		
2024-08-22	Quảng cáo	Nguyễn Thị Khánh Ly	TOP:  Cap: Ảnh đẹp là phải flex liền tay, thiếu gì data đâu 😎  Ảnh: https://imgur.com/a/XASZicg  Comment:  Khỏi phải mất công đi tìm nhà mạng của nước bạn cái nào rẻ, tốc độ ngon, thay sim lằng nhằng =))) Hệ tiện gọn cứ dùng SIM Viettel Data Roaming đi quốc tế vừa rẻ vừa không bị gián đoạn liên lạc với trong nước, xem thêm tại: <Link>	''	''	https://imgur.com/a/XASZicg		Bách	Duyệt		
2024-08-22	Quảng cáo	Bùi Thị Khánh 	https://drive.google.com/drive/folders/126q5RYrxIbafNWEBdX_Zu5GEcEjSwGrY   Cap: Tuyệt đỉnh công phu!!! Ăn chơi còn có quà xịn thế này hết nước chấm còn gì nữa!!!	''	''	https://drive.google.com/drive/folders/126q5RYrxIbafNWEBdX_Zu5GEcEjSwGrY		Bách	Duyệt		
2024-08-22	Quảng cáo	Lưu Minh Quang	GÓC TỰ HÀO: LẦN ĐẦU TIÊN TRONG LỊCH SỬ, MỘT NGHIÊN CỨU CỦA VIỆT NAM VỀ THUỐC ĐIỀU TRỊ BỆNH DO VIRUS LÂY LAN QUA ĐƯỜNG HÔ HẤP ĐƯỢC LỰA CHỌN ĐỂ BÁO CÁO TRONG HỘI NGHỊ QUỐC TẾ TẠI MỸ  Anh em Việt Nam lại được dịp hân hoan khi mới đây, lần đầu tiên trong lịch sử, một nghiên cứu về thuốc điều trị bệnh do virus lây lan qua đường hô hấp của Việt Nam được chọn để trình bày tại hội nghị quốc tế Pharma R&D ở Boston, Mỹ. Đây là sự kiện lớn nhất trong lĩnh vực nghiên cứu dược phẩm hàng năm, quy tụ các chuyên gia hàng đầu thế giới.  Thành tựu đáng tự hào đến từ Sao Thái Dương - thương hiệu nổi tiếng của Việt Nam về sản xuất, kinh doanh Dược mỹ phẩm và thực phẩm chức năng nguồn gốc thảo dược. Đặc biệt hơn nữa là thuốc này không chỉ có tác dụng với cúm mà còn có hiệu quả với cả Covid-19, một vấn đề toàn cầu vẫn đang khiến nhiều người lo ngại.  Dấu mốc này không chỉ là minh chứng cho sự phát triển vượt bậc của ngành dược phẩm Việt Nam mà còn là một lời khẳng định về năng lực nghiên cứu và phát triển của các nhà khoa học.  Hy vọng rằng, đây sẽ là bước khởi đầu cho những thành công tiếp theo của ngành dược phẩm Việt Nam nói chung và Sao Thái Dương nói riêng trên trường quốc tế, góp phần nâng cao vị thế của Việt Nam trong lĩnh vực khoa học công nghệ.	''	''			Bách	Duyệt		
2024-08-22	Quảng cáo	Bùi Thị Khánh 	@Khánh Bùi tớ gửi post đi Chuyện của HN, 20h tối nay --- Caption: Những biểu cảm siêu đáng yêu của em bé sư tử biển – idol “nhí” gần 2 tháng tuổi hot nhất Thủy cung Lotte World Hà Nội. Có cô dì chú bác nào đi Thủy cung mà “bắt” được những khoảnh khắc tấu hề của cháu nó không J) À mà nghe nói bà nhỏ vẫn chưa có tên đâu cô chú, cô chú đến chơi rồi tham gia đặt tên cho cháu nó nữa nhé!  Hình ảnh: https://drive.google.com/drive/folders/1_OLUknjhhV4aLok1qdFhcHvIKbCUeIk1?usp=drive_link  Caption từng ảnh (đã được note ở tên từng ảnh trong link trên): 1. Xin chào cô chú, con là em bé sư tử biển California đầu tiên được sinh ra tại Việt Nam đó ạ! 2. Đây là con hồi mới chào đời, đáng iu quá phải hông cô chú ^^ 3. Con rất iu mẹ con, dù tình mẹ con đôi lúc hơi cảm lạnh! 4. Con rất thích làm nũng mẹ, con mê mẹ con lắm nên con rất thích chơi và ngủ trên người mẹ. Vậy mà mẹ cũng chiều con lắm lun á! 5. Mẹ chiều nên thỉnh thoảng con hơi “bắt nạt” mẹ xíu xiu hoy chứ hông có nhiều ạ! 6. Để con gầm cho cô chú nghe nhé, ọeeeeeeeeee 7. Chả hiểu sao con thấy con cũng xinh xắn đáng yêu mà ông ngoại với mấy cô chú chụp ảnh con lên nhìn … “lạ” lắm. Cô chú xem mấy ảnh sau là rõ nèee!!! 8. Sư tử biển răng thỏ 9. Một chiếc em bé rất hay hốt hoảng 10. Cô chú tới chơi dzới con đi hông là con dỗi con lườmmmmmmmm nè!!!	''	''	https://drive.google.com/drive/folders/1_OLUknjhhV4aLok1qdFhcHvIKbCUeIk1?usp=drive_link		Đạt	Duyệt		
2024-08-22	Quảng cáo	Nguyễn Thị Khánh Ly		'456566826_502906398995071_661542808699451931_n_858166556378612.png'	''			Bách	Duyệt		
2024-08-22	Quảng cáo	Nguyễn Thị Khánh Ly	Kiến:  BE GROUP - TIÊN PHONG TRONG CUỘC ĐUA “SIÊU ỨNG DỤNG DI CHUYỂN ĐA PHƯƠNG THỨC” TẠI VIỆT NAM  MaaS Aggregator – tạm dịch “Siêu ứng dụng di chuyển đa phương thức” – đang là mô hình được các nghiên cứu khoa học trên thế giới quan tâm. Cụ thể, đây là một mô hình kinh doanh và kỹ thuật số mới, nhằm phục vụ nhu cầu di chuyển đa dạng: máy bay, tàu hỏa, xe khách, xe hơi… thông qua một nền tảng số duy nhất.   Tại Việt Nam, BE đang là siêu ứng dụng thuần Việt đầu tiên bắt kịp xu hướng này.  BE đón đầu xu thế - PHÁT TRIỂN PHƯƠNG THỨC DI CHUYỂN 5 TRONG 1 tạo thành hệ sinh thái vận chuyển vô cùng đồ sộ và đặc thù, trong khi đối thủ chỉ tập trung vào thị trường xe hai bánh đang bão hoà, nơi mà BE chiếm tới hơn 1/3 thị PHẦN tại sân nhà 🇻🇳  Thêm vào đó, theo Khảo sát thói quen sử dụng ứng dụng đặt xe công nghệ 2024 của Q&ME, BE là siêu ứng dụng có mức chi tiêu trên đầu người cao nhất. Từ kết quả trên, BE đã kết hợp với Ngân hàng số Cake ra mắt tính năng tài chính Đi trước trả sau “bePaylater" cho các dịch vụ di chuyển có giá trị cao như vé máy bay, tàu hỏa...   Chi tiết 👇	''	''			Bách	Duyệt		
2024-08-22	Quảng cáo	Lưu Minh Quang	AI SỢ THÌ ĐI VỀ!! SẾP NHÀ NGƯỜI TA QUẨY DJ TUNG NÓC, KỊCH TRẦN, BAY PHẤP PHỚI  Sếp mình đi teambuilding thì nhân viên tập văn nghệ, còn sếp người ta thì bao trọn VinWonders 24h chơi tung nóc, mời thêm DJ, ca sĩ, ban nhạc các kiểu để cho nhân viên quẩy.  Công ty trong mơ mà tôi đang nhắc đến ở đây là FPT IS, năm nay kỷ niệm sinh nhật 30 tuổi nên dẫn hẳn 3200 nhân viên từ Bắc chí Nam đi team building. Nghe bẩu Go Global nên đã chơi phải xịn. Đã bao trọn VinWonders Nam Hội An cho nhân viên chơi tẹt ga các trò lại còn làm fest âm nhạc tung nóc với các nghệ sĩ nổi tiếng như Mỹ Mỹ, Ban nhạc Bức Tường, DJ Dương K, Thái Sơn beatbox…   Dàn sếp đúng chất chơi làm ngay set DJ quẩy cùng 500 anh em. Ai cũng vui hết mình, quẩy hết cỡ, app tự làm xịn mịn như concert quốc tế... như này thì năm nào cũng muốn đi team building với công ty mất.    Làm ra làm, chơi ra chơi FPT IS làm quả này đúng là khiến nhân viên nguyện cống hiến thêm dài dài cho công ty!	''	''			Bách	Duyệt		
2024-08-21	Quảng cáo	Lương Phương Thảo	CAOTHU  Chuẩn bị rước đèn tháng 8 nầy =))))  Đừng quên tham gia chương trình Moon Festival ngay để cùng nhau lan tỏa không khí lễ hội và nhận về những phần thưởng hấp dẫn từ VinWonders nhé V-Creator ơi!  #8Wonder #MoonFestival #OceanCity #Hanoi  https://drive.google.com/file/d/1b67kW6NbSJFriWBy64tZRfxiT0SUqUGI/view	''	''	https://drive.google.com/file/d/1b67kW6NbSJFriWBy64tZRfxiT0SUqUGI/view		Đạt	Duyệt		
2024-08-21	Quảng cáo	Nguyễn Thị Khánh Ly	CAPTION:  TẠP HÓA NHẬP SỈ “VÀNG” ĐỂ BÁN VÌ GIÁ CHẠM ĐÁY???  Tin nóng cho ai muốn đầu cơ, giá vàng nay chạm đáy, cụ thể chỉ bằng giá 2 lốc sữa MILO.   Cụ thể, MILO đang có chương trình khuyến mãi, khi mua MILO Lốc 8 hộp sẽ nhận được thẻ cào với cơ hội trúng 24 hộp MILO vàng mỗi ngày. Đặc biệt, người chơi còn có cơ hội nhận được hàng triệu giải thưởng hấp dẫn khác như thẻ điện thoại, bộ vợt cầu lông, với tỷ lệ trúng siêu cao, gần như là nhắn 2 trúng 1. Chương trình kéo dài từ 12.08 đến 15.11.  Với số lượng vàng khủng như vậy thì các mẹ cứ mạnh tay đầu tư, cứ ra tiệm tạp hóa nào gần nhà, mua hẳn mấy thùng thì chắc chắn thành công săn vàng giá 60K.  #MILO #MILOVietnam #NhanTinTrungQuaNgay  CMT: 👉Xem ngay thông tin chương trình để rinh vàng giá chạm đáy nhé: https://www.nestlemilo.com.vn/nhantintrungquangay	''	''	https://www.nestlemilo.com.vn/nhantintrungquangay		Đạt	Duyệt		
2024-08-21	Quảng cáo	Nguyễn Thị Khánh Ly	TT SHOWBEAT:  - Cap: Lú luôn! B.I hoà tan cực mạnh =))))  #8Wonder #MoonFestival #OceanCity #Hanoi  https://drive.google.com/drive/folders/1_GSn_x2bL_ruJTzrOiisBlQalLX5-5-U?fbclid=IwY2xjawEyLSZleHRuA2FlbQIxMAABHUqO_f7rIPqBmDk4rBZuRvOzMZt2robmia2Btr3U41Am6bTeJQ7CUzvDVw_aem_5nrjBTzvlkBnh0CNNYbpcQ	''	''	https://drive.google.com/drive/folders/1_GSn_x2bL_ruJTzrOiisBlQalLX5-5-U?fbclid=IwY2xjawEyLSZleHRuA2FlbQIxMAABHUqO_f7rIPqBmDk4rBZuRvOzMZt2robmia2Btr3U41Am6bTeJQ7CUzvDVw_aem_5nrjBTzvlkBnh0CNNYbpcQ		Đạt	Duyệt		
2024-08-21	Quảng cáo	Nguyễn Thị Khánh Ly	CCHN:  Idea 1: Ảnh chế 2 frame Tôi mỗi lần ra nước ngoài - Trước kia: Mua SIM vật lý các nước hết cả trăm lít, tháo tháo lắp lắp mất thời gian - Bây giờ: Xài SIM Viettel đi quốc tế, Data Roaming không giới hạn - chỉ từ 20k/ngày, chuyển vùng chỉ bằng 1 phát gạt.   Idea 2: Người dùng SIM Viettel đi quốc tế dạo này kiểu Ảnh chế 2 frame Frame 1: Ra nước ngoài ngớ người: Voãi quên mua sim nước ngoài rồi Frame 2: Sực nhớ ra: À mìnhSIM Viettel đi quốc tế, Data Roaming không giới hạn - chỉ từ 20k/ngày mà :)) Dùng ảnh kiểu này: https://imgflip.com/meme/87744005/Sleeping-Donald-Duck	''	''	https://imgflip.com/meme/87744005/Sleeping-Donald-Duck		Bách	Duyệt		
2024-08-21	Quảng cáo	Nguyễn Thị Khánh Ly	BEATVN:  Air: 19h00 21/08/2024  CAPTION:  TẠP HÓA NHẬP SỈ VÀNG ĐỂ BÁN VÌ GIÁ CHẠM ĐÁY???  Tin nóng cho ai muốn đầu cơ, giá vàng nay chạm đáy, cụ thể chỉ bằng giá 2 lốc sữa MILO.  Cụ thể, MILO đang có chương trình khuyến mãi, khi mua 2 lốc sữa sẽ nhận được thẻ cào với cơ hội trúng 24 hộp MILO vàng mỗi ngày. Đặc biệt, bên cạnh hàng ngàn giải vàng được trả ra mỗi ngày, người chơi còn có cơ hội nhận được hàng triệu giải thưởng hấp dẫn khác như thẻ điện thoại, bộ vợt cầu lông,... Chương trình kéo dài từ 12.08 đến 15.11  Với số lượng vàng khủng như vậy thì các mẹ cứ mạnh tay đầu tư, mua hẳn mấy thùng thì chắc chắn thành công săn vàng giá 60K.  #MILO #MILOVietnam #NhanTinTrungQuaNgay  CMT: 👉Xem ngay thông tin chương trình để rinh quà nhé: https://www.nestlemilo.com.vn/nhantintrungquangay  Visual: https://imgur.com/a/wTiz5Fo	''	''	https://www.nestlemilo.com.vn/nhantintrungquangay		Bách	Duyệt		
2024-08-21	Quảng cáo	Bùi Thị Khánh 	https://docs.google.com/document/d/19mIEmJuj2sUewJXatPyFnHbm-q2FbzkFLCpnUjyMtfU/edit	''	''	https://docs.google.com/document/d/19mIEmJuj2sUewJXatPyFnHbm-q2FbzkFLCpnUjyMtfU/edit		Bách	Duyệt		
2024-08-21	Quảng cáo	Nguyễn Thị Khánh Ly	https://drive.google.com/drive/folders/19jQ_Z4dhHF_JPxyTDM0Q32_PjglGcMgg?fbclid=IwY2xjawEylklleHRuA2FlbQIxMAABHXY4zDUtkrTrWafnWmZIJtErErS4UULykYhroufMCJ60ETSBmhz0TX_66w_aem_4C0ukADrhgwLaT-JhyhYIA	''	''	https://drive.google.com/drive/folders/19jQ_Z4dhHF_JPxyTDM0Q32_PjglGcMgg?fbclid=IwY2xjawEylklleHRuA2FlbQIxMAABHXY4zDUtkrTrWafnWmZIJtErErS4UULykYhroufMCJ60ETSBmhz0TX_66w_aem_4C0ukADrhgwLaT-JhyhYIA		Bách	Duyệt		
2024-08-21	Quảng cáo	Nguyễn Thị Khánh Ly	ACHP:  AI CHƯA CÓ ẢNH NÀNG THƠ MÙA THU BƠI HẾT VÀO ĐÂY!!  Siêu xinh, độc lạ không đụng hàng các nàng thơ tỉnh khác. Nàng thơ Hải Phòng là phải khác bọt!!!   Xe hoa cực lung linh tại Phố đi bộ Vũ Yên- Hải Phòng đã sẵn sàng chờ các nàng thơ đến thả dáng. Bật mí là đến chiều hoàng hôn xuống là cực đẹp luôn!! Chị em chuẩn bị lên đồ qua thẩm định đi ạ!!   #phodibovuyen	''	''			Bách	Duyệt		
2024-08-21	Quảng cáo	Nguyễn Thị Khánh Ly	HP XỊN:  ĐÂU ĐÓ Ở HẢI PHÒNG, CÁC NÀNG THƠ ĐÃ CHUẨN BỊ LÊN ĐỒ!!!  Nhưng mà chỗ này hơi bị đẳng cấp đấy!!! Chiều hoàng hôn xuống thì phải gọi là hết nấc luôn!!  Các chị em xinh đẹp đất Cảng ơi, lên đồ ghé ngay xe hoa tại Phố đi bộ Vũ Yên làm bộ ảnh chào thu đi chứ còn gì nữa!!  #phodibovuyen	''	''			Bách	Duyệt		
2024-08-21	Quảng cáo	Nguyễn Thị Khánh Ly	BEAT HP:  THU VỀ RỒI, CÁC NÀNG THƠ HẢI PHÒNG LÊN ĐỒ THÔI    Địa điểm check in mới dự là sẽ rất hot cho các nàng thơ năm nay, xe hoa tại Phố đi bộ Vũ Yên. Đến vào lúc hoàng hôn thì phải nói đẹp hết sức tưởng tượng.   BẠN IU ƠI ĐI CHECK IN NÀO  #phodibovuyen	''	''			Bách	Duyệt		
2024-08-21	Quảng cáo	Nguyễn Thị Khánh Ly	- Caption:  RA TẠP HOÁ, SIÊU THỊ CŨNG CÓ THỂ MUA ĐƯỢC "VÀNG"?  Giá vàng dạo này bất ổn quá, tạp hoá gần nhà hay siêu thị bao la cũng đã nhập về bán "cơ hội trúng vàng" =))))  Cụ thể các phụ huynh chỉ cần chốt đơn 1 lốc 8 hộp sữa lúa mạch MILO để nhận những chiếc thẻ cào dự thưởng cơ hội trúng hàng ngàn CHỈ VÀNG cùng hàng triệu món quà khủng: Thẻ cào điện thoại di động, Bộ vợt cầu lông, Quả bóng đá.   Đã có rất nhiều ba mẹ mua sữa MILO cho con và trúng vàng thật, nên nhanh tay nhé các phụ huynh ơi!!!!  #MILO #MILOVietnam #NhanTinTrungQuaNgay	''	''			Bách	Duyệt		
2024-08-21	Quảng cáo	Nguyễn Thị Khánh Ly	https://imgur.com/a/wTiz5Fo	''	''	https://imgur.com/a/wTiz5Fo		Bách	Duyệt		
2024-08-21	Quảng cáo	Lưu Minh Quang	Cao Thủ:  https://docs.google.com/spreadsheets/d/1XKdbDopk9CXc4tvyXndERqnG8FcHuDqqMr75qEgYst0/edit?gid=0#gid=0  Hạ Long City:  https://docs.google.com/spreadsheets/d/18mT7Wyda2KYKeN6SrTVn7JOhZALmhRFju_ZzUqlrsQA/edit?gid=0#gid=0	''	''	https://docs.google.com/spreadsheets/d/1XKdbDopk9CXc4tvyXndERqnG8FcHuDqqMr75qEgYst0/edit?gid=0#gid=0			Duyệt		
2024-08-21	Quảng cáo	Nguyễn Thị Khánh Ly	BEAT:  QUẢ NÀY NÓ PHẢI GỌI LÀ CHẤT ANH EM ƠIII!!  Hôm nay thấy video mới này của ông anh Touliver, tưởng anh mình sắp ra nhạc mới thì hóa ra không phải, ông anh làm quả unbox + lắp ráp xe đạp trợ lực điện chất luôn!!!   Theo hóng hớt thì em xe này là tân binh mới của nhà VinFast có cái tên nghe rất "khủng": XE ĐẠP TRỢ LỰC ĐIỆN VF DRGNFLY.  Mua con này về đi làm là nổi bật luôn này!! Trông hay phết anh em nhỉ??  Comment:   Mới đây, VinFast vừa công bố chính thức mở bán mẫu xe đạp trợ lực điện VF DrgnFly tại thị trường Việt Nam với giá 29,69 triệu đồng. Kiểu dáng VF DrgnFly được thiết kế nổi tiếng Eskild Hansen của Đan Mạch chắp bút lấy cảm hứng từ hình tượng rồng bay lên trong văn hóa Việt Nam.  Em xe này sử dụng động cơ 250W tích hợp vào bánh sau, hộp số đơn cấp cùng với cảm biến mô-men xoắn. Bộ pin lithium-ion cho xe hoạt động liên tục 75 km ở chế độ thuần điện hoặc 110 km ở chế độ trợ lực cho mỗi lần sạc. Chủ xe có thể theo dõi tình trạng pin và các thông tin vận hành thông qua màn hình đơn sắc tích hợp trên tay lái. Ngon luôn!!!  - Clip: https://drive.google.com/drive/folders/1KryTjA5aZSH5NAicmRRnl_A0BCX6lJoE?fbclid=IwY2xjawEygP1leHRuA2FlbQIxMAABHcxg8R1j3C087sa2JdYUKrVuywbtDV3urKwNgGfB-5jH0qW4OwzEo8t0BQ_aem_bIM46K2GivTRqwuhmPd5Yw	''	''	https://drive.google.com/drive/folders/1KryTjA5aZSH5NAicmRRnl_A0BCX6lJoE?fbclid=IwY2xjawEygP1leHRuA2FlbQIxMAABHcxg8R1j3C087sa2JdYUKrVuywbtDV3urKwNgGfB-5jH0qW4OwzEo8t0BQ_aem_bIM46K2GivTRqwuhmPd5Yw		Bách	Duyệt		
2024-08-21	Quảng cáo	Lưu Minh Quang	https://docs.google.com/document/d/1YlYvtTwrbFdv0YugWvxB5dWMD8Iyrz646CblPIyG80s/edit	''	''	https://docs.google.com/document/d/1YlYvtTwrbFdv0YugWvxB5dWMD8Iyrz646CblPIyG80s/edit		Bách	Duyệt		
2024-08-21	Quảng cáo	Lưu Minh Quang	https://docs.google.com/document/d/1MvDE5Pc_KTIVe_qhEefP80ZR3UihZX-rjiJS0IlOO3g/edit	''	''	https://docs.google.com/document/d/1MvDE5Pc_KTIVe_qhEefP80ZR3UihZX-rjiJS0IlOO3g/edit		Bách	Duyệt		
2024-08-21	Quảng cáo	Lưu Minh Quang	https://docs.google.com/document/d/1MlGVuyw6R7i7TL02usP5LqyBxhZ1Z7SHCkMak6QDJH8/edit?usp=sharing	''	''	https://docs.google.com/document/d/1MlGVuyw6R7i7TL02usP5LqyBxhZ1Z7SHCkMak6QDJH8/edit?usp=sharing		Bách	Duyệt		
2024-08-21	Quảng cáo	Lưu Minh Quang	https://docs.google.com/document/d/1PNi7dk4eISj_VZcxMNGkSLbcWD-SblJHH5q9VkWMuyA/edit?usp=sharing	''	''	https://docs.google.com/document/d/1PNi7dk4eISj_VZcxMNGkSLbcWD-SblJHH5q9VkWMuyA/edit?usp=sharing		Bách	Duyệt		
2024-08-21	Quảng cáo	Lưu Minh Quang	PHÁT HIỆN THỨ CỨU CÁNH CHO AE VĂN PHÒNG, HỘI TÀI XẾ TAXI & NHỮNG NGƯỜI HAY BỊ ĐAU MỎI VAI GÁY NHIỀU NĂM   Các nô lệ của tư bản bao gồm hội văn phòng ngày ngồi thẳng lưng, cao cổ 8 tiếng hoặc ai OT thì 9-10 tiếng và nhiều hơn =))) Hội ae tài xế đường dài, đường ngắn ôm khư khư cái vô lăng cả chục tiếng mỗi ngày dẫn đến các chứng như đau mỏi vai gáy, đau mỏi đốt sống cổ, đau vai,... thì ắt hẳn đã rất nhiều lần chỉ muốn thoát khỏi cơn hành hạ này để nghỉ ngơi, thư giãn nhưng vì công việc nên chẳng thể buông tha được vậy nên cứ bị đau cổ vai gánh đeo bám dai dẳng.  Sau thời gian lâu bị mắc chứng này Admin tui đây đã quyết định vượt nhiều chông gai, nhiều trang thông tin, người quen, thầy thuốc nổi tiếng để tìm được một "tinh hoa" dược phẩm có công dụng giảm đau mỏi vai gáy, thành phần thảo dược từ thiên nhiên cho ae đây.  Xin giới thiệu Viên Vai Gáy Thái Dương giúp hỗ trợ giảm triệu chứng đau mỏi vai gáy, tăng lưu thông khí huyết, giảm nguy cơ huyết khối, tắc mạch hiệu quả. Ae chỉ cần uống  trước bữa ăn 1 giờ hoặc sau bữa ăn 2 giờ. Mỗi lần uống 2-3 viên, ngày uống 1-2 lần là chứng đau mỏi vai gáy sẽ có thể giảm đi rõ rệt nha!  Sao Thái Dương là thương hiệu uy tín, chất lượng đã được khẳng định trên thị trường nên ae cứ tin tưởng mà dùng nhé, uy tín 100 điểm!!  Sản phẩm này không phải là thuốc và không có tác dụng thay thế thuốc chữa bệnh.	''	''			Bách	Duyệt		
2024-08-21	Quảng cáo	Nguyễn Thị Khánh Ly	Kiến;  https://imgur.com/a/c4B585k  KIẾN  Cap: GIÁ VÀNG GIẢM NHƯ TỤT ...!!!  Ai mà đang đu đỉnh bắt đáy thì nét luôn, qua tạp hoá hay siêu thị kêu ngay chục lốc sữa cho chồng cho con còn mình nhập mã lụm ngay "cơ hội trúng vàng" =)))  Chỉ cần chốt đơn những lốc sữa MILO 8 hộp nhập mã thẻ cào dự thưởng cơ hội trúng ngàn CHỈ VÀNG cùng những quà hót hit như: thẻ cào điện thoại, bộ vợt cầu lông, quả bóng đá, ...  Nhanh tay lụm quà anh chị em ơi!!!	''	''	https://imgur.com/a/c4B585k		Bách	Duyệt		
2024-08-21	Quảng cáo	Nguyễn Thị Khánh Ly	Beatvn:  - Ảnh: https://imgur.com/a/mhN4LXU - Caption:  RA TẠP HOÁ, SIÊU THỊ CŨNG CÓ THỂ MUA ĐƯỢC "VÀNG"?  Giá vàng dạo này bất ổn quá, tạp hoá gần nhà hay siêu thị bao la cũng đã nhập về bán "cơ hội trúng vàng" =))))  Cụ thể các phụ huynh chỉ cần chốt đơn 1 lốc 8 hộp sữa lúa mạch MILO để nhận những chiếc thẻ cào dự thưởng cơ hội trúng hàng ngàn CHỈ VÀNG cùng hàng triệu món quà khủng: Thẻ cào điện thoại di động, Bộ vợt cầu lông, Quả bóng đá.   Đã có rất nhiều ba mẹ mua sữa MILO cho con và trúng vàng thật, nên nhanh tay nhé các phụ huynh ơi!!!!  #MILO #MILOVietnam #NhanTinTrungQuaNgay	''	''	https://imgur.com/a/mhN4LXU		Bách	Duyệt		
2024-08-21	Quảng cáo	Bùi Thị Khánh 	🎉 Hóng hớt triển lãm nghệ thuật hot nhất Sài Gòn 🎉  Clip ảo tung chảo của triển lãm đa giác quan Hokusai by VPBank được tổ chức hoàn toàn miễn phí tại chi nhánh Flagship VPBank đây! 🌟  Mà góc này chỉ là 1/1.000.000 của triển lãm thôi nha. Anh em Sài Gòn nhớ chuẩn bị tinh thần cho 7749 tấm ảnh đẹp rụng rời ở đây nhé 📸  Nghe đồn còn có minigame chụp ảnh đẹp nhận quà siêu hấp dẫn nữa đó! 🎁 --------------  📍 Địa điểm: Chi nhánh Flagship của VPBank, 3A-3B Tôn Đức Thắng, Phường Bến Nghé, Quận 1, TPHCM 🌟Click ngay: https://flagship.vpbank.com.vn/, xem thêm thông tin để đăng ký tham quan triển lãm hoàn toàn miễn phí nha nha  #VPBANK #Flagshipdautien #Hokusai    Comment: Triển lãm sẽ đón tiếp khách xuyên suốt từ thứ 2 – chủ nhật, gồm 6 ca/ngày. Khách hàng lưu ý KHÔNG đến trễ quá 30 phút ca đăng ký để không bỏ lỡ bất kỳ điều tuyệt vời nào tại triển lãm nhé!  🕙 Ca 1: 10h00 - 11h30  🕜 Ca 2: 13h30 - 15h00  🕒 Ca 3: 15h00 - 16h30  🕟 Ca 4: 16h30 - 18h00  🕕 Ca 5: 18h00 - 19h30  🕢 Ca 6: 19h30 - 21h00 Một vài lưu ý nhỏ:   * Không check-in trễ hơn 30 phút ca đăng ký   * Check-in tại Tầng 1 chi nhánh Flagship VPBank, 3A-3B Tôn Đức Thắng, P Bến Nghé, Q1 sau đó sẽ có nhân viên hướng dẫn   * Khuyến khích mang theo CMT/CCCD để check-in  * Chụp nhiều con ảnh chất lượng vào vì sẽ có minigame nhận quà đó	''	''	https://flagship.vpbank.com.vn/		Đạt	Duyệt		
2024-08-21	Quảng cáo	Bùi Thị Khánh 	https://drive.google.com/file/d/1POIXx-Mv2wBWBBCMmPJLUCr2V5fJR0JP/view	''	''	https://drive.google.com/file/d/1POIXx-Mv2wBWBBCMmPJLUCr2V5fJR0JP/view		Đạt	Duyệt		
2024-08-21	Quảng cáo	Bùi Thị Khánh 	Địa điểm sống ảo "đỉnh nóc, kịch trần, bay phấp phới" ngay giữa quận 1, TPHCM 😍 Triển lãm nghệ thuật đa giác quan Hokusai by VPBank lần đầu tiên được tổ chức hoàn toàn miễn phí tại chi nhánh Flagship của VPBank ạ Ta nói nó đẹp chấn động, thơ mộng quá luôn ý 🥰 ---------------  📍Địa điểm: Chi nhánh Flagship VPBank, Riverfront Financial Center, 3A-3B Tôn Đức Thắng, Phương Bến Nghé, Quận 1, TPHCM   🌟Click ngay: https://flagship.vpbank.com.vn/, xem thêm thông tin để đăng ký tham quan triển lãm hoàn toàn miễn phí nha nha  #VPBANK #Flagshipdautien #Hokusai      Comment:   Triển lãm sẽ mở cửa xuyên suốt thứ 2 - chủ nhật, với 6 ca hoạt động/ ngày   🕙 Ca 1: 10h00 - 11h30  🕜 Ca 2: 13h30 - 15h00  🕒 Ca 3: 15h00 - 16h30  🕟 Ca 4: 16h30 - 18h00  🕕 Ca 5: 18h00 - 19h30  🕢 Ca 6: 19h30 - 21h00 Một vài lưu ý nhỏ:   * Không check-in trễ hơn 30 phút ca đăng ký   * Check-in tại Tầng 1 chi nhánh Flagship VPBank, 3A-3B Tôn Đức Thắng, P Bến Nghé, Q1 sau đó sẽ có nhân viên hướng dẫn   * Khuyến khích mang theo CMT/CCCD để check-in  * Chụp nhiều con ảnh chất lượng vào vì sẽ có minigame nhận quà đó	''	''	https://flagship.vpbank.com.vn/		Đạt	Duyệt		
2024-08-21	Quảng cáo	Nguyễn Thị Khánh Ly	TT SHOWBEAT:  Cap: Lú luôn! B.I hoà tan cực mạnh =))))  https://drive.google.com/drive/folders/1_GSn_x2bL_ruJTzrOiisBlQalLX5-5-U?fbclid=IwY2xjawEyLSZleHRuA2FlbQIxMAABHUqO_f7rIPqBmDk4rBZuRvOzMZt2robmia2Btr3U41Am6bTeJQ7CUzvDVw_aem_5nrjBTzvlkBnh0CNNYbpcQ	''	''	https://drive.google.com/drive/folders/1_GSn_x2bL_ruJTzrOiisBlQalLX5-5-U?fbclid=IwY2xjawEyLSZleHRuA2FlbQIxMAABHUqO_f7rIPqBmDk4rBZuRvOzMZt2robmia2Btr3U41Am6bTeJQ7CUzvDVw_aem_5nrjBTzvlkBnh0CNNYbpcQ		Bách	Duyệt		
2024-08-21	Quảng cáo	Nguyễn Thị Khánh Ly	Kiến:  Các vợ yêu của B.I ôn bài đến đâu để đi 8WONDER rồi??? :))  When my eyes are on you 숨 막힐듯한 전율 Oh, you know you get me loose Make me go BÍT TU BÍT TÙUUUU!!!  8WONDER MOON đã mở bán vé, vào săn vé nghe nhạcccc thôi! Đừng quên tham gia chương trình Moon Festival ngay để cùng nhau lan tỏa không khí lễ hội và nhận về những phần thưởng hấp dẫn từ VinWonders nhé V-Creator ơi!  #8Wonder #MoonFestival #OceanCity #Hanoi  https://imgur.com/1UoWvsI	''	''	https://imgur.com/1UoWvsI		Bách	Duyệt		
2024-08-21	Quảng cáo	Nguyễn Thị Khánh Ly	SGN:  Nhìn quả mail mà chỉ biết ướccccccccccc 😅  Đừng quên tham gia chương trình Moon Festival ngay để cùng nhau lan tỏa không khí lễ hội và nhận về những phần thưởng hấp dẫn từ VinWonders nhé V-Creator ơi!  #8Wonder #MoonFestival #OceanCity #Hanoi  https://imgur.com/2vNNZZP	''	''	https://imgur.com/2vNNZZP		Bách	Duyệt		
2024-08-20	Quảng cáo	Lưu Minh Quang	ĐỪNG DẠY NGƯỜI GIÀU CÁCH TIÊU TIỀN!!!  Câu này ai nói chứ tôi nói Hà Nội sắp sửa có quán thịt bò nướng nha!!! Quán làm ăn thế nào mà cơ sở nào cũng người ra kẻ vào không bao giờ ngớt, chưa rõ ăn có ngon hay không nhưng có màn khai trương rực rỡ ... bừng sáng cả cuộc đời ế nghèo của người tháng lương 5 chẹo!! Khai trương chơi lớn chi 500 triệu mời 2 tấn thịt bò tươi đến khi nào hết thì thôi. Không mời theo bàn mà mời theo người, đi bao người mời bấy nhiêu đĩa thịt bò. Lần này khai trương tới cơ sở thứ 6 mời gấp 2 lần so với trước đây, tặng mỗi người 1 đĩa như thế này thì no luôn, chứ họ buôn bán gì nữa hả AE???  Nghe đồn thổi miếng thịt bò A Choén phải ăn theo quy trình chuẩn theo sự chỉ dẫn của ông chủ quán hoặc quản lý nhà hàng, ăn mới chuẩn beefsteak giữ được nước với độ mềm thịt. Ảo thật đấy!!! Văn hóa doanh nghiệp được cộng đồng mỏ khoét rỉ tai nhau không nơi nào có, chủ quán (chứ không phải nhân viên) ra nướng thịt cho khách tận bàn, cứ như là sợ ai học lỏm bí kíp tuyệt đỉnh công phu của ổng nhưng thực ra là tinh thần brand "khách đến nhà, chủ nhà phải ra tiếp đón".  Thực hư như nào thì phải thử mới biết được, tin sao được thời buổi review bây giờ!! Chơi hệ ECO thì đằng nào mỗi người chả được tặng 1 đĩa, động lực là đây chứ đâu!!!	''	''			Bách	Duyệt		
2024-08-20	Quảng cáo	Bùi Thị Khánh 	https://drive.google.com/file/d/1tYS7w82_tlmu2QkSU0TrTeGkbTlUgqaQ/view?usp=sharing	''	''	https://drive.google.com/file/d/1tYS7w82_tlmu2QkSU0TrTeGkbTlUgqaQ/view?usp=sharing		Đạt	Duyệt		
2024-08-20	Quảng cáo	Bùi Thị Khánh 	@Khánh Bùi tui gửi Sài Gòn Nghenn 21H nha:   Cap: Ai nói tháng cô hồn chỉ toàn điều đắng cay?  Nay đang ngồi ăn trong quán đông ơi là đông. Các bác tài xế Grab thì xếp hàng nóng nực, lưng ướt đẫm mồ hôi mà thấy thương. Xong mình thấy bạn nhân viên quán vừa ra quạt quạt vừa nhắn các chú Grab "Chú ơi mỗi người lấy một cái kẹo rồi đợi quán con xíu nha chú".  Phần quà xinh yêu kèm lời cảm ơn dễ thương gửi tới các bác tài Grab thế này, tự dưng thấy cuộc đời cũng xinh tươi quá ha? Mình thấy dễ thương quá cũng vào chụp một tấm haha.   Lời cảm ơn dễ thương, quà cũng xinh iu gửi tới mấy anh Grab thế này tự dưng thấy cuộc sống ngọt ngào, mát lòng dễ sợ 😍  *Nguồn: Cảm ơn bạn nữ tên N. xinh xắn đã chia sẻ câu chuyện với page nha.	''	''			Đạt	Duyệt		
2024-08-20	Quảng cáo	Lương Phương Thảo	Beat   - Caption: Có anh em nào tìm được điểm chung trong mấy tấm hình mở tiệc tưng bừng bung nóc này k?   👉Chính là lon Tiger Crystal Coolpack phiên bản 250ml chứ gì nữa: lon nhỏ 250ml làm lạnh nhanh, mở tiệc nhanh gọn mà sảng khoái kéo dài đến ngụm cuối cùng luôn 🤟  🍻Số lượng có hạn nên anh em tranh thủ tậu vài thùng về mở tiệc nha!   #TigerBeer #TigerCrystal #TigerCrystalCoolpack250ml  - Visual: https://drive.google.com/file/d/1mlFjI-pv5LC9qujo4OCRngUL7o-N2vJz/view?usp=share_link	''	''	https://drive.google.com/file/d/1mlFjI-pv5LC9qujo4OCRngUL7o-N2vJz/view?usp=share_link		Đạt	Duyệt		
2024-08-20	Quảng cáo	Bùi Thị Khánh 	"Lạc lối" tại địa điểm "vàng" trong mùa lúa chín Tây Bắc 😍  Mùa lúa chín Tây Bắc lại đến, là khoảng thời gian mà ae nào cũng muốn tới đây một lần trong năm. Cứ tưởng tượng ra cảnh được đắm chìm trong sắc vàng rực rỡ của những thửa ruộng bậc thang, được chill trong thiên nhiên, rồi lại trải nghiệm các hoạt động đặc sắc của vùng Tây Bắc thì đúng là mĩ vị nhân gian. Vua chúa mà hưởng thụ thì chắc cũng chỉ đến thế là cùng =)) 🐧  Năm nay 500ae beat đang rỉ tai nhau là Le Champ Tú Lệ Resort Hot Spring & Spa là địa điểm đỉnh chóp nhất. Vừa đẹp tê người, ngắm lúa chín, núi non mà tức cảnh sinh tình =)) lại còn có thêm khu vui chơi sát sườn, có cả zipline dài nhất ĐNÁ lên tới 1.2km hay leo núi, highrope các kiểu luôn :3 Còn ông nào thích nghỉ dưỡng chill chill cũng đã có suối khoáng nóng, hay tâm hồn ăn uống thì khỏi phải lo..... đặc sản nơi đây như xôi nếp Tú Lệ dẻo thơm, gà nướng, cá suối, cá tầm, cá hồi... vân vân và mây mây các món đủ cho ae chén đã cái nư luôn :))))))  Nói thật mùa lúa chín đc ở đây là đỉnh chóp :v nhanh tay book lịch để enjoy cái moment của mùa lúa chín Tây Bắc nhé các ae 😛  #LeChampTúLệ #MùaLúaChín #AerisHill #SuốiKhoángNóng #ẨmThựcTâyBắc #CốmTúLệ #Beatvn #DuLịchTâyBắc #CheckInTâyBắc	''	''			Bách	Duyệt		
2024-08-20	Quảng cáo	Bùi Thị Khánh 	https://drive.google.com/drive/folders/1elix0YKP3aEck6jRj6SJ1Kqx9NCv-zQV	''	''	https://drive.google.com/drive/folders/1elix0YKP3aEck6jRj6SJ1Kqx9NCv-zQV		Đạt	Duyệt		
2024-08-20	Quảng cáo	Lưu Minh Quang	https://docs.google.com/document/d/17m_hCzTUWye9Xishm8Ec8iYKQR2CMQLRkeFvL4-H7yo/edit?usp=sharing	''	''	https://docs.google.com/document/d/17m_hCzTUWye9Xishm8Ec8iYKQR2CMQLRkeFvL4-H7yo/edit?usp=sharing		Đạt	Duyệt		
2024-08-20	Quảng cáo	Bùi Thị Khánh 	CÓ THỂ NGƯỜI SÀI GÒN CHƯA BIẾT: CÁCH NHÀ THỜ ĐỨC BÀ 18KM VỀ PHÍA ĐÔNG LÀ NƠI KHAI MỞ BÍ QUYẾT SỐNG TRƯỜNG THỌ TRONG VĂN HOÁ NHẬT  Từ xa xưa, người Nhật vẫn luôn tự hào về dòng chảy khoáng nóng giữa nơi đại ngàn rộng lớn, là bí quyết sống trường thọ khiến cả thế giới mơ ước.  Bí quyết ấy nay đã được Nhà sáng lập Ecopark mang đến Blue Zones đầu tiên của Việt Nam độc bản của thành phố. Chỉ cách Nhà thờ Đức Bà 18km, Tổ hợp trị liệu khoáng nóng nhân tạo lớn nhất Việt Nam mang tên Onsen Village, là nơi cư dân có thể tận hưởng kỳ nghỉ khoáng nóng trọn đời, viên mãn.  Những căn biệt thự Onsen Village với tầm nhìn sông vô tận, khai mở hành trình sống nguyên bản, an yên giữa thiên nhiên đa tầng và trải nghiệm tắm khoáng mỗi ngày, cho cư dân được tái tạo tâm trí, kết nối sâu sắc với mạch khoáng ấm áp ngay tại biệt thự và chạm ngưỡng sống trường thọ.  Nghe là đã "đắm chìm" vào kỳ nghỉ khoáng nóng trọn đời này rồi nhỉ?  #Onsen_Village #Bluezones #EcovillageSaigonRiver  --- Visual: Từ 1-5 đăng theo thứ tự tên ảnh tớ đã note. các ảnh còn lại flexible nha. https://drive.google.com/drive/folders/1bUZ8nO3u4Hb4yp_ETRglHa3XEmzxUVuE	''	''	https://drive.google.com/drive/folders/1bUZ8nO3u4Hb4yp_ETRglHa3XEmzxUVuE		Đạt	Duyệt		
2024-08-20	Quảng cáo	Lương Phương Thảo	CAOTHU  Caption: “Nhắm mắt hết mùa hè” là có thiệt mấy bồ ưii, tranh thủ ghé Lotteria măm gà dzòn 🍗 để mùa hè năm nay thật trọn vẹn thui nè! 👉 Lotteria đang khao combo 9️⃣8️⃣ K - ăn đã ga xả láng gà rán 🍗  giòn ngon, burger 🍔 kèm khoai tây chiên 🍟 cực cuốn 🤤 Chỉ còn tới hết ngày 31/08 này thui đó! Ghé liền cửa hàng Lotteria gần nhất ik nha!!!	'454315691_1024332595712244_4540987055796540463_n_1024332592378911.jpg
 454760279_1173599633872331_4058132933144828588_n_1173599630538998.jpg'	''			Đạt	Duyệt		
2024-08-20	Quảng cáo	Lưu Minh Quang	Caption:  Có tốn công nhưng không đáng kể!  Khi đu idol chỉ cần vài bước cơ bản. Thời của các ní là fan của những anh tài đẹp trai trong Anh Trai Vượt Ngàn Chông Gai đã tới. 100 vé xem chung kết đang thi nhau rơi như mưa, check còm men lẹ không là mưa tạnh  #TaiKhoanTechcombank #SinhLoiTuDong #PhienBanVuotTroi #AnhTraiVuotNganChongGai  Comment:  Mở tài khoản Techcombank và bật Sinh lời tự động để giành vé coi chung kết, đu Anh Tài: https://tcbmobile.onelink.me/TBS9/trxgg819   Tham gia Minigame đi mấy ní, 100 vé coi Chung kết đang được bank T đỏ tung lên đỉnh nóc nè: https://www.facebook.com/Techcombank/videos/8229660020390795	'454142657_523782356851370_8001259506866479082_n_523782353518037.png'	''			Đạt	Duyệt		
2024-08-20	Quảng cáo	Nguyễn Thị Khánh Ly	https://imgur.com/a/ffJMybD	''	''	https://imgur.com/a/ffJMybD		Đạt	Duyệt		
2024-08-20	Quảng cáo	Nguyễn Thị Khánh Ly	caothu:  PHỐ HÀN K-TOWN: HÀN QUỐC THU NHỎ NẰM TẠI BỜ ĐÔNG HÀ NỘI  Siêu nhạc hội 8WONDER Moon Festival ngày 7/9 tới đây quy tụ loạt nghệ sĩ đình đám trong và ngoài nước như Ne-Yo, B.I, Chi Pu, GERDNANG và Low G sẽ được tổ chức tại Ocean City với sân khấu chính là quảng trường K-Town.   Nếu anh em chưa biết, Phố Hàn K-Town Grand World là một trong những địa điểm được nhiều bạn trẻ “săn đón” với không gian, loạt hoạt động trải nghiệm văn hóa, giải trí, mua sắm, ẩm thực chuẩn Hàn vô cùng xịn xò!   K-Town mở ra hệ thống shop thương mại đa dạng, phố đi bộ gần 200m và quảng trường rộng tới 1,2ha và đặc biệt là những toà nhà với lối kiến trúc, nét văn hóa mang đậm xứ sở kim chi. Không chỉ mang đến một khuôn viên quẩy nhạc cực hoành tráng, anh em tới đây tham dự siêu nhạc hội còn có thể trải nghiệm Phân khu The Venice, Phân khu Little HongKong, Phân khu K-Town, Quảng trường Kinh Đô Ánh Sáng và VinWonders Wave Park & Water Park.  Háo hức chờ đến ngày 7/9 để hoà mình vào không khí lễ hội tưng bừng của 8WONDER Moon Festival quá đi mất! Đừng quên tham gia chương trình Moon Festival ngay để cùng nhau lan tỏa không khí lễ hội và nhận về những phần thưởng hấp dẫn từ VinWonders nhé V-Creator ơi!  #8Wonder #MoonFestival #OceanCity #Hanoi	''	''			Đạt	Duyệt		
2024-08-20	Quảng cáo	Nguyễn Thị Khánh Ly	duyệt giúp c clip này nha: https://drive.google.com/file/d/1e6bYum1Qr4SEhnsTo4cRIN51E5Sgovuk/view	''	''	https://drive.google.com/file/d/1e6bYum1Qr4SEhnsTo4cRIN51E5Sgovuk/view		Đạt	Duyệt		
2024-08-20	Quảng cáo	Lê Thanh Huyền	ĐÀ NẴNG NGÀY CÀNG HOT, NHƯNG KHÔNG PHẢI HOT VÌ DU LỊCH MÀ VÌ ĐIỀU NÀY!!  Không gì khác chính là thị trường BĐS nóng bỏng tay không kém gì Hà Nội, Sài Gòn!!  Một trong những khu vực thu hút sự chú ý nhất của giới đầu tư gọi tên khu vực Tây Bắc Đà Nẵng - Nơi tọa lạc của Tam giác kinh tế mới của Đà Nẵng với Siêu Cảng Liên Chiểu, Trung tâm ươm tạo công nghệ cao và cụm KCN Hòa Khánh, Hòa Khánh Mở Rộng, KCN Liên Chiểu.   Siêu Cảng Liên Chiều là cảng biển lớn nhất khu vực miền Trung có diện tích 1.293 HA, là điểm trung chuyển hàng hóa trọng yếu của hành lang kinh tế Đông - Tây. Cửa ngõ giao thương quốc tế trọng điểm toàn quốc này, ước tính thu về cho thành phố xấp xỉ 230 TỶ ĐỒNG/NĂM.   Trung tâm ươm tạo công nghệ cao rộng 3.655 HA, được kỳ vọng là tâm điểm hút dòng vốn đầu tư nước ngoài, động lực phát triển kinh tế - xã hội cho TP. Đà Nẵng. Đây còn là tâm điểm thu hút giới chuyên gia tới làm việc với 194,000 người vào 2030, gia tăng nhu cầu "khổng lồ" về nhà ở trong khu vực.  Cuối cùng, Cụm khu công nghiệp với diện tích 815,6 HA bao gồm khu công nghiệp Hòa Khánh, Hòa Khánh Mở Rộng và khu công nghiệp Liên Chiểu, đón đầu dòng nhân lực dồi dào đổ tới khu vực Tây Bắc để sinh sống và làm việc. Seaview Tower với vị trí trung tâm, hưởng trọn nhu cầu nhà ở khổng lồ từ giới chuyên gia & trí thức.  Tiềm năng BĐS của khu vực Tây Bắc Đà Nẵng lúc này chính là Chung cư Seaview Tower và Shophouse cùng thuộc dự án The Ori Garden. Seaview Tower là trọng tâm của tam giác 03 quy hoạch kể trên, hứng trọn dòng lao động khồng lồ đổ về khu vực Tây Bắc Sức nóng của dự án là khi mới mở bán được 3 tuần với quỹ hàng bị giới hạn chỉ 200 căn nhưng hiện nay chỉ còn 50 căn cuối cùng.   Quả nhiên là thành phố đáng sống về mọi thứ, không chỉ vì du lịch mà còn vì cơ hội đầu tư vô cùng hấp dẫn. Đọc đến đây là anh chị em biết nên dồn tiền của mình vào đâu rồi đấy!!   Ảnh: https://imgur.com/1jm8A9V	''	''	https://imgur.com/1jm8A9V		Đạt	Duyệt		
2024-08-20	Quảng cáo	Lê Thanh Huyền	ĐÀ NẴNG QUY HOẠCH TRỌNG ĐIỂM Ở VÙNG TÂY BẮC, CÁC NHÀ ĐẦU TƯ "SỐT SÌNH SỊCH" TRANH NHAU ĐẦU TƯ VÀO THỊ TRƯỜNG TIỀM NĂNG MỚI !!!!!  Tình hình là rất tình hình, theo cầu bất động sản khoảng thời gian gần đây, đến người thường sáng đá gói xôi 10k, làm cốc trà đá bắn bi thuốc lào 5k như tôi cũng biết là giờ mà có tiền đi đầu tư bđs thì đúng là vua chúa =)) hôm qua đọc đc quả tus "Hơn 30 năm, giá bất động sản tăng 400 lần, vàng tăng 40 lần. Lại còn, tốc độ tăng của vàng sẽ rất cao nhưng vẫn không bằng BĐS" thì đúng là ko thể đứng ngoài cuộc đc :v  Theo nhiều hóng hớt viên của Beat báo về thì đợt này các NĐT Hà Nội đã nhanh chân tăm tia định tóm ngay thị trường tiềm năng mới. Hơi xa so với thủ đô nhưng tiềm năng thì lại là tiền đẻ ra tiền - chính là vùng Tây Bắc, nhưng mà Tây Bắc của Đà Nẵng ạ :)) Được biết chủ trương mới trong thời gian tới của ĐN là phát triển cực kinh tế mới, k còn phụ thuộc vào du lịch, trong đó đặt đến 03 quy hoạch trọng điểm ở khu vực Tây Bắc thành phố.  Điều này dẫn đến việc các NĐT sốt sình sịch với các dự án tiêu biểu ở khu vực này. Trong đó 2 cái tên sáng nhất là The Ori Garden và Seaview Tower khi thuộc trung tâm tam giác kinh tế trọng điểm ở đây, cơ sở hạ tầng & dịch vụ tiện nghi .... hình như theo thông tin mới nhất là còn có vài chục căn trên tổng số cả nghìn căn.  Các cụ đã dạy rồi "Đồng tiền đi trước là đồng tiền khôn". Những người có tiền sướng thật, thấy miếng đầu tư béo bở như này bảo sao nhiều ông lại đổ xô đi đầu tư, còn như mình, thôi ăn nốt gói xôi, đá xong cốc trà đá, đi tạo ra giá trị thặng dư đã r tính =)))))))))  Ảnh: https://imgur.com/58tpgqf	''	''	https://imgur.com/58tpgqf		Đạt	Duyệt		
2024-08-20	Quảng cáo	Lương Phương Thảo	c thấy k sao cả, cứ lên đi. trừ khi mình phang hẳn 1 bài grab thì k nên thôi. Còn như này cứ lên, họ có xin thì c nhắn mng sau	''	''			Đạt	Duyệt		
2024-08-20	Quảng cáo	Phạm Hoàng My	2. Sài Gòn nghen  Vẹn nguyên xuân trong một chữ Hiếu! Có lẽ không có gì ấm áp và ý nghĩa hơn những khoảnh khắc người con tự tay gội đầu cho cha mẹ. Hành động ấy tưởng chừng nhỏ bé nhưng chứa đựng cả tình thương và lòng hiếu nghĩa. Khi bàn tay con nhẹ nhàng chăm sóc mái tóc đã điểm màu thời gian của ba mẹ, đó cũng là lúc sợi dây yêu thương thêm bền chặt. Nhớ những ngày thơ ấu, cha mẹ vẫn thường gội đầu cho ta. Vậy mà chẳng mấy chốc khi chúng ta khôn lớn, có cuộc sống riêng và ngại bị “làm phiền” bởi cha mẹ. Thật không công bằng nhỉ? Hãy nghĩ mà xem, nếu hôm nay bạn trở về nhà và mở lời “để con gội đầu cho cha mẹ nhé!”, ba mẹ bạn sẽ hạnh phúc lắm đấy! 😊  🖼️ Hàng trăm người con đã có mặt tại khuôn viên Bảo tàng Phụ nữ Việt Nam để cùng tham gia trải nghiệm gội đầu nhằm thể hiện tình yêu thương, sự trân trọng và lòng biết ơn nhân dịp Lễ Vu lan 2024.  🗨️ Mỗi chúng ta đều có một mùa Vu Lan riêng cho mình, và mùa Vu Lan đó, đôi khi đến ở lúc khiến chúng ta thắt lòng nhất. Chính bởi vậy, đừng để Vu Lan chỉ là hình thức mỗi năm một lần, hãy cho Vu Lan được sống trong căn nhà của chúng ta từng phút, từng giây bằng cách cùng Nguyên Xuân hưởng ứng cuộc thi “Vẹn nguyên xuân trên mái tóc” với hành động gội đầu cho cha mẹ để thể hiện tình yêu thương, sự biết ơn và trân trọng đối với đấng sinh thành.  📸Thông tin chi tiết và cơ cấu giải thưởng admin để dưới cmt nhé mọi người. Nhanh nhanh tham gia để vừa thể hiện tình cảm với cha mẹ, vừa có cơ hội rinh quà lớn từ Nguyên Xuân thôi!  --------- Cmt: 📍Cơ hội để chúng mình vừa thể hiện tình yêu với cha mẹ và có cơ hội nhận quà với tổng giá trị giải thưởng lên đến 110 TRIỆU đó nha: https://rebrand.ly/minicontestNguyenXuan   Ảnh: https://drive.google.com/open?id=1XDG1dgLvQiDgkkRMdi962IXb2LPJ6Awd&usp=drive_copy	''	''			Đạt	Duyệt		
2024-08-20	Quảng cáo	Phạm Hoàng My	Chuyện của Hà Nội  💝 KHOẢNH KHẮC ĐẸP MÙA VU LAN: HÀNG TRĂM NGƯỜI CON "GỘI ĐẦU HIẾU NGHĨA CHO CHA MẸ". Chắc ít ai nghĩ rằng, gội đầu tưởng chừng như một việc đơn giản, nay cũng có thể trở thành một hành động, một “nghi thức” hiếu nghĩa để tỏ lòng biết ơn của mình đối với cha mẹ. Thế nhưng tại sự kiện “Vẹn nguyên xuân trên mái tóc” vừa qua, do nhãn hàng Nguyên Xuân tổ chức, hàng trăm người con đã có mặt tại khuôn viên Bảo tàng Phụ nữ Việt Nam để cùng tham gia trải nghiệm gội đầu nhằm thể hiện tình yêu thương, sự trân trọng và lòng biết ơn nhân dịp Lễ Vu lan 2024.  🗨️ Mỗi chúng ta đều có một mùa Vu Lan riêng cho mình, và mùa Vu Lan đó, đôi khi đến ở lúc khiến chúng ta thắt lòng nhất. Chính bởi vậy, đừng để Vu Lan chỉ là hình thức mỗi năm một lần, hãy cho Vu Lan được sống trong căn nhà của chúng ta từng phút, từng giây bằng cách cùng Nguyên Xuân hưởng ứng cuộc thi “Vẹn nguyên xuân trên mái tóc” với hành động gội đầu cho cha mẹ để thể hiện tình yêu thương, sự biết ơn và trân trọng đối với đấng sinh thành.  📸Thông tin chi tiết và cơ cấu giải thưởng admin để dưới cmt nhé mọi người. Nhanh nhanh tham gia để vừa thể hiện tình cảm với cha mẹ, vừa có cơ hội rinh quà lớn từ Nguyên Xuân thôi!   Cmt: 📍Cơ hội để chúng mình vừa thể hiện tình yêu với cha mẹ và có cơ hội nhận quà với tổng giá trị giải thưởng lên đến 110 TRIỆU đó nha: https://rebrand.ly/minicontestNguyenXuan   Ảnh: https://drive.google.com/open?id=1XDG1dgLvQiDgkkRMdi962IXb2LPJ6Awd&usp=drive_copy	''	''			Đạt	Duyệt		
2024-08-20	Quảng cáo	Bùi Thị Khánh 	CCHN đăng 19h Đăng 4 ảnh theo thứ tự 1-2-3-4 (đã ghi tên): https://drive.google.com/drive/u/1/folders/1tHMAg6OrkiiXNyzjNjIRuriXVeS8w8dD  Caption: 👨‍👩‍👧‍👦 MẸ CẤT MỆT MỎI Ở ĐÂU 👨‍👩‍👧‍👦  Chúng mình hay ký gửi nỗi niềm ở những góc quán cafe, những quán ăn vặt ven đường, những buổi lượn lờ khắp phố ngắm người người lướt qua. Hay đơn giản nhất, là về với mẹ   Vậy những khi mệt mỏi, mẹ sẽ làm gì? Mẹ luôn về nhà sau khi tan làm, nấu nướng, dọn dẹp và thật nhiều nỗi lo khác, Chúng mình mệt thì có mẹ, nhưng khi mẹ mệt có ai...  Mẹ cũng cần sự thấu hiểu, quan tâm từ chính gia đình nhỏ của mình, đừng để mẹ một mình với những mệt mỏi nhé. Hãy hỏi thăm mẹ mỗi ngày, thi thoảng “tạm xa” cơm nhà để mẹ nghỉ xả hơi cũng đâu có khó, alo là Lotteria có liền nè~~ Thấu hiểu thì từng phút, sẽ trở nên đặc biệt từng giây💓  Comment: Cùng Lotteria xem Mẹ gói mệt mỏi ở đâu❤️‍🔥💘  https://youtu.be/hFIV8p6-lQI Đồng thời, tham gia ngay Minigame trên Fanpage Lotteria có cơ hội nhận vô vàn những phần quà siêu hấp dẫn nhé! https://www.facebook.com/photo?fbid=900270628796933	''	''	https://drive.google.com/drive/u/1/folders/1tHMAg6OrkiiXNyzjNjIRuriXVeS8w8dD		Đạt	Duyệt		
2024-08-20	Quảng cáo	Bùi Thị Khánh 	CAO THỦ  ĐỈNH KOUT: FPT PLAY ĐỘC QUYỀN PHÁT SÓNG HAI GIẢI ĐẤU BÓNG ĐÁ HÀNG ĐẦU ĐÔNG NAM Á! 🏆🏆  Anh em đam mê trái bóng tròn quả này sướng tê người mất. Theo đó, FPT sẽ tiếp tục mang đến cho ng hâm mộ những trận cầu đỉnh kout của các CLB & tuyển Việt Nam qua việc sở hữu 2 giải đấu là Giải vô địch các CLB Đông Nam Á Shopee Cup™ 2024/25 và Giải vô địch bóng đá Đông Nam Á Mitsubishi Electric Cup™ 2024.   Với việc phát sóng độc quyền trên FPT Play, anh em cứ yên tâm là xem trận nào trận nấy mượt đét đèn đẹt, nét căng cùng âm thanh 10/10. Thoải mái enjoy cái moments này cùng các màn đối đầu nảy lửa của các đội nhé :)))))))) Phê chữ ê kéo dài. 10 điểm ko có nhưngggggggg 💯🔥 #FPTPlay #MitsubishiElectricCup2024 #ShopeeCup #DTVN   Comment: ⏺ Mitsubishi Electric Cup™ 2024 là một trong những sự kiện thể thao đáng chú ý nhất khu vực, quy tụ các đội tuyển quốc gia hàng đầu ASEAN tranh tài. Đây là dịp để Đội tuyển Việt Nam thử nghiệm chiến thuật mới dưới sự dẫn dắt của HLV Kim Sang Sik, hướng đến những mục tiêu lớn trong tương lai như World Cup 2026. ⏺ ASEAN Club Championship Shopee Cup™ 2024/25 đánh dấu bước ngoặt mới cho bóng đá cấp câu lạc bộ trong khu vực. Lần đầu tiên, các CLB hàng đầu từ 10 quốc gia ASEAN sẽ đối đầu trực tiếp để tìm ra nhà vô địch. Giải đấu này không chỉ nâng cao tầm vóc của bóng đá khu vực mà còn giúp các CLB Việt Nam vươn tầm, đối mặt với những thách thức và cơ hội mới trên sân chơi quốc tế.	''	''			Đạt	Duyệt		
2024-08-20	Quảng cáo	Bùi Thị Khánh 	BEATVN  FPT PLAY ĐỘC QUYỀN PHÁT SÓNG HAI GIẢI ĐẤU BÓNG ĐÁ HÀNG ĐẦU ĐÔNG NAM Á!   Có bóng bánh là không thể thiếu FPT Play anh em ạ!!  Tiếp nối hành trình cùng sự phát triển của bóng đá Việt Nam, FPT Play tiếp tục mang đến cho người hâm mộ những trận cầu đỉnh cao của các CLB Việt Nam và Đội tuyển Việt Nam. Qua đó, FPT Play chính thức sở hữu hai giải đấu là Giải vô địch các CLB Đông Nam Á Shopee Cup™ 2024/25 và Giải vô địch bóng đá Đông Nam Á Mitsubishi Electric Cup™ 2024.   Với việc phát sóng độc quyền trên FPT Play, anh em sẽ được thưởng thức mọi trận đấu với chất lượng hình ảnh siêu mượt và nét căng cùng với âm thanh đỉnh cao!!  Chuẩn bị lon bia, đĩa mực để đón xem toàn bộ các trận đấu của Mitsubishi Electric Cup™ 2024 và Shopee Cup™ 2024/25 trên FPT Play nào!!  Comment: Đôi chút về Giải vô địch các CLB Đông Nam Á Shopee Cup™ 2024/25 và Giải vô địch bóng đá Đông Nam Á Mitsubishi Electric Cup™ 2024.  ⏺ Mitsubishi Electric Cup™ 2024 là một trong những sự kiện thể thao đáng chú ý nhất khu vực, quy tụ các đội tuyển quốc gia hàng đầu ASEAN tranh tài. Đây là dịp để Đội tuyển Việt Nam thử nghiệm chiến thuật mới dưới sự dẫn dắt của HLV Kim Sang Sik, hướng đến những mục tiêu lớn trong tương lai như World Cup 2026.  ⏺ ASEAN Club Championship Shopee Cup™ 2024/25 đánh dấu bước ngoặt mới cho bóng đá cấp câu lạc bộ trong khu vực. Lần đầu tiên, các CLB hàng đầu từ 10 quốc gia ASEAN sẽ đối đầu trực tiếp để tìm ra nhà vô địch. Giải đấu này không chỉ nâng cao tầm vóc của bóng đá khu vực mà còn giúp các CLB Việt Nam vươn tầm, đối mặt với những thách thức và cơ hội mới trên sân chơi quốc tế.  #FPTPlay #MitsubishiElectricCup2024 #ShopeeCup #DTVN	''	''			Đạt	Duyệt		
2024-08-20	Quảng cáo	Bùi Thị Khánh 	BEAT NOW  NÓNG NHẤT LÚC NÀY: FPT PLAY ĐỘC QUYỀN PHÁT SÓNG HAI GIẢI ĐẤU BÓNG ĐÁ HÀNG ĐẦU ĐÔNG NAM Á 🔥  Tin vui cho người hâm mộ bóng đá Việt Nam đây! FPT Play chính thức sở hữu độc quyền hai giải đấu bóng đá hàng đầu Đông Nam Á: Giải vô địch bóng đá Đông Nam Á Mitsubishi Electric Cup™ 2024 và Giải vô địch các CLB Đông Nam Á Shopee Cup™ 2024/25.  Giải vô địch bóng đá Đông Nam Á Mitsubishi Electric Cup™ 2024 là một trong những sự kiện thể thao đáng chú ý nhất khu vực, quy tụ các đội tuyển quốc gia hàng đầu ASEAN. Đây là dịp để Đội tuyển Việt Nam thể hiện phong độ dưới sự dẫn dắt của HLV Kim Sang Sik, hướng đến những mục tiêu lớn như World Cup 2026.   Giải vô địch các CLB Đông Nam Á Shopee Cup™ 2024/25 đánh dấu một bước ngoặt mới cho bóng đá cấp câu lạc bộ trong khu vực. Lần đầu tiên, các CLB hàng đầu từ 10 quốc gia ASEAN sẽ đối đầu trực tiếp để tìm ra nhà vô địch. Giải đấu này không chỉ nâng cao tầm vóc của bóng đá khu vực mà còn giúp các CLB Việt Nam vươn tầm, đối mặt với những thách thức và cơ hội mới trên sân chơi quốc tế.  Với việc phát sóng độc quyền trên FPT Play, người hâm mộ sẽ được thưởng thức mọi trận đấu với chất lượng hình ảnh siêu mượt và nét căng cùng với âm thanh đỉnh cao, từ những màn đối đầu nảy lửa của các đội tuyển quốc gia đến những khoảnh khắc gay cấn trong từng trận cầu cấp CLB.  Đừng bỏ lỡ cơ hội theo dõi toàn bộ các trận đấu của Mitsubishi Electric Cup™ 2024 và Shopee Cup™ 2024/25 trên FPT Play nhé anh em!	'454004718_287812181086943_2218334292740008707_n_509212628156181.jpg'	''			Đạt	Duyệt		
2024-08-20	Quảng cáo	Nguyễn Thị Khánh Ly	TÂN BINH MỚI CỦA NHÀ VINFAST: XE ĐẠP TRỢ LỰC ĐIỆN VF DRGNFLY   Mua chiếc này thay xe máy đi làm hàng ngày ae thấy sao?  VinFast vừa công bố chính thức mở bán mẫu xe đạp trợ lực điện VF DrgnFly tại thị trường Việt Nam với giá 29,69 triệu đồng. Kiểu dáng VF DrgnFly được thiết kế nổi tiếng Eskild Hansen của Đan Mạch chắp bút lấy cảm hứng từ hình tượng rồng bay lên trong văn hóa Việt Nam.  VF DrgnFly lại sử dụng động cơ 250W tích hợp vào bánh sau, hộp số đơn cấp cùng với cảm biến mô-men xoắn. Bộ pin lithium-ion cho xe hoạt động liên tục 75 km ở chế độ thuần điện hoặc 110 km ở chế độ trợ lực cho mỗi lần sạc. Chủ xe có thể theo dõi tình trạng pin và các thông tin vận hành thông qua màn hình đơn sắc tích hợp trên tay lái.  Sáng sáng dắt con xe ra đạp, mệt thì chuyển sang lái điện vừa bảo vệ môi trường vừa rèn luyện cơ thể, quá ư là hợp lý ae nhỉ?  Comment:  VF DrgnFly bắt đầu mở b.á.n tại Việt Nam từ ngày 20/8/2024. G.i.á xe được niêm yết ở mức 29,69 triệu đồng. Từ nay đến hết 15/9 khách m.u.a sẽ được tặng bộ phụ kiện chính hãng trị giá 2,5 triệu.	'455687856_7803896726405376_6150997116653592724_n_507821561901749.png'	''			Đạt	Duyệt		
2024-08-20	Quảng cáo	Nguyễn Thị Khánh Ly	https://www.nestlemilo.com.vn/nang-dong-viet-nam/kham-pha-cau-chuyen-ben-bi	''	''	https://www.nestlemilo.com.vn/nang-dong-viet-nam/kham-pha-cau-chuyen-ben-bi		Đạt	Duyệt		
2024-08-20	Quảng cáo	Bùi Thị Khánh 	Admin comment 1: Sẵn sàng đón đầu thông tin tuyển dụng của 2 ngân hàng khối Big4 - Agribank và Vietinbank với tổng hơn 1000 chỉ tiêu toàn quốc. Nhận thông tin sớm ngay tại đây: https://ub.edu.vn/khoa-hoc/dang-ki-nhan-chi-tieu-som-agribank-va-vietinbank-dot-2-nam-2024/  Admin comment 2: Tham gia cộng đồng ứng viên A đỏ và V xanh dương để cùng ôn tập nhé:  - Nhóm Agribank: https://zalo.me/g/zvntnb645  - Nhóm VietinBank: https://zalo.me/g/zvjoyw082  Admin comment 3: Mời bạn tham gia cộng đồng ngân hàng U&Bank để cùng trao đổi nha, yên tâm bao chuẩn, bao uy tín: https://www.facebook.com/groups/uandbank	''	''	https://ub.edu.vn/khoa-hoc/dang-ki-nhan-chi-tieu-som-agribank-va-vietinbank-dot-2-nam-2024/		Bách	Duyệt		
2024-08-20	Quảng cáo	Bùi Thị Khánh 	Tháng 9 này - Cơ hội việc làm Ngân hàng siêu lớn dành cho mọi ứng viên	''	''				Duyệt		
2024-08-20	Quảng cáo	Nguyễn Thị Khánh Ly	kênh ngoài:  🇻🇳 TỰ HÀO TÊN NGƯỜI VIỆT VANG LÊN TRÊN ĐẤU TRƯỜNG QUỐC TẾ  Việt Nam chơi như này thì ai chơi lại!!! Để đảm bảo tên của các vận động viên Việt Nam được phát âm chuẩn xác và vang lên đầy tự hào, Nestlé MILO đã cho phổ nhạc cho 20 bài thơ trên Spotify và YouTube, gửi đến các bình luận viên quốc tế. Chưa hết, Nestlé MILO còn đầu tư hẳn cả xe quảng cáo LED đi khắp các con phố của Paris thu hút sự quan tâm của rất nhiều bạn bè quốc tế.  Tên tiếng Việt luôn là một thử thách thú vị đối với bạn bè quốc tế, nhưng giờ đây, Nestlé MILO đã biến thử thách đó thành cơ hội để thế giới hiểu hơn về tinh thần bền bỉ và ý nghĩa tên Việt Nam. Playlist “ m Vang Bền Bỉ” có 20 bài thơ được phổ nhạc , mỗi bài đều gắn liền với một cái tên ý nghĩa của các vận động viên, không chỉ giúp phát âm chính xác mà còn mang đến những câu chuyện cảm hứng và sức mạnh.  Tầm này phải chuẩn bị sẵn phiên âm cho tên để sau bạn bè quốc tế đọc cho đỡ bỡ ngỡ nè. Mấy ông, mấy bà comment thử xem tên khó đọc cỡ nào!!  #MILOVietnam #HanhtrinhBenBi #CauchuyenBenBi  COMMENT 👉Xem thêm các câu chuyện bền bỉ của các VDV tại đây: https://www.nestlemilo.com.vn/.../kham-pha-cau-chuyen-ben-bi  👉 Tại Việt Nam, người hâm mộ trong nước cũng có thể lắng nghe các bài thơ được phổ nhạc trên playlist “ m Vang Bền Bỉ” Spotify và Youtube. 🎧 Spotify: https://open.spotify.com/album/7eC26S01i9vaLqPNnTAkiY 📺 Youtube: https://www.youtube.com/playlist?list=PLbtgtqf2rxs9b3tzkAeNMpS3AkYGt3r2H	''	''	https://www.nestlemilo.com.vn/.../kham-pha-cau-chuyen-ben-bi		Đạt	Duyệt		
2024-08-20	Quảng cáo	Nguyễn Thị Khánh Ly	kênh ngoài:  🇻🇳 m vang bền bỉ Việt Nam tại Paris 2024: Truyền cảm hứng về hành trình bền bỉ!  Xuyên suốt thế vận hội Paris 2024 vừa qua, những chiếc xe quảng cáo LED của MILO đã “gây sốt” trước bạn bè quốc tế với thông điệp truyền cảm hứng về tên của các vận động viên Việt Nam.   Nestlé MILO và Ogilvy Việt Nam đã cùng nhau tạo ra một album nhạc độc đáo với hơn 20 bài thơ được phổ nhạc, mỗi bài thơ không chỉ lặp đi lặp lại tên của các vận động viên mà còn kể những câu chuyện đầy nghị lực và đam mê. Những bài thơ Slam Poetry này không chỉ giúp khán giả quốc tế dễ dàng phát âm tên Việt, mà còn mang đến một thông điệp mạnh mẽ về sự bền bỉ và niềm tin vào chính mình.  Với phong trào thể thao đang phát triển mạnh mẽ và tinh thần bền bỉ không ngừng của người Việt Nam, chúng ta tin tưởng rằng ngay từ bây giờ và trong tương lai, Việt Nam sẽ để lại những dấu ấn mạnh mẽ trên đấu trường thể thao quốc tế.  Cảm ơn Nestlé MILO vì đã đồng hành và góp phần vào việc truyền cảm hứng cho thế hệ trẻ Việt Nam bền bỉ hơn, năng động hơn để vươn tới những đỉnh cao mới, với tình yêu thể thao và ý chí không ngừng vươn lên.  #MILOVietnam #HanhtrinhBenBi #CauchuyenBenBi  COMMENT 👉Xem thêm các câu chuyện bền bỉ của các VDV tại đây: https://www.nestlemilo.com.vn/.../kham-pha-cau-chuyen-ben-bi  👉 Tại Việt Nam, người hâm mộ trong nước cũng có thể lắng nghe các bài thơ được phổ nhạc trên playlist “ m Vang Bền Bỉ” Spotify và Youtube. 🎧 Spotify: https://open.spotify.com/album/7eC26S01i9vaLqPNnTAkiY 📺 Youtube: https://www.youtube.com/playlist?list=PLbtgtqf2rxs9b3tzkAeNMpS3AkYGt3r2H    https://drive.google.com/file/d/1cdHtrghFFuGWe5vLqdYoXgu0ntu3_ajf/view	''	''	https://www.nestlemilo.com.vn/.../kham-pha-cau-chuyen-ben-bi		Đạt	Duyệt		
2024-08-20	Quảng cáo	Nguyễn Thị Khánh Ly	kênh ngoài:  🇻🇳Có thể bạn chưa biết: Nestlé MILO chơi lớn, lập chiến dịch giúp cho bạn bè quốc tế đọc tên người Việt chuẩn hơn!  Nhìn lại Thế vận hội Paris 2024, các vận động viên Việt Nam không những thi đấu hết mình vì màu cờ sắc áo mà còn mang theo một thông điệp mạnh mẽ của sự bền bỉ và ý chí kiên cường của người Việt Nam.   Đồng hành cùng Đoàn thể thao Việt Nam, Nestlé MILO và Ogilvy Việt Nam đã mang đến một trải nghiệm độc đáo với các xe quảng cáo LED nổi bật, chạy dọc các con phố Paris, kèm theo mã QR dẫn đến danh sách phát “VIỆT NAMES /  m Vang Bền Bỉ” trên Spotify và YouTube. Danh sách phát này bao gồm 20 bài thơ theo thể thơ Slam Poetry, mỗi bài được sáng tác đặc biệt để lặp đi lặp lại tên của các vận động viên và kể câu chuyện cảm hứng về hành trình của họ. Điều này không chỉ giúp khán giả và bình luận viện quốc tế dễ dàng phát âm chính xác tên Việt mà còn hiểu thêm về ý nghĩa và tinh thần của từng cái tên.  Bạn nghĩ thế nào về chiến dịch này?   #MILOVietnam #HanhtrinhBenBi #CauchuyenBenBi  COMMENT 👉Xem thêm các câu chuyện bền bỉ của các VDV tại đây: https://www.nestlemilo.com.vn/.../kham-pha-cau-chuyen-ben-bi  👉 Tại Việt Nam, người hâm mộ trong nước cũng có thể lắng nghe các bài thơ được phổ nhạc trên playlist “ m Vang Bền Bỉ” Spotify và Youtube. 🎧 Spotify: https://open.spotify.com/album/7eC26S01i9vaLqPNnTAkiY 📺 Youtube: https://www.youtube.com/playlist?list=PLbtgtqf2rxs9b3tzkAeNMpS3AkYGt3r2H    https://drive.google.com/file/d/1cdHtrghFFuGWe5vLqdYoXgu0ntu3_ajf/view	''	''	https://www.nestlemilo.com.vn/.../kham-pha-cau-chuyen-ben-bi		Đạt	Duyệt		
2024-08-20	Quảng cáo	Nguyễn Thị Khánh Ly	Kiến:  🇻🇳 Lan tỏa tinh thần bền bỉ Việt Nam thông qua chiến dịch “Việt Names” của Nestlé MILO  tại Paris 2024  Trên toàn cầu có tới 2650 ngôn ngữ và hơn 7000 tiếng địa phương, và tiếng Việt được xếp vào top 3 ngôn ngữ khó nhất. Để biến thử thách này thành cơ hội, Nestlé MILO đã tạo ra một chiến dịch vô cùng đặc biệt: “Việt Names”.  Trên các con phố Paris, những chiếc xe LED quảng cáo của Nestlé MILO đã làm nổi bật tên của các vận động viên Việt Nam và cung cấp mã QR dẫn đến danh sách phát độc quyền trên Spotify và YouTube. Với album nhạc đặc biệt gồm 20 bài thơ Slam Poetry, Nestlé MILO không chỉ giúp khán giả quốc tế dễ dàng phát âm tên các vận động viên mà còn mang đến những câu chuyện đầy cảm hứng và nghị lực đằng sau từng cái tên. Mỗi bài thơ dù chỉ 60s nhưng truyền tải đầy cảm hứng về sự bền bỉ, lòng quyết tâm và ý nghĩa đầy tự hào về tên của từng VĐV tham dự kỳ thế vận hội thể thao đỉnh cao nhất.   Chắc chắn rằng tình yêu và niềm tin dành cho các vận động viên sẽ là động lực để thể thao Việt Nam hướng tới những kỳ Thế vận hội tiếp theo với nhiều thành công hơn nữa!  Tinh thần Việt Nam lan tỏa cỡ này thì chấm bao nhiêu điểm đây!!  #MILOVietnam #HanhtrinhBenBi #CauchuyenBenBi  COMMENT 👉Xem thêm các câu chuyện bền bỉ của các VDV tại đây: https://www.nestlemilo.com.vn/.../kham-pha-cau-chuyen-ben-bi  👉 Tại Việt Nam, người hâm mộ trong nước cũng có thể lắng nghe các bài thơ được phổ nhạc trên playlist “ m Vang Bền Bỉ” Spotify và Youtube. 🎧 Spotify: https://open.spotify.com/album/7eC26S01i9vaLqPNnTAkiY 📺 Youtube: https://www.youtube.com/playlist?list=PLbtgtqf2rxs9b3tzkAeNMpS3AkYGt3r2H   https://drive.google.com/file/d/1cdHtrghFFuGWe5vLqdYoXgu0ntu3_ajf/view	''	''	https://www.nestlemilo.com.vn/.../kham-pha-cau-chuyen-ben-bi		Đạt	Duyệt		
2024-08-20	Quảng cáo	Nguyễn Thị Khánh Ly	Kênh ngoài:  🇻🇳 TỰ HÀO VIỆT NAM: CHIẾN DỊCH LAN TỎA TÊN VIỆT NGAY TẠI THẾ VẬN HỘI PARIS 2024  Lan tỏa trend yêu nước với chiến dịch “VIỆT-NAMES”, Nestlé MILO không chỉ thu hút sự chú ý bằng những chiếc xe LED quảng cáo nổi bật dọc các con phố Paris, mà còn mang đến một album nhạc độc đáo để giới thiệu và vinh danh tên của các vận động viên Việt Nam!  Những bài thơ theo thể loại Slam Poetry được sáng tác riêng theo tên của từng vận động viên đã truyền tải những câu chuyện cảm hứng, giúp khán giả quốc tế và bình luận viên phát âm chính xác tên các VĐV Việt Nam.  Mỗi cái tên Việt không chỉ là một danh xưng mà còn mang đậm dấu ấn cá nhân, câu chuyện bền bỉ và ý nghĩa gắn liền với bản sắc dân tộc. Việc hiểu về những cái tên Việt là cơ hội để cảm nhận rõ hơn niềm tự hào và tinh thần vươn lên không ngừng của người Việt.  Chân thành cảm ơn Nestlé MILO đã không ngừng sáng tạo và đồng hành cùng Đoàn thể thao Việt Nam, giúp lan tỏa vẻ đẹp Việt Nam và tinh thần dân tộc thiêng liêng trên đấu trường quốc tế.  #MILOVietnam #HanhtrinhBenBi #CauchuyenBenBi  COMMENT 👉Xem thêm các câu chuyện bền bỉ của các VDV tại đây: https://www.nestlemilo.com.vn/.../kham-pha-cau-chuyen-ben-bi  👉 Tại Việt Nam, người hâm mộ trong nước cũng có thể lắng nghe các bài thơ được phổ nhạc trên playlist “ m Vang Bền Bỉ” Spotify và Youtube. 🎧 Spotify: https://open.spotify.com/album/7eC26S01i9vaLqPNnTAkiY 📺 Youtube: https://www.youtube.com/playlist?list=PLbtgtqf2rxs9b3tzkAeNMpS3AkYGt3r2H    https://drive.google.com/file/d/1cdHtrghFFuGWe5vLqdYoXgu0ntu3_ajf/view	''	''	https://www.nestlemilo.com.vn/.../kham-pha-cau-chuyen-ben-bi		Đạt	Duyệt		
2024-08-20	Quảng cáo	Nguyễn Thị Khánh Ly	check lại giúp c với: https://docs.google.com/presentation/d/1GHBSBrKIrvc0KCMLrwlsKVpxzZrpuTXgVFsuLksB_5Q/edit?fbclid=IwY2xjawEvn7ZleHRuA2FlbQIxMAABHQrysgDCwTaTPnjEnhuZ4Ncmfe09_zeVh3sFTOwWScqgXvsb9cjtQ6amTA_aem_lNsKpfQt88S1DVAUU74eeg#slide=id.g2f34ab1b51e_0_10	''	''	https://docs.google.com/presentation/d/1GHBSBrKIrvc0KCMLrwlsKVpxzZrpuTXgVFsuLksB_5Q/edit?fbclid=IwY2xjawEvn7ZleHRuA2FlbQIxMAABHQrysgDCwTaTPnjEnhuZ4Ncmfe09_zeVh3sFTOwWScqgXvsb9cjtQ6amTA_aem_lNsKpfQt88S1DVAUU74eeg#slide=id.g2f34ab1b51e_0_10		Đạt	Duyệt		
2024-08-20	Quảng cáo	Nguyễn Thị Khánh Ly	https://drive.google.com/drive/folders/1261r4NQNnNAUxqPbRhJ6HElCC9U1haWx  CAP: Rambo kiểu: Thắng thế chju gòi biết sao dờ =))))	''	''	https://drive.google.com/drive/folders/1261r4NQNnNAUxqPbRhJ6HElCC9U1haWx		Đạt	Duyệt		
2024-08-20	Quảng cáo	Nguyễn Thị Khánh Ly	BEAT NOW:  Cap: Đỉnh! Team Rambo lên lội ngược dòng vô địch showmatch game Battle Teams 2   https://drive.google.com/file/d/1E1PA8CsiisqsS3hqcgCKdDMuaD-owyRk/view?fbclid=IwY2xjawEw3VBleHRuA2FlbQIxMAABHbmRPZU_V1Dh4hY_AGyHvPCl52rV3KfNApbJgqnWZ2vvv6ouaUjdvMn9YA_aem_L3PglYMS_F_ay9tZGxTzzg	''	''	https://drive.google.com/file/d/1E1PA8CsiisqsS3hqcgCKdDMuaD-owyRk/view?fbclid=IwY2xjawEw3VBleHRuA2FlbQIxMAABHbmRPZU_V1Dh4hY_AGyHvPCl52rV3KfNApbJgqnWZ2vvv6ouaUjdvMn9YA_aem_L3PglYMS_F_ay9tZGxTzzg		Bách	Duyệt		
2024-08-19	Quảng cáo	Lương Phương Thảo	Em gửi Beat đỏ ạ  https://drive.google.com/file/d/1TR9N8CmY16zCv1vqXkfLULsIilEQTovD/view?usp=drive_link  Caption: 8WONDER đã quay trở lại rồi này anh em ơi	''	''	https://drive.google.com/file/d/1TR9N8CmY16zCv1vqXkfLULsIilEQTovD/view?usp=drive_link		Bách	Duyệt		
2024-08-19	Quảng cáo	Lương Phương Thảo	Beat viral ạ:  https://drive.google.com/file/d/1sMdhVWBP7eUgasJHaTk61p1z5GjunCfx/view?usp=sharing  Caption: "Đẹp trai - đúng, nổi tiếng - đúng, nhưng mà tụi anh rap hay" 😎	''	''	https://drive.google.com/file/d/1sMdhVWBP7eUgasJHaTk61p1z5GjunCfx/view?usp=sharing		Bách	Duyệt		
2024-08-19	Quảng cáo	Bùi Thị Khánh 	https://docs.google.com/document/d/1elNQKEEM4m70fciKBphWIVgj1jUvbVNxY540moGQN9I/edit	''	''	https://docs.google.com/document/d/1elNQKEEM4m70fciKBphWIVgj1jUvbVNxY540moGQN9I/edit		Đạt	Duyệt		
2024-08-19	Quảng cáo	Tuấn Dũng	Đây đây mn ơi, quý khách xin vui lòng đợi trong giây lát ctoi vừa mới về đến nhà :v	''	''				Duyệt		
2024-08-19	Quảng cáo	Nguyễn Thị Khánh Ly	ghét	''	''				Duyệt		
2024-08-19	Quảng cáo	Lưu Minh Quang	sao toàn bỏ e z	''	''				Duyệt		
2024-08-19	Quảng cáo	Bùi Thị Khánh 	Inside the box: Air video 15s: https://drive.google.com/file/d/1s6f4xwXFN24hnOeMPKaNg9pKvCHYZVNJ/view?usp=drivesdk  Caption: Vì bữa ăn có mẹ, là bữa ăn ngon nhất!   Có lẽ trong ký ức của mỗi chúng ta, hình ảnh mẹ đứng bếp là biểu tượng của sự ấm áp và tình yêu thương. Nhưng thỉnh thoảng, mẹ cũng cần "giờ giải lao" cho riêng mình, các bạn nhỉ?!?Mẹ không nấu ăn… cũng không sao, bởi vì bữa ăn có mẹ, có đầy đủ gia đình chính là bữa ăn ngon nhất 💖🥰   Dù bữa cơm gia đình có xuất phát từ bếp mẹ hay từ một nơi nào khác, thì ý nghĩa vẫn nằm ở sự sẻ chia, sự THẤU HIỂU của những người thân yêu. Cùng xem Viral Clip mới nhất của Lotteria và cảm nhận từng khoảnh khắc yêu thương nhé 💕  Comment: Các bạn có thể xem full TVC tại https://youtu.be/hFIV8p6-lQI Đừng quên, Fanpage Lotteria đang diễn ra minigame với rất nhiều phần quà hấp dẫn. Cùng Inside The Box tham gia ngay để “mang quà về cho mẹ” bạn nhé! Link tại đây https://www.facebook.com/photo?fbid=900270628796933	''	''	https://drive.google.com/file/d/1s6f4xwXFN24hnOeMPKaNg9pKvCHYZVNJ/view?usp=drivesdk			Duyệt		
2024-08-19	Quảng cáo	Nguyễn Thị Khánh Ly	https://drive.google.com/file/d/1sMdhVWBP7eUgasJHaTk61p1z5GjunCfx/view?usp=sharing  Caption: "Đẹp trai - đúng, nổi tiếng - đúng, nhưng mà tụi anh rap hay" 😎	''	''	https://drive.google.com/file/d/1sMdhVWBP7eUgasJHaTk61p1z5GjunCfx/view?usp=sharing			Duyệt		
2024-08-19	Quảng cáo	Bùi Thị Khánh 	- Caption:  🔥 HOT: TIGER CRYSTAL RAVE SẮP TRỞ LẠI VŨNG TÀU NÈ ANH EM ƠI!!!   Thích cái cách Tiger 1 lòng 1 dạ với anh em Vũng Tàu 🤣 Đợt trước lỡ hẹn thì đợt này trở lại hứa hẹn là sẽ bùng nổ gấp đôi, gấp ba vào ngày 01/09 này nhéee   Anh em Vũng Tàu cũng chuẩn bị tinh thần nhiệt gấp đôi, gấp ba để cháy hết mình cùng Tiger Crystal Rave đi chứ hả 🤟🤟🤟  #TigerBeer #TigerCrystal #TigerCrystalRave   - Visual: https://drive.google.com/file/d/1deB8GXWsKt_Lu_RobXFrVaSG6D5_SHCo/view?usp=share_link	''	''	https://drive.google.com/file/d/1deB8GXWsKt_Lu_RobXFrVaSG6D5_SHCo/view?usp=share_link			Duyệt		
2024-08-19	Quảng cáo	Bùi Thị Khánh 	- Caption: ĐÚNG LÀ THƯƠNG HIỆU QUỐC DÂN - TIGER CHIỀU FAN SỐ 2 KHÔNG AI DÁM NHẬN SỐ 1 LUÔN 🤘🤘  Tiger Crystal Rave Đà Nẵng vừa khép lại chưa lâu, nhiệt còn chưa hạ thì Tiger lại thổi bùng tinh thần hội Raver với màn comeback ngoạn mục tại Vũng Tàu vào ngày 01/09 tới 😎😎  Anh em nào đợt trước đã mua đồ mới đi quẩy thì đợt này được đền đáp rồi đó, chuẩn bị tinh thần xách ba lô lên và đi liền thôi 👌👌  #TigerBeer #TigerCrystal #TigerCrystalRave   - Visual: https://drive.google.com/file/d/1us245HdCCdO2rRnDwkzA9CHkMcvHn0eD/view?usp=share_link	''	''	https://drive.google.com/file/d/1us245HdCCdO2rRnDwkzA9CHkMcvHn0eD/view?usp=share_link			Duyệt		
2024-08-19	Quảng cáo	Lưu Minh Quang		'454145460_1153181899859230_2930364209475245457_n_1153181896525897.png'	''				Duyệt		
2024-08-19	Quảng cáo	Nguyễn Thị Khánh Ly	TT Beat now:  GÁY ĐƯỢC LÀM ĐƯỢC: TEAM NHÀ RAMBO XUẤT SẮC LÊN NGÔI VÔ ĐỊCH TẠI CHUNG KẾT SHOWMATCH BATTLE TEAMS 2  Vừa qua ngày cuối cùng của Showmatch "Siêu sao đại chiến" Batte Teams 2 đã diễn ra trận chung kết vô cùng kịch tính giữa 15 anh tài FPS.   Mặc dù phải thi đấu rất nhiều trận, khiến thể lực giảm sút từ Chung kết nhánh thua nhưng các chàng trai nhà Rambo đã xuất sắc vượt mọi "chông gai" trở thành nhà vô địch của trận chung kết tổng.  Từ những pha gáy "Mõm" Rambo đã chứng minh được những gì mình nói trong những livestream là sự thật, tay to thật sự!!! Liên hoàn những highlight đẹp mắt, sấy đối thủ cực căng đến từ các thành viên nhà Rambo, Nhism, Hanakoishi, Hoag, Jikey chắc chắn sẽ khiến nhiều ae phải trầm trồ đấy.  Không chỉ nóng trong từng phút giây thi đấu, ngay tại trường quay rất nhiều fan hâm mộ cũng đã có mặt để "thổi lửa", tiếp sức vô cùng náo nhiệt cho các đội chơi.	''	''				Duyệt		
2024-08-19	Quảng cáo	Lương Phương Thảo	TT SHOWBEAT   https://drive.google.com/file/d/1HQyMTFx7kx5frIU0H4JqIc7g7gWbDQ9n/view  Lâu rồi không nghe mấy ảnh thả thính cũng nhớ nhớ	''	''	https://drive.google.com/file/d/1HQyMTFx7kx5frIU0H4JqIc7g7gWbDQ9n/view		Đạt	Duyệt		
2024-08-19	Quảng cáo	Phạm Hoàng My	TT Showbeat:   https://drive.google.com/file/d/19FT69AT1nTGZF6reWjHYASPsbUKMY98G/view?usp=drive_link  Caption:  Anh em đã quan tâm tới bậc sinh thành từ những điều nhỏ nhất chưa?  #daugoiduoclieunguyenxuan #vennguyenxuantrenmaitoc	''	''	https://drive.google.com/file/d/19FT69AT1nTGZF6reWjHYASPsbUKMY98G/view?usp=drive_link		Đạt	Duyệt		
2024-08-19	Quảng cáo	Lưu Minh Quang	Story BeatVN - Biotin Link ảnh: https://drive.google.com/drive/folders/126IigNd5928Lnd4HWREAThPTCCIkGv_Y?usp=drive_link Link gắn: https://bit.ly/4dODIL6	''	''	https://drive.google.com/drive/folders/126IigNd5928Lnd4HWREAThPTCCIkGv_Y?usp=drive_link		Đạt	Duyệt		
2024-08-19	Quảng cáo	Phạm Hoàng My	TT Hello Vietnam:  https://drive.google.com/drive/folders/1lTlQisADOJRwiIZxMo0IFA5-_KlC_QoP?fbclid=IwY2xjawEv-wNleHRuA2FlbQIxMAABHVegZqYF5gsvl6DHRrf4u-CYpGpthIc5vnmAg8KUGxsi3j_Qako3GclTYw_aem_rdy-MIOzLZFH8M2suzmiGA  Caption: Tuyệt vời chuỗi sự kiện Vu Lan báo hiếu!!!  #daugoiduoclieunguyenxuan #vennguyenxuantrenmaitoc	''	''	https://drive.google.com/drive/folders/1lTlQisADOJRwiIZxMo0IFA5-_KlC_QoP?fbclid=IwY2xjawEv-wNleHRuA2FlbQIxMAABHVegZqYF5gsvl6DHRrf4u-CYpGpthIc5vnmAg8KUGxsi3j_Qako3GclTYw_aem_rdy-MIOzLZFH8M2suzmiGA		Đạt	Duyệt		
2024-08-19	Quảng cáo	Bùi Thị Khánh 	https://drive.google.com/drive/folders/1Xp3aUe3ZyTJGL3PdK787ndLOuAMEbGem?usp=sharing	''	''	https://drive.google.com/drive/folders/1Xp3aUe3ZyTJGL3PdK787ndLOuAMEbGem?usp=sharing		Bách	Duyệt		
2024-08-19	Quảng cáo	Bùi Thị Khánh 	CCHN: TUYỂN NỮ SHB FC VÔ ĐỊCH QUEEN LEAGUES1, GIÀNH CÚ ĂN 2 LỊCH SỬ  Chúc mừng Đội bóng đá nữ SHB FC đã có một năm 2024 đầy thành công với cú đúp danh hiệu vô địch.  Tại Cup mùa xuân Bóng đá ngành ngân hàng TP Hà Nội lần thứ 20, SHB FC đã xuất sắc đăng quang ngay ở lần đầu tham dự. Tiếp nối thành công đó, đội bóng đã vô địch Queen League S1 với thành tích bất bại.  Trong trận chung kết Queen League S1, cú đúp của Lan Hương và bàn thắng của Trương Thị Mỹ Duyên đã mang về chiến thắng thuyết phục 3-1 trước ADO Cosmetics. Không chỉ giành chức vô địch, Lan Hương còn được vinh danh là Cầu thủ xuất sắc nhất giải đấu, khẳng định tài năng vượt trội của mình.  Với những thành tích ấn tượng trong năm 2024, SHB FC đã khẳng định vị thế của mình trong làng bóng đá phủi nữ Việt Nam và mở ra những hy vọng về một tương lai tươi sáng với nhiều hứa hẹn. Niềm tự hào không chỉ thuộc về các cầu thủ, ban huấn luyện, mà còn là niềm tự hào của toàn thể cộng đồng SHBer trên toàn quốc.  Chúc cho đội bóng sẽ tiếp tục phát triển và gặt hái được thêm các thành tích ở các giải đấu sắp tới!  BEAT NOW: SHB FC KHẲNG ĐỊNH VỊ THẾ VỚI CHỨC VÔ ĐỊCH QUEEN LEAGUE S1  Năm 2024 là một năm rực rỡ với đội bóng đá nữ SHB FC khi họ xuất sắc giành cú đúp danh hiệu vô địch, khẳng định vị thế thống trị của mình trong làng bóng đá phủi nữ Việt Nam.  Đầu tiên là chức vô địch Cup mùa xuân Bóng đá ngành ngân hàng TP Hà Nội lần thứ 20. SHB FC đã đăng quang ngay ở lần đầu tham dự, chứng tỏ sức mạnh tiềm ẩn của đội bóng.  Sau đó, SHB FC tiếp tục vô địch Queen League S1 với thành tích bất bại. Trận chung kết với ADO Cosmetics đã là minh chứng rõ ràng cho sức mạnh của SHB FC. Cú đúp của Lan Hương và bàn thắng của Trương Thị Mỹ Duyên đã mang về chiến thắng thuyết phục 3-1, giúp đội bóng nâng cao chiếc cúp vô địch đầy danh giá. Bên cạnh đó, Lan Hương còn được vinh danh là Cầu thủ xuất sắc nhất giải đấu, một minh chứng cho tài năng và sự tỏa sáng của cô.  Chức vô địch này không chỉ mang về niềm tự hào cho các cầu thủ, ban huấn luyện, đội bóng còn là nguồn cảm hứng cho toàn thể cộng đồng SHBer trên toàn quốc. Chúc cho đội bóng sẽ tiếp tục gặt hái được nhiều thành công hơn nữa trong tương lai!	''	''			Bách	Duyệt		
2024-08-19	Quảng cáo	Nguyễn Thị Khánh Ly	Kiến:  Tinh hoa hội tụ, chúng tui gấc iuuuuuuuu 😍  Ngắm visual lộng lẫy, đỉnh nóc, kịch trần của dàn nghệ sĩ đỉnh chóp sẽ góp mặt tại 8WONDER Moon Festival sắp tới 7/9 tại Hà Nội các bác ơiiiiiiiii 😘😘😘 1 tỷ điểm không có nhưng 💯💯💯  https://drive.google.com/drive/folders/1D-bNVxif_1RI4CMqonbELqVnEMa-CLQt	''	''	https://drive.google.com/drive/folders/1D-bNVxif_1RI4CMqonbELqVnEMa-CLQt		Đạt	Duyệt		
2024-08-19	Quảng cáo	Nguyễn Thị Khánh Ly	TT Beatvn:  TEAM RAMBO XUẤT SẮC VÔ ĐỊCH CHUNG KẾT SHOWMATCH BATTLE TEAMS 2: XUẤT HIỆN NHỮNG MÀN THI ĐẤU "KHÉT LẸT" ĐẾN TỪ CẢ CÁC GAME THỦ VÀ CÁC FANS HÂM MỘ!  Ngày cuối cùng của Showmatch "Siêu sao đại chiến" Batte Teams 2 vừa diễn ra vô cùng nóng hổi. Ngôi vô địch đã gọi tên đội RAMBO cùng những thành viên Nhism, Hanakoishi, Hoag, Jikey.  Các streamer đã không ngừng cống hiến cho khán giả những highlight đẹp mắt cân đôi, cân 3 cứ gọi là nhiều không đếm nổi. Sức nóng không chỉ tràn viền trong trận mà không khí của khán giả xem watch party, những bóng hồng xinh đẹp, những fans của Battle Teams 2  đã có màn cổ vũ vô cùng "khét lẹt". Bên bắn vũ đạo, bên bắn rap siêu cháy!  Sức hút của Battle Teams 2 đang lan rộng trong cộng đồng FPS cả nước, ae hóng những màn đại chiến đã mắt tiếp theo của tựa game này không nào?	''	''			Đạt	Duyệt		
2024-08-19	Quảng cáo	Bùi Thị Khánh 	2. Video của BEATNOW: https://drive.google.com/file/d/1cLqwNOeq0SUHT63cpzI8mOF8khrIo25i/view?usp=sharing Caption: Chỉ còn 1 chiếc BMW X3 MSPORT thui các ae ơi!! Tranh thủ lên kèo đón lễ lớn nào!!! #TigerBeer #BatThungTigerTrung5BMWX3	''	''	https://drive.google.com/file/d/1cLqwNOeq0SUHT63cpzI8mOF8khrIo25i/view?usp=sharing		Đạt	Duyệt		
2024-08-19	Quảng cáo	Nguyễn Thị Khánh Ly	CCHN:  | 19 . 08 . 2024 - TẶNG BẠN LIST NHẠC NHÂN NGÀY MÙA THU TỚI 🍂❤️ |  Dạo này, người ta nói về mùa thu, về những ngày trong veo, về những bài tình ca, về mùi cốm bùi và gánh xe hoa đầu phố, và về cả lễ hội âm nhạc 8WONDER Moon Festival. Nhân những ngày giao mùa thế này, muốn gửi tới bạn playlist nhạc "đỉnh chóp" của dàn nghệ sĩ tham gia 8WONDER !!  Thu về, mở nhạc lên nghe nhá!  https://drive.google.com/drive/folders/1hHsgKNuBsLIqtcY3_Ne18UwKnq4suBOx	''	''	https://drive.google.com/drive/folders/1hHsgKNuBsLIqtcY3_Ne18UwKnq4suBOx		Đạt	Duyệt		
2024-08-19	Quảng cáo	Nguyễn Thị Khánh Ly	TT Beat now:  GÁY ĐƯỢC LÀM ĐƯỢC: TEAM NHÀ RAMBO XUẤT SẮC LÊN NGÔI VÔ ĐỊCH TẠI CHUNG KẾT SHOWMATCH BATTLE TEAMS 2  Vừa qua ngày cuối cùng của Showmatch "Siêu sao đại chiến" Batte Teams 2 đã diễn ra trận chung kết vô cùng kịch tính giữa các anh Tài nhà Rambo với các anh trai nhà Sangtraan.  Mặc dù phải thi đấu rất nhiều trận, khiến thể lực giảm sút từ Chung kết nhánh thua nhưng các chàng trai nhà Rambo đã xuất sắc vượt mọi "chông gai" trở thành nhà vô địch của trận chung kết tổng.  Từ những pha gáy "Mõm" Rambo đã chứng minh được những gì mình nói trong những livestream là sự thật, tay to thật sự!!! Liên hoàn những highlight đẹp mắt, sấy đối thủ cực căng đến từ các thành viên Rambo, Nhism, Hanakoishi, Hoag, Jikey chắc chắn sẽ khiến nhiều ae phải trầm trồ đấy.  Không chỉ nóng trong từng phút giây thi đấu, ngay tại trường quay rất nhiều fan hâm mộ cũng đã có mặt để "thổi lửa", tiếp sức vô cùng náo nhiệt cho các đội chơi.  Có ai hóng các trận đấu tiếp theo của Battle Teams 2 không nào!	''	''			Bách	Duyệt		
2024-08-19	Quảng cáo	Phạm Vân Trang	Link ảnh: https://drive.google.com/drive/folders/1aXIIYmIBuZ-DTeS361YwsFA5Z3zfpCna?usp=drive_link Caption: Cả nhà cho xin nhận xét KOL mới nổi Pamela Hải Đường ạ Comment: Bùng nổ Super Brand Day DHC Cơ hội vàng để sở hữu Biotin DHC - hỗ trợ mái tóc chắc khỏe như mẹ Salim chỉ với giá siêu ưu đãi 40%. Cả nhà vô săn sale và Cheap Moment cùng KOL mới nổi Pamiuoi nhaaa. Link: https://bit.ly/46NIupT	''	''	https://drive.google.com/drive/folders/1aXIIYmIBuZ-DTeS361YwsFA5Z3zfpCna?usp=drive_link		Đạt	Duyệt		
2024-08-19	Quảng cáo	Nguyễn Thị Khánh Ly	oki mỗi câu đó thôi em ha	''	''			Đạt	Duyệt		
2024-08-19	Quảng cáo	Bùi Thị Khánh 	LÚ CỰC MẠNH!!! CÁC FAN HÂM MỘ ĐƯỢC BÌNH CHỌN NGHỆ SĨ BIỂU DIỄN TẠI SOUND FREEDOM BY VINAPHONE  AE không nghe nhầm đâu!! Sự kiện Sound Freedom by VinaPhone tới đây được chính các anh em là người quyết định nghệ sĩ nào sẽ biểu diễn. Nhanh tay tham gia ngay "Bình chọn nghệ sĩ yêu thích" trên ứng dụng My VNPT và có cơ hội nhận iPhone 15 Pro và nhiều quà siêu khủng siêu hấp dẫn ngay nhé!!!  CMT:  iPhone 15 Pro, voucher nạp tiền điện thoại đa mệnh giá, Đặc biệt đặc quyền giao lưu/ chụp ảnh cùng thần tượng ngay tại địa điểm tổ chức sự kiện Tải và truy cập ứng dụng My VNPT ngay hôm nay để không bỏ lỡ cơ hội gặp mặt ca sĩ mình yêu thích bạn nhé 📥 Tải app ngay: https://my.vnpt.com.vn/adv/music	''	''	https://my.vnpt.com.vn/app?screenCode=GAME_MUSIC&campaignCode=MUSIC_PUBLIC&u=music		Đạt	Duyệt		
2024-08-19	Quảng cáo	Lương Phương Thảo	REVIEW KO HỀ GIẢ TRÂN NHA  1. CAPTION  Một số “insight” nho nhỏ về Gen Z, bạn thấy đúng ko?  1. Thích những thứ mà trong mắt thế hệ trước là "xàm", "ko hiểu nổi". Ví dụ: ốp lưng hình cục shit thì rất cute, lên youtube nghe tiếng chó kêu ngủ cho ngon,...  2. Peer pressure liên tục Người lớn sẽ hay bảo “bọn bây mới tí tuổi đầu có gì đâu mà áp lực” nhưng khum phải vậy. Lớn lên trong sự kì vọng của ba mẹ, anh chị, kiểu: giờ tụi mài sướng rồi, được lo đủ thứ, thì phải abc xyz... chưa kể bọn bạn xung quanh nó giỏi vcl, kiếm tiền nhiều, ko áp lực sao được.  3. Xài phung phí nhưng thích săn seooo Dù cho tối đó có mới đi ăn Haidilao về xong thì cũng ráng thức khuya đến 1h-2h sáng săn ốp lưng 1k là chuyện bình thường.  Nên cỡ mấy tin sale sập sàn như xe máy điện Feliz nhà VinFast dc giảm 1tr lại còn 0% trả góp trong 6 tháng thì 3 bữa sau thấy tụi nó up story check in flexing xe mới liền.  Tui thì hay qua group https://www.facebook.com/groups/3730717980481264?locale=hy_AM bên đó có nhiều tin tức ưu đãi lại còn quà tặng rình rang khi tương tác nhiều nữa nha  4. Lười :)))))) Nói chung là rất lười, có thời gian là nằm thôi. Là Gen Z, nên em cũng lười, giờ em sẽ dành thời gian để nằm nên em không viết nữa đâu kk Bao giờ có hứng viết tiếp, bái bai mọi người.  2. COMMENT Chương trình khuyến mãi e xem ở đây: https://vinfastauto.com/vn_vi/vinfast-trien-khai-chuong-trinh-uu-dai-mua-he-hap-dan-cho-xe-may-dien  3. VISUAL https://drive.google.com/file/d/1ehlucwV1n3I6-HDaniyRZPQS0cBqPCVi/view?usp=drive_link	''	''	https://www.facebook.com/groups/3730717980481264/		Đạt	Duyệt		
2024-08-19	Quảng cáo	Nguyễn Thị Khánh Ly	NIỀM HY VỌNG TỪ ĐÔI CHÂN KHÔNG KHUẤT PHỤC CỦA NGUYỄN BẢO LONG  Sinh ra và lớn lên tại Lâm Đồng, Long là một chàng trai hiền lành, luôn tích cực trong mọi hoạt động. Khi bạn bè đồng trang lứa còn đang miệt mài học tập và vui chơi, Long đã sớm phải học cách tự lập. Xa quê, vừa học, vừa chạy xe ôm công nghệ, Long không chỉ chăm sóc bản thân mà còn mong muốn san sẻ bớt gánh nặng với mẹ em ở quê nhà.  Những cơn đau chân bắt đầu xuất hiện từ tháng 12/2023, nhưng với tuổi trẻ và sự chủ quan, Long chỉ nghĩ đó là di chứng từ cú ngã xe trước đó. Khi đến bệnh viện gần nhà, các bác sĩ chỉ kết luận Long bị ảnh hưởng phần mềm, không có gì nghiêm trọng. Nhưng chỉ sau 3 ngày, cơn đau trở nên dữ dội hơn, đỉnh điểm là trong một lần xoa bóp chân, Long vô tình dùng lực mạnh, khiến xương bị rạn.   Đi khám lần 2 và biết mình mắc ung thư xương – một bệnh hiếm và hiểm nghèo thường gặp ở độ tuổi thiếu niên, Long suy sụp. Khối u lớn sau bánh chè, không thể phát hiện khi chạm vào, nhưng lại gây ra nỗi đau khủng khiếp. Từ một chàng trai vui vẻ, tích cực, Long trở nên lặng lẽ, trầm ngâm. Sau 4 tháng điều trị tại bệnh viện tuyến trung ương, các bác sĩ khuyên Long cắt cụt chân để bảo vệ tính mạng. Lời khuyên này như cú sốc giáng xuống gia đình. Nhưng gia đình Long không tin đó là giải pháp cuối cùng!  May mắn đã mỉm cười với Long khi chị gái em tìm thấy thông tin trên mạng và quyết định đưa Long ra Hà Nội, thăm khám tại Trung tâm U xương & phần mềm Vinmec. Tại đây, Long đã tìm thấy hy vọng mới, với phương pháp điều trị bảo tồn chi tiên tiến. Bệnh viện Vinmec, với đội ngũ chuyên gia hàng đầu gồm đã mở ra niềm tin và hy vọng cho Long khi thông báo rằng có khả năng đến 95% sẽ cứu được đôi chân của em.  Bước vào những giây phút sinh tử, cả gia đình chỉ biết tin tưởng bác sĩ, tin tưởng lẫn nhau, dùng tình yêu là sức mạnh để cùng nhau vượt qua mọi thứ. Sau mổ, sức khỏe của Long tiến triển tốt. Long bắt đầu tập đi lại từ ngày thứ 2 và được ra viện vào ngày thứ 5. Long sẽ tiếp tục điều trị hóa chất hậu phẫu khoảng 4 tháng; nếu đáp ứng tốt, Long có thể sớm quay lại cuộc sống bình thường.  Phép màu luôn tồn tại quanh ta, hy vọng câu truyện này có thể lan tỏa mạnh mẽ, mang đến niềm tin cho các bệnh nhi đang ngày ngày chống chọi với ung thư xương rằng không cần phải lo lắng về việc cắt cụt chân. Các em hoàn toàn có thể tin rằng phép màu thực sự sẽ đến, và Vinmec sẽ luôn đồng hành cùng các em trong hành trình này.  Comment: Vinmec tự hào tiên phong mang đến hy vọng và nâng cao chất lượng cuộc sống cho bệnh nhi ung thư xương. Từ năm 2017, Vinmec đã triển khai mô hình Hội đồng Ung bướu đa chuyên khoa (MTB), tạo điều kiện cho các bệnh nhân ung thư xương trên cả nước được hội chẩn toàn diện và miễn phí với các bác sĩ, chuyên gia hàng đầu tại Vinmec để tìm ra giải pháp điều trị tối ưu nhất. Cùng với ứng dụng công nghệ 3D trong điều trị bảo tồn chi, Vinmec đã giúp giữ nguyên vẹn hàng trăm đôi chân cho các bệnh nhi mỗi năm, mở ra một tương lai đầy hy vọng cho các em.	'455161686_422384773587952_4382543527234647922_n_817404080584714.jpg'	''			Bách	Duyệt		
2024-08-19	Quảng cáo	Lưu Minh Quang	HÌNH BEAT VN   1. https://drive.google.com/file/d/1A4zXrziIVdmBBVVyKFpd_1YIEvWNWnfl/view?usp=sharing  2. https://drive.google.com/file/d/1-XhZhaFbQJctoHmRBSA37A-aW1xoh0nI/view?usp=sharing  3. https://drive.google.com/file/d/1-HNxLU1bSLgmxrW6LecMJP0kc95inpje/view?usp=share_link  4. https://drive.google.com/file/d/1IisromQvNZWe-LlsUtPZP23na6wzTZdX/view?usp=share_link  5. https://drive.google.com/file/d/1TGBdCVfDRj6s-1QHoUzzdtt_dpdFtqMO/view?usp=share_link  6. https://drive.google.com/file/d/1BhJ895CzByW0dIK3JDc8nfEcWEhksaub/view?usp=share_link  7. https://drive.google.com/file/d/1BhJ895CzByW0dIK3JDc8nfEcWEhksaub/view?usp=share_link  8. https://drive.google.com/file/d/1KPWbM6SgpMaow_1f7b-Mc_2yWbt7OWSj/view?usp=share_link  9. https://drive.google.com/file/d/161WCtLja1ArI4AMVjByxURc6tR8g4CSC/view?usp=share_link  10. https://drive.google.com/file/d/1EnvXsJ5OdgQY1YP7v6hlZCjfhcH_poHa/view?usp=sharing  11. https://drive.google.com/file/d/1ADwy4iqrNM5B-acXGBdpJjs5MFYogN8P/view?usp=share_link	''	''	https://drive.google.com/file/d/1A4zXrziIVdmBBVVyKFpd_1YIEvWNWnfl/view?usp=sharing		Đạt	Duyệt		
2024-08-19	Quảng cáo	Lưu Minh Quang	CAPTION BEAT  Caption:  Đỉnh nóc, kịch trần với loạt hoạt động cực cháy của Húc Tour Xuyên Việt tại Hải Phòng hôm qua 🔥🔥🔥🔥 Sau cơn địa chấn đầu tiên thì anh đại Red Bull chính thức nhận thêm 100 cuộc gọi nhỡ từ anh em các tỉnh.   #RedBull #RedBullHucToiDi #HucTour   Cmt: Red Bull quậy đục nước với anh em Nha Trang ngày 24.8, còn anh em TPHCM ngày 08.9 lên đồ từ từ để chuẩn bị húc tới đi 🤫	''	''			Đạt	Duyệt		
2024-08-19	Quảng cáo	Lưu Minh Quang	https://docs.google.com/document/d/1xPRxt9TMprbgfQVUpYLxhqloU03CNg2ZhLJ6kaP43bE/edit	''	''	https://docs.google.com/document/d/1xPRxt9TMprbgfQVUpYLxhqloU03CNg2ZhLJ6kaP43bE/edit		Đạt	Duyệt		
2024-08-19	Quảng cáo	Nguyễn Thị Khánh Ly	ôi lên bài rồi đó em	''	''				Duyệt		
2024-08-19	Quảng cáo	Lưu Minh Quang	AI SỢ THÌ ĐI VỀ!! BAN LÃNH ĐẠO QUẨY DJ HẾT MÌNH TẠI TIỆC TEAM BUILDING CỦA CÔNG TY TRƯỚC HƠN 3200 NHÂN VIÊN  Nếu team building của công ty các bạn phải tập văn nghệ và diễn mệt nghỉ thì chúng ta bắt tay một cái vì cùng cảnh ngộ rồi. Nhưng các bạn biết không? Ở ngoài kia vẫn có một công ty có kỳ team building trong mơ siêu vui, chẳng phải diễn văn nghệ mà còn được ban lãnh đạo mời ca sĩ nổi tiếng về diễn và còn không ngại chơi DJ quẩy hết mình cùng CBNV nữa kìa.  Công ty trong mơ mà tôi đang nhắc đến với ace đó là FPT IS, năm nay kỷ niệm sinh nhật 30 tuổi nên dẫn hẳn 3200 nhân viên đi team building tại VinWonders, bao trọn cả khu trong 2N1Đ cho nhân viên ăn chơi.   Đáng chú ý đêm tiệc gala sinh nhật quy tụ toàn những nghệ sĩ nổi tiếng như Mỹ Mỹ, Ban nhạc Bức Tường, DJ Dương K, Thái Sơn beatbox… không khác gì 1 liveshow hoành tráng. Ban lãnh đạo FPT IS còn chất tới nỗi tự tay quẩy chơi DJ hết mình cùng tất cả nhân viên, tinh thần cứ phải đỉnh nóc, kịch trần luôn. Ai cũng vui hết mình, quẩy hết cỡ... như này thì năm nào cũng muốn đi team building với công ty mất.  Làm ra làm, chơi ra chơi FPT IS làm quả này đúng là khiến nhân viên nguyện cống hiến thêm dài dài cho công ty!	''	''			Đạt	Duyệt		
2024-08-19	Quảng cáo	Nguyễn Thị Khánh Ly	check lại giúp c nha: https://docs.google.com/presentation/d/1nQaSa167XLlWdX8zlIDNWCD9-GSNk3HzB2mUvqj0Sbk/edit?fbclid=IwY2xjawEvzV9leHRuA2FlbQIxMAABHbfOIQ1tPKaDtZ-htxcRUfvfatH29A3xMyHBKkgdI87opa3HhALZOeVSZA_aem_AFFBZiSQioJJ28cudHUoiw#slide=id.g2f31647fa86_0_22	''	''	https://docs.google.com/presentation/d/1nQaSa167XLlWdX8zlIDNWCD9-GSNk3HzB2mUvqj0Sbk/edit?fbclid=IwY2xjawEvzV9leHRuA2FlbQIxMAABHbfOIQ1tPKaDtZ-htxcRUfvfatH29A3xMyHBKkgdI87opa3HhALZOeVSZA_aem_AFFBZiSQioJJ28cudHUoiw#slide=id.g2f31647fa86_0_22		Đạt	Duyệt		
2024-08-19	Quảng cáo	Nguyễn Thị Khánh Ly	này khách tự làm chứ k phải trang báo nào đâu đó nha em	''	''			Bách	Duyệt		
2024-08-19	Quảng cáo	Bùi Thị Khánh 		'455240884_485818747553419_2762618991438064927_n_843507434159032.png'	''			Bách	Duyệt		
2024-08-19	Quảng cáo	Bùi Thị Khánh 	Kiến Không Ngủ - News  https://drive.google.com/file/d/1kX7yRzIgf-CVPrGbp9ievSh4abJkwi2n/view?usp=sharing  Caption: CẨM NANG SĂN SALE TRÊN “SÀN" MỚI THÊM MỘT TRANG MỚI, CHƯA BIẾT GIƠ TAY ✋ Bên cạnh ngày đôi, ngày sale giữa tháng, ngày lương về, từ nay TikTok Shop còn có thêm THỨ HAI FREESHIP. Nghĩa là cứ chốt đơn ngày thứ Hai thì ship sẽ giảm siêu sâu, đi kèm thêm 1 vài ưu đãi mua hàng nữa. Nói chung là chỉ có “khổng lồ" thôi chứ “không lỗ". Cụ thể trong tuần này là: 🤩 Freeship Xtra 45K cho đơn hàng 0Đ, Freeship lên đến 700K trong trang mua sắm 🤩 Freeship lên đến 120K khi mua qua TikTok Shop Livestream 🤩 Loạt DEAL mua sắm xịn sò 50% và loạt voucher giảm đến 222K nữa. Chị em nhớ đánh dấu thêm ngày thứ Hai là ngày “chốt đơn" để mua đồ giá tốt nhé! #thuhaifreeship   Comment: Săn Voucher Freeship tại đây: https://bit.ly/thuhaifreeship	''	''	https://drive.google.com/file/d/1kX7yRzIgf-CVPrGbp9ievSh4abJkwi2n/view?usp=sharing		Đạt	Duyệt		
2024-08-19	Quảng cáo	Bùi Thị Khánh 	BEATVN  https://drive.google.com/file/d/1YxmnLnrzpzWaBIQpTuebmiT_DzStySFE/view?usp=sharing  Caption: TIN HOT ĐẦU TUẦN: RẤT NHIỀU NGƯỜI NHẬN ĐƯỢC 120K TRONG THỨ HAI VỪA QUA KHI XEM LIVESTREAM TRÊN “SÀN T” Chuyện thật không đùa, vì TikTok Shop vừa khởi động chương trình THỨ HAI FREESHIP hàng loạt ưu đãi cho người mua hàng. Chính vì thế, những ai chốt đơn trong ngày thứ Hai trên sàn này đã, đang và sẽ được nhận: 💥 Freeship lên đến 120k khi mua qua TikTok Shop Livestream. 💥 Freeship Xtra 45K cho đơn hàng 0Đ, Freeship lên đến 700K trong trang mua sắm 💥 Chưa kể một loạt DEAL mua sắm xịn sò 50% và loạt voucher giảm đến 222K. Chương trình vẫn còn tiếp diễn trong mỗi thứ Hai đầu tuần. Tranh thủ đặt lịch săn sale để trở thành những người tiếp theo nhận được ưu đãi lớn từ TikTok Shop!!! #thuhaifreeship   Comment: Săn Voucher Freeship tại đây: https://bit.ly/thuhaifreeship	''	''	https://drive.google.com/file/d/1YxmnLnrzpzWaBIQpTuebmiT_DzStySFE/view?usp=sharing		Bách	Duyệt		
2024-08-19	Quảng cáo	Bùi Thị Khánh 	Sài Gòn Nghenn  "Cuối tuần...này đi đâu đó không? Có điểm check-in gì mới ở Sài Gòn không nhỉ? 🤗  ✨Triển lãm nghệ thuật đa giác quan Hokusai by VPBank đang là một trong những điểm check-in hot nhất ở Sài Gòn. Bỏ những cái nắng gắt hay những trận mưa bất ngờ ở bên ngoài, bước vào thế giới của danh họa Katsuhika Hokusai với hơn 130 kiệt tác    📍 Triển lãm đang được mở cửa miễn phí tại chi nhánh Flagship VPBank, số 3A-3B Tôn Đức Thắng, P.Bến Nghé, Q.1   ✨ Tham gia hoàn toàn miễn phí và đăng ký tại link online 👉 https://flagship.vpbank.com.vn/  #VPBank #Flagshipdautien #Hokusai  Comment: Triển lãm sẽ đón tiếp khách xuyên suốt từ thứ 2 – chủ nhật, gồm 6 ca/ngày. Khách hàng lưu ý KHÔNG đến trễ quá 30 phút ca đăng ký để không bỏ lỡ bất kỳ điều tuyệt vời nào tại triển lãm nhé!  🕙 Ca 1: 10h00 - 11h30  🕜 Ca 2: 13h30 - 15h00  🕒 Ca 3: 15h00 - 16h30  🕟 Ca 4: 16h30 - 18h00  🕕 Ca 5: 18h00 - 19h30  🕢 Ca 6: 19h30 - 21h00 " https://drive.google.com/drive/folders/1Bp4DAaraf7fz4SuIY40WUiFcWwSdNG6B?usp=drive_link	''	''	https://flagship.vpbank.com.vn/		Đạt	Duyệt		
2024-08-19	Quảng cáo	Bùi Thị Khánh 	Đi đâu bây giờ "💞 Hay thử 1 lần đi date tại triển lãm xem như thế nào   Đi hẹn hò tại triển lãm vừa lãng mạn, riêng tư, lại còn là cơ hội để biết ""gu"" của đối phương là gì. Đặc biệt phù hợp với con dân yêu nghệ thuật nói chung và yêu nghệ thuật Nhật Bản nói riêng  Triển lãm nghệ thuật đa giác quan Hokusai by VPBank đang mở cửa đón khách ngay tại quận 1, chỉ cách Little Japan khoảng 700m, và lại còn hoàn toàn miễn phí vé vào cửa 😍  Link đăng ký thăm quan triển lãm ở đây nha cả nhà 👉 https://flagship.vpbank.com.vn/  Đừng quên theo dõi để cập nhật thông tin nhanh nhất nhé!  #VPBank #Flagshipdautien #Hokusai    Comment: Triển lãm sẽ đón tiếp khách xuyên suốt từ thứ 2 – chủ nhật, gồm 6 ca/ngày. Khách hàng lưu ý KHÔNG đến trễ quá 30 phút ca đăng ký để không bỏ lỡ bất kỳ điều tuyệt vời nào tại triển lãm nhé!  🕙 Ca 1: 10h00 - 11h30  🕜 Ca 2: 13h30 - 15h00  🕒 Ca 3: 15h00 - 16h30  🕟 Ca 4: 16h30 - 18h00  🕕 Ca 5: 18h00 - 19h30  🕢 Ca 6: 19h30 - 21h00" https://drive.google.com/drive/folders/1Bp4DAaraf7fz4SuIY40WUiFcWwSdNG6B?usp=drive_link	''	''	https://flagship.vpbank.com.vn/		Đạt	Duyệt		
2024-08-19	Quảng cáo	Nguyễn Thị Khánh Ly	Minigame: Hit nào cũng biết!  ĐOÁN HIT B.I - NHẬN VÉ QUẨY "CỰC HIGH" TẠI 8WONDER  Các tín đồ của 8WONDER đâu rồi, cho chúng tôi thấy cánh tay sẵn sàng chơi minigame để nhận VÉ FREE đi 8WONDER tháng 9 này nào!!!  Câu hỏi: Đây là hit nào của nam thần KPOP B.I?  🎁 Giải thưởng: 10 VÉ GA3, GA4 (hạng vé đặc biệt, không mở bán) cho 10 bạn may mắn nhất  🔥 Cách chơi cực đơn giản: ✨ Bước 1: Like và follow page 8Wonder, chia sẻ bài đăng này ở chế độ công khai ✨ Bước 2: Comment câu trả lời của bạn kèm 1 số có 3 chữ số từ 100-999 và t.a.g ngay 3 người bạn mong muốn sẽ cùng bạn đến 8WONDER  ⏰Thời gian diễn ra minigame: 19.08 - 25.08.2024 ⏰Thời gian công bố người chiến thắng: 19h ngày 27.08.2024  10 bạn may mắn có câu trả lời đúng và số may mắn trùng với số được BTC lựa chọn ngẫu nhiên sẽ nhận ngay vé GA thẳng tiến 8WONDER. Còn chờ gì mà không trổ tài đoán hit để sở hữu ngay tấm vé siêu xịn này đi gặp idol đi các bạn ơi!!  Lưu ý:  - Mỗi người chỉ được bình luận 1 lần. Bình luận không được phép chỉnh sửa. - Người chơi hợp lệ là người làm đúng và đủ các bước đã nêu trên. - Số ngẫu nhiên sẽ được BTC lựa chọn tại random.org  - Trong trường hợp có tranh cãi phát sinh, quyết định của BTC là quyết định cuối cùng.  #8Wonder #MoonFestival #OceanCity #Hanoi	''	''	https://www.random.org/		Đạt	Duyệt		
2024-08-19	Quảng cáo	Nguyễn Thị Khánh Ly	Minigame: Hit nào cũng biết!  ĐOÁN HIT B.I - NHẬN VÉ QUẨY "CỰC HIGH" TẠI 8WONDERS  Các tín đồ của 8WONDER đâu rồi, cho chúng tôi thấy cánh tay sẵn sàng chơi minigame để nhận VÉ FREE đi 8WONDER tháng 9 này nào!!!  Câu hỏi: Đây là hit nào của nam thần KPOP B.I?  🎁 Giải thưởng: 15 VÉ GA3, GA4 (hạng vé đặc biệt, không mở bán) cho 15 bạn may mắn nhất  🔥 Cách chơi cực đơn giản: ✨ Bước 1: Like và  follow page 8Wonder. ✨Bước 2: Comment câu trả lời của bạn kèm 1 số có 3 chữ số từ 100-999 và t.a.g ngay 3 người bạn mong muốn sẽ cùng bạn đến 8WONDER  15 Bạn may mắn có câu trả lời đúng và số may mắn trùng với số được BTC lựa chọn ngẫu nhiên sẽ nhận ngay vé GA thẳng tiến 8WONDER. Còn chờ gì mà không trổ tài đoán hit để sở hữu ngay tấm vé siêu xịn này đi gặp idol đi các bạn ơi!!  Lưu ý:  - Mỗi người chỉ được bình luận 1 lần. Bình luận không được phép chỉnh sửa. - Người chơi hợp lệ là người làm đúng và đủ các bước đã nêu trên. - Số ngẫu nhiên sẽ được BTC lựa chọn tại random.org  - Trong trường hợp có tranh cãi phát sinh, quyết định của BTC là quyết định cuối cùng.  #8Wonder #MoonFestival #OceanCity #Hanoi	'455205822_474962068776300_4172700771174763355_n_8590581197621537.png'	''			Đạt	Duyệt		
2024-08-19	Quảng cáo	Nguyễn Thị Khánh Ly	check lại giúp c với: https://docs.google.com/presentation/d/1GHBSBrKIrvc0KCMLrwlsKVpxzZrpuTXgVFsuLksB_5Q/edit?fbclid=IwY2xjawEvn7ZleHRuA2FlbQIxMAABHQrysgDCwTaTPnjEnhuZ4Ncmfe09_zeVh3sFTOwWScqgXvsb9cjtQ6amTA_aem_lNsKpfQt88S1DVAUU74eeg#slide=id.g2f34ab1b51e_0_10	''	''	https://docs.google.com/presentation/d/1GHBSBrKIrvc0KCMLrwlsKVpxzZrpuTXgVFsuLksB_5Q/edit?fbclid=IwY2xjawEvn7ZleHRuA2FlbQIxMAABHQrysgDCwTaTPnjEnhuZ4Ncmfe09_zeVh3sFTOwWScqgXvsb9cjtQ6amTA_aem_lNsKpfQt88S1DVAUU74eeg#slide=id.g2f34ab1b51e_0_10		Đạt	Duyệt		
2024-08-19	Quảng cáo	Anhduong Bui	TikTok Beatvn: CẢNH BÁO: TRẺ DƯỚI 5 TUỔI BỊ CẬN THỊ NGÀY CÀNG TĂNG VÌ ÁNH SÁNG XANH PHÁT RA TỪ CÁC THIẾT BỊ ĐIỆN THOẠI, TIVI #anhsangxanh  https://drive.google.com/file/d/1BSz0_HfFNXBo2R5SdrWqxxlV1sIaDUVJ/view?usp=sharing	''	''	https://drive.google.com/file/d/1BSz0_HfFNXBo2R5SdrWqxxlV1sIaDUVJ/view?usp=sharing		Đạt	Duyệt		
2024-08-18	Quảng cáo	Bùi Thị Khánh 	KẾT THÚC HÀNH TRÌNH VỚI CON CHỮ, BA MÌNH CHƯA BAO GIỜ NGỪNG YÊU NGHỀ  Chiều nay, trong lúc dọn tủ quần áo, mình phát hiện chiếc áo sơ mi trắng cũ của ba hồi còn làm giáo viên được xếp ngay ngắn trong 1 góc và nằm sâu dưới 5-7 tầng đồ. Mình lôi ra ngắm nghía chiếc áo luôn khiến mình tự hào và cũng chính là thành tựu ba luôn nhắc lại đầy hãnh diện. Nhưng hành trình nào cũng phải kết thúc, ba mình đã về hưu được hơn 3 năm nay.  Ba mình là kiểu người không thích ở một chỗ, nên thời gian đầu nghỉ hưu, sáng sớm thích dậy đi bộ, rồi tỉa tót cây cối, quét nhà, đi ra đi vào… Mình bảo hay là ba về trông cháu đi, cho vui vẻ thì ba mình kêu “việc gì bố phải làm cho mày, mày tự lo đi haha. Ba ra ngoài tìm gì làm cho vui với được nói chuyện với mọi người”.  Một ngày đẹp trời, ba về nhà kêu “ba mày đi chạy Grab đây”, mình thì phản đối vì chỉ thích ba ở nhà thôi, ba mình thì cười hề hề, bảo là “body” còn ngon, tinh thần còn trẻ trung, rồi chiếc xe AB chục năm chăm chút còn mới toanh, thì cớ gì ở nhà. Mẹ mình thì cũng vui vẻ, kêu ba muốn làm gì thì làm đó. Thế là ba bắt đầu hành trình mới.  Có một hôm về nhà, ba vui sướng kể lại là gặp trúng cậu học sinh ngày xưa ba dạy, giờ đi làm công ty xịn sò mặc áo sơ mi quần âu đóng thùng nhìn đẹp lắm. “Thằng nhóc đó xưa nghịch ngợm, chuyên gia đi cắt dép của bạn xong còn làm mấy trò trêu ba buồn cười lắm. Vậy mà giờ đã lớn, nói năng trưởng thành, còn ố á khi gặp ba vì ngạc nhiên, còn nói cảm ơn ba nữa vì đã đồng hành cùng nó khi nó là thằng nhóc cho đến khi nó trưởng thành nó không nghĩ vẫn có người thầy đi cùng.” - Ba kể trong niềm hân hoan khiến cả nhà mình vui lây mọi người ạ.  Thôi, mình cũng chả phản đối nữa, tinh thần yêu nghề của ba cháy phừng phực vậy mà, miễn là ba vui thì cái gì mình cũng ủng hộ do mình chẳng mong gì hơn là ba vui vẻ, khỏe mạnh. - Chia sẻ từ bạn Hoàng Nhung  >> link ảnh: https://static.cand.com.vn/Files/Image/thanhhuyen/2020/12/08/thumb_660_45242219-2a2a-411b-89a8-7b5f6a8c081c.jpg	''	''	https://static.cand.com.vn/Files/Image/thanhhuyen/2020/12/08/thumb_660_45242219-2a2a-411b-89a8-7b5f6a8c081c.jpg		Bách	Duyệt		
2024-08-18	Quảng cáo	Bùi Thị Khánh 	NHẠY CẢM THÌ TỐT, MÀ NHẠY CẢM QUÁ SUÝT KHIẾN VỢ CHỒNG MÌNH CHIA TAY ...  Facebook nhắc lại kỉ niệm cũ, mình mới nhận ra đã 3-4 năm kể từ ngày vợ chồng mình cãi nhau to vì tính nhạy cảm của bản thân.   Đợt đó mới dịch xong, dù tình hình đã ổn hơn nhưng mình cứ kiên quyết không cho ông đi làm. Chồng mình cũng ậm ừ cho qua thế nên dù lúc đó nhiều thời gian ở cạnh nhau hơn nhưng mình cứ cảm thấy mất kết nối với chồng sao sao ấy, chồng mình suốt ngày cầm điện thoại lúi húi. Mà bình thường khi chạy Grab thì ổng vẫn tranh thủ về nhà ăn cơm vợ nấu nhưng đợt đó ổng thường xuyên không ăn cơm ở nhà. Mình mà muốn nói chuyện thì chồng mình lại an ủi là "Em đừng nghĩ nhiều, không có chuyện gì đâu" càng khiến mình thấy không yên tâm hơn.  Xong mọi người biết gì không, tự dưng bạn mình gửi cho link bài báo, mới thấy mặt ông chồng mình chềnh ềnh trên đó cùng mấy anh em. Lúc đó mình mới biết, chồng mình sợ mình lo nên đã giấu mình xung phong GrabCar Y tế để chở miễn phí nhân viên y tế và bệnh nhân COVID-19 đã khỏi bệnh từ bệnh viện về nhà. Mình thót tim luôn. Chồng mình lúc đó mới giải thích rằng, ổng có sức khoẻ, có xe nên thành ra nóng lòng, đứng ngồi không yên nên dù muốn ăn cơm vợ nấu nhưng ổng vẫn quyết tâm giúp đời, giúp người.   Lúc nghe chồng tâm sự xong, nói thật là mình thấy tự hào hơn là giận ổng. Nhìn chồng vui vẻ kể lại là anh em giúp đỡ nhau như thế nào, nhìn cảnh gia đình người ta đoàn tụ ra sao, càng tiếp cho ổng thêm sức mạnh để làm nhiều việc tốt hơn nữa. Mình thì ngay lúc đó chỉ thấy đúng một điều thôi: "Mình thực sự đã tìm đúng chồng cho bản thân và tìm đúng cha cho con mình rồi".  May mà lúc đó mình đọc được bài báo sớm không là mình bù lu bù loa lên rồi, hoá ra nhiều khi giác quan của phụ nữ cũng không chuẩn lắm nhỉ haha.  >> link ảnh: https://cdnmedia.baotintuc.vn/Upload/cVJiASFv9S8nriO7eNwA/files/2021/08/19-8/GrabCar.jpg	''	''	https://cdnmedia.baotintuc.vn/Upload/cVJiASFv9S8nriO7eNwA/files/2021/08/19-8/GrabCar.jpg		Bách	Duyệt		
2024-08-18	Quảng cáo	Anhduong Bui	có rồi nha em ơi zz	''	''			Đạt	Duyệt		
2024-08-18	Quảng cáo	Anhduong Bui	TikTok Beatvn: Ánh sáng xanh nguy hiểm đến thế nào bố mẹ đã biết chưa? #anhsangxanh  https://drive.google.com/file/d/1j1IFqWaOBxLbKF4b-DVPfgNL8r9D1Ylv/view?usp=drive_link	''	''	https://drive.google.com/file/d/1j1IFqWaOBxLbKF4b-DVPfgNL8r9D1Ylv/view?usp=drive_link		Đạt	Duyệt		
2024-08-18	Quảng cáo	Bùi Thị Khánh 	Beat:  🔥GIAO TRANH ĐỈNH NÓC KỊCH TRẦN - hơn 100.000 lượt xem - 2000 khán giả trực tiếp Tối nay chị em nhắn tin mà thấy aiu rep chậm thì lý do là vì đây, traffic các anh tài đổ hết vào chung kết VCS summer 2024 chứ còn đâu nữa. Ae fan đội nào điểm danh để Beat xem tương quan lực lượng còn biết chọn phe nào 🤣 chứ ngồi nhà thi đấu fan 2 đội gank nhau quá chời. VCS năm nay được FPT tài trợ hạ tầng mạng phải nói quá ổn, xem đã con mắt gì đâu, liền tù tì mấy tiếng rồi cũng không thấy gớt miếng nào. Trong lúc chờ vào xem thi đấu t cũng test nhanh mạng ở quầy fpt, lên kèo sola yasuo thấy căng đét, rất là ô kê la. Được mấy ac giới thiệu gói F-Game chuyên cho game, ai chà chà ưng cái bụng nha, quả này xuống tiền liền. #FPTTelecom #InternetFPT #VCS  https://drive.google.com/drive/folders/1ljCD8nq91aQ_IbMIjv294I-nuPH8xlBm?usp=sharing	''	''	https://drive.google.com/drive/folders/1ljCD8nq91aQ_IbMIjv294I-nuPH8xlBm?usp=sharing		Đạt	Duyệt		
2024-08-18	Quảng cáo	Anhduong Bui	TikTok Hello Việt Nam  Caption: Tác hại đáng báo động của ánh sáng xanh đến mắt con trẻ #anhsangxanh  Video: https://drive.google.com/file/d/1QF35X436T9Z_IObT7pTLymKUfT6L_brs/view?usp=sharing	''	''	https://drive.google.com/file/d/1QF35X436T9Z_IObT7pTLymKUfT6L_brs/view?usp=sharing		Đạt	Duyệt		
2024-08-18	Quảng cáo	Anhduong Bui	TikTok Kiến Không Ngủ  Caption: Sự thật ít ai biết về ánh sáng xanh: nguyên nhân gây cận thị hoặc mất thị lực ở trẻ #anhsangxanh  Video: https://drive.google.com/file/d/1tDaWaEV4VBX8BIdcdUV-JdSfOjAtDhj1/view?usp=drive_link	''	''	https://drive.google.com/file/d/1tDaWaEV4VBX8BIdcdUV-JdSfOjAtDhj1/view?usp=drive_link		Đạt	Duyệt		
2024-08-18	Quảng cáo	Lương Phương Thảo	2. Sài Gòn Nghen: Air video 30s: https://drive.google.com/file/d/1-mxnsvyGDc1okcDvWZSn8092_3nt6Jjl/view?usp=drivesdk  Caption: BỞI VÌ CÓ MẸ, BỮA ĂN NÀO CŨNG LÀ NGON NHẤT 💖💐  Mỗi mua lễ Vu Lan là chúng ta lại được xem nhiều hình ảnh, câu chuyện cảm động về cha mẹ. Trong đó, Lotteria cũng vừa tung Viral Clip về mẹ khá ấn tượng với thông điệp ý nghĩa: Thấu hiểu từng phút để đặc biệt từng giây 💕  Xem xong chợt nhận ra rằng, hóa ra dù bận rộn hay mỏi mệt đến đâu, mẹ vẫn vun vén, chu toàn những bữa cơm thật ngon cho gia đình. Nhưng...chưa bao giờ mẹ kể cũng như con chưa từng thấu hiểu hết…  💝 Thi thoảng, mẹ cũng cần được nghỉ ngơi, vì thế hãy tặng mẹ món quà nhỏ như một bữa ăn ngon để mẹ được xả hơi sau những ngày vất vả nhé!   👉Đặc biệt, Lotteria cũng dành tặng thật nhiều món quà đặc biệt cho các Mẹ, mấy bồ đừng bỏ lỡ cơ hội này nhaa 💓 Link Minigame ngay phía dưới lun nèee  Comment: 💯Đừng bỏ lỡ Viral Clip ấm áp mùa Vu Lan này của Lotteria để cùng thấu hiểu, lắng nghe câu chuyện hàng ngày mẹ chưa thể kể hết nha https://youtu.be/hFIV8p6-lQI Và mang quà về cho mẹ ngay tại Fanpage Lotteria https://www.facebook.com/photo?fbid=900270628796933	''	''	https://drive.google.com/file/d/1-mxnsvyGDc1okcDvWZSn8092_3nt6Jjl/view?usp=drivesdk		Bách	Duyệt		
2024-08-18	Quảng cáo	Lương Phương Thảo	1. Beatnow: Air video 15s: https://drive.google.com/file/d/1s6f4xwXFN24hnOeMPKaNg9pKvCHYZVNJ/view?usp=drivesdk  Caption: 📚 “TỪ ĐIỂN” CỦA MẸ VÀ NHỮNG ĐIỀU CHƯA NÓI 📚  🥰Mỗi ngày dù tất bật với công việc, mẹ đều chuẩn bị bữa ăn đầy đủ cho cả nhà Có mẹ, mọi thứ trong gia đình đều tươm tất, đủ đầy..  💥Đã bao giờ mí bồ tự hỏi, có điều gì mẹ luôn giữ kín trong lòng mà chưa thể nói ra...Chắc hẳn là có, nhưng vì chất chứa thật nhiều lý do, nên chưa bao giờ Mẹ kể.   💘 Thấu hiểu điều đó, Lotteria đã “on air” Viral Clip cực ý nghĩa về Mẹ - để mỗi chúng ta thêm yêu và trân quý từng phút giây ĐẶC BIỆT bên Mẹ   Ghé ngay Youtube ""Bản tin Lotteria"" hoặc Fanpage Lotteria để xem bản full HD và đừng quên tham gia minigame để rinh quà về tặng Mẹ nhaa   Comment: 💥 Xem full "từ điển" của mẹ tại đây https://youtu.be/hFIV8p6-lQI rồi zô Fanpage Lotteria lụm quà lẹ nhaaa https://www.facebook.com/photo?fbid=900270628796933	''	''	https://drive.google.com/file/d/1s6f4xwXFN24hnOeMPKaNg9pKvCHYZVNJ/view?usp=drivesdk		Bách	Duyệt		
2024-08-18	Quảng cáo	Lưu Minh Quang	Link: https://docs.google.com/document/d/1-UN3grm0TEcRoacHGszQw5CceHhGwT2erA57oWzCcg0/edit   Kênh: Cao Thủ https://www.facebook.com/caothuvn	''	''	https://docs.google.com/document/d/1-UN3grm0TEcRoacHGszQw5CceHhGwT2erA57oWzCcg0/edit		Bách	Duyệt		
2024-08-18	Quảng cáo	Lưu Minh Quang	Cmt: 👉  50 voucher giảm 30,000đ cho đơn từ 61,000đ 👉 Ưu đãi giảm tối đa 200,000đ Không tin vào đây lấy mã nha: https://km.zalopay.vn/TSui/freeshiptiktokshop	''	''	https://id.zalo.me/account/login?continue=https%3A%2F%2Foauth.zaloapp.com%2Fv4%2Fpermission%3Fapp_id%3D19240466928203470%26redirect_uri%3Dhttps%253A%252F%252Fsocial.zalopay.vn%252Flogin-gateway%252Fcallback%26scope%3Daccess_profile%252Caccess_friends_list%252Csend_msg%26state%3DGt51N3j9dNvZLjzoPhRb3d96BWmzMV72xj4DaNMPwfcrw89kVHKSKMJwVSRsQYz8w38RmKy7mzuJpwLV6jLP69evTH8VAskQjJMdjmnpN8yLf4L6zAY9RX4vWoz1rzi6xK2vxwxoXTfEcM946YE3tNvPASFRmNwdG1qjdU96DyS2bgCQ7sP56VMdGhcHCQioAZ4xKWu6r2mxpFCQ7iQe5mypG3wXZgPcYURADeGVwhCoYr53QWoKGL5HEM99SL5XYghZx3c1fTc9bSfA3zsQJPbqetYHS58aNjd39zqyWj9mpCHMMnf8E76tWXsj5BmSrhNY8MQeU1hbYwmbuDqYgr8Rq8KW9BghbsosFUM8A8bpqogXYi9hBhLQUXyBW34B9		Bách	Duyệt		
2024-08-18	Quảng cáo	Bùi Thị Khánh 	https://drive.google.com/drive/folders/1kzos-S5Rrp6BXdrY_GiXdnzisHD66Pvd	''	''	https://drive.google.com/drive/folders/1kzos-S5Rrp6BXdrY_GiXdnzisHD66Pvd		Bách	Duyệt		
2024-08-18	Quảng cáo	Bùi Thị Khánh 	Ở Sài Gòn, đi toilet cũng phải ngắm view đẹp⛅️🍁  Nói không ngoa chứ Sài Gòn chỗ nào cũng đẹp, cũng làm mê lòng người. Ai muốn vừa đi toilet vừa được ngắm cảnh sông Sài Gòn lúc hoàng hôn thì cuối tuần này ghé thử lễ hội toilet siêu chanh sả ở Công viên Thủ Đức ngay nha!  🏣Địa điểm: Từ ngày 16 đến hết ngày 18/8/2024 tại Công viên Thành phố Thủ Đức, quận 2  #NVSSiêuChanhSả #VimTrắngSáng #ToiletSángSạchThơm	''	''			Bách	Duyệt		
2024-08-17	Quảng cáo	Nguyễn Thị Khánh Ly	CƠ HỘI NHẬN VÉ 8WONDER FREE CHO HỘI VIÊN VINCLUB!  Số lượng có hạn, chỉ duy nhất 25 cặp vé trị giá 4.000.000 đồng/ cặp đến từ Siêu nhạc hội 8WONDER Moon Festival sẽ dành tặng cho thành viên Platinum và Diamond của VinClub có bài chia sẻ ấn tượng nhất khi tham gia Minigame "Trải nghiệm tinh hoa”.  Chỉ cần chia sẻ trải nghiệm đỉnh cao của bạn về hệ sinh thái Vingroup lên Facebook cùng hashtag yêu cầu là đã nắm trong tay cơ hội đến Ocean City gặp NE-YO, B.I và dàn sao V-Pop hot hít rùi =))))  Muốn trẩy hội 8Wonder free thì chơi ngay kẻo phí nha các hội viên VinClub ơi,check ngay dưới còm men nè!  #VinClub #Diamond #Platinum #8wonder #Trainghiemtinhhoa	'453183905_489894346980028_620928205045940354_n_1450227169014867.png'	''			Đạt	Duyệt		
2024-08-17	Quảng cáo	Nguyễn Thị Khánh Ly		'454152256_862638282063521_2973277274144615306_n_428746836204933.png'	''			Đạt	Duyệt		
2024-08-17	Quảng cáo	Nguyễn Thị Khánh Ly	Kênh ngoài:  NGƯỜI TA TRANH NHAU MUA VÉ, TÔI THÌ 3 BƯỚC CHƠI MINIGAME ĐỂ NHẬN VÉ FREE 🤣🤣🤣  Tình hình săn vé 8WONDER Moon Festival của các bồ thế nào rồi :3 đã yên ấm chỗ chưa hay vẫn đang loay hoay tìm mình 1 slot ngoan xinh yêu để đu idol =)) Vừa hay đang có minigame cực dễ “trải nghiệm tinh hoa” để có cơ hội nhận 25 cặp vé trị giá 4.000.000 đồng/cặp cho mọi người đây :p  Cao thủ không bằng tranh thủ. Upgrade cho mình lên ngay thành viên đạt hạng Platinum và Diamond của VinClub, rồi tham gia Minigame "Trải nghiệm tinh hoa” trên Facebook.....viết bài chia sẻ sao cho ấn tượng đỉnh nóc, kịch trần vào =)) là kiểu gì vé ngon, chỗ đẹp cũng về tayyyyyyy  Nhanh lên nhé vì minigame hết ngày 19/8 thôi.. NE-YO, B.I, HIEUTHUHAI, Chi Pu ơi đợi tiiiiiiiiiiiiiiii tui tới đâyyyyyyyyyyyyyyy 🫡	''	''			Đạt	Duyệt		
2024-08-17	Quảng cáo	Nguyễn Thị Khánh Ly	Comment:  Cách thức tham gia:  + Bước 1: Thành viên đăng tải hình ảnh/video hoặc nội dung truyền tải thông điệp tích cực về trải nghiệm sản phẩm dịch vụ của các công ty thành viên và đối tác trong Hệ sinh thái (bao gồm VinFast, Vinhomes, Vinpearl, Vinmec, Vinschool, Xanh SM) lên Mạng xã hội Facebook ở chế độ công khai, kèm hashtag #VinClub #Diamond #Platinum #8wonder #Trainghiemtinhhoa + Bước 2: Thành viên dự thi minigame bằng cách điền link bài post của mình tới VinClub để ghi nhận bài dự thi hợp lệ tại đây: https://forms.gle/gSpkU3WmrTCpid7g7 + Bước 3: 25 thành viên có bài dự thi hợp lệ và nhận được nhiều lượt tương tác tính đến hết ngày 19/8/2024 sẽ nhận được cặp vé tham dự Siêu nhạc hội 8Wonder.  Xem chi tiết minigame tại đây: https://short.com.vn/pVH3. Kết quả chương trình minigame sẽ được công bố ngày 20/8/2024 trên Fanpage VinClub.	''	''	https://docs.google.com/forms/d/e/1FAIpQLSea9KTRZFgjppxV_c9WJ_GGNqZOm3rQrWT-Gu6fse5BNSrVHg/viewform?usp=embed_facebook		Đạt	Duyệt		
2024-08-17	Quảng cáo	Nguyễn Thị Khánh Ly	Kênh ngoài:  BÍ KÍP NHẬN VÉ ĐẾN SIÊU NHẠC HỘI 8WONDER FREE !!! 😳🔥  Thời tới thời tới các bà ơi. 25 cặp vé trị giá 4.000.000 đồng/cặp đến từ Siêu nhạc hội hot nhất lúc này 8WONDER Moon Festival sẽ dành tặng cho thành viên Platinum và Diamond của VinClub có bài chia sẻ ấn tượng nhất khi tham gia Minigame "Trải nghiệm tinh hoa” trên Facebook.  Tầm này mà ko tham gia ngay để 7/9 tới đu NE-YO, B.I, Chi Pu, HIEUTHUHAI..... thì còn đợi lúc nào nữa 😛 thời gian mini game từ nay tới hết 19/8 thôi nên nhanh nhanh trở thành thành viên đạt hạng Platinum và Diamond của VinClub để chơi đi nhé 😗	'454119111_1581908156002876_44049300928253023_n_1196881568291874.png'	''			Đạt	Duyệt		
2024-08-17	Quảng cáo	Bùi Thị Khánh 	https://drive.google.com/file/d/1-GxgP5O8RfpC0ImnunLYRhgn8pP8yIem/view?usp=sharing	''	''	https://drive.google.com/file/d/1-GxgP5O8RfpC0ImnunLYRhgn8pP8yIem/view?usp=sharing		Đạt	Duyệt		
2024-08-17	Quảng cáo	Bùi Thị Khánh 	Chuyện của Hà Nội  Các bác đã sẵn sàng sải bước tới phiên bản vượt trội chưa? Hẹn cùng các đồng run chạy qua những danh lam thắng cảnh của Thủ đô vào mùa thu tại Giải Marathon Quốc tế Hà Nội Techcombank Mùa thứ 3 vào 15/09/2024 này nhé 😎  #Techcombank #BeGreater #VuotTroiHonMoiNgay #TechcombankMarathon #BuocChayViMotVietNamVuotTroi  Nguồn video: Techcombank Việt Nam	''	''			Đạt	Duyệt		
2024-08-17	Quảng cáo	Anhduong Bui	Beatvn Viral World: Caption: Ánh sáng xanh gây ra tình trạng cận thị đáng báo động ở trẻ em #anhsangxanh  Video: https://drive.google.com/file/d/1PLsqI2Qw__B-1jdeaDU1LfkiNskpQW5d/view?usp=sharing	''	''	https://drive.google.com/file/d/1PLsqI2Qw__B-1jdeaDU1LfkiNskpQW5d/view?usp=sharing		Bách	Duyệt		
2024-08-17	Quảng cáo	Anhduong Bui	BeatNow: Caption: 80-90% trẻ em thành thị có thể bị cận thị vào năm 2050, nguyên nhân chính là ánh sáng xanh #anhsangxanh  Video: https://drive.google.com/file/d/1OQJwPvDP2C6LysoKlJaCx9AeAaPhfYKg/view?usp=sharing	''	''	https://drive.google.com/file/d/1OQJwPvDP2C6LysoKlJaCx9AeAaPhfYKg/view?usp=sharing		Bách	Duyệt		
2024-08-17	Quảng cáo	Lương Phương Thảo	tt beatvn  Caption: Nghe nhạc thấy hoài niệm quáa   https://drive.google.com/file/d/11Z5l-fNj5pPkOx1uU1u-0jMU-i0JaiM6/view?usp=sharing	''	''	https://drive.google.com/file/d/11Z5l-fNj5pPkOx1uU1u-0jMU-i0JaiM6/view?usp=sharing		Bách	Duyệt		
2024-08-17	Quảng cáo	Lương Phương Thảo	tt showbeat  https://drive.google.com/file/d/1Cxet_0PQBRx2imJx8O_dCXAEw3WbbPqP/view?usp=sharing  Cap: Nghe nhạc mà sởn hết da gà lunnnnn 🥹🥹🥹	''	''	https://drive.google.com/file/d/1Cxet_0PQBRx2imJx8O_dCXAEw3WbbPqP/view?usp=sharing		Bách	Duyệt		
2024-08-17	Quảng cáo	Lương Phương Thảo	HUYỀN THOẠI R&B NE-YO, NGƯỜI SẮP ĐẾN VIỆT NAM BIỂU DIỄN LÀ AI?  Ngay khi line up của 8WONDER MOON FESTIVAL được công bố, rất nhiều anh em đã chú ý đến cái tên Ne-Yo và tự hỏi ông anh này có gì mà khủng dị?   Ne-Yo là nghệ danh của Shaffer Chimere Smith, một nghệ sĩ đa năng hoạt động nổi bật trong ngành âm nhạc, điện ảnh Mỹ đầu thế kỷ 21.  Anh được mệnh danh là một trong những nhạc sĩ hàng đầu thập niên 2000, đứng sau nhiều bản hit nổi tiếng lúc bấy giờ như So sick, Sexy love, Because of you...Ông anh cũng thu về 16 đề cử Grammy danh giá, ẵm 3 giải trong số đó, đứng ngang hàng với các nghệ sĩ tiêu biểu như Mariah Carey, Chris Brown, Usher...  Profile nó cứ phải gọi là đỉnh chóp không cần bàn! Anh em còn chờ gì mà không làm đôi con vé đi nghe huyền thoại R&B Ne-Yo tại 8Wonder Moon Festival đi nhỉ! Vé đã mở bán! Mời anh em lẹ tay!  Comment:   Nhanh tay săn vé thôi các anh chị em ơi  👌 MỞ BÁN TỪ 16/8 LÚC 20:00 tại website VinWonders.com và mobile app VinWonders.	'453644429_400343889350331_5148300722877717704_n_1289251768711625.png'	''	https://vinwonders.com/vi/		Bách	Duyệt		
2024-08-17	Quảng cáo	Nguyễn Thị Khánh Ly	Caption: "LÀM CON CHA MẸ" KHÔNG KHÓ, QUAN TRỌNG LÀ PHẢI CÓ BÀI !!!  Tầm này để "Làm con cha mẹ" xịn xò, Gen Z nào cũng phải có bài, có bí kíp cả!!   Nếu như người thường gọi điên hỏi thăm ba mẹ thì Tín Nguyễn chọc ghẹo để biết ba mình phổi vẫn khỏe, trí nhớ vẫn dai. Người thường gọi video call, thì TikToker gắn hẳn camera bằng cơm tại nhà, ba mẹ mà lười quá thì xuất chiêu "dụ" ba mẹ đi spa "made by me"...Cả Tín Nguyễn hay Chi và Thảo của gia đình PTTC đều cố gắng thử đủ thứ để khiến ba mẹ vui vẻ và tận hưởng cuộc sống khoẻ mạnh mỗi ngày!! Và điểm chung của cả 2 đều là có bí kíp cực xịn mang tên Varna Colostrum với thành phần sữa non Immunel từ Nutifood Thụy Điển hỗ trợ tăng đề kháng nhanh cho người lớn, bên cạnh đó còn hỗ trợ tốt cho hệ tim mạch, tiêu hoá,  cơ và xương nữa!!  Xem cách Tín Nguyễn và Gia đình PTTC chăm sóc lại sức đề kháng cho cha mẹ bằng những thứ "nhỏ nhưng có võ" để ba mẹ luôn khoẻ, nhà mình luôn vui nè!!  #VarnaColostrum #MotChutDeTam #MoiNgayDeKhangKhoe  Comment: 1st Comment: Hội chăm ba mẹ từ xa học ngay bí quyết Varna Colostrum tăng sức đề kháng nhanh: https://vt.tiktok.com/ZSYn8UuKj/và https://vt.tiktok.com/ZSYn8MR6A/   2nd Comment: Hội chăm ba mẹ từ xa học ngay bí quyết Varna Colostrum tăng sức đề kháng nhanh nè!! Mua ngay làm quà mùa Vu Lan báo hiếu thôi các bạn ơi https://nutifoodshop.com/landing-page/varna	'449813236_805597188350461_7572769593101255691_n_1184145462704599.jpg'	''			Đạt	Duyệt		
2024-08-17	Quảng cáo	Nguyễn Thị Khánh Ly	Kênh ngoài:  Caption: Nhờ tài nấu ăn mà giờ sức khoẻ mẹ mình giờ trộm vía lắm luôn 😎  Hôm đó mẹ mệt, đứng nấu cháo một hồi lâu là chóng mặt...nên có dừng tay một chút rồi lỡ quên rồi khê cả nồi lunnn  Nồi cháo khê làm cả nhà phải đi ăn ngoài một bữa, nhưng cũng nhờ nồi cháo đó mà mình biết rõ đề kháng của mẹ đã yếu đi, không còn tốt như mấy năm trước nữa. Thực ra, sức khỏe của ba mẹ chúng mình dễ quan sát lắm. Chỉ cần để ý các hoạt động hàng ngày mà ba mẹ hay làm, như dọn nhà, nấu cơm, đi chợ….là được. Đôi khi có những thay đổi nhỏ, mà nếu mình để tâm hơn, thì sức khoẻ ba mẹ sẽ dễ dàng được cải thiện lắm.  Sau đó mình tìm mua sữa non để cải thiện sức đề kháng cho cả ba và mẹ luôn. Đến giờ, mẹ ngày càng khỏe, nấu càng ngon  Mọi người ơi, nếu ai mà thấy ba mẹ mình đang có dấu hiệu không ổn về sức khỏe, đề kháng thì có thể mua sữa có thành phần sữa non cho ba mẹ uống 2 hộp mỗi ngày cũng được, có tác dụng lắm, để ba mẹ hồi sức nhanh hơn á.  #VarnaColostrum #MotChutDeTam #MoiNgayDeKhangKhoe   Comment: 1st Comment kèm hình KOL HAT cắt từ clip: Ba mẹ bạn có câu chuyện dễ thương nào về sức khoẻ không, kể chúng mình nghe với.  À “chú Tuấn” mà mình kể trong bài là đây nha, xem chú thấy gần gũi ghê https://www.facebook.com/share/v/1uqQG6x2CAXVxT2p/?  2nd Comment: Này bạn, nói lời yêu mẹ bằng cả lời nói lẫn hành động nhé https://nutifoodshop.com/landing-page/varna	'448938079_1575474943035592_6786603398127476053_n_1568884987056945.jpg'	''			Đạt	Duyệt		
2024-08-17	Quảng cáo	Bùi Thị Khánh 	Beatvn  22/08 20:00  TỰA GAME BORDERLANDS CHÍNH THỨC ĐƯỢC CHUYỂN THỂ THÀNH PHIM "BORDERLANDS: TRỞ LẠI PANDORA"  Wow wow wow, cuối cùng tựa game nhập vai bắn súng nổi tiếng Borderlands cũng được đưa lên màn ảnh rộng với tên gọi “Borderlands: Trở Lại Pandora”. Anh em sẽ được gặp lại các nhân vật quen thuộc Lilith, Roland, Tiny Tina, Tina Krieg, Tannis, Claptrap…và những địa điểm mang tính biểu tượng từ trò chơi điện tử này.  Đặc biệt dàn diễn viên siêu hạng “bảo chứng uy tín” cho bộ phim: Sugar mommy Cate Blanchett, nghệ sĩ “nhìn là thấy hài” Kevin Hart, diễn viên tuổi teen Ariana Greenblatt, cựu võ sĩ Florian Munteanu và chủ nhân tượng vàng Oscar Jamie Lee Curtis…sẽ mang đến những pha hành động mãn nhãn xen lẫn những câu chuyện hài hước, lầy lội từ biệt đội “báo” này.  Borderlands: Trở Lại Pandora khởi chiếu ngày 23.08 và dù bạn đã từng biết đến tựa game này hay chưa thì với độ "quậy" và điên, ai cũng có thể thưởng thức.  #Borderlands  https://drive.google.com/file/d/13mkuLsCg1jigYq54B0GmGHmO8hcFRiG3/view?usp=drivesdk	''	''	https://drive.google.com/file/d/13mkuLsCg1jigYq54B0GmGHmO8hcFRiG3/view?usp=drivesdk		Đạt	Duyệt		
2024-08-17	Quảng cáo	Bùi Thị Khánh 	Cao Thủ  21/08 19:00  TỪ GAME CHUYỂN THỂ THÀNH PHIM, SIÊU PHẨM BORDERLANDS: TRỞ LẠI PANDORA ĐƯỢC ANH EM MONG CHỜ HƠN BAO GIỜ HẾT  Được đánh giá cao về mặt trải nghiệm, hình ảnh và tính hài hước, Borderlands là tựa game nổi tiếng đã bán được hơn 77 triệu bản và mang về hơn 1 tỷ đô la doanh thu cho nhà phát triển Gearbox.  Và không để anh em chờ lâu, nay game chính thức chuyển thể thành phim cực cuốn rồi đây!!! Siêu phẩm theo chân Lilith (Cate Blanchett) trên hành trình săn kho báu đầy máu lửa, nhưng không kém phần dở khóc dở cười với sự tham gia của biệt đội "làm thì ít mà báo thì nhiều" 😆  Tôn trọng phần lớn chất liệu từ trò chơi gốc với phần tạo hình thú vị, màu sắc rực rỡ và lời thoại có phần "lầy lội", trải nghiệm game yêu thích trên màn ảnh rộng chắc chắc sẽ rất phê, anh em chớ bỏ qua 🔥  Borderlands: Trở lại Pandora, khởi chiếu 23.08.2024 #Borderlands  https://drive.google.com/file/d/15dbFO58Mnsj3UBBVQ-VSxHh9U8AoLy2N/view?usp=drive_link	''	''	https://drive.google.com/file/d/15dbFO58Mnsj3UBBVQ-VSxHh9U8AoLy2N/view?usp=drive_link		Đạt	Duyệt		
2024-08-17	Quảng cáo	Nguyễn Thị Khánh Ly	https://drive.google.com/file/d/1UU7v2yN5M3UKNdr9FNQ349gU9Tvk_2_f/view?usp=sharing	''	''	https://drive.google.com/file/d/1UU7v2yN5M3UKNdr9FNQ349gU9Tvk_2_f/view?usp=sharing		Đạt	Duyệt		
2024-08-17	Quảng cáo	Nguyễn Thị Khánh Ly	CŨNG LÀ BỎ PHỐ VỀ QUÊ, MÀ QUÊ NÀY LẠ LẮM!!!   Quê kiểu này khéo còn xịn hơn tôi ở thành phố nhà đi thuê, sáng hàng xóm quạt thịt, chiều nghe cải lương, anh em công nhận không? Cứ xem thì biết.   * Comment - chọn 1 trong các cmt dưới  - Vâng, sống ở quê, nhưng ở nhà Vinhomes thì quê này ai chả muốn  - Quê hơn phố là có thật  - Không nói thì tôi cũng k biết là ở Thanh Hoá đâu, nhìn xịn hơn ối khu ở Hà Nội - Thế này thì về quê sống vẫn okelah, đủ tiện ích, con cái đi học khám bệnh vẫn có đủ	''	''			Đạt	Duyệt		
2024-08-16	Quảng cáo	Nguyễn Thị Khánh Ly	Kênh ngoài tiktok:  VIEW LÊN CAO NGẤT, VƯỢT CẢ CỘT MỐC CỦA NHIỆM VỤ ĐẦU TIÊN, SKY NHẬN QUÀ THÚ VỊ TỪ SƠN TÙNG M-TP & PONNIE  Quá nhanh khi bài hát “Hơn cả số 1” mới nhất của Sơn Tùng M-TP kết hợp cùng Ponnie đã vượt mốc 777.777 views. Không biết các bạn Sky đã replay bao nhiêu lần nhưng phần quà đầu tiên của chuỗi nhiệm vụ này đã được Ponnie tung ra rồi đây! 1 bộ sticker siêu chất và độc quyền có mặt của anh Đại sứ cho tổ đội Sky đi chat chít, comment siêu vui khắp nơi.  Nhanh tay download bộ sticker chất cute hột me này về để sử dụng và tiếp tục ủng hộ “Hơn cả số 1” vì còn 2 cột mốc ở phía trước nữa đó nha!	''	''			Bách	Duyệt		
2024-08-16	Quảng cáo	Lưu Minh Quang	https://drive.google.com/file/d/1ImVPYlpEzsJLzxCAp6-Y6azej4N1s9Wj/view?usp=sharing	''	''	https://drive.google.com/file/d/1ImVPYlpEzsJLzxCAp6-Y6azej4N1s9Wj/view?usp=sharing		Bách	Duyệt		
2024-08-16	Quảng cáo	Lưu Minh Quang	Caption:  Quyền Leo muốn tặng chiếc ô tô 400 triệu mà sao đầy kiếp nạn... Cuối cùng là phiên live có vấn đề gì mà lại khó khăn đến thế? Hóng ngay vào lúc 21h30 tối nay để biết rõ thực hư!!  #NgheChuChot #TikTokShop #MoMo #ViTraSau #TikTokGiaiTri #TVShowHay	''	''			Bách	Duyệt		
2024-08-16	Quảng cáo	Nguyễn Thị Khánh Ly	NGÀY NÀY CŨNG ĐÃ ĐẾN! TRƯỜNG VINSCHOOL CHUẨN QUỐC TẾ ĐƯỢC ĐẦU TƯ XỊN NHẤT TỪ TRƯỚC ĐẾN NAY CHÍNH THỨC CHÀO ĐÓN HỌC SINH VỀ TỰU TRƯỜNG!!!  Hồi hộp cho các búp măng non, niềm vui hân hoan của các măng già!!! Cánh cổng trường Vinschool tại Vinhomes Ocean Park 2 chính thức mở ra, chào đón các em học sinh với diện mạo cực khủng, quy mô hơn 40 nghìn m2 cùng cơ sở vật chất siêu xịn sò, xứng đáng là ngôi trường hiện đại bậc nhất ươm mầm tài năng, tự do phát triển của các em.  Không chỉ sở hữu đội ngũ giáo viên trong nước và quốc tế giàu kinh nghiệm, Vinschool tại Vinhomes Ocean Park 2 còn trang bị các trang thiết bị hiện đại như phòng ICT, phòng STEM, thư viện rộng lớn... mang đến cho các em học sinh không gian thỏa sức sáng tạo và khám phá tri thức. Bên cạnh đó, hệ thống bể bơi bốn mùa, nhà đa năng và sân chơi rộng lớn cũng là nơi để con trẻ rèn luyện sức khỏe và phát triển toàn diện.  Các bậc phụ huynh có nhà gần trường cho con đi học thì quá tiện rồi. Môi trường sống xanh sạch đẹp, văn minh hiện đại đầy đủ tiện nghi, chính sách lại đang tốt thế này thì còn chờ đợi gì nữa. Quả là nơi đáng sống phát triển cho bản thân và gia đình!!!  CMT: Tận hưởng môi trường giáo dục chất lượng cao Vinschool ngay kế bên nhà bây giờ không phải là điều quá khó khăn khi CĐT tung ra những chính sách ưu đãi vô cùng tốt cho các bậc phụ huynh như:  Combo voucher Vip Vinmec 100 triệu/voucher và tặng vàng lên đến 16 chỉ, ưu đãi thanh toán sớm đến 18% giá trị nhà, ưu đãi về ở sớm 7% giá trị, hỗ trợ lãi suất 0% đến 36 tháng, tặng voucher sạc xe VinFast điện miễn phí 2 năm… và còn rất nhiều chính sách hấp dẫn khác (Các ưu đãi áp dụng có điều kiện).	'454116232_1242211690140136_3158084668680489856_n_1294328988618486.png'	''			Đạt	Duyệt		
2024-08-16	Quảng cáo	Nguyễn Thị Khánh Ly	TỰU TRƯỜNG THÔI CÁC BÚP MĂNG NON!!! VINSHOOL CHUẨN QUỐC TẾ ĐẦU TƯ XỊN NHẤT TỪ TRƯỚC ĐẾN NAY  Chính thức kết thúc nghỉ nghè, cánh cổng trường Vinschool tại Vinhomes Ocean Park 2 chính thức mở ra, chào đón các anh tài tinh anh tương lai!!! Với quy mô hơn 40 nghìn m2 cùng cơ sở vật chất siêu xịn sò, ngôi trường hiện đại bậc nhất này tự tin là nơi ươm mầm tài năng, tự do phát triển của các em.  Anh mà số 2 thì xin phép không ai số 1! Vinschool tại Vinhomes Ocean Park 2 trang bị tận răng cho các em học sinh các trang thiết bị hiện đại như phòng ICT, phòng STEM, thư viện rộng lớn... ngoài ra, các hoạt động giải trí ngoài trời cũng được đầu tư sang xịn mịn tăng cường thể chất cho các em. Cùng với đội ngũ giáo viên trong nước và quốc tế nhiều kinh nghiệm hứa hẹn các em hoà nhập nhanh với kì học sau những ngài dài nghỉ hè =)))  Có nhà gần trường học cho con, môi trường sống văn minh, hiện đại đầy đủ tiện nghi, chính sách lại đang tốt thế thì xưng đáng 10 điểm không có nhưng, xứng đáng là nơi đáng sống cho mọi người quá rồi còn gì nữa!!!  CMT: Tận hưởng môi trường giáo dục chất lượng cao Vinschool ngay kế bên nhà bây giờ không phải là điều quá khó khăn khi CĐT tung ra những chính sách ưu đãi vô cùng tốt cho các bậc phụ huynh như:  Combo voucher Vip Vinmec 100 triệu/voucher và tặng vàng lên đến 16 chỉ, ưu đãi thanh toán sớm đến 18% giá trị nhà, ưu đãi về ở sớm 7% giá trị, hỗ trợ lãi suất 0% đến 36 tháng, tặng voucher sạc xe VinFast điện miễn phí 2 năm… và còn rất nhiều chính sách hấp dẫn khác (Các ưu đãi áp dụng có điều kiện).	'454018476_1586408928756433_681145537064621126_n_465242413162566.png'	''			Đạt	Duyệt		
2024-08-16	Quảng cáo	Nguyễn Thị Khánh Ly	https://drive.google.com/file/d/1fs0YYdSMrzCK6IL3YBu1a9hr2FiCpEyz/view?usp=sharing  Caption: Kèo này có vẻ căng đấy!	''	''	https://drive.google.com/file/d/1fs0YYdSMrzCK6IL3YBu1a9hr2FiCpEyz/view?usp=sharing		Đạt	Duyệt		
2024-08-16	Quảng cáo	Nguyễn Thị Khánh Ly	kênh ngoài:  XỨ THANH GIỜ KHÁC QUÁ!!  Không còn gọi là "vùng quê" hay "ít phát triển" nữa rồi!! Thanh Hóa giờ siêu hiện đại và đẳng cấp thế này đây!!   Mới Thanh Hoá đã được công nhận tiêu chí là đô thị loại I vào ngày 5/8/2024, Thanh Hóa đang dần trở thành mảnh đất an cư lạc nghiệp mới của những người con xa xứ khi đã lột xác với diện mạo mới, hiện đại và xịn xò hơn rất nhiều.  Theo chân ngay Gia đình Hai em bé lai đi khám phá xứ Thanh - chốn an cư mới với hệ tiện ích đồng bộ và đẳng cấp ngay sát bên trung tâm hành chính mới của Thành phố Thanh Hóa nè cả nhà ơi!!   *** Comment: Dự án The Royal Residences có gì đẳng cấp?  - Dự án cao tầng The Royal Residences nằm trong KĐT Vinhomes Star City Thanh Hoá ngay đại lộ Nguyễn Hoàng và Nam Sông Mã với phân khu đầu tiên ra mắt là Princess's Manor - Chỉ mất 3 phút đi bộ tới UBND TP Thanh Hoá, 5 phút tới  Kho bạc Nhà Nước hay Trụ sở CA TP và 20 phút để tới biển Sầm Sơn, vị trí thật sự quá đắc địa.	''	''			Đạt	Duyệt		
2024-08-16	Quảng cáo	Nguyễn Thị Khánh Ly	đúng rùi em ạ	''	''			Đạt	Duyệt		
2024-08-16	Quảng cáo	Nguyễn Thị Khánh Ly	XIN ĐƯỢC GIỚI THIỆU VỚI 500 ANH EM VINHOMES GRAND PARK - ĐẠI ĐÔ THỊ ĐẲNG CẤP VÀ ĐÁNG SỐNG TẠI TP.HCM Nếu anh em muốn tìm kiếm một nơi yên bình, trong lành và thoát khỏi sự ồn ào của thành phố cũng như an cư lạc nghiệp thì Vinhomes Grand Park chính là một điểm đến lý tưởng!  Vinhomes Grand Park mở ra một không gian sống thoáng đãng với hơn 60% diện tích dành cho cây xanh và mặt nước với bầu không khí trong lành từ công viên trung tâm rộng 36ha.   Đây không chỉ là nơi ở, mà còn là cả một “thành phố thu nhỏ” với đầy đủ tiện ích phục vụ tất tần tật mọi nhu cầu. Từ chuỗi 13 bể bơi theo phong cách resort, sân tập thể thao đa dạng cho đến khu vui chơi trẻ em, vườn gym ven hồ đều được thiết kế hiện đại và đầy đủ.  Không cần đi đâu xa mà vẫn có thể mua sắm tẹt ga tại Vincom Mega Mall Grand Park - trung tâm thương mại "Park-in-Mall" đầu tiên và duy nhất tại Việt Nam. Cùng với đó là tổ hợp sân golf 2 tầng 36 slots, Bệnh viện ĐKQT Vinmec, công viên giải trí VinWonders, trường Quốc tế Hàn Quốc KGS,...   Từng ấy lý do đã khiến cho Vinhomes Grand Park không chỉ là nơi an cư lý tưởng mà còn là biểu tượng của cuộc sống hiện đại, văn minh và đầy đủ tiện nghi!	'453894257_1172044367347633_8177955215427519853_n_1429563967733188.png'	''			Đạt	Duyệt		
2024-08-16	Quảng cáo	Bùi Thị Khánh 	Caption:  CHA MẸ VÀ NHỮNG BÀI HỌC QUÝ GIÁ CÙNG TA TRÊN NHỮNG CHẶNG ĐƯỜNG ĐỜI  Trong guồng quay cuộc sống hối hả và tất bật, có những lúc bế tắc khiến chúng ta đôi lần mệt mỏi, nản chí và mất niềm tin vào bản thân. Trong những lúc khó khăn ấy, ta chợt nhận ra có một chỗ dựa to lớn, giúp ta mạnh mẽ hơn, can trường hơn. Chỗ dựa ấy mang tên "Cha Mẹ" Bạn có còn nhớ những bài học mà cha mẹ hay dùng để cổ vũ bạn? Là bài học "Ăn chắc mặc bền, đồng cam cộng khổ thì khó mấy cũng qua", bài học về "May mắn chỉ đến khi chúng ta dốc lòng dốc sức"....Tất cả những bài học đó sẽ là nền tảng, là động lực cho ta tiến bước sau này!  Nhân dịp Vu Lan Báo Hiếu, hãy cùng nhìn lại những thước phim đẹp về gia đình thân thương của mình, nơi ta học cách tiến lên, học cách trân trọng cuộc sống, nơi giúp ta mạnh mẽ, nơi chữa lành.  Vì con cái luôn là tài sản lớn nhất của cha mẹ và ngược lại, cha mẹ sẽ mãi là chỗ dựa tinh thần vững chắc nhất của các con!  #EnsureGold #Dedochocon #ad  ENS-C-545-24  Comment: Inside The Box gửi bạn xem phim ngắn “Để đó cho con” đầy ắp sự đồng cảm ở đây nhé: https://bit.ly/3Apizsc  Hình: Ảnh bên mình (lấy ảnh gốc nhé)	'453891632_1153803852395360_9134175482991364371_n_1329700684672038.png'	''			Đạt	Duyệt		
2024-08-16	Quảng cáo	Nguyễn Thị Khánh Ly	https://drive.google.com/file/d/1UU7v2yN5M3UKNdr9FNQ349gU9Tvk_2_f/view?fbclid=IwY2xjawEsD3dleHRuA2FlbQIxMAABHdme64H9L51aFau86bb05Y2VpbtUzTD5wX90F_AQUANUGMjGamP0cqK3Ew_aem_fFliJE_ZkAbRr36tXY83Vw	''	''	https://drive.google.com/file/d/1UU7v2yN5M3UKNdr9FNQ349gU9Tvk_2_f/view?fbclid=IwY2xjawEsD3dleHRuA2FlbQIxMAABHdme64H9L51aFau86bb05Y2VpbtUzTD5wX90F_AQUANUGMjGamP0cqK3Ew_aem_fFliJE_ZkAbRr36tXY83Vw		Đạt	Duyệt		
2024-08-16	Quảng cáo	Nguyễn Thị Khánh Ly	BERAT:  CÙNG 2 EM BÉ LAI KHÁM PHÁ MỘT XỨ THANH HOÀN TOÀN MỚI!!   Bỏ qua định kiến về "quê",  "ít phát triển", giờ đây Thanh Hoá đã được công nhận tiêu chí là đô thị loại I vào ngày 5/8/2024.  Cú hích chuyển mình trên bản đồ an cư và lập nghiệp này giúp xứ Thanh trở thành điểm quay trở về của những người con xa xứ. Với nhiều thay đổi mới hiện đại và rực rỡ hơn, Thanh Hóa hứa hẹn sẽ trở thành mảnh đất xịn xò trong tương lai.  Cùng gia đình Hai em bé lai đi khảo sát chốn an cư mới với hệ tiện ích đồng bộ và đẳng cấp ngay sát bên trung tâm hành chính mới của Thành phố Thanh Hóa nhé anh em ơi!!   Comment: Dự án The Royal Residences có gì đẳng cấp?  - Dự án cao tầng The Royal Residences nằm trong KĐT Vinhomes Star City Thanh Hoá ngay đại lộ Nguyễn Hoàng và Nam Sông Mã với phân khu đầu tiên ra mắt là Princess's Manor - Chỉ mất 3 phút đi bộ tới UBND TP Thanh Hoá, 5 phút tới  Kho bạc Nhà Nước hay Trụ sở CA TP và 20 phút để tới biển Sầm Sơn, vị trí thật sự quá đắc địa.  Thế này anh em xứ Thanh tha hồ flex quê mình quá xịn rùi!!	''	''			Đạt	Duyệt		
2024-08-16	Quảng cáo	Bùi Thị Khánh 	https://drive.google.com/drive/folders/1sdg5CRITiSJbljnM3PkLMdayhpghncZE	''	''	https://drive.google.com/drive/folders/1sdg5CRITiSJbljnM3PkLMdayhpghncZE		Đạt	Duyệt		
2024-08-16	Quảng cáo	Bùi Thị Khánh 	Cap: Siêu phẩm hót rần rần!! Ca sĩ MỸ TÂMMM bất ngờ xuất hiện trong sự kiện "nâng tầm đặc sản tỏi Lý Sơn"	''	''			Đạt	Duyệt		
2024-08-16	Quảng cáo	Nguyễn Thị Khánh Ly	SANG VINCOM MEGA MALL TIMES CITY VÀ OCEAN PARK NGÀY 17/8 ĐÓN TRUNG THU SỚM VỚI MÙA LỄ HỘI MOON MALLIDAY BAO VUI   Tầm này lượn vài vòng Hà Nội, sang phố Hàng Mã ngắm người ta treo đầy đèn lồng mà thấy trong lòng cũng háo hức muốn đón Trung Thu lắm rồi đấy!  Những lúc thế này điều anh chị em cần làm là chuẩn bị một tâm hồn thật đẹp rồi rủ gia đình, bạn bè đến Vincom Mega Times City và Vincom Mega Mall Ocean Park để tận hưởng mùa lễ hội Moon Malliday tràn ngập không khí tuổi thơ với nhiều hoạt động hấp dẫn do nhà Vincom tổ chức.  Nào là được chiêm ngưỡng Thỏ Ngọc bóng bay 12m to kỷ lục Guinsess, xem biểu diễn ca múa nhạc linh đình, gặp gỡ “anh trai” Ali Hoàng Dương, band nhạc DALAB và em bé Xệ Xệ rồi còn 7749 tiết mục hấp dẫn vào 17/08 đang chờ đón nữa!!   Tin chắc rằng không chỉ các bé thiếu nhi say mê mà người lớn cũng phải trầm trồ vì độ chịu chơi của Vincom lần này đó nha!!! Đến để check-in ngay nàooo!!  #VincomMoonMalliday  Cmt:   Vào đây để được update thêm về sự kiện nèee: 📌Vincom Mega Mall Ocean Park https://www.facebook.com/share/CY1W7BXsUHmH5f5M/  📌Vincom Mega Mall Times City https://www.facebook.com/share/5NuBN2PGxDT6j7rJ/	'455025421_1473917339920478_7790828742005161692_n_414742311623617.jpg'	''			Đạt	Duyệt		
2024-08-16	Quảng cáo	Bùi Thị Khánh 	https://drive.google.com/file/d/1cLqwNOeq0SUHT63cpzI8mOF8khrIo25i/view?usp=sharing  cap Chỉ còn 1 chiếc BMW X3 MSPORT thui các ae tỉnh khác ơi!!	''	''	https://drive.google.com/file/d/1cLqwNOeq0SUHT63cpzI8mOF8khrIo25i/view?usp=sharing		Đạt	Duyệt		
2024-08-16	Quảng cáo	Nguyễn Thị Khánh Ly	CCHN:  SANG VINCOM MEGA MALL TIMES CITY VÀ OCEAN PARK NGÀY 17/8 ĐÓN TRUNG THU SỚM VỚI MÙA LỄ HỘI MOON MALLIDAY BAO VUI 🏮  Tầm này lượn vài vòng Hà Nội, sang phố Hàng Mã ngắm người ta treo đầy đèn lồng mà thấy trong lòng cũng háo hức muốn đón Trung Thu lắm rồi đấy!  Những lúc thế này điều chúng ta cần làm là chuẩn bị một tâm hồn thật đẹp rồi rủ gia đình, bạn bè đến Vincom Mega Times City và Vincom Mega Mall Ocean Park để tận hưởng mùa lễ hội Moon Malliday tràn ngập không khí tuổi thơ với nhiều hoạt động hấp dẫn do nhà Vincom tổ chức.  Nào là được chiêm ngưỡng Thỏ Ngọc bóng bay 12m to kỷ lục Guinsess, xem biểu diễn ca múa nhạc linh đình, gặp gỡ “anh trai” Ali Hoàng Dương, band nhạc DALAB và em bé Xệ Xệ rồi còn 7749 tiết mục hấp dẫn vào 17/08 đang chờ đón  Tin chắc rằng không chỉ các bé thiếu nhi say mê mà người lớn cũng phải trầm trồ vì độ chịu chơi của Vincom lần này đó nha 🤩 Đến để check-in ngay!!  #VincomMoonMalliday  Cmt:   Vào đây để được update thêm về sự kiện nèee: 📌Vincom Mega Mall Ocean Park https://www.facebook.com/share/CY1W7BXsUHmH5f5M/  📌Vincom Mega Mall Times City https://www.facebook.com/share/5NuBN2PGxDT6j7rJ/	''	''			Đạt	Duyệt		
2024-08-16	Quảng cáo	Nguyễn Thị Khánh Ly	CHƠI TRUNG THU SỚM TẠI VINCOM MEGA MALL TIMES CITY: TẬN MẮT CHIÊM NGƯỠNG THỎ NGỌC TÙNG DINH BẰNG BÓNG HƠI LỚN NHẤT VIỆT NAM!!   1 tháng nữa nữa mới đến trung thu nhưng nhưng ngay tại Vincom Mega Mall Times City đã tràn ngập không khí mùa lễ hội Moon Malliday rồi. Năm nay Vincom “tậu” hẳn linh vật “Thỏ Ngọc Tùng Dinh” bằng bóng bay siêu to khổng lồ cao 12m.  Check-in với Thỏ Ngọc xong thì cùng “anh trai say Hi” Ali Hoàng Dương nhún nhảy theo những giai điệu âm nhạc hot hit bất tận, tất nhiên là không thể thiếu màn minigame tương tác gắn kết cùng những phần quà độc đáo.  Dịp này mà dẫn búp măng non đi ngắm Thỏ Ngọc là các cháu vui phải biết! Rủ cả bạn bè, người yêu đi chung thì vui đỉnh nóc luôn! Note ngay lịch hẹn 17.8 này nhé!	'455143746_909498924530076_8434561214893697891_n_803022985331073.jpg'	''			Đạt	Duyệt		
2024-08-16	Quảng cáo	Lưu Minh Quang	https://docs.google.com/spreadsheets/d/17gQcfMQal_nOdmijoFDPypibv-Fvmz6onosgQwH-rOA/edit?gid=0#gid=0	''	''	https://docs.google.com/spreadsheets/d/17gQcfMQal_nOdmijoFDPypibv-Fvmz6onosgQwH-rOA/edit?gid=0#gid=0		Đạt	Duyệt		
2024-08-16	Quảng cáo	Nguyễn Thị Khánh Ly	Tắt sóng 2G không có nghĩa là máy "Cục gạch" không sử dụng được!  Việc tắt sóng 2G là một xu hướng tất yếu trong sự phát triển của công nghệ di động. Ngày 16/9 tới đây, các nhà mạng sẽ buộc phải tắt sóng 2G theo lộ trình đã được đưa ra. Thông tin trên có thể gây hoang mang đối với người chỉ có nhu cầu nghe gọi, hoặc các cụ già lớn tuổi, vùng sâu vùng xa. Vậy cụ thể tắt sóng 2G là gì?  -Tắt sóng 2G không có nghĩa là xóa sổ hoàn toàn điện thoại nghe gọi cơ bản. Mà chỉ thay thế con chip sóng 2G trên điện thoại đó bằng chip sóng 3G/4G/5G. Tuy nhiên, đối với điện thoại cục gạch đời cũ, thì khi cắt mạng 2G không thể nghe gọi được nữa!  - Không chỉ Smartphone mới có thể dùng mạng 3/4/5G, Feature phone cũng có 4G, một chiếc điện thoại 4G giao diện "Cục gạch" thân thuộc cho những ai không quen sử dụng smartphone  - Nhằm hỗ trợ tất cả khách hàng được chuyển đổi từ 2G lên 4G trước thời hạn, Viettel ra mắt ưu đãi cho dòng điện thoại 4G có khả năng truy cập vào các nền tảng Youtube và Tiktok: Trọn gói máy và 6 tháng sử dụng dịch vụ chỉ 590.000 VNĐ!	'455209902_2397803593758280_2858511862460269256_n_1588427345050342.jpg'	''			Đạt	Duyệt		
2024-08-16	Quảng cáo	Nguyễn Thị Khánh Ly	TT BEAT:  TITTLE: MÓN QUÀ ĐẦU TIÊN CỦA NHIỆM VỤ "HƠN CẢ SỐ 1" TỪ PONNIE & SƠN TÙNG M-TP HÉ LỘ!! CƯ DÂN MẠNG PHẤN KHÍCH RẦN RẦN VÌ ĐIỀU NÀY !?  NỘI DUNG: Đỉnh nóc, kịch trần, bay phấp phới là những gì dân cư mạng cảm nhận khi xem bài hát mới của anh Đại sứ - Capyboii kết hợp cùng Ponnie. Và đúng như đã hứa, ngay sau khi đạt cột mốc 777,777 lượt xem thì tổ đội chất Nonstop đã đốt pháo hoa ăn mừng và hé lộ món quà cho fan chính là: bộ sticker chất !!!  Anh em thấy bộ sticker này thế nào. Tầm này có bộ sticker đi comment khắp nơi thì zui phải biết ahihi. Và hãy tiếp tục yêu thương "Hơn cả số 1" nha vì vẫn còn 2 cột mốc nữa ở phía trước để nhận những món quà bí mật cơ từ Ponnie và anh Đại sứ cơ. Lét gooooooooô!!	''	''			Đạt	Duyệt		
2024-08-16	Quảng cáo	Lưu Minh Quang		'455237526_1926253924464362_631945139781852581_n_1926253921131029.png'	''			Bách	Duyệt		
2024-08-16	Quảng cáo	Bùi Thị Khánh 	[FINAL POST] ALIEN: ROMULUS - CAO THỦ —————  I. THỜI GIAN ĐĂNG: 13H ngày mai (17/8)  II. CAPTION: Siêu nhân Gao ngoại truyện: Khi phản diện có phim riêng mà còn xuất sắc hơn phim về con người 🤯  Nhìn hơi khùm nhưng vô tới Alien: Romulus là con Xenomorph này bao chiến! Máo axjt cộng với body size cực đại, cộng thêm dàn anh em Facehugger và Chestburster, Xenomorph đúng nghĩa là qu.ái v.ật kinh khủng nhất màn ảnh tuần này.  Alien: Romulus đang chiếu tại rạp. Rủ ae đi coi liền nha! #QuaiVatKhongGian  III. ĐĂNG KÈM MATERIAL: https://drive.google.com/file/d/1DbOdiJozWicd_1v2SXBoJkVbUk5v7imT/edit YÊU QUÁI LÀM GÌ KHI SIÊU NHÂN BIẾN HÌNH.mp4	''	''	https://drive.google.com/file/d/1DbOdiJozWicd_1v2SXBoJkVbUk5v7imT/edit		Bách	Duyệt		
2024-08-16	Quảng cáo	Bùi Thị Khánh 	II. CAPTION: ĐIỂM CÀ CHUA CỦA ALIEN: ROMULUS CỠ NÀY, KHÔNG COI THÌ COI PHIM NÀO?  Chỉ vừa khởi chiếu nhưng phim đã nhận về cơn mưa lời khen: Nào là kỹ xảo bùng nổ, nào là bầy w.ái vật Xenomorph, Facehugger, Chestburster gây kinh hã.i tột độ bằng m.á.u ax!t, xúc tu nhớp nháp hay những pha hạ sá.t không khoan nhượng... Hầu hết review đã gọi là phim kinhdi đáng sợ nhất năm thì chỉ có uy tín :))   Phần thứ 9 của thương hiệu phim quá.i v.ật gây ám ảnh nhất lịch sử chắc chắn sẽ khiến fans dòng phim k.inh d.ị, hành động phải phấn khích. Không chỉ là cuộc rượt đuổi sinh tử giữa đoàn phi hành gia trẻ và bầy quá.i vật khủng khiế.p, phim còn chiêu đãi khán giả phần nghe - nhìn rùng r.ợn đến á.m ảnh. Con phim này mà xem định dạng iMAX thì cứ gọi là trải nghiệm đỉnh nóc kịch trần🔥  🎬 Alien: Romulus đang chiếu tại rạp. #QuaiVatKhongGian	'453891621_480928091462363_5262793014488229671_n_1140806070350124.png'	''			Bách	Duyệt		
2024-08-16	Quảng cáo	Nguyễn Thị Khánh Ly	TT BEAT NOW:  Title: Tựa game Battle Teams 2 siêu cuốn khiến anh em streamer đình đám làng FPT thi nhau "gáy" kèo, hẹn nhau tỉ thí một trận cực căng trong showmatch Siêu Sao Đại Chiến   Cả làng FPS đang rần rần về siêu phẩm game Battle Teams 2 đến độ các anh trai đình đám trong làng streamer như 500Bros, Rambo, Dev Nguyễn, Nhims hay cả team ChickenGang phải set một kèo thi đấu "không thương xót" tại showmatch Siêu Sao Đại Chiến.   3 đội hình siêu khủng gồm toàn những tay súng cừ khôi, từng tung hoành trong làng FPS kết hợp cùng những chiếc máy nói công suất lớn hứa hẹn sẽ mang đến những màn cạnh tranh cháy máy.   Anh em note lịch lúc 21h ngày 17 - 18/08 để theo dõi những màn đấu súng kinh điển của showmatch "Siêu Sao Đại Chiến" nhé!	''	''			Bách	Duyệt		
2024-08-16	Quảng cáo	Bùi Thị Khánh 	https://docs.google.com/document/d/1XKzRfeg0MICwR9FZQtb9SLkxtUNrGTs4rgy3vU2nHrM/edit	''	''	https://docs.google.com/document/d/1XKzRfeg0MICwR9FZQtb9SLkxtUNrGTs4rgy3vU2nHrM/edit		Bách	Duyệt		
2024-08-16	Quảng cáo	Lưu Minh Quang	GÓC KHÓ HIỂU: CŨNG CÓ 24 TIẾNG/1 NGÀY NHƯ NHAU SAO NHIỀU CHỊ EM VỪA CHĂM GIA ĐÌNH, VỪA GIỎI KINH DOANH MÀ KHÔNG BỊ "NHỨC NHỨC CÁI ĐẦU" VẬY?   Muốn làm người phụ nữ thành công: vừa giỏi chuyện kinh doanh lại chu toàn việc nhà nhưng một ngày chỉ có 24 tiếng. Cố quá lại thành quá cố khi cơ thể và bộ não bị quá tải bởi stress, căng thẳng.  Lấy thí dụ cũng có 24h như người ta mà chị đẹp, diễn viên Trương Ngọc Ánh vừa hoạt động nghệ thuật hết mình, quản lý mấy dự án kinh doanh mà vẫn thoải mái dành thời gian dành cho gia đình  Nghe qua tưởng chị đẹp có thần kinh thép hay sao mà không thấy stress, căng thẳng. Xem video chị chia sẻ mới biết hóa ra người ta có bí quyết riêng hết.  Bí mật ẩn giấu trong chiếc lọ mà chị Ánh giới thiệu. Đó là Cebraton Premium, thuốc bổ não cao cấp từ nhà Traphaco - một thương hiệu rất là nổi tiếng về các sản phẩm chăm sóc sức khỏe. Đây là sản phẩm Đông Dược lành tính từ thiên nhiên với chiết xuất từ Đinh Lăng này, Bạch Quả này và còn được kết hợp thêm thành tựu y học phương Tây là hoạt chất GABA cũng giúp làm dịu căng thẳng với ngủ ngon và sâu hơn. Về cơ bản thì Cebraton Premium sẽ hỗ trợ điều hòa giấc ngủ, làm dịu căng thẳng với tăng cường chức năng não nữa.  Chị em nào đang vì những cơn "nhức nhức cái đầu" mà mất cân bằng trong cuộc sống thì sử dụng thử nhé! Cơ thể khỏe mạnh, tinh thần vững vàng là mọi việc sẽ đâu vào đó thôi.	''	''			Bách	Duyệt		
2024-08-16	Quảng cáo	Tuấn Dũng	bọn e bỏ nguồn VTV rùi chị ah, nhờ chị nhắn với bên đó vói ạ	''	''				Duyệt		
2024-08-16	Quảng cáo	Nguyễn Thị Khánh Ly	bài này check giúp c nữa nha	''	''				Duyệt		
2024-08-16	Quảng cáo	Bùi Thị Khánh 	https://docs.google.com/document/d/1aQ1pXQ9U1ubrVXnZgRthbEXGGggu_OvD2vZvJAQVJVg/edit	''	''	https://docs.google.com/document/d/1aQ1pXQ9U1ubrVXnZgRthbEXGGggu_OvD2vZvJAQVJVg/edit		Đạt	Duyệt		
2024-08-16	Quảng cáo	Nguyễn Thị Khánh Ly	mn check lại bài kênh lên nhé, như fb thì nguồn đang bị sai	''	''				Duyệt		
2024-08-16	Quảng cáo	Lưu Minh Quang	https://drive.google.com/file/d/1ImVPYlpEzsJLzxCAp6-Y6azej4N1s9Wj/view?usp=sharing	''	''	https://drive.google.com/file/d/1ImVPYlpEzsJLzxCAp6-Y6azej4N1s9Wj/view?usp=sharing		Đạt	Duyệt		
2024-08-16	Quảng cáo	Bùi Thị Khánh 	Cao Thủ - https://www.facebook.com/caothuvn  Caption: Nhanh tay thì còn, chậm tay thì không có vé  🙃  nhưng ở nhà xem stream nét căng như này thì cũng ưng cái bụng quá các ông ạ. Game hôm nay tôi đoán cũng khó để TW lật kèo được chuyến này, đụng độ đến 2 lần thế này thì bố Sofm vs đàn con chắc bắt bài hết map rồi ấy chớ. Nay ở nhà xem live cũng tiện test luôn gói mạng F-Game mới đầu tư, chính ra xem live mượt, mà combat cứ là max ping, không uổng công xuống tiền.👌 Nghe nói giải VCS cũng fpt tài trợ hạ tầng mạng hả, bảo sao xem cả tối không giật phát nào. Tiện đây share luôn cho ae tí ảnh n.ó.n.g team Cao Thủ đang ở sự kiện, mấy thằng chỉ định đến cổ vũ thôi, ai ngờ nhiều hoạt động bên lề vui phết ae ạ, mai ae nào có vé đến sớm mà loot quà thôi chứ còn gì nữa #FPTTelecom #InternetFPT #VCS Ảnh: Sẽ gửi lại vào hôm 17/08 vì phải chụp ở sự kiện   Beatvn - https://www.facebook.com/beatvn.network  Caption: 🔥 GIAO TRANH ĐỈNH NÓC KỊCH TRẦN - 100K VIEW – hơn 2000 khán giả trực tiếp Tối nay chị em nhắn tin mà thấy aiu rep chậm thì lý do là vì đây, traffic các anh tài đổ hết vào chung kết VCS summer 2024 chứ còn đâu nữa. Ae fan đội nào điểm danh để Beat xem tương quan lực lượng còn biết chọn phe nào 🤣 chứ ngồi nhà thi đấu fan 2 đội gank nhau quá chời. VCS năm nay được FPT tài trợ hạ tầng mạng phải nói quá ổn, xem đã con mắt, liền tù tì mấy tiếng rồi cũng không thấy gớt miếng nào. Trong lúc chờ vào xem thi đấu t cũng test nhanh mạng ở quầy fpt, lên kèo sola yasuo thấy căng đét, rất là ô kê la. Được mấy ac giới thiệu gói F-Game chuyên cho game, ai chà chà ưng cái bụng nha, quả này xuống tiền liền. #FPTTelecom #InternetFPT #VCS Ảnh: Sẽ gửi lại vào hôm 17/08 vì phải chụp ở sự kiện	''	''	https://www.facebook.com/caothuvn		Đạt	Duyệt		
2024-08-16	Quảng cáo	Nguyễn Thị Khánh Ly	BEAT: https://docs.google.com/presentation/d/1kHzeqT8487q6nBLj8gnyrDmOxxj8qnQE_XrDONggR6s/edit?fbclid=IwY2xjawEr3k9leHRuA2FlbQIxMAABHRmSofxllX2Wdr6Mt6NQdySKj2HUyY8HWW1pYvNFHoX2xHbS16bm93tH1w_aem_Iu6oPHdQNDpRjM7jBGqKFg#slide=id.g2f3522cebea_0_5	''	''	https://docs.google.com/presentation/d/1kHzeqT8487q6nBLj8gnyrDmOxxj8qnQE_XrDONggR6s/edit?fbclid=IwY2xjawEr3k9leHRuA2FlbQIxMAABHRmSofxllX2Wdr6Mt6NQdySKj2HUyY8HWW1pYvNFHoX2xHbS16bm93tH1w_aem_Iu6oPHdQNDpRjM7jBGqKFg#slide=id.g2f3522cebea_0_5			Duyệt		
2024-08-16	Quảng cáo	Nguyễn Thị Khánh Ly	kênh ngoài: https://docs.google.com/presentation/d/1nQaSa167XLlWdX8zlIDNWCD9-GSNk3HzB2mUvqj0Sbk/edit?fbclid=IwY2xjawEr1dNleHRuA2FlbQIxMAABHciHYTfQgDC8UrUk3tZTF1ODEPGCpDKWu24aLKuVVbvbxNVPq-8Fep1jTw_aem_ofkV_XmRbQqelKzUeOfhFg#slide=id.g2f31647fa86_0_28	''	''	https://docs.google.com/presentation/d/1nQaSa167XLlWdX8zlIDNWCD9-GSNk3HzB2mUvqj0Sbk/edit?fbclid=IwY2xjawEr1dNleHRuA2FlbQIxMAABHciHYTfQgDC8UrUk3tZTF1ODEPGCpDKWu24aLKuVVbvbxNVPq-8Fep1jTw_aem_ofkV_XmRbQqelKzUeOfhFg#slide=id.g2f31647fa86_0_28		Bách	Duyệt		
2024-08-16	Quảng cáo	Nguyễn Thị Khánh Ly	Kiến: https://docs.google.com/presentation/d/1GHBSBrKIrvc0KCMLrwlsKVpxzZrpuTXgVFsuLksB_5Q/edit?fbclid=IwY2xjawEr2BxleHRuA2FlbQIxMAABHdxgFjhYz0U08I-7-kpvg3OheBzCad6gIAG85jiUf8AlIBfM_Ux6a-MLnw_aem_w39JV_ciPH8_mthne68CTg#slide=id.g2f34ab1b51e_0_15	''	''	https://docs.google.com/presentation/d/1GHBSBrKIrvc0KCMLrwlsKVpxzZrpuTXgVFsuLksB_5Q/edit?fbclid=IwY2xjawEr2BxleHRuA2FlbQIxMAABHdxgFjhYz0U08I-7-kpvg3OheBzCad6gIAG85jiUf8AlIBfM_Ux6a-MLnw_aem_w39JV_ciPH8_mthne68CTg#slide=id.g2f34ab1b51e_0_15		Bách	Duyệt		
2024-08-16	Quảng cáo	Nguyễn Thị Khánh Ly	2. CCHN: Idea 1: Tôi với con bạn khi biết Viettel có SIM đi quốc tế, Data Roaming không giới hạn - chỉ từ 20k/ngày. Rẻ như cho, 48 nước thả ga vi vu tiết kiệm khỏi lo!!  Demo ảnh: https://imgur.com/qmUAlfm  Idea 2: Cái ví của tôi mỗi lần ra nước ngoài Ảnh chế 2 frame Frame 1: Trước kia Gồng gánh nào tiền vé máy bay, tiền khách sạn, đi lại, ăn uống, sim nước ngoài cả triệu bạc  Frame 2: Bây giờ khi Viettel có SIM đi quốc tế, Data Roaming không giới hạn - chỉ từ 20k/ngày. Nhẹ gánh đi bao nhiêu, tiết kiệm chi phí, thoải mái vui chơi  Demo meme (đổi chỗ 2 frame) https://imgflip.com/meme/63639932/Before-After-Tony-Stark	''	''	https://imgur.com/qmUAlfm		Bách	Duyệt		
2024-08-16	Quảng cáo	Nguyễn Thị Khánh Ly	3. BEAT:  Idea1: Khá lắm con trai của ta! Sim Viettel có SIM đi quốc tế, Data Roaming không giới hạn - chỉ 20k/ ngày. Du hí 48 nước thả ga vi vu tiết kiệm khỏi lo!!! Demo 1: https://imgur.com/a/8aavnGv  Idea2:  Qué đẽ!!! Rẻ như cho với Sim Viettel có SIM đi quốc tế, Data Roaming không giới hạn - chỉ 20k/ ngày. Du hí 48 nước thả ga vi vu tiết kiệm khỏi lo!!! demo ảnh: https://imgur.com/a/dMlsziq	''	''	https://imgur.com/a/8aavnGv		Bách	Duyệt		
2024-08-16	Quảng cáo	Nguyễn Thị Khánh Ly	e gửi idea Top comt ạ:  TOP CMT: ----  IDEA 1: https://imgur.com/a/ipbzBxP -----  IDEA 2:  - Meme 2 frame: https://public.bnbstatic.com/static/content/square/images/83e33e077d554876af4ffedaf5c6396d.png  + Frame 1: Đi nước ngoài nghiên cứu 1001 nhà mạng xem dung lượng, tốc độ cái nào oke nhất để mua sim + Frame 2: SIM Viettel đi quốc tế, Data Roaming không giới hạn - chỉ từ 20k/ngày	''	''	https://imgur.com/a/ipbzBxP		Bách	Duyệt		
2024-08-16	Quảng cáo	Nguyễn Thị Khánh Ly	SGN  LÚ CỰC MẠNH!!! LỘ DIỆN DÀN NGHỆ SĨ ĐÌNH ĐÁM QUỐC TẾ VÀ VIỆT NAM XUẤT HIỆN TẠI 8WONDER MOON FESTIVAL  Anh chị em Hà Nội chuẩn bị tinh thần quậy tới bờ tới bến chứ còn gì nữa!!! Mấy ngày gần đây, hót rần rần giang cư mận đồn đoán ông anh 8WONDER MOON FESTIVAL công bố dàn lineup nghệ sĩ cực khủng xuất hiện vào 7/9 tới đây tại Ocean City!!  Với sự xuất hiện Tượng đài &B thế giới - Ne-Yo và nam thần K-POP đa tài - B.I sẽ chính thức xuất hiện tại 8Wonder! Cùng với đó là 5 nghệ sĩ Việt tài năng: Chi Pu, HIEUTHUHAI, Tổ đội GERDNANG (HURRYKNG | NEGAV | MANBO)  Căng cực thế này còn gì nữa!!! Thông báo chính thức từ BTC từ ngày 16/8 8WONDER MOON FESTIVAL công bố mở bán chính thức trên website và mobile app VinWonder. Anh chị em lên đồ thẳng tiến đến Ocean City ngay thôi!!	''	''			Đạt	Duyệt		
2024-08-16	Quảng cáo	Nguyễn Thị Khánh Ly	HOT >100°C: FULL LINE-UP CỦA 8WONDER MOON FESTIVAL QUY TỤ DÀN NGHỆ SỸ ĐẾN TỪ 3 QUỐC GIA 🇺🇸 🇰🇷 🇻🇳  - Lần đầu tiên biểu diễn tại Việt Nam: NE-YO và B.I - Chị đẹp Chi Pu - Anh trai HIEUTHUHAI - Tổ đội GERDNANG (HURRYKNG | NEGAV | MANBO)  8Wonder Moon Festival -“Lễ hội mùa thu quy mô chưa từng có” sẽ diễn ra vào 7/9/2024 tại Ocean City, Hà Nội, vé mở bán từ tối nay ace chuẩn bị tinh thần săn vé nha!  Comment:  MỞ BÁN TOÀN BỘ HẠNG VÉ 8WONDER MOON FESTIVAL từ 20h00 ngày 16/8/2024 trên website VinWonders.com và mobile app VinWonders nha!	''	''	https://vinwonders.com/vi/		Đạt	Duyệt		
2024-08-16	Quảng cáo	Nguyễn Thị Khánh Ly	CHÍNH THỨC: SIÊU NHẠC HỘI 8WONDER CÔNG BỐ DÀN LINE-UP ĐÌNH ĐÁM US-UK VÀ KPOP  Tin chuẩn! Anh trai Ne-Yo và B.I sẽ là 2 gương mặt nghệ sĩ quốc tế xuất hiện tại siêu nhạc hội 8WONDER Moon Festival 2024. Bên cạnh đó là những nghệ sĩ Việt với những cái tên đình đám gồm Chi Pu và tổ đội GERDNANG - HIEUTHUHAI, HURRYKNG, NEGAV, MANBO  Đại nhạc hội 8WONDER Moon Festival 2024 diễn ra vào đêm 7/9/2024 tại Ocean City (Hà Nội) hội tụ những màn trình diễn đỉnh cao, mang đến cho khán giả một siêu đại nhạc hội quy mô nhất, ấn tượng nhất năm.  Bên cạnh âm nhạc và các màn trình diễn đẳng cấp thế giới, 8WONDER Moon Festival 2024 còn mang đến lễ hội mùa thu quy mô chưa từng có kéo dài xuyên suốt 3 ngày từ 6/9/2024 – 8/9/2024.   Vé nhạc hội sẽ được mở bán từ 20h tối nay, các fan chuẩn bị tinh thần săn vé nhé!	''	''			Đạt	Duyệt		
2024-08-16	Quảng cáo	Nguyễn Thị Khánh Ly	https://imgur.com/a/5o0j6KM	''	''	https://imgur.com/a/5o0j6KM		Đạt	Duyệt		
2024-08-16	Quảng cáo	Nguyễn Thị Khánh Ly	CHẤT HƠN NƯỚC CẤT: CHÍNH THỨC CÔNG BỐ FULL LINE-UP NGHỆ SĨ TẠI 8WONDER MOON FESTIVAL   NE-YO và B.I!!!!!!!!!! Chồng chị em nào vào nhận này!!!   Dàn lineup này chỉ có thể dùng một câu thôi: HẾT NƯỚC CHẤM!!  Tượng đài R&B thế giới - Ne-Yo và nam thần K-POP đa tài - B.I sẽ chính thức xuất hiện tại 8Wonder! Cùng với đó là 5 nghệ sĩ Việt tài năng: Chi Pu, HIEUTHUHAI, Tổ đội GERDNANG (HURRYKNG | NEGAV | MANBO)  Nóng thế này thì sao phải sợ gì nữa!!! Ai sợ thì đi về còn ai không sợ thì tiến thẳng đến 8Wonder Moon Festival thôi bà con ơii!! Theo thông báo từ BTC, từ 20h00 ngày 16/8, 8WONDER Moon Festival mở bán chính thức toàn bộ hạng vé nhạc hội trên website VinWonders.com và mobile app VinWonders. Anh chị em chuẩn bị rốp rẻng đu idol nhé!!	''	''	https://vinwonders.com/vi/		Đạt	Duyệt		
2024-08-16	Quảng cáo	Lưu Minh Quang	Cuộc cách mạng pha sữa của mẹ bỉm thời nay hay quá cả nhà ơi!!   Comment: Nước thanh khiết pha sữa AOI đang được các mom săn đón vì an toàn cho bé:  - Không gây biến đổi hoặc phá vỡ cấu trúc của các thành phần dinh dưỡng quan trọng. Điều này đảm bảo rằng bé sẽ nhận được đầy đủ dưỡng chất cần thiết từ sữa; hoàn toàn phù hợp với khuyến cáo của Tổ chức Y tế Thế giới về nước pha sữa cho trẻ. - Không chứa các tạp chất và kim loại nặng, những yếu tố có thể gây hại cho sức khỏe của trẻ nhỏ. - Phân tử nước siêu nhỏ giúp bé dễ dàng hấp thu nước và dưỡng chất từ sữa gấp 5 lần so với nước thông thường. - Giảm nguy cơ nhiễm khuẩn và các tạp chất có thể gây ra tiêu chảy và các vấn đề về tiêu hóa ở trẻ nhỏ.   Các mẹ có thể tham khảo chi tiết về AOI tại đây nhé <link>	'453933584_460172193673436_3565911929213581975_n_460172187006770.png'	''			Đạt	Duyệt		
2024-08-15	Quảng cáo	Nguyễn Thị Khánh Ly	🇻🇳 BE MỞ THÊM DỊCH VỤ TÀU HỎA, XE KHÁCH TRONG KHI GRAB VẪN CHỈ QUANH QUẨN VỚI XE 2 BÁNH 🇻🇳   Đại diện Đường sắt Việt Nam (VNR) cho biết nhu cầu di chuyển đường sắt phục hồi mạnh mẽ 3,7 triệu lượt khách, tăng trưởng hơn 15% so với cùng kỳ năm 2023, gần chạm mốc đỉnh ngay trước đại dịch COVID 19.   Sự phát triển này một phần có thể được giải thích bằng chiến lược hợp tác với các siêu ứng dụng, với hơn 50% lượt vé bán qua trực tuyến.   Đơn cử như sự hợp tác với BE, đây là siêu ứng dụng duy nhất tại Việt Nam cung cấp đủ 5 phương thức di chuyển từ ô tô, xe máy, máy bay, tàu hoả, xe khách với tập khách hàng lên tới hơn 10 triệu.   Vị đại diện đưa ra nhận xét, xu hướng khách hàng trẻ hoặc khách hàng có gia đình ngày càng ưa chuộng việc lên kế hoạch trung chuyển đa dạng: tích hợp cả máy bay, tàu hoả trong chặng đi, chặng về hay trung chuyển bằng taxi tới nhà ga, là nhu cầu mới và phức tạp về mặt kĩ thuật và hiển thị.   Do đó, Đường sắt Việt Nam lựa chọn hợp tác với BE, siêu ứng dụng 10 triệu khách hàng đáp ứng mọi nhu cầu di chuyển của người Việt.	'453969889_813668867624819_7518867361127433211_n_1209378770375955.png'	''			Bách	Duyệt		
2024-08-15	Quảng cáo	Nguyễn Thị Khánh Ly	SGN:  ĐỈNH CHÓP ANH EM SÀI GÒN ƠI!!! VINHOMES GRAND PARK - ĐẠI ĐÔ THỊ ĐÁNG SỐNG BẬC NHẤT SÀI GÒN  Khác hẳn Sài Gòn nhộn nhịp, ồn ào khói bụi và tiếng còi xe, nơi đây được chú trọng vào không gian sống. Với hơn 60% diện tích là cây xanh, mặt nước, "níu chân" bạn với bầu không khí trong lành, mát mẻ. 13 bể bơi phong cách resort, sân tập golf 2 tầng 36 slots sẽ "biến" mỗi ngày của bạn thành kỳ nghỉ dưỡng.  Cùng với đó ngay cạnh với đầy đủ tiện ích là Vincom Mega Mall Grand Park rộng hơn 45.000m2 sẽ là "thiên đường" mua sắm, vui chơi giải trí, "đánh bay" mọi nỗi lo về cuộc sống nhàm chán. Cùng cả VinWonders - "vũ trụ" giải trí, mang đến những tiếng cười sảng khoái cho cả gia đình ngay trong lòng đại đô thị, tiện ích giáo dục sẽ có thêm trường Quốc tế Hàn Quốc KGS…  Với kiến tạo không gian sống xanh rộng lớn với ngàn tiện ích đẳng cấp, xứng đáng được xướng tên nơi đáng sống nhất Sài Gòn!	'450246623_1783317779156573_7540354476099516619_n_503025885710274.png'	''			Đạt	Duyệt		
2024-08-15	Quảng cáo	Nguyễn Thị Khánh Ly	Chuyện SG:  ĐẠI ĐÔ THỊ VINHOMES GRAND PARK "XỨNG DANH" NƠI ĐÁNG SỐNG BẬC NHẤT SÀI GÒN  "Chạy trốn" khỏi những dự án đô thị ngột ngạt tại trung tâm TP. Hồ Chí Minh ngày càng nhiều người đổ xô về phía Đông nơi hiện diện của Đại đô thị xanh toàn diện Vinhomes Grand Park - đang nắm giữ những tiện ích và tiêu chuẩn đẳng cấp và là hình mẫu của thị trường BĐS hiện nay.  Chỉ tốn gần 30' di chuyển bằng xe bus từ trung tâm là bạn đã được hoà mình vào hệ sinh thái tiện ích “all-in-one” với:  Hơn 60% diện tích là cây xanh, mặt nước, "níu chân" bạn với bầu không khí trong lành, mát mẻ. 13 bể bơi phong cách resort, sân tập golf 2 tầng 36 slots sẽ "biến" mỗi ngày của bạn thành kỳ nghỉ dưỡng.  Vincom Mega Mall Grand Park rộng hơn 45.000m2 sẽ là "thiên đường" mua sắm, vui chơi giải trí, "đánh bay" mọi nỗi lo về cuộc sống nhàm chán. Cùng cả VinWonders - "vũ trụ" giải trí, mang đến những tiếng cười sảng khoái cho cả gia đình ngay trong lòng đại đô thị, tiện ích giáo dục sẽ có thêm trường Quốc tế Hàn Quốc KGS…  Cộng đồng cư dân năng động, sôi nổi, "níu chân" bạn với hàng loạt sự kiện hấp dẫn mỗi tuần thì đây sẽ không chỉ là nơi an cư, mà còn là "thiên đường" mang đến cho bạn cuộc sống trọn vẹn, hạnh phúc!	'454492978_490708900369850_5285368632559642695_n_974155274487054.png'	''			Đạt	Duyệt		
2024-08-15	Quảng cáo	Nguyễn Thị Khánh Ly	Beat:  XIN ĐƯỢC GIỚI THIỆU VỚI 500 ANH EM VINHOMES GRAND PARK - ĐẠI ĐÔ THỊ ĐÁNG SỐNG BẬC NHẤT SÀI GÒN  Nếu anh em muốn tìm kiếm một nơi yên bình, trong lành và thoát khỏi sự ồn ào của thành phố cũng như an cư lạc nghiệp thì Vinhomes Grand Park chính là một điểm đến lý tưởng!  Vinhomes Grand Park mở ra một không gian sống thoáng đãng với hơn 60% diện tích dành cho cây xanh và mặt nước với bầu không khí trong lành từ công viên trung tâm rộng 36ha.   Đây không chỉ là nơi ở, mà còn là cả một “thành phố thu nhỏ” với đầy đủ tiện ích phục vụ tất tần tật mọi nhu cầu. Từ chuỗi 13 bể bơi theo phong cách resort, sân tập thể thao đa dạng cho đến khu vui chơi trẻ em, vườn gym ven hồ đều được thiết kế hiện đại và đầy đủ.  Không cần đi đâu xa mà vẫn có thể mua sắm tẹt ga tại Vincom Mega Mall Grand Park - trung tâm thương mại "Park-in-Mall" đầu tiên và duy nhất tại Việt Nam. Cùng với đó là tổ hợp sân golf 2 tầng 36 slots, Bệnh viện ĐKQT Vinmec, công viên giải trí VinWonders, trường Quốc tế Hàn Quốc KGS,...   Từng ấy lý do đã khiến cho Vinhomes Grand Park không chỉ là nơi an cư lý tưởng mà còn là biểu tượng của cuộc sống hiện đại, văn minh và đầy đủ tiện nghi!	'454167481_949695053596866_8363445780610472133_n_900878138537351.png'	''			Đạt	Duyệt		
2024-08-15	Quảng cáo	Bùi Thị Khánh 	https://drive.google.com/file/d/1zUiwydsrdzi19GEQMj1iqi48ciM3G0JG/view?usp=drive_link	''	''	https://drive.google.com/file/d/1zUiwydsrdzi19GEQMj1iqi48ciM3G0JG/view?usp=drive_link		Đạt	Duyệt		
2024-08-15	Quảng cáo	Bùi Thị Khánh 	Nhóc này khá, phần phim nào cũng có ít nhất 1 chị đẹp 😎 Còn bạn thì khum 😆  Muốn cười khà khà và học bí kíp tán các chị thì mau mau mang sách vở ra rạp gặp Shin nhé  PHIM SHIN - CẬU BÉ BÚT CHÌ: NHẬT KÝ KHỦNG LONG CỦA CHÚNG MÌNH, đang chiếu rần rần tại rạp   #NhatKyKhungLongCuaChungMinh #Shinmovie2024VN	''	''			Đạt	Duyệt		
2024-08-15	Quảng cáo	Lưu Minh Quang	Cmt: Tiktok bị lỗi hay sao á? Mua 1 đơn thanh toán qua Zalopay mà được FREESHIP 1 NĂM nè 🤡🤡 thay vì mua lightstick 997k thì thôi lấy 997k càn quét tts cũng hợp lí nà https://km.zalopay.vn/TSui/freeshiptiktokshop	''	''	https://id.zalo.me/account/login?continue=https%3A%2F%2Foauth.zaloapp.com%2Fv4%2Fpermission%3Fapp_id%3D19240466928203470%26redirect_uri%3Dhttps%253A%252F%252Fsocial.zalopay.vn%252Flogin-gateway%252Fcallback%26scope%3Daccess_profile%252Caccess_friends_list%252Csend_msg%26state%3DaHA2WNpk6drgDKE3QD2T1nwyuzbmgz8ev59bAnbKR66bDaMojLgi9scwdAW6E3y9Q88N46LDcnsG8yPa2rY58sBJc1A54QTbZeHBFnep4z2CrJzugZiDnTdvs49xxbbP3iGmir4y2CNYgkQ3wzEJg1pwh4rbS5osgbF32oDbFCKfKrRgLoPNsXtqWd4G3vcMVyNZUpjGMb4BjDaxVfqD4T3ojBCJiG7iudUQbSgfjBsgitMsuBLQdKez9bF4mS15uz2gBt4QAznQx5z7LXQG8Tf2Yn4k2EdYFjuyJt3DQyvUg26VpUqJvkesoBp6i1BemCFyX1jhr7owKxd2t4ebxZvRrdqodp8G8xfb4q7MpBjqS768qRWVPGBjrGVKCC3Fk		Đạt	Duyệt		
2024-08-15	Quảng cáo	Lưu Minh Quang	https://drive.google.com/drive/folders/1Z_lCfu9JgMz2H2MfFZV4st5YvF-TOAOJ	''	''	https://drive.google.com/drive/folders/1Z_lCfu9JgMz2H2MfFZV4st5YvF-TOAOJ		Đạt	Duyệt		
2024-08-15	Quảng cáo	Lưu Minh Quang	TẬN HƯỞNG THU HÀ NỘI GIỮA KHÔNG GIAN NGẬP TRÀN SẮC VIỆT CỦA HIGHLANDS  Nếu trước giờ lượn lờ "mòn bánh" khu Tràng Tiền mà chẳng biết nghỉ chân ở đâu thì giờ đây, ngay trong sân Bảo tàng Lịch sử Quốc gia, một không gian thưởng thức coffee hoàn toàn mới đã xuất hiện.  Không chỉ có menu đặc biệt dành riêng cho các cửa hàng Highlands Thế Hệ Mới, Highlands Bảo tàng Lịch sử Quốc gia còn là nơi để các tín đồ coffee thả mình vào nắng, gió, cỏ cây, tận hưởng không gian "như ở nhà" với thiết kế độc đáo tôn vinh văn hoá Việt.  Các "nàng thơ" và "chàng hoạ sĩ" còn chờ gì mà không lên lịch nhâm nhi ly Phindi Cassia, Cold Brew Đào và tận hưởng Thu Hà Nội giữa không gian có 1-0-2 này.  Đặc biệt, 50 bạn check-in sớm nhất vào 2 ngày 16 - 17.08.2024 còn được nhận ngay 01 ly sứ phiên bản limited.  Highlands Bảo tàng Lịch sử Quốc gia - Số 1 Tràng Tiền, Phường Phan Chu Trinh, Quận Hoàn Kiếm, Hà Nội.  #HighlandsBaoTangLichSu #Highlandsthehemoi	''	''			Đạt	Duyệt		
2024-08-15	Quảng cáo	Phạm Hoàng My	CCHN  BẠN CÓ HẸN VỚI “VẸN NGUYÊN XUÂN TRÊN MÁI TÓC”  Ai cũng có một cảm giác xốn xang mỗi dịp Vu Lan về. Là cảm giác muốn làm gì đó để thể hiện tình yêu với cha mẹ, là cảm giác bồi hồi khi nghĩ đến tình cảm gia đình. Lời yêu thương cha mẹ đâu cần thiết phải có lí do với được nói ra. Nếu còn ngại ngần, tại sao không tìm những cách thể hiện khác, cũng tinh tế và nhẹ nhàng, dễ dàng bày tỏ sự quan tâm?  Mùa Vu Lan năm nay, Nguyên Xuân sẽ cùng những người con Việt Nam bày tỏ yêu thương và lan tỏa giá trị tốt đẹp của đạo Hiếu tại sự kiện “Vẹn nguyên xuân trên mái tóc” với các hoạt động đặc biệt ý nghĩa:   🌹 TRI ÂN TẠI “TIỆM TÓC THANH XUÂN”: Tại đây, những người con sẽ chăm sóc mái tóc cha mẹ với dầu gội dược liệu Nguyên Xuân để thể tỏ lòng biết ơn và tri ân đến bậc sinh thành. 🌹 TÔN VINH, LƯU GIỮ TẠI CUỐN ALBUM KHỔNG LỒ: Nơi người con thể hiện tình yêu thương qua việc trực tiếp trao gửi lời chúc và lưu giữ những khoảnh khắc đẹp cùng cha mẹ lên cuốn Album khổng lồ “Vẹn nguyên xuân trên mái tóc”. 🌹 LAN TỎA TẠI MUSIC MINISHOW: Music Minishow “Vẹn nguyên xuân trên mái tóc” sẽ là điểm nhấn của sự kiện với sự tham gia của nhiều khách mời nổi tiếng như ca sĩ Phạm Hồng Phước, ca sĩ Thuỳ Chi, nhà văn Hoàng Anh Tú, BTV Diệp Chi và MC Thu Hà.   Hãy dành chút thời gian để đưa cha mẹ mình đến sự kiện để cùng gắn kết tình cảm và lưu giữ những khoảnh khắc ý nghĩa trong mùa Vu Lan này bạn nhé!  #VuLan2024 #vennguyenxuantrenmaitoc #daugoiduoclieunguyenxuan  Ảnh: https://drive.google.com/file/d/1p4CN6FBRmvb5IH3hRpDSOgMK3qwWpGgF/view?usp=drive_link   Cmt:  "Comment 1: Các bạn có thể tìm hiểu thông tin sự kiện “Vẹn Nguyên Xuân Trên Mái Tóc” và đăng ký tham gia các hoạt động của sự kiện tại: https://vennguyenxuan.daugoiduoclieunguyenxuan.vn/  Comment 2: Đừng ngại tỏ lòng hiếu thảo, yêu thương với cha mẹ bằng việc tham gia thử thách gội đầu mùa Vu Lan cùng Nguyên Xuân. Tổng giá trị giải thưởng lên đến 110 triệu đồng tại đây: https://vennguyenxuan.daugoiduoclieunguyenxuan.vn/cuoc-thi-ven-nguyen-xuan-tren-mai-toc/"	''	''	https://drive.google.com/file/d/1p4CN6FBRmvb5IH3hRpDSOgMK3qwWpGgF/view?usp=drive_link		Đạt	Duyệt		
2024-08-15	Quảng cáo	Phạm Hoàng My	BEAT   TRONG VÔ VÀN NHỮNG ĐIỀU KHÓ THỰC HIỆN TRONG CUỘC ĐỜI NÀY .... BÀY TỎ YÊU THƯƠNG VỚI CHA MẸ CÓ LẼ LÀ ĐIỀU KHÓ NHẤT?   Nếu có ai hỏi tôi việc gì khó nhất, thì khỏi cần nghĩ luôn, có lẽ là việc đứng trước bậc sinh thành để thể hiện tình yêu thương 😅. Bởi vậy nên thay vì cứ đi tìm những lý do để ngần ngại, chưa làm việc đấy.... thì mùa Vu Lan này, ae hãy cùng Nguyên Xuân bày tỏ yêu thương, lan tỏa các giá trị tốt đẹp của đạo Hiếu tại sự kiện “Vẹn nguyên xuân trên mái tóc” tới bậc cha mẹ nhé cùng các hoạt động ý nghĩa nhé 😉  ❤️ TRI ÂN TẠI “TIỆM TÓC THANH XUÂN”: tham gia hoạt động “Gội đầu tỏ lòng hiếu nghĩa với cha mẹ” tại Tiệm Tóc Thanh Xuân. Tại đây, những người con sẽ chăm sóc mái tóc cha mẹ với dầu gội dược liệu Nguyên Xuân để thể tỏ lòng biết ơn và tri ân đến bậc sinh thành.  ❤️ TÔN VINH, LƯU GIỮ TẠI CUỐN ALBUM KHỔNG LỒ: thể hiện tình yêu thương qua việc trực tiếp trao gửi lời chúc và lưu giữ những khoảnh khắc đẹp cùng cha mẹ lên cuốn Album khổng lồ “Vẹn nguyên xuân trên mái tóc”.  ❤️ LAN TỎA TẠI MUSIC MINISHOW: Music Minishow “Vẹn nguyên xuân trên mái tóc” sẽ là điểm nhấn của sự kiện với sự tham gia của nhiều khách mời nổi tiếng như ca sĩ Phạm Hồng Phước, ca sĩ Thuỳ Chi, nhà văn Hoàng Anh Tú, BTV Diệp Chi và MC Thu Hà. Chương trình hứa hẹn sẽ mang lại những giây phút lắng đọng, giúp gắn kết tình cảm cha mẹ và con thông qua âm nhạc và những câu chuyện, kỷ niệm được chia sẻ bởi khách mời, khán giả.   Mùa Vu Lan này, hãy cùng cha mẹ tham gia sự kiện để trải nghiệm những khoảnh khắc đáng nhớ tại sự kiện "Vẹn nguyên xuân trên mái tóc" để thể hiện tình thương của mình dành cho cha mẹ một cách chân thành và ý nghĩa nhất nhé 500 ae 😘  #VuLan2024 #vennguyenxuantrenmaitoc #daugoiduoclieunguyenxuan  Ảnh: https://drive.google.com/file/d/1p4CN6FBRmvb5IH3hRpDSOgMK3qwWpGgF/view?usp=drive_link   Cmt:  "Comment 1: Các bạn có thể tìm hiểu thông tin sự kiện “Vẹn Nguyên Xuân Trên Mái Tóc” và đăng ký tham gia các hoạt động của sự kiện tại: https://vennguyenxuan.daugoiduoclieunguyenxuan.vn/  Comment 2: Đừng ngại tỏ lòng hiếu thảo, yêu thương với cha mẹ bằng việc tham gia thử thách gội đầu mùa Vu Lan cùng Nguyên Xuân. Tổng giá trị giải thưởng lên đến 110 triệu đồng tại đây: https://vennguyenxuan.daugoiduoclieunguyenxuan.vn/cuoc-thi-ven-nguyen-xuan-tren-mai-toc/  Comment 3: “Vẹn nguyên xuân trên mái tóc” là sự kiện có ý nghĩa văn hoá, góp phần giáo dục, tôn vinh giá trị truyền thống, gắn kết các thế hệ trong gia đình Việt do nhãn hàng dầu gội dược liệu Nguyên Xuân, Công ty Dược phẩm Hoa Linh tổ chức, dưới sự thống nhất chủ trương của Sở văn hoá và thể thao Hà Nội. Đây cũng là hoạt động thiết thực, có ý nghĩa quảng bá, thúc đẩy công nghiệp văn hóa, sáng tạo theo các tiêu chí mạng lưới các thành phố sáng tạo Unesco, đáp ứng nhu cầu của công chúng.   10 điểm không có nhưng luôn ạ 💯❤️"	''	''	https://drive.google.com/file/d/1p4CN6FBRmvb5IH3hRpDSOgMK3qwWpGgF/view?usp=drive_link		Đạt	Duyệt		
2024-08-15	Quảng cáo	Nguyễn Thị Khánh Ly	https://drive.google.com/drive/folders/1T3q9UWOtIh1_auAWQV1PFzjKoEKG4hTB	''	''	https://drive.google.com/drive/folders/1T3q9UWOtIh1_auAWQV1PFzjKoEKG4hTB		Đạt	Duyệt		
2024-08-15	Quảng cáo	Nguyễn Thị Khánh Ly	caothu:  Caption: LỘ DIỆN DÀN ANH TRAI VƯỢT SHOWMATCH "SIÊU SAO ĐẠI CHIẾN" 👀🔥  Úi xời, tinh hoa hội tụ là đây chứ còn đâu nữa :3 từ những kèo gáy mõm qua lại, giờ lại có cả một showmatch kinh điển đỉnh chóp kịch trần giữa các Hot Streamer tay to của làng game FPS. 10 điểm ko có nhưng 💯  Anh em đã sẵn sàng quẩy tung nóc cùng các idol của mình chưa =)))))  #BattleTeams2 #BT2  #truykichpc #Rambo #Bomman #500Bros #CKG #refund  #refundgaming  Comment: ⭐ Sau khi chia làm 3 đội, các đội sẽ thi đấu với nhau theo thể thức nhánh thắng - thua, tất cả đều là bo3. Trong đó có 1 đội tuyển may mắn sẽ được đợi sẵn ở chung kết nhánh thắng, 2 đội còn lại thi đấu trận mở màn. ➡️ 21h00 ngày 17/08: Thi đấu trận mở màn ➡️ 22h30 ngày 17/08: Chung kết nhánh thắng ➡️ 21h00 ngày 18/08: Chung kết nhánh thua ➡️ 22h30 ngày 18/08: Chung kết tổng ⭐ Các trận đấu sẽ được livestream trên các kênh sóng: ☑️Fanpage Truy Kích PC: Battle Team s2 ☑️Youtube Battle Teams 2 Việt Nam ☑️Youtube 500Bros FPS ☑️15 kênh stream cá nhân của 15 streamer tham dự ☑️ Phát sóng trên Nimo TV. Battle Teams 2 | One Shot One Kill - No Luck All Skill	''	''			Đạt	Duyệt		
2024-08-15	Quảng cáo	Lưu Minh Quang	fb a ui	''	''			Đạt	Duyệt		
2024-08-15	Quảng cáo	Lưu Minh Quang	XA RỒI CÁI THỜI TESTER PHẢI NGỒI ÔM MÁY TÍNH MƯỜI MẤY TIẾNG MỖI NGÀY!!!  Tầm này Tester phải ngồi ô tô di chuyển 500km mỗi ngày để tìm bug và tranh thủ làm vlogger du lịch cơ!! Thật không điêu!   Đó là câu chuyện của anh chàng kỹ sư “Road Test” Nguyễn Diệp Lê Nguyên. Công việc thường xuyên của anh là ngồi trên những chiếc xe ô tô chưa ra mắt thị trường và “bắt lỗi” những tính năng mới nhất của xe.  Thay vì ngồi phòng máy gõ phím tốc độ 10 ngón thì anh Nguyên được trải nghiệm trên những cung đường tuyệt đẹp ở gần 20 quốc gia xứ trời Âu với những lần đạp ga tốc độ lên tới 208 km/h trên cao tốc, hay có khi chỉ là…10-15km/h.   Rồi tranh thủ vừa đi làm kỹ sư vừa làm vlogger, người đàn ông có cái tên khá dài ghi lại hành trình chinh phục Châu Âu của mình qua series “Châu Âu on the go”. Ngó xem hành trình du hí Châu Âu cùng anh kỹ sư Việt này cho có động lực làm Tester này anh em ơi!  #FPTSofftware #FPTAutomotive	''	''			Đạt	Duyệt		
2024-08-15	Quảng cáo	Lưu Minh Quang	https://drive.google.com/file/d/1mrjiMWAwhtpLMBs541RV1REZw9cR_SNo/view?usp=sharing	''	''	https://drive.google.com/file/d/1mrjiMWAwhtpLMBs541RV1REZw9cR_SNo/view?usp=sharing		Đạt	Duyệt		
2024-08-15	Quảng cáo	Lưu Minh Quang	https://drive.google.com/file/d/1WfvVzAr7KchzxUSOZ88fa03HyePY6b1R/view?usp=sharing	''	''	https://drive.google.com/file/d/1WfvVzAr7KchzxUSOZ88fa03HyePY6b1R/view?usp=sharing		Đạt	Duyệt		
2024-08-15	Quảng cáo	Lưu Minh Quang	"Bước chân lấm bẩn, trái tim không ngừng tiến xa. Cùng Trúc Nhân và Huỳnh Như, hãy tự tin đối mặt với mọi thử thách và biến nó thành động lực để vươn tới thành công!  #Lamlemrucro #Lambanbattienxa #Omo"  https://drive.google.com/file/d/1evtjg2ObcNLcypeWh2Dau2LTeCFtUd8i/view?usp=sharing	''	''	https://drive.google.com/file/d/1evtjg2ObcNLcypeWh2Dau2LTeCFtUd8i/view?usp=sharing		Đạt	Duyệt		
2024-08-15	Quảng cáo	Lưu Minh Quang	"Với mỗi bước chạy lấm bẩn, bạn đang tiến gần hơn đến mục tiêu của mình. Hãy cùng Trúc Nhân và Huỳnh Như chinh phục mọi giới hạn và bật tiến xa hơn với OMO!  #Lamlemrucro #Lambanbattienxa #Omo"  https://drive.google.com/file/d/1s-98EcWz-3-GOvNJg7P5iw34UGAsz3LT/view?usp=sharing	''	''	https://drive.google.com/file/d/1s-98EcWz-3-GOvNJg7P5iw34UGAsz3LT/view?usp=sharing		Đạt	Duyệt		
2024-08-15	Quảng cáo	Anhduong Bui	check giúp A lên TikTok bên mình: https://drive.google.com/file/d/1NMKcsgpcCa7J0MxpjmalIsCXl_CsVSWg/view?usp=sharing	''	''	https://drive.google.com/file/d/1NMKcsgpcCa7J0MxpjmalIsCXl_CsVSWg/view?usp=sharing		Đạt	Duyệt		
2024-08-15	Quảng cáo	Nguyễn Thị Khánh Ly	Beat now: https://drive.google.com/file/d/1nl58rAxtpfcRwzUTWmfa_WA-g0kpq-8I/view?usp=sharing	''	''	https://drive.google.com/file/d/1nl58rAxtpfcRwzUTWmfa_WA-g0kpq-8I/view?usp=sharing		Bách	Duyệt		
2024-08-15	Quảng cáo	Lưu Minh Quang	https://drive.google.com/file/d/1B8T1fzcACV44TflZBY_EVXj4mLm4DVbN/view?usp=sharing  Caption: Lời tuyên bố cực căng đến từ Quyền Leo!	''	''	https://drive.google.com/file/d/1B8T1fzcACV44TflZBY_EVXj4mLm4DVbN/view?usp=sharing		Bách	Duyệt		
2024-08-15	Quảng cáo	Lưu Minh Quang	Beatvn    Cmt:  Không nói nhiều, Tiktokshop tặng 1 năm FREESHIP khi thanh toán qua Zalopay nè 👉  https://km.zalopay.vn/TSui/freeshiptiktokshop	''	''	https://id.zalo.me/account/login?continue=https%3A%2F%2Foauth.zaloapp.com%2Fv4%2Fpermission%3Fapp_id%3D19240466928203470%26redirect_uri%3Dhttps%253A%252F%252Fsocial.zalopay.vn%252Flogin-gateway%252Fcallback%26scope%3Daccess_profile%252Caccess_friends_list%252Csend_msg%26state%3D12dZeJHsxDXLP4v95PNKzN2qqH6NhDVEhhykg6Hm2QsY5jKmX2kv5KggBnwTFbGQzUz8amfazUfWteME5pXFjqDUUrxARLvARgg7X7LC9V961hPu8ZzzndmRLqkKHNr8x8qcdd5xFySQtmTtWfDzcKjtaan7TtrzNAK8Zt689hgxiF2q9ZDXLPKUqoYpZgMkzFnFdBJD2ffFBKV3wL4M13LtAEEhj3cRmYjFZQJZe1WnDmSRjshEroX21UjYntTGzeqf5BTy7Cxqr3VhfpZvH6zdA5mMRUN4k2SeghzdPCT7jJauvaryYHVBRr4F1CTgAFZk8zXvgoXXs3gd9geUjrdP88UBtKKGUm7KJ266bQSoddfMttvJKrtCNAf3GFugXauX		Đạt	Duyệt		
2024-08-15	Quảng cáo	Nguyễn Thị Khánh Ly	https://drive.google.com/drive/folders/1mgpguL895egc7Rqj9gpgjLTM-Gr-WS4T	''	''	https://drive.google.com/drive/folders/1mgpguL895egc7Rqj9gpgjLTM-Gr-WS4T		Đạt	Duyệt		
2024-08-15	Quảng cáo	Nguyễn Thị Khánh Ly	https://drive.google.com/file/d/1Db94rGCpo8hxNM1sKWTodXBjqDU-WZ69/view?usp=drive_link  Caption: Sơn Tùng M-TP trở lại với bài hát mới kết hợp cùng Ponnie	''	''	https://drive.google.com/file/d/1Db94rGCpo8hxNM1sKWTodXBjqDU-WZ69/view?usp=drive_link		Đạt	Duyệt		
2024-08-15	Quảng cáo	Bùi Thị Khánh 	https://docs.google.com/document/d/1T5c1dcodaSlAcEUCxDp9KF6EOd34QZezxvVnBMOXTpM/edit	''	''	https://docs.google.com/document/d/1T5c1dcodaSlAcEUCxDp9KF6EOd34QZezxvVnBMOXTpM/edit		Đạt	Duyệt		
2024-08-15	Quảng cáo	Nguyễn Thị Khánh Ly	https://drive.google.com/drive/folders/1994IKTCUpnolmC1bR5gRAFM0Q0zYaL16?fbclid=IwY2xjawEqQ9xleHRuA2FlbQIxMAABHdxxJhCNXz7Fug8KKolKkG8IyVqKDEyV95wVAOIDMT-odG_9fLGoEhO0lw_aem_hHdriboI9DYyYSzjixC_pg	''	''	https://drive.google.com/drive/folders/1994IKTCUpnolmC1bR5gRAFM0Q0zYaL16?fbclid=IwY2xjawEqQ9xleHRuA2FlbQIxMAABHdxxJhCNXz7Fug8KKolKkG8IyVqKDEyV95wVAOIDMT-odG_9fLGoEhO0lw_aem_hHdriboI9DYyYSzjixC_pg		Bách	Duyệt		
2024-08-15	Quảng cáo	Nguyễn Thị Khánh Ly	ACHP:  Dân Hải Phòng mà chưa đến check in ở đây thì quá có lỗi với mấy bộ đồ đẹp 😎 Thời tiết vào thu rồi TAG ngay đứa bạn thân lên đồ check in nào  — 📌Quảng trường châu  u, phố đi bộ Vũ Yên, Hải Phòng  📸Dung kúc Sộp Pe  #phodibovuyen	''	''			Bách	Duyệt		
2024-08-15	Quảng cáo	Bùi Thị Khánh 	Caption:  MANG HẾT CÁC ĐƠN HÀNG ĐẾN ĐÂY CHO TÀI XẾ GIAO HÀNG NHANH NÀO, GIAO ĐƠN TRÊN CON XE MỚI ĐỘ TỪ XE TẢI THÀNH " SIÊU XE TẢI" CỰC NGẦU, BẬT TỐC ĐỘ GIAO HÀNG SIÊU NHANH CHO SHOP IU YÊN TÂM  #giaohangnhanh #giaosieunhanh #giasieutot #GHN #12namGHN #GHN12nam  Clip: https://drive.google.com/file/d/1jHIteoHFXh20B1eC6iHyOyb6jqIC8dgA/view?usp=sharing	''	''	https://drive.google.com/file/d/1jHIteoHFXh20B1eC6iHyOyb6jqIC8dgA/view?usp=sharing		Bách	Duyệt		
2024-08-14	Quảng cáo	Nguyễn Thị Khánh Ly	BEATVN: Nhìn vào mắt ảnh và khai mau, có ai chưa xem HƠN CẢ SỐ 1 không? #HCS1 #Hơn_Cả_Số_1 #Ponnie #SonTungMTP Visual: https://drive.google.com/file/d/1OsJMZipADJjTSlfeiwgow-clmIoTaMfB/view?usp=drive_link	''	''	https://drive.google.com/file/d/1OsJMZipADJjTSlfeiwgow-clmIoTaMfB/view?usp=drive_link		Đạt	Duyệt		
2024-08-14	Quảng cáo	Nguyễn Thị Khánh Ly	check giúp c với, có 2 opt trong link nha em: https://imgur.com/a/564TN2d?fbclid=IwY2xjawEpaE9leHRuA2FlbQIxMAABHUqcbe44IS4y8m7w-m8kRuwAkj13wIKfZ7NMAMqIc5nrda7TfaT89Oq8SA_aem__lriHoyNzLJ0eg5u6yy9Bw	''	''	https://imgur.com/a/564TN2d?fbclid=IwY2xjawEpaE9leHRuA2FlbQIxMAABHUqcbe44IS4y8m7w-m8kRuwAkj13wIKfZ7NMAMqIc5nrda7TfaT89Oq8SA_aem__lriHoyNzLJ0eg5u6yy9Bw		Đạt	Duyệt		
2024-08-14	Quảng cáo	Nguyễn Thị Khánh Ly	Kiến Không Ngủ: ---------- NGHỈ QUỐC KHÁNH 4 NGÀY, BAY KHÔNG LO HẾT CHỖ, HẾT VÉ VỚI VIETJET   Trong dịp cao điểm lễ Quốc Khánh, dự kiến dự kiến kéo dài 4 ngày từ 31/8 đến 3/9, hãng hàng không Vietjet dự kiến sẽ tăng 25.000 chỗ, tương đương với 120 chuyến bay để đáp ứng nhu cầu di chuyển của người dân và du khách trên khắp mạng bay trong nước, quốc tế của hãng.  Các đường bay du lịch nội địa đến và đi từ TP.HCM, Hà Nội, Đà Nẵng, Nha Trang, Phú Quốc, Huế,… sẽ được Vietjet mở bán thêm nhiều số lượng vé.  Vi vu dịp lễ bay Vietjet giá ưu đãi chỉ từ 0 đồng trong khung giờ vàng từ 12h00 đến 14h00 mỗi ngày, săn ngay để có kỳ nghỉ thật tiết kiệm & "hạt rẻ" nha!   Comment:  Hành khách có thể đặt vé bay sớm trên website www.vietjetair.com và ứng dụng điện thoại Vietjet Air đồng thời săn khuyến mãi giá vé chỉ từ 0 đồng trong khung giờ vàng từ 12h00 đến 14h00 mỗi ngày, tặng hành lý ký gửi cho khách bay Eco, giảm 30% giá vé cho khách chọn bay hạng Business, SkyBoss trên khắp các đường bay trong nước, quốc tế đến Australia, Ấn Độ, Nhật Bản, Hàn Quốc, Trung Quốc, Thái Lan, Singapore, Malaysia, Indonesia, Lào, Campuchia…	'452623653_1080013273467353_3358070313156035701_n_465330109656377.png'	''			Đạt	Duyệt		
2024-08-14	Quảng cáo	Nguyễn Thị Khánh Ly	VIETJET TĂNG 25 NGHÌN CHỖ PHỤC VỤ KÌ NGHỈ LỄ QUỐC KHÁNH 2/9  Không lo hết vé, hết chỗ nhé cả nhà ơi!!   Nghỉ lễ Quốc khánh dự kiến kéo dài 4 ngày từ 31/8 đến 3/9, hãng hàng không Vietjet dự kiến sẽ tăng 25.000 chỗ, tương đương với 120 chuyến bay để đáp ứng nhu cầu di chuyển của người dân và du khách trên khắp mạng bay trong nước, quốc tế của hãng.  Theo đó, Vietjet mở bán thêm vé trên nhiều đường bay du lịch nội địa đến và đi từ TP.HCM, Hà Nội, Đà Nẵng, Nha Trang, Phú Quốc, Huế,… Ngoài ra Vietjet cũng đang có khuyến mãi giá vé chỉ từ 0 đồng (* ) trong khung giờ vàng từ 12h00 đến 14h00 mỗi ngày, tặng hành lý ký gửi cho khách bay Eco, giảm 30% giá vé cho khách chọn bay hạng Business, SkyBoss (* ) trên khắp các đường bay trong nước, quốc tế đến Australia, Ấn Độ, Nhật Bản, Hàn Quốc, Trung Quốc, Thái Lan, Singapore, Malaysia, Indonesia, Lào, Campuchia…   Chưa hết, hãng còn bổ sung nhân sự tại các sân bay để hỗ trợ người dân, du khách làm thủ tục cũng như mang tới trải nghiệm bay xanh Vietjet với dịch vụ tận tâm từ phi hành đoàn chuyên nghiệp trên tàu bay hiện đại.  Nghỉ lễ anh em đi chơi, về quê thì cứ yên tâm chọn bay cùng Vietjet nhé!!	'454728165_851223470281582_552761783679124691_n_1449963365656790.jpg'	''			Bách	Duyệt		
2024-08-14	Quảng cáo	Bùi Thị Khánh 	https://drive.google.com/drive/folders/1vHaxzk-VIRhygWTpIpM884HgDIY_6fLg?usp=sharing	''	''	https://drive.google.com/drive/folders/1vHaxzk-VIRhygWTpIpM884HgDIY_6fLg?usp=sharing		Đạt	Duyệt		
2024-08-14	Quảng cáo	Bùi Thị Khánh 	Sài Gòn Nghenn  TẬN HƯỞNG KHÔNG GIAN SIÊU CHILL GIỮA THIÊN NHIÊN HOANG SƠ TẠI GARRYA MÙ CANG CHẢI  Tạm biệt thành phố ồn ào, xô bồ, ta sẽ đến với một nơi thật chill giữa thiên nhiên hoang sơ để chữa lành tâm hồn - Garrya Mù Cang Chải chính là điểm đến lý tưởng dành cho mọi người.  Nằm giữa những thửa ruộng bậc thang kỳ vĩ, Garrya Mù Cang Chải là nơi mà bạn có thể thật sự thư giãn và nạp lại năng lượng. Không cần phải đi xa, chỉ cần một chuyến bay là đủ để trải nghiệm:  ✨ Phòng nghỉ dưỡng sang trọng với view núi non cùng ruộng bậc thang đẹp mê hồn. ✨ Trải nghiệm văn hóa vùng cao Tây Bắc với các hoạt động khám phá độc đáo. ✨ Ẩm thực đậm đà bản sắc địa phương, từ xôi nếp nương đến rượu cần thơm lừng. ✨ Đắm mình trong không gian thiên nhiên yên bình, tách biệt khỏi ồn ào phố thị.  Khu nghỉ dưỡng cực chill này sẽ chính thức mở cửa đón khách từ 31/08/2024 - thời điểm tuyệt vời để tận hưởng không khí trong lành cùng hương thơm lúa chín của núi rừng Tây Bắc. Có dịp nhất định phải tới đây tận hưởng kỳ nghỉ nha cả nhà!   #SaiGonNghenn #GarryaMuCangChai #MuCangChai #TayBac	''	''			Đạt	Duyệt		
2024-08-14	Quảng cáo	Bùi Thị Khánh 	| 14 . 08 . 2024 - Hà Nội ngày chuyển mùa | Thời tiết miền Bắc đang trong giai đoạn chuyển mùa, nắng nóng cũng bớt oi ả, những cơn gió mát làm cảm xúc ta cũng nhẹ nhàng hơn!! Đây cũng là thời gian thích hợp cho những ai thích đến các điểm núi rừng vùng cao, tìm những khoảng lặng trong bản thân. Đặc biệt tại Mù Cang Chải nổi tiếng tràn ngập trong một màu vàng óng của lúa chín. Hơn nữa, thời tiết lúc này khá ôn hoà, mát mẻ. Bồng bềnh những đợt sóng vàng gối đầu nhau theo từng đợt gió!!!  Mới đây, Garrya Mù Cang Chải - Thiên đường nghỉ dưỡng mới tại non cao Tây Bắc chính thức mở cửa từ 31/08/2024. Anh em Hà Nội ơi, đã sẵn sàng cho một hành trình khám phá mới chưa? Nếu đang tìm kiếm một nơi để “trốn” khỏi những xô bồ phố thị và tận hưởng không gian yên bình giữa núi rừng, hãy cùng khám phá Garrya Mù Cang Chải ngay nhé!  Nằm giữa lòng thiên nhiên hùng vĩ của Tây Bắc, Garrya Mù Cang Chải là điểm đến lý tưởng để bạn tìm về sự an yên trong tâm hồn. Từ những căn phòng nghỉ dưỡng sang trọng, bạn có thể phóng tầm mắt ra toàn cảnh ruộng bậc thang trải dài bất tận, nơi bức tranh thiên nhiên đầy màu sắc của Mù Cang Chải hiện lên đẹp như mơ.  Đừng bỏ lỡ cơ hội trở thành những vị khách đầu tiên trải nghiệm Garrya Mù Cang Chải vào 31/08 này nhé!! #ChuyenCuaHaNoi #GarryaMuCangChai #MuCangChai #NghiDuong #DuLichTayBac  Comment sau khi post bài:  CMT1: ✨ Tại Garrya Mù Cang Chải, bạn sẽ có cơ hội: • Được đắm chìm trong không gian nghỉ dưỡng xanh mát, lắng nghe tiếng gió thì thầm qua từng tán cây. • Thưởng thức những món ăn được chế biến tinh tế. • Tận hưởng dịch vụ chăm sóc sức khỏe và spa thư giãn hoàn hảo. Nếu bạn đang muốn tìm kiếm một trải nghiệm nghỉ dưỡng khác biệt, hãy đến với Garrya Mù Cang Chải để cảm nhận trọn vẹn vẻ đẹp và sự thanh bình của vùng cao nguyên Tây Bắc.  CMT 2: Tưng bừng đón khách, khu nghỉ dưỡng Garrya Mù Cang Chải giảm giá lên tới 30% giá phòng cùng nhiều ưu đãi hấp dẫn khác. Thông tin chi tiết tại: https://www.garrya.com/vi/destinations/mu-cang-chai/offers/special-opening-offer-your-first-garrya-moments	''	''	https://www.garrya.com/vi/destinations/mu-cang-chai/offers/special-opening-offer-your-first-garrya-moments		Bách	Duyệt		
2024-08-14	Quảng cáo	Bùi Thị Khánh 	Đủ rau củ, hoa quả, thịt cá... chỉ trong 1 hộp sữa Omega, tại sao không :)  Combo bánh mì - sữa dinh dưỡng Omega chỉ với 20k, đơn giản nhưng đủ chất, nạp năng lượng nhanh hơi bị được của người nhiều công việc như tôi đấy!!! Kể sơ thì trong 1 hộp sữa chứa hàm lượng dinh dưỡng tương đương:  - Hàm lượng đạm của 1 quả trứng - Vitamin B5, B2 của 48gr thịt bò - Vitamin B1 của 25gr hạt hạnh nhân - I-ốt của 49gr thịt cá - Canxi của 365gr súp lơ - Kali của 1 quả chuối nhỏ - Phốt pho của 3 miếng bánh mì nguyên cám Đặc biệt, sữa dinh dưỡng VPMilk Omega còn có thêm Vitamin A giúp sáng mắt, D3 giúp chắc xương và Omega giúp tăng cường trí nhớ, những dưỡng chất đúng dành cho người đam mê công việc.  Năng lượng chạy đua với thời gian, bí quyết của người bận rộn :))	'455057076_1199021634472434_4092960047926801023_n_1199021631139101.png'	''			Đạt	Duyệt		
2024-08-14	Quảng cáo	Bùi Thị Khánh 	- Caption: SAU NÀY NẾU CÓ DỊP NHẤT ĐỊNH PHẢI ĐẾN HAKODATE MỘT LẦN!!  Lấy bối cảnh thành phố Hakodate, Hokkaido, phần phim thứ 27 của Conan đã mang các đại cảnh đẹp nhất của thành phố này lên màn ảnh, đặc biệt là Dạ cảnh triệu đô - nơi diễn ra màn tỏ tình chấn động của Heiji - Kazuha và Pháo đài Goryokoku - nơi cất giấu bí mật chính của cả tập phim.   Phải nói là anime Nhật mấy màn đưa hình ảnh đời thật lên màn ảnh này quá đỉnh chóp đi. Anh em ra rạp xem Conan nhớ ngồi lại xem hết phần credit, các hình ảnh Hakodate ngoài đời thật cứ gọi là mê luôn.   #PhimConan2024VN  - Hình (mình lấy các hình trong này và đăng format multi image giúp H nhé): https://drive.google.com/drive/folders/1AS-Jh-83cKckKQgXONd-00RyYKM8Q252	''	''	https://drive.google.com/drive/folders/1AS-Jh-83cKckKQgXONd-00RyYKM8Q252		Đạt	Duyệt		
2024-08-14	Quảng cáo	Bùi Thị Khánh 	https://drive.google.com/file/d/1jHIteoHFXh20B1eC6iHyOyb6jqIC8dgA/view?usp=sharing	''	''	https://drive.google.com/file/d/1jHIteoHFXh20B1eC6iHyOyb6jqIC8dgA/view?usp=sharing		Đạt	Duyệt		
2024-08-14	Quảng cáo	Bùi Thị Khánh 	https://drive.google.com/drive/folders/11xFFPhsaa2e4lz4SaM1WExEZEJnYqnCr	''	''	https://drive.google.com/drive/folders/11xFFPhsaa2e4lz4SaM1WExEZEJnYqnCr		Đạt	Duyệt		
2024-08-14	Quảng cáo	Bùi Thị Khánh 	- BEATVN: XẢ HÌNH CHECK IN CÙNG HƠN 9K RUNNERS, YAMAHA TIỆN THỂ FLEX LUÔN MÀN DẪN ĐẦU ĐOÀN CHẠY CHẤT ĐỪNG HỎI Đúng như DNA thể thao của nhà Yamaha, giải chạy VnExpress Marathon Nha Trang 2024 với sự đồng hành của Yamaha đã tạo nên sân chơi thể thao đỉnh cao cho các anh chị em đam mê!  Cũng trong chương trình, Yamaha mang đến cho các runners không gian trải nghiệm các hoạt động vui tới bến như chơi game nhận quà xịn, lái thử các siêu phẩm nhà Ya, đo in-body miễn phí, khu trưng bày Revzone, được hướng dẫn giãn cơ sau khi vận động,... Vừa được chạy vui cùng đồng đội, vừa được lái thử xe, phải nói là "max cả đôi đường".  Đúng với tinh thần sống xanh sống khoẻ, Yamaha Neo's là dòng xe điện sở hữu công nghệ hiện đại chuẩn Châu Âu, được trang bị Smartkey, ứng dụng Y- connect, cổng sạc điện thoại phía trước tiện lợi, cốp siêu rộng 27L, 2 chế độ lái và khả năng di chuyển lên đến 144km với 2 pin, sẵn sàng đồng hành cùng bạn trên bất cứ chặng đường nào.  Giờ thì cùng nhau chiêm ngưỡng những khoảnh khắc đáng nhớ của các VĐV ngày hôm ấy cùng Yamaha nhé! #Yamaha #YamahaNEOS #ShineYourStyle	''	''			Đạt	Duyệt		
2024-08-14	Quảng cáo	Lưu Minh Quang	ĐÁM CƯỚI ĐÁM CƯỚI VỀ!!! NHƯNG SAO ĐÁM CƯỚI NÀY NÓ LẠ LẮM!!!  Giang cư mận mới đây bất ngờ trước một lễ cưới phong cách cổ trang đi dọc thuyền trên sông Sài Gòn. Không khỏi ngỡ ngàng mắt chữ "A" mồm chữ "O" trước sự độc lạ này, anh em game thủ còn nhận ra sự góp mặt của Thảo Da Ua là nữ chính của đám cưới!!!  Đám cưới trên sông Sài Gòn thì đủ hiểu độ chất chơi như nào rồi đấy!! Ông anh VNG lần này chơi lớn đầu tư tiền tỷ để tổ chức trong game ra ngoài đời thực, đầu tư quá trời quá đất thế này thì tại hạ xin bái phục!!!   Xịn sò như vậy còn gì nữa, anh em game thủ còn không mau tranh thủ tìm chân ái của đời mình đi còn gì nữa!!!	''	''			Đạt	Duyệt		
2024-08-14	Quảng cáo	Lương Phương Thảo	Sài Gòn nghenn    Caption:  Tưởng lạ mà quen, Tiger Crystal phiên bản Coolpack 250ml mới đã xuất hiện và tung hoành khắp mọi bàn tiệc Sài Gòn rồi đây!!!  Lon mới làm lạnh nhanh hơn, uống đã hơn, đảm bảo là sảng khoái đến ngụm cuối cùng 🍻Anh em nào thử rồi thì để lại comment review phát nha 👇👇👇  #TigerBeer #TigerCrystal #TigerCrystalCoolpack250ml    Visual: https://drive.google.com/file/d/1MGLGgTg3aA4dqlbzHasZPNiREK8kIxO2/view?usp=share_link	''	''	https://drive.google.com/file/d/1MGLGgTg3aA4dqlbzHasZPNiREK8kIxO2/view?usp=share_link		Đạt	Duyệt		
2024-08-13	Quảng cáo	Lưu Minh Quang	CGV: https://bit.ly/CGV-HANDSOME-GUYS   GALAXY: https://www.galaxycine.vn/dat-ve/handsome-guys/   CINESTAR: https://cinestar.com.vn/movie/0343752a-ef82-49d7-9a8f-690429e4c825/   MOVEEK: https://moveek.com/lich-chieu/dep-trai-thay-sai-sai/   BHD: https://bhdstar.vn/dat-ve/?f=handsome-guys#/   LOTTE: https://www.lottecinemavn.com/LCHS/Contents/Movie/Movie-Detail-View.aspx?movie=11523   MEGAGS: https://m.megagscinemas.vn/Phim/dep-trai-thay-sai-sai/	''	''	https://www.cgv.vn/default/handsome-guys.html?deeplink=Y2d2Y2luZW1hc3ZpZXRuYW06Ly9tb3ZpZS82OTE5		Đạt	Duyệt		
2024-08-13	Quảng cáo	Bùi Thị Khánh 	https://drive.google.com/file/d/13nTj79vas-XBVtOVz9mUg9LZXW--WqDM/view?usp=sharing	''	''	https://drive.google.com/file/d/13nTj79vas-XBVtOVz9mUg9LZXW--WqDM/view?usp=sharing		Đạt	Duyệt		
2024-08-13	Quảng cáo	Bùi Thị Khánh 	@Thành Đạt tớ chuẩn bị gửi check	''	''			Đạt	Duyệt		
2024-08-13	Quảng cáo	Bùi Thị Khánh 	SÀI GÒN NGEN - 20H   Caption: NHỜ CHỊ SHIPPER NHIỆT TÌNH, MÌNH THẤY MẸ MÌNH ĐỠ CÔ ĐƠN  Mẹ mình mở một quán ăn nhỏ ở quê, từ hồi dịch thì mẹ có mở bán online thêm trên Grab. Mình thì ở xa, lâu lâu mới về nhà được một lần nên cũng áy náy vì để mẹ một mình luôn tay luôn chân làm lụng vất vả. Nhưng gần đây mình thấy mẹ vui lắm.   Bạn Grab trong hình là shipper ruột quán mẹ mình, bạn hay nhận ship quanh khu vực này nên gần như ngày nào cũng chạy qua lấy 2-3 đơn. Nay bạn qua lấy đơn như mọi ngày, mình thấy mẹ mình và bạn shipper nói chuyện như con cháu trong nhà, bạn còn chẳng ngại vào phụ mẹ mình một tay khi thấy mẹ và mình đang bận gói đồ cho khách. Nào thì bào xoài, lăng xăng dọn tới dọn lui bàn ghế luôn, và kèm một câu dễ thương lắm "Nay có con gái về nhìn cô vui quá cô haaa".  Mình sống xa mẹ, nhiều khi muốn chăm sóc mẹ cũng khó và ở xa thì cũng lo lắng mẹ vất vả nhưng thấy nhờ những shipper như bạn mà mẹ mình vui vẻ hẳn, tối gọi điện cho con gái cũng hay kể là mấy bạn shipper ruột y chang người nhà. Cảm ơn các bạn shipper đã hết lòng với mẹ và quán của mẹ từ hồi mở mẹ mở online còn chưa rành cách sử dụng app, cho đến khi có đơn đều đều như bây giờ. Trước mình cũng lo mẹ ở nhà cô đơn, buồn này kia nhưng giờ thấy mẹ vui vẻ, nhà cửa tấp nập, mình thấy an tâm hơn rất nhiều. -Chuyện lượm lặt-  Visual: https://drive.google.com/file/d/14_JBO-DjHyO5XX1muxnR6-qnPetZXEa9/view?usp=drive_link	''	''	https://drive.google.com/file/d/14_JBO-DjHyO5XX1muxnR6-qnPetZXEa9/view?usp=drive_link		Đạt	Duyệt		
2024-08-13	Quảng cáo	Thành Đạt	2. Không phải đèn xanh nào cũng được quẹo trái (ví dụ các cung đường đắc địa như Nguyễn Văn Linh, Phạm Văn Đồng, Võ Văn Kiệt, Quốc lộ 1,…) muốn rẽ trái thì vào lane rẽ trái hoặc chạy vào đường bên phải để chờ, còn cố tình rẽ trái thì chúc mừng bạn quay vào ô bị các chú dí 🙆‍♀️  sửa "chúc mừng bạn quay vào ô bị các chú dí 🙆‍♀️" chúc mừng bạn quay vào ô mất xèng🙆‍♀️"	''	''				Duyệt		
2024-08-13	Quảng cáo	Thành Đạt	ukm lấy cái cắt nhé	''	''				Duyệt		
2024-08-13	Quảng cáo	Lưu Minh Quang	ver cut đúng k a	''	''			Đạt	Duyệt		
2024-08-13	Quảng cáo	Lưu Minh Quang	xem clip nào oke ạ	''	''			Đạt	Duyệt		
2024-08-13	Quảng cáo	Thành Đạt	máu thường để mất màu	''	''				Duyệt		
2024-08-13	Quảng cáo	Lưu Minh Quang	máu là pahir che hết à a	''	''			Đạt	Duyệt		
2024-08-13	Quảng cáo	Nguyễn Thị Khánh Ly	https://drive.google.com/drive/folders/1mgpguL895egc7Rqj9gpgjLTM-Gr-WS4T  Cap: Hóng quá Sky ơi!!!	''	''	https://drive.google.com/drive/folders/1mgpguL895egc7Rqj9gpgjLTM-Gr-WS4T		Đạt	Duyệt		
2024-08-13	Quảng cáo	Nguyễn Thị Khánh Ly	Check lại c nba	''	''			Đạt	Duyệt		
2024-08-13	Quảng cáo	Nguyễn Thị Khánh Ly	https://drive.google.com/file/d/18iWp-1XpxCYopuINkJzueyxPFq3INKVU/view?usp=sharing	''	''	https://drive.google.com/file/d/18iWp-1XpxCYopuINkJzueyxPFq3INKVU/view?usp=sharing		Đạt	Duyệt		
2024-08-13	Quảng cáo	Nguyễn Thị Khánh Ly	BEATVN FB: Nhìn vào mắt ảnh và khai mau,  có ai chưa xem bài mới của chủ tịch collab cùng Ponnie không? #HCS1 #Hơn_Cả_Số_1 #Ponnie #SonTungMTP https://drive.google.com/file/d/17L3fkNSI7jYVzyAlOohD4zpMcC8c2ncl/view?usp=drive_link	''	''	https://drive.google.com/file/d/17L3fkNSI7jYVzyAlOohD4zpMcC8c2ncl/view?usp=drive_link		Đạt	Duyệt		
2024-08-13	Quảng cáo	Bùi Thị Khánh 	XANH SM "BẮT TAY" VINBUS NỐI DÀI HÀNH TRÌNH DI CHUYỂN XANH!  Nhằm xoá tan nỗi lo phải đi bộ tới các trạm dừng phương tiện công cộng thì từ 15/08, người dân Hà Nội và Thành phố Hồ Chí Minh có thể sử dụng tính năng kết hợp lộ trình Door to Door trên ứng dụng VinBus để nhận ngay các đề xuất di chuyển đa phương tiện gồm: xe buýt truyền thống, VinBus và xe máy điện Xanh SM.   Thoải mái vi vu phố xá, không còn phải tra cứu tuyến xe một cách thủ công cùng nỗi sợ lên nhầm chuyến, tính năng Door to Door mang đến trải nghiệm tiện lợi và tối ưu chi phí nhất dành cho khách hàng.   Team đi bus kỳ này khoẻ re rùi nhaaa!!	''	''			Đạt	Duyệt		
2024-08-13	Quảng cáo	Bùi Thị Khánh 	TIỆN LỢI VÔ CÙNG: Xanh SM kết hợp VinBus nối dài hành trình di chuyển xanh 🚌 🛵  Đi đâu cũng tiện, đi đâu cũng xanh là đây!    Từ ngày 15/08, người dân Hà Nội và Thành phố Hồ Chí Minh có thể sử dụng tính năng kết hợp lộ trình Door to Door trên ứng dụng VinBus để nhận ngay các đề xuất di chuyển đa phương tiện gồm: xe buýt truyền thống, VinBus và xe máy điện Xanh SM.    Di chuyển linh hoạt, dễ dàng, không sợ lên nhầm chuyến hay tra cứu các tuyến xe mâyts thời gian, Door to Door đơn giản hóa mọi lộ trình để bạn đi đâu cũng tiện!    Sự kết hợp quá xịn và hay ho, thoải mái đi đó đi đây thôi!!	''	''			Bách	Duyệt		
2024-08-13	Quảng cáo	Nguyễn Thị Khánh Ly	Beatvn: LÚ LUÔN!!! KHÔNG CHỈ LÀ ÂM NHẠC - BÀI HÁT MỚI CỦA SƠN TÙNG M-TP ẨN Ý MỘT CHUỖI NHIỆM VỤ BẤT NGỜ CÙNG PHẦN QUÀ BÍ MẬT CHO CÁC SKY!!! Mới đây, Capyboiii của chúng ta có màn song kiếm hợp bích cùng anh tài Ponnie ra mắt bài hát "Hơn cả số 1", ghi nhận sự chăm chỉ ra đến bài hát thứ 3 trong năm 2024!! Không chỉ giai điệu bắt tai, vũ đạo đẹp mắt, hiệu ứng sống động, nữ chính trong bài hát cũng khiến giang cư mận đứng ngồi không yên trước sự ngoan xinh yêu của cô. Hơn nữa, trong lần ra mắt bài hát mới này, Sơn Tùng M-TP và Ponnie ẩn ý một chuỗi nhiệm vụ cùng những phần quà bí mật. Hóng quá bà con ơi, không biết rằng làm sao để lụm quà từ chủ tịch "sai đẹp chiêu" này đây!!!  Nhưng theo nguồn tin admin hóng hớt được thì mỗi nhiệm vụ sẽ xuất hiện ngay khi bài hát đạt cột mốc nào đó. 500 anh em Sky ơi, thời đến rồi, đi cày view ngay thooii!!!	''	''			Đạt	Duyệt		
2024-08-13	Quảng cáo	Bùi Thị Khánh 		'453894250_2420505344947871_4260459322122781701_n_2420505341614538.png'	''			Bách	Duyệt		
2024-08-13	Quảng cáo	Lưu Minh Quang	Cmt: Hè này ai chưa đi chơi thì tranh thủ nhập mã ZLPKS để đc giảm 50k khi tt bằng Zalopay trên Traveloka nha. (vdo đính kèm cmt https://drive.google.com/file/d/1YnbsnLIToT9LTlU5uTovNWF40IE6PLpj/view?usp=sharing)	''	''	https://drive.google.com/file/d/1YnbsnLIToT9LTlU5uTovNWF40IE6PLpj/view?usp=sharing		Đạt	Duyệt		
2024-08-13	Quảng cáo	Thanh Hương	"Cap: Bất ngờ với lý do của Lan Khuê khi chọn hợp tác cùng Delia  Video: https://drive.google.com/file/d/1WH-EfBHzTyRRYEYoTyAOD-2_tBHKxFEh/view?usp=sharing"	''	''	https://drive.google.com/file/d/1WH-EfBHzTyRRYEYoTyAOD-2_tBHKxFEh/view?usp=sharing		Đạt	Duyệt		
2024-08-13	Quảng cáo	Lương Phương Thảo	Internet Explore Beta ------------ YÊU CẦU GIẢI CỨU CÁ BỐNG, LÀNG TẤM CÁM KIỂU NÀY BỐNG NÀO MÀ DÁM NGOI LÊN NỮA!!!  Hôm rồi coi được đoạn cho Bống ăn mà ớn đến tận giờ này luôn, giờ lại thấy màn thử hài trông hơi óe 🥲.  Tấm Cám version kinh dị như này chắc lần đầu gặp. Không còn sáng sủa như bản gốc nữa mà nâng level với “m.áu chịt kịch trần”, xi rô tràn viền, hứa hẹn góc nhìn “đỏ bầm” nếu so với cổ tích.  Poster cỡ này ko biết trailer ét ò ét cỡ nào, quả này chắc chắn không chỉ có Tấm, Cám nữa mà hẳn là phải có kẻ thứ 3 đi gank cả làng rồi. Mời anh em bổ quả dị bản kinh dị Tấm Cám với cốt truyện lạ điên này sẽ diễn biến như nào phát!   #Cam #TamCamkinhdi #Tamcam #ConCam	''	''			Đạt	Duyệt		
2024-08-13	Quảng cáo	Lương Phương Thảo	Xem gì bây giờ: ------------ KIẾP NẠN CỦA CÁ BỐNG CHƯA QUA, TẤM CÁM KINH DỊ TUNG TIẾP HINT CHO CẢNH THỬ HÀI RÙNG RỢN, BẤT ỔN!!  Khác biệt thực sự so với bản cổ tích Tấm Cám nguyên gốc, đâu đâu cũng thấy "máu me kịch trần", sting đỏ tràn viền từ bàn tay gớm guốc cho Bống ăn giờ đến cả bàn chân ớn rùng mình đeo thử hài 🥲🥲  Với những poster ghê rợn của Tấm Cám kinh dị được tung ra gần đây có ai đoán được chuyện gì đang xảy ra không? Poster đây còn trailer đâu, giơ tay lên và giao trailer ra đây mau 😡😡😡  #Cam #TamCamkinhdi #Tamcam #ConCam	''	''			Đạt	Duyệt		
2024-08-13	Quảng cáo	Bùi Thị Khánh 	https://docs.google.com/document/d/11HM-Rey0s3w2HxGUOZ_OIh2nacYuc6ALdrV45JarODo/edit	''	''	https://docs.google.com/document/d/11HM-Rey0s3w2HxGUOZ_OIh2nacYuc6ALdrV45JarODo/edit		Đạt	Duyệt		
2024-08-13	Quảng cáo	Nguyễn Thị Khánh Ly	PICKLEBALL BỘ MÔN HÓT RẦN RẦN NĂM 2024!!!  Trong mùa hè năm nay, "cơn sốt" của Pickleball - bộ môn thể thao mới đang hót rần rần trong cộng đồng. Thì mới đây, Vinhomes lại chứng tỏ độ "chịu chơi" và "chiều" cư dân hết mình khi sẵn sàng đầu tư thêm hệ thống 05 sân tập pickleball hoàn toàn mới. Dự kiến từ ngày 01/09/2024, cư dân tại Vinhomes Ocean Park 2 sẽ chính thức được tận hưởng tiện ích thể thao thời thượng bậc nhất này.  Sướng nhất nhật anh chị em ở Vinhomes rùi!!! Trời vào thu mát mẻ, chiều tối đi làm về mà được làm vài trận Pickleball trong không gian trong lành, thoáng đãng thế này, rồi tối rủ đồng đội qua khu K-Town hay Little HongKong làm vại bia với tí đồ nhắm thì người ta nói nhức cái nách!!  CMT:  Ưng quá rồi ấy nhé!!! Trong lần này, Vinhomes cho ra mắt: 🌴 02 sân tại Phân khu Ngọc Trai: Diện tích rộng rãi, bao quanh bởi hệ thống sông sinh thái rộng mở, tạo một không gian trong lành và thoáng đãng cho các trận đấu pickleball đầy kịch tính.  🌴 02 sân tại Phân khu Chà Là: Vị trí lý tưởng để cộng đồng đam mê pickleball giao lưu và gặp gỡ dưới những tán cọ rợp bóng mát. 🌴 01 sân tại Phân khu Đảo Dừa: Toạ độ thu hút khách ghé thăm bởi chất “nhiệt đới Mỹ" với những khu vườn dừa ven hồ nước trong xanh, giúp cho người chơi thoải mái tập trung vào từng đường bóng.	'453983229_470779729080416_1248079205170815367_n_515263387587982.png'	''			Đạt	Duyệt		
2024-08-13	Quảng cáo	Nguyễn Thị Khánh Ly	CCHN: Caption: NHÌN MÀ ĐÃ MUỐN CẦM VỢT RA SÂN LUÔN RỒI 😍  Một lần nữa, Vinhomes lại cho thấy độ chịu chơi và chiều cư dân mình hết nấc khi đầu tư thêm hệ thống 5 sân tập pickleball mới cóng ceng, đẹp miễn chê. Dự kiến ngay đầu tháng tới 1/9, là bất kỳ cư dân thuộc Vinhomes Ocean Park 2 sẽ được tận hưởng và trải nghiệm tiện ích thể thao thời thượng, trending bậc nhất này :3  Nghĩ cảnh trời vào thu trời mát mẻ, mà được làm vài trận Pickleball trong không gian trong lành, thoáng đãng cùng anh em bạn bè, rồi tối rủ nhau qua khu  K-Town hay Little HongKong làm vại bia với tí đồ nhắm thì người ta nói nhức cái nách luôn á 🤣  Comment: 5 sân tập pickleball mới ở Ocean Park 2 nó cứ phải gọi là đỉnh của chóp lun ạ:  🌴 02 sân tại Phân khu Ngọc Trai: Diện tích rộng rãi, bao quanh bởi hệ thống sông sinh thái rộng mở, tạo một không gian trong lành và thoáng đãng cho các trận đấu pickleball đầy kịch tính.  🌴 02 sân tại Phân khu Chà Là: Vị trí lý tưởng để cộng đồng đam mê pickleball giao lưu và gặp gỡ dưới những tán cọ rợp bóng mát. 🌴 01 sân tại Phân khu Đảo Dừa: Toạ độ thu hút khách ghé thăm bởi chất “nhiệt đới Mỹ" với những khu vườn dừa ven hồ nước trong xanh, giúp cho người chơi thoải mái tập trung vào từng đường bóng.	'454156067_473646702165196_3874734784231059030_n_8378927828811150.png'	''			Đạt	Duyệt		
2024-08-13	Quảng cáo	Đức Bách	Lên oke c ạ	''	''				Duyệt		
2024-08-13	Quảng cáo	Lương Phương Thảo	https://drive.google.com/file/d/1rZYNQz97lFu1-PJgpWdxDwwwct8vNnul/view	''	''	https://drive.google.com/file/d/1rZYNQz97lFu1-PJgpWdxDwwwct8vNnul/view		Bách	Duyệt		
2024-08-13	Quảng cáo	Bùi Thị Khánh 	Caption: Chỉ một từ ĐỈNH!!! Đời sao thì phim vậy #PhimConan2024VN LINK DEMO: https://drive.google.com/file/d/1KVJsk77inGx_nFc3qcc2goynj0UrNPtO/view?usp=sharing	''	''	https://drive.google.com/file/d/1KVJsk77inGx_nFc3qcc2goynj0UrNPtO/view?usp=sharing		Bách	Duyệt		
2024-08-12	Quảng cáo	Bùi Thị Khánh 	:  Caption: Nhớ ngày nào học cấp 3, bạn bè còn kháo nhau Việt Nam có xe ôm công nghệ, mà mới đó đã 10 năm rồi! Thật sự thời gian trôi nhanh như cún chạy ngoài đồng 🤣🤣🤣 Không biết kỷ niệm 10 đồng hành, Grab có quà gì cho mình không ha? Lót dép hóng 🩴🩴🩴 Link hình caption: https://drive.google.com/file/d/1ot7u2RopyOJWzVlVD5LHRt95ah6OHxdQ/view?usp=sharing   Pin cmt: Tuần trước mới bị sếp mắng khóc ướt gối, cứ ngỡ đến đây là chấm dứt. Đi về đặt Grab được người lạ cảm ơn thấy ấm lòng hẳn. Hoá ra là @Grab kỉ niệm 10 năm, chắc nói lời cảm ơn với tui vì xài app, dễ thương ghê ha!!  Link ảnh cmt: https://drive.google.com/file/d/122IgkOJR8MsjTatrqdMS38Fbk6fhtVpw/view?usp=drive_link	''	''	https://drive.google.com/file/d/1ot7u2RopyOJWzVlVD5LHRt95ah6OHxdQ/view?usp=sharing		Bách	Duyệt		
2024-08-12	Quảng cáo	Bùi Thị Khánh 	NẾU BẠN ĐANG MUỐN CHỮA LÀNH NHƯNG XÓT TIỀN THÌ BÀI VIẾT NÀY DÀNH CHO BẠN!!!  AirAsia luôn được lòng rất nhiều "con dân thích xê dịch" vì độ tâm lý, "iu thương" khách hàng của mình. Nói thật chứ nhìn giá vé là muốn Outside The Box, mai bay Thái liền luôn á!!!   Dzị là đủ biết vì sao AirAsia là Hãng Hàng Không Giá Rẻ Tốt Nhất Thế Giới 15 năm liên tiếp rồi á. Bên cạnh giá vé xinh yêu, hãng còn có tỷ lệ đúng giờ nhất trong các hãng giá rẻ châu Á nữa á. Nghĩ bỏ tiền mua vé bay mà thấy đáng tiền lắm luôn! Link đặt vé ở comment nha ✈️  #ĐiTháiVuiGhêBayAirAsiaBaoMê #AirAsia #15NămVôĐịchHàngKhôngThếGiới	''	''			Đạt	Duyệt		
2024-08-12	Quảng cáo	Bùi Thị Khánh 	kênh Inside The box nhen  Caption: VÌ SAO GẦN ĐÂY AIRASIA LUÔN LÀ OPTION HÀNG ĐẦU CỦA TRAVELER KHI DU LỊCH THÁI LAN?  AirAsia trước đây vẫn là một cái tên khá xa lạ với Việt Nam. Nhưng trong thời gian gần đây thì cái tên này lại được “con dân thích du lịch” lựa chọn hàng đầu trong các chuyến bay đến xứ sở chùa vàng.  Lí do có thể kể đến thì AirAsia là Hãng Hàng Không Giá Rẻ Tốt Nhất Thế Giới 15 năm liên tục, đây cũng là hãng bay có tỷ lệ đúng giờ hàng đầu Châu Á. Đặc biệt, trong thời điểm nhu cầu du lịch tăng cao thì hãng bay này luôn “tâm lí” bằng cách tung rất nhiều ưu đãi dành cho con sen “mê xê dịch”.  Những lí do đó đã giúp AirAsia trong thời gian gần đây chiếm trọn được trái tim của khách hàng. Đặc biệt, AirAsia cũng đang có ưu đãi dành cho những ngày cuối hè khi bạn có các chuyến bay đi Bangkok, Chiang Mai nhưng chỉ từ 1099 cành.  Quá hời cho một chuyến chữa lành sang trọng =))))))))  #AirAsia #BayTháiChuẩnNhấtBayAirAsia #15NămVôĐịchHàngKhôngThếGiới  Comment: Ưu đãi có thời gian nên ai chữa lành thì tranh thủ đi nha các bà =)))))))) https://air.asia/MNgva  Material: https://drive.google.com/drive/folders/1gIzu8lRiD_1KhRPolTwuDNzKNtTGtGBy?usp=sharing	''	''	https://air.asia/MNgva		Đạt	Duyệt		
2024-08-12	Quảng cáo	Bùi Thị Khánh 	[FINAL POST] ALIEN: ROMULUS - BEATVN 1/ Thời gian đăng: 20h tối nay (12/8) 2/ Caption:  Combo quá.i vật kinh dị nhất tuần này cập bến! Các tín đồ phim k.inh dị sẵn sàng chưa?   Alien: Romulus bán vé rồi đó! Thứ 6 này, ra rạp đón chào sự trở lại của thương hiệu phim qu.ái v,ật lâu đời hành tinh, thưởng thức những pha chiến đấu nghẹt thở giữa dàn qu.ái v.ật t.àn b.ạo Xenomorph, Facehugger khát m.á.u và những nhà du hành trên con tàu vũ trụ không lối thoát 🔥 Nghe nói không cắt, không che!!!  #QuaiVatKhongGian  3/ Material: https://drive.google.com/file/d/1TaBK1tkdIzL6c-YEugcdlvkua0TGqym9/view	''	''	https://drive.google.com/file/d/1TaBK1tkdIzL6c-YEugcdlvkua0TGqym9/view		Bách	Duyệt		
2024-08-12	Quảng cáo	Bùi Thị Khánh 	https://docs.google.com/spreadsheets/d/1agFqfEJjn5MwOrpHi_Q6GuPZ5ftgNN8h/edit?usp=sharing&ouid=108633534444481096409&rtpof=true&sd=true	''	''	https://docs.google.com/spreadsheets/d/1agFqfEJjn5MwOrpHi_Q6GuPZ5ftgNN8h/edit?usp=sharing&ouid=108633534444481096409&rtpof=true&sd=true		Đạt	Duyệt		
2024-08-12	Quảng cáo	Bùi Thị Khánh 	" Kiến không ngủ  "NGÃ NGỬA 200 LẦN TRƯỚC CHI NHÁNH FLAGSHIP ĐẦU TIÊN CỦA NGÀNH NGÂN HÀNG MỞ TRIỂN LÃM NGHỆ THUẬT ĐA GIÁC QUAN!!!⛰  ✨Các ông không nghe lầm đâu, VPBank chính thức ra mắt chi nhánh VPBank Flagship, tiên phong của ngành ngân hàng Việt Nam mang phong cách thiết kế và công nghệ tiên phong, hiện đại, thân thiện môi trường. Trong lần ra mắt sự kiện lần này, VPBank mang đến cho cộng đồng yêu nghệ thuật Triển lãm Nghệ thuật đa giác quan Hokusai - trưng bày hơn 130 tác phẩm của đại danh hoạ này.  Nổi tiếng kể đến ""Cơn Sóng Lừng"" chữa lành cho những tâm hồn yêu nghệ thuật. Triển lãm với mong muốn lan toả giá trị ""Thịnh vượng tinh thần"", một trong những giá trị cốt lõi VPBank hiện thực hoá sứ mệnh ""Vì một Việt Nam Thịnh Vượng""  💚Triển lãm mở cửa HOÀN TOÀN MIỄN PHÍ, đây là một điểm đến hứa hẹn thu hút người xem thích hợp đi cùng bạn bè, người thân hoặc cả cho những buổi hẹn hò thân mật!!! Triển lãm bắt đầu từ hôm nay 12/08/2024 tại chi nhánh Flagship VPBank 3A-3B, Tôn Đức Thắng, phường Bến Nghé, Quận 1 nhé cả nhà!!! #VPBank #Flagshipdautien #Hokusai" https://drive.google.com/drive/folders/1Bm-StVILQVktAvv6RlX3kugz70QEW39c?usp=drive_link	''	''	https://drive.google.com/drive/folders/1Bm-StVILQVktAvv6RlX3kugz70QEW39c?usp=drive_link		Đạt	Duyệt		
2024-08-12	Quảng cáo	Bùi Thị Khánh 	" Sài Gòn Nghen ✨ Đường Tôn Đức Thắng, Quận 1 sáng nay!  Vẫn là dòng xe qua lại tấp nập và hối hả, Sài Gòn mình phát triển quá mọc lên biết bao nhiêu là cao ốc, cái nào cũng xịn cái nào cũng sang. Con đường này cũng được lựa chọn tổ chức nhiều sự kiện quan trọng như “Lễ hội sông nước TPHCM”. 💫Nay đi ngang qua thấy có ngân hàng đang khai trương, được biết là chi nhánh Flagship của VPBank, hỏi ra thì có vẻ là chi nhánh đẳng cấp nhất của ngân hàng này. Rồi có thêm cả Triển lãm nghệ thuật đa giác quan, trưng bày những tác phẩm của danh họa Katsushika Hokusa người Nhật, hoàn toàn miễn phí Lại thấy được Sài Gòn ngày càng đỉnh quá! ️🎉 Tòa nhà này là Riverfront Financial, 3A-3B Tôn Đức Thắng, Phường Bến Nghé, Quận 1 #VPBank #Flagshipdautien #Hokusai  Comment:  Triển lãm nghệ thuật đa giác qua Hokusai by VPBank được tổ chức nhân dịp khai trương chi nhánh Flagship VPBank Thời gian: Được mở cửa miễn phí từ ngày 12/8 - 12/10/2024, hoạt động xuyên suốt từ thứ 2 – chủ nhật Link đăng ký tham quan sẽ được fanpage VPBank công bố chính thức Theo dõi fanpage VPBank để không bỏ lỡ bất kỳ thông tin hấp dẫn nào về triển lãm nhé!" https://drive.google.com/drive/folders/1snSIwz-LQfnbayUyf2ANG2_-1spRWH84?usp=drive_link	''	''	https://drive.google.com/drive/folders/1snSIwz-LQfnbayUyf2ANG2_-1spRWH84?usp=drive_link		Đạt	Duyệt		
2024-08-12	Quảng cáo	Bùi Thị Khánh 	ShowBeat   CHI NHÁNH XỊN NHẤT NGÂN HÀNG VPBANK CHÍNH THỨC KHAI TRƯƠNG!  Ngay hôm nay, chi nhánh Flagship đầu tiên của VPBank và ngành ngân hàng đã chính thức khai trương. Vì đây là chi nhánh Flagship đầu tiên tại Việt Nam nên thiết kế và ứng dụng công nghệ cứ phải gọi là đỉnh nóc, kịch trần, bay phấp phới luôn!  Nhân dịp ra mắt chi nhánh xịn đẹp, VPBank cũng ""xông xênh"" chiêu đãi cộng đồng người yêu nghệ thuật tại Việt Nam bằng triển lãm Nghệ thuật đa giác quan với các tác phẩm của đại danh họa Nhật Bản Katsushika Hokusa.   Triển lãm mở cửa HOÀN TOÀN MIỄN PHÍ bắt đầu từ hôm nay - 12/08/2024 tại chi nhánh Flagship VPBank đầu tiên: 3A-3B, Tôn Đức Thắng, phường Bến Nghé, Quận 1 nhé bà conn #VPBank #Flagshipdautien #Hokusai" https://drive.google.com/drive/folders/1FgoVC9mTkZfwJFFnjE_vOEa9G59_QnT1	''	''	https://drive.google.com/drive/folders/1FgoVC9mTkZfwJFFnjE_vOEa9G59_QnT1		Đạt	Duyệt		
2024-08-12	Quảng cáo	Lưu Minh Quang	https://drive.google.com/drive/folders/1FXHbzWCZ_CZg54Z2wSO4GWn6RY9BgM5X	''	''	https://drive.google.com/drive/folders/1FXHbzWCZ_CZg54Z2wSO4GWn6RY9BgM5X		Đạt	Duyệt		
2024-08-12	Quảng cáo	Bùi Thị Khánh 	https://drive.google.com/file/d/19zIaQ-omuNbEss-5dmeCpDZ1HtPCTWzW/view?usp=drive_link	''	''	https://drive.google.com/file/d/19zIaQ-omuNbEss-5dmeCpDZ1HtPCTWzW/view?usp=drive_link		Bách	Duyệt		
2024-08-12	Quảng cáo	Bùi Thị Khánh 	BOM TẤN ĐẢ NỮ BÁO THÙ: KỊCH TÍNH VÀ NGHẸT THỞ KHI PHỤ NỮ QUYẾT TÂM TRẢ THÙ   Đừng bao giờ chọc giận và thất hứa với phụ nữ, bởi lẽ cái kết sẽ rất "đắng" 😨 Cay cú vì bị phản diện đẹp trai, giàu có nhưng có máu điê.n Andy (Ji Chang Wook) chơi xấu sau khi "ở t.ù" thay hắn, cựu cảnh sát Soo Young (do Jeon Do Yeon thủ vai) kết hợp cùng cộng sự (Lim Ji Yeon) quyết ăn thua đủ, trả thù cực gắt trong siêu phẩm hành động Đả Nữ Báo Thù.   Với nội dung kịch tính cùng dàn diễn viên bảo chứng chất lượng, những màn đánh đấ.m mãn nhãn, rượt đuổi khốc liệt hứa hẹn bom tấn báo thù rực lửa đáng mong chờ nhất mùa hè năm nay.  Đả Nữ Báo Thù chính thức khởi chiếu từ 23.08, lên kèo ra rạp để nếm mùi "lễ hội" khi chọc phụ nữ nhé anh em 😆  #DaNuBaoThu #Revolver	''	''			Bách	Duyệt		
2024-08-12	Quảng cáo	Lưu Minh Quang	Khác với sự chuyên nghiệp, lịch thiệp trên livestream. Quyền Leo phát cọc với vợ và ekip khi chuẩn bị cho phiên live kỷ lục. Tình hình cuối cùng là như thế nào, xem ngay tập 2 Nghề Chủ Chốt để tìm hiểu!  #NgheChuChot #TikTokShop #MoMo #ViTraSau #TikTokGiaiTri #TVShowHay	''	''			Đạt	Duyệt		
2024-08-12	Quảng cáo	Nguyễn Thị Khánh Ly	BEAT NOW:  QUÁ NHANH QUÁ NGUY HIỂM!!! SƠN TÙNG M-TP RA ĐẾN BÀI THỨ 3 TRONG NĂM 2024 CÙNG ẨN Ý MỘT CHUỖI NHIỆM VỤ BẤT NGỜ CÙNG PHẦN QUÀ BÍ MẬT CHO CÁC SKY!!!  Mới đây, bài hát "Hơn cả số 1" mới được ra mắt từ vị trí Sơn Tùng M-TP cùng anh tài Ponnie, để mà nói về độ chăm chỉ trong năm 2024 này tại hạ xin bái phục!! Bài hát không chỉ giai điệu bắt tai, lyric nhiều năng lượng, vũ đạo đẹp mắt mà nữ chính trong bài hát cũng khiến cộng đồng mạng chao đảo trước sự xinh đẹp và cute của cô.  Sau khi drop một quả nhạc siêu cháy, tổ đội nhóm Nhạc Chất Nonstop dưới sự dẫn dắt của Anh Đại Sứ quyết định tổ chức nhiệm vụ mang tên "Hơn cả số 1". Bật mí cho các Sky, với mỗi cột mốc view đạt được, Ponnie và Anh Đại Sứ sẽ thưởng nóng bằng một phần quà bí mật. Quá đã anh chị em ơi.  Thời tới cản không kịp, 500 anh em đi cày ngay thôi!!!!	''	''			Đạt	Duyệt		
2024-08-12	Quảng cáo	Bùi Thị Khánh 	Link hình (KV1 + KV2 = 2 hình): https://drive.google.com/drive/folders/1dTG8vREVRlTUzjl_K0-iutvw6zTxYN40?usp=drive_link  Kiến không ngủ  Manifest chốt đơn không lo phí ship thành công 💅  Vũ trụ TikTok Shop cuối cùng cũng lắng nghe tâm sự và mang đến thông điệp Thứ Hai Freeship bắt đầu từ 12/8 này. Có Freeship Xtra 45K cho đơn hàng 0Đ, Freeship lên đến 120K trên TikTok Shop Live tự nhiên thấy thứ Hai hàng tuần cũng chữa lành, cũng có động lực bán mình cho tư bản 🥰  Đón nhận thông điệp ngay dưới phần comment 👇 #thuhaifreeship  Comment: Thông điệp của thứ Hai: https://bit.ly/thuhaifreeship ❣️	''	''	https://drive.google.com/drive/folders/1dTG8vREVRlTUzjl_K0-iutvw6zTxYN40?usp=drive_link		Đạt	Duyệt		
2024-08-12	Quảng cáo	Bùi Thị Khánh 	Link hình (KV1 + KV2 = 2 hình): https://drive.google.com/drive/folders/1dTG8vREVRlTUzjl_K0-iutvw6zTxYN40?usp=drive_link  BEATVN Caption: ❌ Người ta săn sales đợi voucher giá rẻ ✅ Tôi ở vùng sâu vùng xa chỉ đợi mỗi deal freeship mỗi Thứ Hai cùng TikTok Shop  Đã đến lúc những đơn hàng nặng, giao xa có "chỗ đứng" của mình trong làng săn sales nhờ chương trình Thứ Hai freeship sẽ diễn ra mỗi tuần cùng các deal cực hấp dẫn: 💥 Freeship Xtra 45K cho đơn hàng 0Đ 💥 Freeship lên đến 120K khi mua qua TikTok Shop Live 💥 Cùng vô vàn ưu đãi Freeship khác vào mỗi thứ Hai hàng tuần  Bác nào ở vùng nào xa comment phía dưới để ad chỉ cách săn deal freeship 👇 #thuhaifreeship  Comment: Săn Voucher Freeship tại đây: https://bit.ly/thuhaifreeship	''	''	https://drive.google.com/drive/folders/1dTG8vREVRlTUzjl_K0-iutvw6zTxYN40?usp=drive_link		Bách	Duyệt		
2024-08-12	Quảng cáo	Nguyễn Thị Khánh Ly	check lại c cap này lên Beat với:  ANH EM ĐÔNG HÀ QUẢNG TRỊ ĐIỂM DANHHHHH!!!  Xưa: Nhất cận thị - Nhị cận giang - Tam cận lộ  Nay: Nhà phải gần đủ mọi thứ từ công viên, siêu thị, bể bơi, gi gỉ gì gi gì cũng phải có   Người bình thường bước chân ra đường thấy toàn xe cộ, anh em Đông Hà bước ra khỏi nhà là có ngay tổ hợp ểnh ương công viên vui chơi giải trí theo mô hình VinWonders từ đu quay ngựa nhún carousel phong cách Châu Âu cho đến những bộ môn hoạt động mạnh như xe điện đụng, đu quay dây văng, khu trò chơi leo trèo vận động,...   Bình thường VinWonders thường được xây dựng độc lập tại các thành phố du lịch lớn như Nha Trang, Đà Nẵng, Phú Quốc, thế mà giờ chỉ cần 3 bước chân trong khu đô thị Vincom Shophouse Royal Park thôi là có đầy đủ cho anh em Quảng Trị trải nghiệm rồi.  Dự kiến là quý 4 năm nay Vincom Plaza lớn nhất Đông Hà sẽ khai trương tại đây, bên cạnh Thành Cổ, biển Cửa Tùng thì Vincom Shophouse Royal Park chắc chắn sẽ là một chốn ăn chơi giải trí không thể bỏ qua tại Quảng Trị, anh em Đông Hà dịp này vui cứ phải gọi là đỉnh nóc kịch trần bay phấp phới!  - Comment:   Quảng Trị công nhận phất thật, vừa khởi công sân bay xong giờ lại Vincom với Vinwonders, kém gì HN HCM đâu   Uầy có mấy trăm căn mà Vin xây hẳn VinWonders, đẳng cấp quá vậy   Công nhận Vin nghĩ ra cái mô hình Vincom với shophouse thông minh thật, đi đâu cũng thấy rất hot luôn	''	''			Đạt	Duyệt		
2024-08-12	Quảng cáo	Bùi Thị Khánh 	Từ lúc mua đến giờ thấy cũng chụp đâu 300 tấm ảnh rồi chứ không nhiều :)))  Anh em ra ngay Hoàng Hà Mobile - 77 Ngô Xuân Quảng, Trâu Quỳ, Gia Lâm sắm 1 em TECNO CAMON 30 cho chất nhé! Thông số nó phải gọi là ghế vì đỉnh không phải bàn!!  👑Camera 50MP chuẩn Flagship – Nội suy hình ảnh tới 100MP, mang đến những bức hình đầy nghệ thuật 👑Sạc siêu nhanh 70W, đầy pin trong chưa đầy 1 giờ 👑Màn hình FHD+ AMOLED 120Hz, tần số PWM 2160Hz tránh hại mắt	'450068518_488046737300297_8399619779105675427_n_488046733966964.png'	''			Bách	Duyệt		
2024-08-12	Quảng cáo	Bùi Thị Khánh 	https://drive.google.com/drive/folders/1kVE68HnNjzQlT53u0JsFwoJlu0xMlxS8	''	''	https://drive.google.com/drive/folders/1kVE68HnNjzQlT53u0JsFwoJlu0xMlxS8		Đạt	Duyệt		
2024-08-12	Quảng cáo	Lưu Minh Quang	https://drive.google.com/drive/folders/1rap3ql9WuHoM8r3dp8VYScWsw1m-VHHo	''	''	https://drive.google.com/drive/folders/1rap3ql9WuHoM8r3dp8VYScWsw1m-VHHo		Đạt	Duyệt		
2024-08-12	Quảng cáo	Lưu Minh Quang	INSIDE THE BOX LAN TỎA YÊU THƯƠNG CÙNG TOSHIKO GỬI TẶNG CÁC LY SỮA ẤM MÙA VU LAN  Nhân mùa Vu Lan báo hiếu, khi phần lớn mọi người được quây quần bên gia đình, vẫn còn đâu đó những cụ ông, cụ bà neo đơn, không người thân, tuổi già tàn tật...đang được cưu mang tại các Trung tâm bảo trợ. Với các ông bà, niềm vui đôi khi chỉ đơn giản là một sự quan tâm nhỏ bé, một chút ấm áp từ tình người.  Mỗi lượt chia sẻ kèm hashtag #Toshikovulanyeuthuong nghĩa là bạn đã đồng thời trao tặng 01 ly sữa canxi chất lượng gửi tặng các cụ, ông bà neo đơn nơi đây để họ được tiếp thêm sức mạnh, được cảm nhận tình thương ấm áp mà có lẽ họ chưa bao giờ nhận được nhân mùa Vu Lan báo hiếu.  📝 Để tham gia vào dự án, bạn chỉ cần:  Bước 1: Truy cập đường link dưới comment Bước 2: Điền tên và nhận ngay thư cảm ơn từ các ông bà. Hoặc bạn có thể tự viết đôi lời gửi gắm đến ông bà nhé Bước 4: Chia sẻ thư cảm ơn lên trang cá nhân kèm hashtag  #Toshikovulanyeuthuong  Yêu thương cho đi, là yêu thương còn mãi. Vu Lan này, hãy lan tỏa mạnh mẽ thông điệp ý nghĩa này để mỗi hành động nhỏ bé của chúng ta có thể góp phần thắp sáng và sưởi ấm những trái tim cô đơn nhé!	''	''			Đạt	Duyệt		
2024-08-12	Quảng cáo	Lưu Minh Quang	Bạn có thể trở thành một phần của dự án, chỉ cần: 📍 Truy cập vào trang chủ của dự án: https://toshiko.vn/event/vulan-yeuthuong 📍 Điền tên & nhận ngay Postcard cảm ơn từ ông bà  📍 Chia sẻ Postcard cảm ơn kèm hashtag #Toshikovulanyeuthuong Vu Lan này, hãy cùng lan toả những điều tốt đẹp này góp phần nhỏ để giúp đỡ, san sẻ yêu thương cùng những mảnh đời yếu thế bạn nhé❤️	''	''	https://toshiko.vn/event/vulan-yeuthuong		Đạt	Duyệt		
2024-08-12	Quảng cáo	Lưu Minh Quang		'454516040_8015110975233850_6658620772370851943_n_1043035617419408.jpg'	''			Đạt	Duyệt		
2024-08-12	Quảng cáo	Thanh Hương	KHÔNG PHẢI ĐI MẦN ĐẸP, SIÊU MẪU LAN KHUÊ VỚI VAI TRÒ GIÁM ĐỐC THƯƠNG HIỆU CỦA TỔ HỢP NHA KHOA & THẨM MỸ DELIA BEAUTY GROUP!!!  Sau một thời gian dài vắng bóng, mới đây người đẹp Lan Khuê bất ngờ gây chấn động giang cư mận với vai trò hoàn toàn mới tại thương hiệu làm đẹp DELIA. Nếu như trước đây với bao nhiêu danh hiệu về các cuộc thi sắc đẹp, thì lần trở lại này cô trong vị trí kinh doanh. Liệu lần thử sức này có thành công với Lan Khuê?  Hình ảnh người đẹp tài sắc vẹn toàn trong diện mạo ""nữ tổng tài"" khiến cho dân tình không khỏi ngỡ ngàng trước thần thái cuốn hút, sang xịn mịn của cô. Với mong muốn mang đến giá trị bền vững cùng các phương pháp làm đẹp khoa học, an toàn. Thương hiệu mà cô lựa chọn cộng tác lần này bắt buộc đảm bảo những yếu tố trên và DELIA - thương hiệu Nha khoa & Thẩm mỹ uy tín đã nhận được tín nhiệm từ người đẹp.  Tín từ tâm, siêu mẫu Lan Khuê tự tin tạo dựng thương hiệu uy tín trong lần làm Giám đốc thương hiệu này. Nếu bạn đang bắt đầu hành trình làm đẹp, hãy theo dõi Lan Khuê & DELIA ngay nhé!!!  https://imgur.com/a/L9Ns5v5	''	''	https://imgur.com/a/L9Ns5v5		Bách	Duyệt		
