2024-05-31	FP - BEAT NOW	Ngô Tiến Dũng	HẾT TRÒ ĐỂ NGHỊCH 😡  Phổ Yên - Thái Nguyên: Túm được 1 ông cháu chuyên đi dập cầu dao điện của người dân trong xóm   Mời được nghỉ hè mà các cháu mạnh động quá 😮‍💨	https://scontent.fhan2-5.fna.fbcdn.net/v/t1.15752-9/446078034_773175437945813_3697882412575998955_n.png?_nc_cat=107&ccb=1-7&_nc_sid=5f2048&_nc_eui2=AeEHzsRbHq9Z9pd5OwoS2UqjNQTBl-pQNHk1BMGX6lA0eQPcCceUCFaHybIuMK5ad1OApbtBcsTzUZlHm9NJlzri&_nc_ohc=xallXZD84VwQ7kNvgF9GjKp&_nc_ht=scontent.fhan2-5.fna&oh=03_Q7cD1QErkNaS4iYApm9_PIJ8yw1Q1jOC_Qp1n0XaM9XD-jnNKA&oe=66821CA3,,https://scontent.fhan2-4.fna.fbcdn.net/v/t1.15752-9/440935331_474887151738755_4249213885972089128_n.png?_nc_cat=100&ccb=1-7&_nc_sid=5f2048&_nc_eui2=AeGb_N4DUnhTvM3ms5Q0_gEa6KWmiVQHDpXopaaJVAcOlU-VzjnSPMQFcIRo14XN-h02AO6haZu1V5rB73nHvt81&_nc_ohc=SaBw2SV6RJsQ7kNvgERuIG1&_nc_ht=scontent.fhan2-4.fna&oh=03_Q7cD1QE0wfMGAfij1ZWFd_Vt0gzNZqWvaf492ftcTeqfNEuSaw&oe=6681FDCC,,https://scontent.fhan2-4.fna.fbcdn.net/v/t1.15752-9/445378652_853600909971092_2502919558339791545_n.jpg?_nc_cat=105&ccb=1-7&_nc_sid=5f2048&_nc_eui2=AeF_1nzqwrbQG_SoQqnSSUrwm_ZM_11mFFCb9kz_XWYUUIQ6H1E1GyLqgkqpKGmpBmKHDWveNzNWnx9jF8yjLCFy&_nc_ohc=WWn1ky3kYp8Q7kNvgEIqElm&_nc_ht=scontent.fhan2-4.fna&oh=03_Q7cD1QHTPM6FdDnySoXIZgkb33u9mKwBpLc-GCSLHZrMWs6rrA&oe=668212E3,,			Đạt	Sửa/ xóa bài	“nhi đồng”, không dùng từ chỉ trẻ con ở đây	
2024-05-31	FP - BEAT NOW	Nguyễn Đức Hậu	https://drive.google.com/file/d/1ReRQzUUbXuSJiXNwS8wl7HV3b3eEefvA/view?usp=sharing	https://drive.google.com/thumbnail?id=1ReRQzUUbXuSJiXNwS8wl7HV3b3eEefvA		https://drive.google.com/file/d/1ReRQzUUbXuSJiXNwS8wl7HV3b3eEefvA/view?usp=sharing	Đạt	Duyệt		
2024-05-31	FP - BEAT NOW	Nguyễn Đồng Tường	https://drive.google.com/file/d/1Bkca0mcikYvcGJlwP6gdJgNcauw94B6F/view?usp=sharing	https://drive.google.com/thumbnail?id=1Bkca0mcikYvcGJlwP6gdJgNcauw94B6F		https://drive.google.com/file/d/1Bkca0mcikYvcGJlwP6gdJgNcauw94B6F/view?usp=sharing	Đạt	Duyệt		
2024-05-31	FP - BEAT NOW	Nguyễn Đức Hậu	https://drive.google.com/file/d/1Fiqj_VO0FqQ0l3j7fbzy2JivRIYH_XOF/view?usp=sharing	https://drive.google.com/thumbnail?id=1Fiqj_VO0FqQ0l3j7fbzy2JivRIYH_XOF		https://drive.google.com/file/d/1Fiqj_VO0FqQ0l3j7fbzy2JivRIYH_XOF/view?usp=sharing	Bách	Duyệt		
2024-05-31	FP - BEAT NOW	Ngô Tiến Dũng	CHỊ Ở ĐÂY 40 NĂM CÓ THẤY CHÁY BAO GIỜ ĐÂU:  Xôn xao đoạn clip một cô đang hóa vàng ngay lối đi cầu thang của khu tập thể ở Hà Nội, cô gái ở tầng trên không chịu được mùi khói liền chạy xuống nhắc nhờ thì nhận được phản hồi: “Chị ở đây 40 năm có thấy cháy bao giờ đâu”	https://drive.google.com/thumbnail?id=1XCFywZLYYmi4a4oDE7oPrKylJmJ3s2P1		https://drive.google.com/file/d/1XCFywZLYYmi4a4oDE7oPrKylJmJ3s2P1/view?usp=drive_link	Đạt	Duyệt		
2024-05-31	FP - BEAT NOW	Nguyễn Việt Anh	Quá vinh dự	https://scontent.fhan2-5.fna.fbcdn.net/v/t1.15752-9/436638692_1636535877140074_8430716824275721094_n.jpg?_nc_cat=106&ccb=1-7&_nc_sid=5f2048&_nc_eui2=AeFSoZ21CCnYW9EdW4grz_066qtoChwS2jrqq2gKHBLaOoJF8lpEgBFAPkcJltQa6sBOrK9PKCAzlU7nJVT5W51X&_nc_ohc=zvPsBPmWy6kQ7kNvgHz1VXE&_nc_ht=scontent.fhan2-5.fna&oh=03_Q7cD1QFvuZG2_LZrGxIUwG1fA21_N4ZhB1hkHUjch_5Kd0HlkQ&oe=668224B4,,			Bách	Duyệt		
2024-05-31	FP - BEAT NOW	Nguyễn Đồng Tường	CA SĨ DU THIÊN GẶP CHẤN THƯƠNG NẶNG TRONG QUÁ TRÌNH TẬP LUYỆN 😢  Giữa làn sóng MV Lệ Cay 3 đang được quay của Du Thiên thì nay lại xuất hiện hình ảnh ca sĩ bị chấn thương khá nặng trên sàn đấu.  Hiện tại, anh Thiên đã được vào trong viện và mong anh sớm bình phục để có thể tiếp tục quay nốt MV Lệ Cay của mình	https://scontent.fhan2-5.fna.fbcdn.net/v/t1.15752-9/441988695_1504589560475719_6019784634225369239_n.jpg?_nc_cat=107&ccb=1-7&_nc_sid=5f2048&_nc_eui2=AeE9p8ra050_Des6NWK1f15L5tMEwPd-aW7m0wTA935pbv0rFOBpcUda13Po59J9Z79yy5L3c_p-XdRVHViL2cqu&_nc_ohc=ZieHLWibezoQ7kNvgGrlGCV&_nc_ht=scontent.fhan2-5.fna&oh=03_Q7cD1QHxV8kkieBAZJtsFlp4VFzNsvco-BNpw4xahfGw_5nP5A&oe=66820DAA,,https://scontent.fhan20-1.fna.fbcdn.net/v/t1.15752-9/445374195_1428863368001770_1886819708734467938_n.jpg?_nc_cat=102&ccb=1-7&_nc_sid=5f2048&_nc_eui2=AeFsC_OLOEiUpucwtyysJokFeVf3Q6khoG95V_dDqSGgb63mTqbStvr3k-qfn2JHbWcYkfdT6PADa8ydWOjrog6N&_nc_ohc=aDUodSQq4hIQ7kNvgH_6xbH&_nc_ht=scontent.fhan20-1.fna&oh=03_Q7cD1QGUvlcRBDR99fPdRe5OvyQuioYCq2YNhoG-IcndlZ_pLA&oe=6681FD33,,https://scontent.fhan20-1.fna.fbcdn.net/v/t1.15752-9/441542977_1955352184902465_1954994229042662102_n.jpg?_nc_cat=102&ccb=1-7&_nc_sid=5f2048&_nc_eui2=AeEpIiWkWQfIMqfSKjXwC8AmNJXfLPjYk2w0ld8s-NiTbAbuzvXjmzjReCgGT9LldQ0MEco22uml7Yr-CgSTQFOv&_nc_ohc=shuLjKVygIUQ7kNvgFBv8zw&_nc_ht=scontent.fhan20-1.fna&oh=03_Q7cD1QEAgcmOSR_tGRT-eX-A_No53-Avor9AI9fkybt_2nspUQ&oe=66820596,,https://scontent.fhan2-3.fna.fbcdn.net/v/t1.15752-9/440983460_764667539069553_7528087817524398550_n.jpg?_nc_cat=111&ccb=1-7&_nc_sid=5f2048&_nc_eui2=AeEZ1QnoEnFv-Wyvd34ZQ9l8MBgIF9dJdMAwGAgX10l0wPKSeOpUc1nCr5yk530ThaNJVP6VrNO_lRWrUTvSyIY1&_nc_ohc=jMHO6tZscRwQ7kNvgELkDCu&_nc_ht=scontent.fhan2-3.fna&oh=03_Q7cD1QHO8tK2m5JXk8Xf6U5-2y7mAP1uLM4dIU9C82SeC_z_lA&oe=66821344,,https://scontent.fhan2-4.fna.fbcdn.net/v/t1.15752-9/441489322_470244298800060_7965363527557405630_n.jpg?_nc_cat=100&ccb=1-7&_nc_sid=5f2048&_nc_eui2=AeEeJ2STxaDdlYBzjlKbkynHTtTpvDVJpZRO1Om8NUmllNztfixkBGiriRENLwQlwwX2UjpJQ0iujsLEZ8VTBjsw&_nc_ohc=n_ShuQi6ldoQ7kNvgELqcl5&_nc_ht=scontent.fhan2-4.fna&oh=03_Q7cD1QH6_VyglXDfpv6-Qe7dlhYvJQb42SVWnDuAsdVP9obXBQ&oe=66820A42,,			Bách	Duyệt		
2024-05-31	FP - BEAT NOW	Ngô Tiến Dũng	Nghề tài xế nó bạc lắm...		https://video.fhan2-5.fna.fbcdn.net/v/t42.3356-2/446380571_7498912390219918_1859799186982032704_n.mp4?_nc_cat=106&ccb=1-7&_nc_sid=4f86bc&_nc_eui2=AeEj10lDg4vhacsCRDj2GcvLUq_dRWEBkYZSr91FYQGRhouSpJHxYlLGK443R-m45RM5J4w-gB_ss66yQIIXzfzm&_nc_ohc=PFT3WB-Lm9YQ7kNvgGQr2Rs&_nc_ht=video.fhan2-5.fna&oh=03_Q7cD1QHe-CuYSCMgZVNHAqsyVVIqEBY3N0c3D8Zi2hrN6relbA&oe=665C99EB&dl=1,,		Đạt	Duyệt		
2024-05-31	FP - BEAT NOW	Nguyễn Đức Hậu	https://drive.google.com/file/d/1aXf7XlPbv14pO6Cc5UYTO4EbtDuKbvRg/view?usp=sharing	https://drive.google.com/thumbnail?id=1aXf7XlPbv14pO6Cc5UYTO4EbtDuKbvRg		https://drive.google.com/file/d/1aXf7XlPbv14pO6Cc5UYTO4EbtDuKbvRg/view?usp=sharing	Bách	Duyệt		
2024-05-31	FP - BEAT NOW	Nguyễn Việt Anh	Ngày 31.5, thông tin tới phóng viên, lãnh đạo UBND xã Quỳnh Nghĩa (huyện Quỳnh Lưu, tỉnh Nghệ An) xác nhận trên địa bàn vừa xảy ra một vụ qua đời bất thường tại nhà nghỉ.  Theo đó, vào khoảng 15h ngày 30.5, một cặp nam nữ vào thuê nhà nghỉ trên địa bàn xã Quỳnh Nghĩa (đây là xã ven biển, có khu du lịch với nhiều nhà hàng, nhà nghỉ).  Một thời gian ngắn sau, người phụ nữ hoảng hốt chạy ra khu vực lễ tân gọi cấp cứu. Người đàn ông sau đó được cơ quan chức năng xác nhận đã ra đi.   Theo thông tin ban đầu, cặp đôi nói trên là giáo viên tại một trường tiểu học trên địa bàn huyện Quỳnh Lưu, cả hai đều đã có gia đình.  Theo báo Lao động	https://scontent.fhan2-5.fna.fbcdn.net/v/t1.15752-9/445380643_1007768571055001_621998884375644938_n.png?_nc_cat=106&ccb=1-7&_nc_sid=5f2048&_nc_eui2=AeENK0gp8bRwthZs82u8fA5SG5zG5l_CMc8bnMbmX8Ixz8Ya3bO-SVVUXfgWTeLO70754nxgKmoZlnlU2woUI703&_nc_ohc=km0GW7h__okQ7kNvgEoKQiH&_nc_ht=scontent.fhan2-5.fna&oh=03_Q7cD1QHskVytJLACRsz7sQoUgi-nCmJ-3eFjV8B9feqROrQ0kw&oe=66821CF1,,			Đạt	Duyệt		
2024-05-31	FP - BEAT NOW	Nguyễn Việt Anh	Tôi decao sự đáng yêu này	https://scontent.fhan2-3.fna.fbcdn.net/v/t1.15752-9/436678867_502624242090143_5446446065501519280_n.jpg?_nc_cat=111&ccb=1-7&_nc_sid=5f2048&_nc_eui2=AeHX02NubMdTtGgoNihXaQZf89DphiDLBK3z0OmGIMsErUVKTjSF5CM9ms_cDrye0vL27vVnxV1n8PUSN6pmSRrv&_nc_ohc=SKyRhL-gobQQ7kNvgHaJHnw&_nc_ht=scontent.fhan2-3.fna&oh=03_Q7cD1QG8WM2xk1vc4DhcmHz9lri3cgWOhbz-twabwCaAKSVcvQ&oe=6681F93C,,			Bách	Duyệt		
2024-05-31	FP - BEAT NOW	Nguyễn Đồng Tường	cap: Hams là hams đừng có cãi 🐧	https://scontent.fhan2-4.fna.fbcdn.net/v/t1.15752-9/436627678_1823713184774263_8032987151106132500_n.jpg?_nc_cat=110&ccb=1-7&_nc_sid=5f2048&_nc_eui2=AeFe_ejCDPCFyrCT2iDpAmb5I90pidLNIGAj3SmJ0s0gYHw9Qzc6WNgWRGdXEl7CO7bWLBzyHjMscvDeP0MypbQF&_nc_ohc=OJ_jclI6r2AQ7kNvgEVox_7&_nc_ht=scontent.fhan2-4.fna&oh=03_Q7cD1QHqwXKPFVUeWIqofoi6mtOrqiPvLzYHrG2aFODO4ETKDg&oe=66821C68,,https://scontent.fhan2-4.fna.fbcdn.net/v/t1.15752-9/442427468_807592721312312_993163332158452924_n.jpg?_nc_cat=100&ccb=1-7&_nc_sid=5f2048&_nc_eui2=AeEm9g9UL20ogPd_-NGaPpsQU65NLMK5YkNTrk0swrliQ-iNn6ugPlT7Rmlj8xRLjTFovenChIouSZSy90JnzMog&_nc_ohc=STaDm3CDCMoQ7kNvgGaL5C2&_nc_ht=scontent.fhan2-4.fna&oh=03_Q7cD1QFaFVlv9JgSxSce3xI80W-9ZscKr8GOfZAWew0ZmC-lqw&oe=66822D54,,https://scontent.fhan2-5.fna.fbcdn.net/v/t1.15752-9/442424912_993563025778603_3776062259509784545_n.jpg?_nc_cat=107&ccb=1-7&_nc_sid=5f2048&_nc_eui2=AeHL917jveuq4gUBkz4DJ2EDXFqFEobeUyRcWoUSht5TJFQ1YI_PLGZ1ERlNu6jRbM0OjiU7b9uoEZgA_cLeK8ft&_nc_ohc=egVKiFAKvVgQ7kNvgH9tFs5&_nc_ht=scontent.fhan2-5.fna&oh=03_Q7cD1QEPwrAkI5aOeb8pTJ-mMERfSYqauS-_qG1x_yFAw91ZnA&oe=6681FD21,,https://scontent.fhan20-1.fna.fbcdn.net/v/t1.15752-9/442481495_1488869931763210_2750493787090733356_n.jpg?_nc_cat=109&ccb=1-7&_nc_sid=5f2048&_nc_eui2=AeEY4Euu4_A0qSIsACc-ruWIYH3fYwIR6fBgfd9jAhHp8LCH6NhtULloh8GHOFXMDs9GDe2Om7FEPCvztE9pM3nL&_nc_ohc=GukjwnIBs2EQ7kNvgHJbA89&_nc_ht=scontent.fhan20-1.fna&oh=03_Q7cD1QF1SIbMjBIfeWDUZw7euo9dgzVEyssXXKcuUPJR_VQgDg&oe=66822DF6,,			Bách	Duyệt		
2024-05-31	FP - BEAT NOW	Ngô Tiến Dũng	Thà để tiền cho bố làm cốc bia còn hơn 😌		https://video.fhan2-3.fna.fbcdn.net/v/t42.3356-2/446354862_7699343896788109_5221333153127452796_n.mp4?_nc_cat=111&ccb=1-7&_nc_sid=4f86bc&_nc_eui2=AeGLa9_deKSllD6mx91B8pkBOVHfvg7boVk5Ud--DtuhWdg6hnZhkof1gd2zX8EnDN57XVXoZ_qGdcenR79oYz18&_nc_ohc=KBSFLe0LbAMQ7kNvgEXlo0E&_nc_ht=video.fhan2-3.fna&oh=03_Q7cD1QExzXRzxZWgN5dk7pMGK41o8b7gH-RJf-SMufeuuGfn0Q&oe=665C906A&dl=1,,		Bách	Duyệt		
2024-05-30	FP - BEAT NOW	Nguyễn Đức Hậu	https://drive.google.com/file/d/1LSxn7g6e6-fFkpZ2bbU_v_eQ160RMx4T/view?usp=sharing	https://drive.google.com/thumbnail?id=1LSxn7g6e6-fFkpZ2bbU_v_eQ160RMx4T		https://drive.google.com/file/d/1LSxn7g6e6-fFkpZ2bbU_v_eQ160RMx4T/view?usp=sharing	Bách	Duyệt		
2024-05-30	FP - BEAT NOW	Nguyễn Đồng Tường	"cap: Không phải ai cũng có thể đi được theo đâu 😢
cmt: Tối 30-5, lãnh đạo Bệnh viện Trung ương Huế xác nhận, ông Lương Thanh Sơn (47 tuổi, ở TP Hồ Chí Minh) tử vong. Hiện tại thi thể ông Sơn đang lưu lại nhà xác của bệnh viện để làm thủ tục bàn giao cho gia đình.  Ông Sơn được chuyển từ Bệnh viện Đa khoa tỉnh Quảng Trị đến Bệnh viện Trung ương Huế vào chiều cùng ngày trong trạng thái hôn mê sâu do sốc nhiệt và tai biến mạch máu não."	https://scontent.fhan2-4.fna.fbcdn.net/v/t1.15752-9/441418809_2685373121639776_75115546950268211_n.png?stp=dst-png_p1080x2048&_nc_cat=105&ccb=1-7&_nc_sid=5f2048&_nc_eui2=AeH9z1oB5AwAJkpVDfuE03QbfVt7MCQtmPJ9W3swJC2Y8k67HD1crUlMHMDMSUTs8hYUjQxoNkykQZbY5KZUQXRW&_nc_ohc=fBxYqksFEmkQ7kNvgFLBWFj&_nc_ht=scontent.fhan2-4.fna&oh=03_Q7cD1QGNfQMUEkq_5jUg1EyBAFNxN-pTxv7o8Lmd8_fAMzSz9g&oe=66821A9A,,			Đạt	Duyệt		
2024-05-30	FP - BEAT NOW	Phạm Minh Đức	Mưa thôi đừng có sấm chớp được không 🥹				Đạt	Duyệt		
2024-05-30	FP - BEAT NOW	Nguyễn Đức Hậu	https://drive.google.com/file/d/1VQXoI_lrKto6nk4IrNC7qIVmxKbKgfSY/view?usp=sharing	https://drive.google.com/thumbnail?id=1VQXoI_lrKto6nk4IrNC7qIVmxKbKgfSY		https://drive.google.com/file/d/1VQXoI_lrKto6nk4IrNC7qIVmxKbKgfSY/view?usp=sharing	Đạt	Duyệt		
2024-05-30	FP - BEAT NOW	Ngô Tiến Dũng	Bảo sao lực lượng youtuber chịu khó bu theo sư Minh Tuệ như vạy	https://scontent.fhan2-5.fna.fbcdn.net/v/t1.15752-9/444761557_994948349017954_7280948007955125068_n.jpg?_nc_cat=104&ccb=1-7&_nc_sid=5f2048&_nc_eui2=AeHZwiFUtsEB8YPYyFApOVw0APaOim0f2pAA9o6KbR_akMbVSWoh1O4HHBzFWgkCQQmTyWjCgtdUJZgYtdjtQVvd&_nc_ohc=G2l9z7btb8AQ7kNvgHOcpx5&_nc_ht=scontent.fhan2-5.fna&oh=03_Q7cD1QFsnLw2I5qeeRJ7kwr0LSJV2eTQtjIDSWqOfbgnrR2ovw&oe=6681F8A7,,			Đạt	Sửa/ xóa bài	Thêm tiktoker trước Hưng hại não	"Bắt nạt và quấy rối"
2024-05-30	FP - BEAT NOW	Nguyễn Đức Hậu	https://drive.google.com/file/d/1hzw3roAa7SCr62Y0yR2dNKrYalmsom7a/view?usp=sharing	https://drive.google.com/thumbnail?id=1hzw3roAa7SCr62Y0yR2dNKrYalmsom7a		https://drive.google.com/file/d/1hzw3roAa7SCr62Y0yR2dNKrYalmsom7a/view?usp=sharing	Đạt	Duyệt		
2024-05-30	FP - BEAT NOW	Ngô Tiến Dũng	Acc clone cmt ảnh dưới á anh				Đạt	Duyệt		
2024-05-30	FP - BEAT NOW	Ngô Tiến Dũng	Tu si đi theo đoàn Tu hạnh đầu đà đến ngang địa phận Ái Tử thì ngất xỉu, hiện đã đưa vào BVĐK tỉnh QT cấp cứu   Hiện tình trạng sức khoẻ xấu đi đã chuyển lên bệnh viện đa khoa tỉnh, cần tìm người nhà của tu sĩ gấp 😭	https://scontent.fhan2-4.fna.fbcdn.net/v/t1.15752-9/445908248_459220059927666_4198640687704305132_n.jpg?_nc_cat=110&ccb=1-7&_nc_sid=5f2048&_nc_eui2=AeGzA2ljf4KFAoOccrsoKr0O2ksIFf21HqnaSwgV_bUeqd13xhZUli5TWTtKhOugXLFFdcDNsEcyS5l9lUOi0ab8&_nc_ohc=uJsnEIPS0BgQ7kNvgEtv5Hw&_nc_ht=scontent.fhan2-4.fna&oh=03_Q7cD1QHF6RGS28hsQtN6TiPQWc-BmwEIgG5aLPVKUZ1dvhUDng&oe=6681FE4C,,			Đạt	Duyệt		
2024-05-30	FP - BEAT NOW	Ngô Tiến Dũng	Hiện giờ vị tu sĩ đã được người dân đưa vào bệnh viện Triệu Phong - Quảng Trị cấp cứu. Thế mới thấy tu khổ hạnh này khó tới mức nào, không phải ai cũng đủ ý chí vừ sức khỏe mà chỉ ăn 1 bữa có thể đi xuyên Việt được ❤️	https://scontent.fhan2-4.fna.fbcdn.net/v/t1.15752-9/445374193_2237029413347006_1274456063237720448_n.png?_nc_cat=100&ccb=1-7&_nc_sid=5f2048&_nc_eui2=AeGUUiPEKrC046VubrXyju94nMlseCeQ62ycyWx4J5DrbM0bScyZuU36nJEPLOpRzv-4PXZLMl4che-dIUEjdxvv&_nc_ohc=3CxEzABI2_cQ7kNvgF6qnli&_nc_ht=scontent.fhan2-4.fna&oh=03_Q7cD1QGkmv5vQ8tL8EfzZvTSFE6vhzehCCFBh0Usb9z4nMfnBg&oe=6682162B,,			Bách	Duyệt		
2024-05-30	FP - BEAT NOW	Nguyễn Việt Anh	"Bất cẩn quá
Liên quan vụ trẻ mầm non bị bỏ quên trên xe đưa đón của trường dẫn đến ko qua khỏi, cơ quan Công an tỉnh Thái Bình thông tin, khi vào lớp, giáo viên có chụp ảnh điểm danh học sinh gửi lên phần mềm của nhà trường để theo dõi.  Quản lý phát hiện vắng bé H  Trường Mầm non Hồng Nhung 2. Tuy nhiên, cả người quản lý lẫn cô giáo đứng lớp đã không kiểm tra và không thông báo cho gia đình.  Đến khoảng 17h cùng ngày, anh T.Đ.A (SN 2004, trú tại xã Dũng Nghĩa, huyện Vũ Thư) - là cậu ruột của bé H., đến đón và không thấy bé H. Anh và mọi người đi tìm, phát hiện H. bị bỏ quên trên xe đưa đón của trường. Cháu bé đã ko qua khỏi, sau nhiều giờ bị bỏ quên trên xe, trong thời tiết nắng nóng.  Theo Vietnamnet"	https://scontent.fhan2-3.fna.fbcdn.net/v/t1.15752-9/442004757_1482311792375485_6736702713346018360_n.png?_nc_cat=101&ccb=1-7&_nc_sid=5f2048&_nc_eui2=AeFv7w4QQzLU_KKFYXNiiHWVQil1cbBNJQxCKXVxsE0lDG9_F5oEyo5KB2h4DYNt9DFx6mAecHlIA0Eh4Ul92LKl&_nc_ohc=tSNCYDLqi88Q7kNvgFN5mDh&_nc_ht=scontent.fhan2-3.fna&oh=03_Q7cD1QGsTvXdZ8xkQzg6NNoJjacRYt8E4C7BOIaNVMeUNpdEtQ&oe=6681FA79,,			Đạt	Duyệt		
2024-05-29	FP - BEAT NOW	Ngô Tiến Dũng	Ong chúa gọi anh em ong thợ về tổ	https://scontent.fhan20-1.fna.fbcdn.net/v/t1.15752-9/445708016_1300123247631935_4505795739868865129_n.jpg?_nc_cat=109&ccb=1-7&_nc_sid=5f2048&_nc_eui2=AeG0_CUg8J7JOn10WrmB-tPgkdR6lPYMzriR1HqU9gzOuE94uEEq4ENZlTE05pD3GEAaI4u-snfBmSQahRT4sFNj&_nc_ohc=zcQ3p5rRSFkQ7kNvgE5Bfgi&_nc_ht=scontent.fhan20-1.fna&oh=03_Q7cD1QFv402rBgOadiifLRlLRdKd1Lw1UU-l34o2i8SW1icDew&oe=6681FAF3,,			Bách	Duyệt		
2024-05-29	FP - BEAT NOW	Nguyễn Đồng Tường	cap: Ong vỡ tổ, dù cùng chuồng nhưng lại đá nhau 🥹	https://scontent.fhan20-1.fna.fbcdn.net/v/t1.15752-9/445964919_2200751773620142_3956767267634036170_n.jpg?_nc_cat=103&ccb=1-7&_nc_sid=5f2048&_nc_eui2=AeHAGsUe4-zBQpx_3eq58W1IP9kBNe-KwNw_2QE174rA3IJVsl3ftQblpY0IJtHTFNQjtiLrqU4z24Se9j-dApox&_nc_ohc=7wgeXBbgtdAQ7kNvgHCoowK&_nc_ht=scontent.fhan20-1.fna&oh=03_Q7cD1QFuhP4ayTWe4lwreV8Ojtt9zvizxXSV85m7e-c9OnfAwg&oe=6680CD4B,,https://scontent.fhan2-4.fna.fbcdn.net/v/t1.15752-9/442579093_375240825521214_2892393539200745884_n.jpg?_nc_cat=110&ccb=1-7&_nc_sid=5f2048&_nc_eui2=AeHlhvxwzI9VtbFnYNiFIL3Y8nSOfqKhAj3ydI5-oqECPYtnzUZVQO6ed_o5Lx0UcEW49PbUvc9ReMCJv7vOj_WX&_nc_ohc=JpnR1bhMh5EQ7kNvgHzz-YW&_nc_ht=scontent.fhan2-4.fna&oh=03_Q7cD1QHkoD61Bc_5XbP_9peNzCGfkXOI7wNyozMPZ8ogC2UowA&oe=6680B5C0,,https://scontent.fhan2-4.fna.fbcdn.net/v/t1.15752-9/442561833_1027828278776573_8818358090082502383_n.jpg?_nc_cat=100&ccb=1-7&_nc_sid=5f2048&_nc_eui2=AeF-iCbMlOmk3rVwhE56lNKz9PQ2lhDLg-_09DaWEMuD7zNOHzihYeQX_A7ALPa_aVh3UzbH4htpUWECgVWXC0XJ&_nc_ohc=eB3RvvFvQh0Q7kNvgE553q6&_nc_ht=scontent.fhan2-4.fna&oh=03_Q7cD1QE4BLPKxKIp7Dcz98JfosIpCnYl-W9mQuHpZXO09Zsi-Q&oe=6680D0D3,,https://scontent.fhan2-5.fna.fbcdn.net/v/t1.15752-9/436685049_988665932651719_2404483872728997315_n.jpg?_nc_cat=107&ccb=1-7&_nc_sid=5f2048&_nc_eui2=AeEgQ9eNwVlc6gDwMdoMv-D93Vv_Z2UpsZvdW_9nZSmxm6Of4GMcBEZ1jzvtMcNBugpkrrXGTJFSuD95pw5eHWUv&_nc_ohc=X4dBKmzW6WIQ7kNvgGkikkq&_nc_ht=scontent.fhan2-5.fna&oh=03_Q7cD1QGrWqv-TGEBLkgI4515q2_CaFFvs3KlyHzIFhNzWGWveQ&oe=6680AEEC,,			Bách	Duyệt		
2024-05-29	FP - BEAT NOW	Nguyễn Đồng Tường	"Mong cháu bé qua khỏi 😢
cmt:   Tối 29.5, thông tin đến PV Lao Động, nhiều bạn đọc ở TP Thái Bình cho biết, tại một trường mầm non tư thục trên địa bàn xã Phú Xuân (TP Thái Bình, tỉnh Thái Bình) vừa xảy ra vụ việc 1 trẻ mầm non bị bỏ quên trên xe đưa đón cả ngày hôm nay 29.5.  heo thông tin ban đầu do nhân chứng kể lại, vụ việc xảy ra ở Trường Mầm non Hồng Nhung cơ sở 2 đặt tại lô 2021, khu 26ha xã Phú Xuân, TP Thái Bình.  ""Tôi cũng có con học tại trường này, sự việc cháu bé bị bỏ quên trên xe đưa đón từ sáng hiện nay công an đang làm việc với trường. Thấy mọi người nói là cháu bị bỏ quên trên xe từ sáng nay, đến chiều khi phụ huynh đến đón con không thấy cháu nên mới cùng các cô giáo và nhà trường tá hỏa đi tìm. Sau đó mọi người phải đập cửa xe ô tô đưa đón, đưa cháu đi viện cấp cứu lúc hơn 18h"", một bạn đọc cho biết.  Theo một số người khác, nạn nhân học lớp 5 tuổi, tên G.H (chưa rõ nơi trú, danh tính bố mẹ). Nạn nhân được đi cấp cứu tại bệnh viện trong tình trạng nguy kịch, người tím tái, tiên lượng xấu."	https://scontent.fhan2-3.fna.fbcdn.net/v/t1.15752-9/441454903_902337634990952_8247817939690518466_n.png?stp=dst-png_p1080x2048&_nc_cat=108&ccb=1-7&_nc_sid=5f2048&_nc_eui2=AeGtn27IHXmywwpxgl-I_ZBYVDCUkIQJwbpUMJSQhAnBuqoRBKDOrgEzDataYd_qTi3Q0NxO-pwkAi19CrrzCHmP&_nc_ohc=RNoWCJd_etAQ7kNvgH5V8gw&_nc_ht=scontent.fhan2-3.fna&oh=03_Q7cD1QHf42QBsye2B9chnW1XdzstHvOL1mlJE0jZNAD0oRFYtw&oe=6680AA9E,,			Bách	Duyệt		
2024-05-29	FP - BEAT NOW	Nguyễn Đức Hậu	https://drive.google.com/file/d/18yag2HkZeQVSigmBl5QlIPp18ChUR5BJ/view?usp=sharing	https://drive.google.com/thumbnail?id=18yag2HkZeQVSigmBl5QlIPp18ChUR5BJ		https://drive.google.com/file/d/18yag2HkZeQVSigmBl5QlIPp18ChUR5BJ/view?usp=sharing	Đạt	Duyệt		
2024-05-29	FP - BEAT NOW	Phạm Minh Đức	Cmt					Duyệt		
2024-05-29	FP - BEAT NOW	Nguyễn Đồng Tường	cap: Pháp danh “Thích Là Đi” 🥹	https://scontent.fhan2-3.fna.fbcdn.net/v/t1.15752-9/442678101_1132314461339781_4463626370979803790_n.jpg?_nc_cat=101&ccb=1-7&_nc_sid=5f2048&_nc_eui2=AeFnMI2Vg9-d0Xbl4lpdmu6P7MnudbhVB5bsye51uFUHlpsQibBoH6KTNXwxcB9I-yKRN_VcjDowN9gLXtlniuCo&_nc_ohc=--e9SYrqo08Q7kNvgEZQhvc&_nc_ht=scontent.fhan2-3.fna&oh=03_Q7cD1QFwCoQd3HlU5brOc0SJaE5GtoXgnyv8hfU82fRilxv7Fw&oe=6680A515,,https://scontent.fhan2-4.fna.fbcdn.net/v/t1.15752-9/442399465_757674906528378_8836193186916540608_n.jpg?_nc_cat=100&ccb=1-7&_nc_sid=5f2048&_nc_eui2=AeHpIQA44XvZ4Zas9Uc_DfVO8RY7J97hu9LxFjsn3uG70oIBiEWAEU2Fq3FO8o6FJt8FzOxkMaXIJgxaQiEJP87-&_nc_ohc=DxX5fYf3zGwQ7kNvgFz9qHZ&_nc_ht=scontent.fhan2-4.fna&oh=03_Q7cD1QGYsp6hCUI2lWkh_y8ltu_aZKlfesw4Rugwv6w9MIzobA&oe=6680B98D,,https://scontent.fhan2-4.fna.fbcdn.net/v/t1.15752-9/441656276_7658563100848029_7682956856827489403_n.jpg?_nc_cat=100&ccb=1-7&_nc_sid=5f2048&_nc_eui2=AeHpCRvNEcSgweTxljsi3xG95_6urVS5xmHn_q6tVLnGYasdcb5ge3gR1SPj3PQuI81PELmn2r72FCRcbru1i5A7&_nc_ohc=ti9dq9suyIsQ7kNvgGp9SlX&_nc_ht=scontent.fhan2-4.fna&oh=03_Q7cD1QE_mwsCTnY4F58eoUgO_FHsqR1iVg32YwHlGcqNv8BkOw&oe=6680C723,,			Đạt	Duyệt		
2024-05-29	FP - BEAT NOW	Nguyễn Đức Hậu	https://www.tiktok.com/@thuytuyen0902/video/7374070725763665159			https://www.tiktok.com/@thuytuyen0902/video/7374070725763665159	Đạt	Duyệt		
2024-05-29	FP - BEAT NOW	Ngô Tiến Dũng		https://scontent.fhan20-1.fna.fbcdn.net/v/t1.15752-9/441531151_820536589592749_8718639643303108810_n.jpg?stp=dst-jpg_p1080x2048&_nc_cat=102&ccb=1-7&_nc_sid=5f2048&_nc_eui2=AeGvAsWTrPFLYeh59DdpmsVAfm-mTYuAZwZ-b6ZNi4BnBuHf692Pts05btCqquuWpgA1V7GirFQWZggDQQ-w6sv9&_nc_ohc=ZivbQm9GA-0Q7kNvgHpKIMm&_nc_ht=scontent.fhan20-1.fna&oh=03_Q7cD1QG6D5l4QfOn3u9Dcizf4dbUXbLnjLoW7XaBlACDkweCEA&oe=6680B3E8,,				Duyệt		
2024-05-29	FP - BEAT NOW	Nguyễn Đồng Tường	giống đột kích ấy a:)					Duyệt		
2024-05-29	FP - BEAT NOW	Phạm Minh Đức	@Ngô Tiến Dũng :v					Duyệt		
2024-05-29	FP - BEAT NOW	Nguyễn Đức Hậu	https://drive.google.com/file/d/12sYtMLYt96Orm5SytmgaQkCxiJlwKk3a/view?usp=sharing	https://drive.google.com/thumbnail?id=12sYtMLYt96Orm5SytmgaQkCxiJlwKk3a		https://drive.google.com/file/d/12sYtMLYt96Orm5SytmgaQkCxiJlwKk3a/view?usp=sharing	Đạt	Duyệt		
2024-05-29	FP - BEAT NOW	Ngô Tiến Dũng	Chịu ông luôn đấy 😌	https://scontent.fhan2-4.fna.fbcdn.net/v/t1.15752-9/441423033_759343006359620_895000403829693647_n.jpg?stp=dst-jpg_p1080x2048&_nc_cat=100&ccb=1-7&_nc_sid=5f2048&_nc_eui2=AeGC3qjkX9JTMJiRt2BesWTrniwf3dN6cUueLB_d03pxS3wY9JBZLabAKnXwELjCsZyYvSk0uV62Ue9lbXKyYoPd&_nc_ohc=e5fBTPd6dA8Q7kNvgFUgvHw&_nc_ht=scontent.fhan2-4.fna&oh=03_Q7cD1QEUZl2_3yMUeqFgiZKuB3BwEKX5flkThMZE8Rcg8d0Uvw&oe=6680C130,,		https://baodongnai.com.vn/phap-luat/202405/bi-kich-sau-hon-chien-ke-tu-nguoi-tu-7d64a69/	Đạt	Duyệt		
2024-05-29	FP - BEAT NOW	Phạm Minh Đức	Biết là thức khuya có hại nhưng ngủ sớm là không chịu được 🥹	https://scontent.fhan20-1.fna.fbcdn.net/v/t1.15752-9/441499399_997486798528691_403438288866813920_n.png?_nc_cat=109&ccb=1-7&_nc_sid=5f2048&_nc_eui2=AeHi93thfG8Syk6xVUxSCldhgqc60YpJcXGCpzrRiklxcTgu0YK0WuDzI_igWpoQwzJhwrg1RqQQGUOq5GJ7Xc6u&_nc_ohc=p1bDImo4NkwQ7kNvgE2CRMT&_nc_ht=scontent.fhan20-1.fna&oh=03_Q7cD1QGGk7aFqcTuYk5_JnIqvtghS4BhsOvxFCFSEvrTpo-EAQ&oe=6680CDF9,,			Bách	Duyệt		
2024-05-29	FP - BEAT NOW	Ngô Tiến Dũng	Anh em lấy bút giấy ra còn học hỏi🤣		https://video.fhan20-1.fna.fbcdn.net/v/t42.3356-2/442513652_5894296784027584_6496756494311925297_n.mp4?_nc_cat=109&ccb=1-7&_nc_sid=4f86bc&_nc_eui2=AeGuPd0Z5WRL3Ik3C8WCMhHmQf-kwkZVQCpB_6TCRlVAKjAUT5QFGv3O47XLiaibHwB7jB85WfZEsk2Mz6DVMY3q&_nc_ohc=Wlidw2-QmQ0Q7kNvgFFWZBe&_nc_ht=video.fhan20-1.fna&oh=03_Q7cD1QE0xSaRdCLWNCWOgx9tYrABfaw5NLtgcdTiET_o_KEOHA&oe=665B3EEE&dl=1,,		Bách	Duyệt		
2024-05-29	FP - BEAT NOW	Nguyễn Đồng Tường	cap: Một mình một sever, vua chúa cũng chỉ đến thế 😆	https://scontent.fhan2-3.fna.fbcdn.net/v/t1.15752-9/441484725_967287931771052_2180996896068464386_n.jpg?_nc_cat=108&ccb=1-7&_nc_sid=5f2048&_nc_eui2=AeFxfALwLgB_Z6U1s-UvN0j_B7QsXTgHGBkHtCxdOAcYGf-kAUiuVrbeb2u8X8-lsxd2RjbqHhNlWt6iYzS-9zXs&_nc_ohc=pR5e0HeGlS0Q7kNvgE1zaoE&_nc_ht=scontent.fhan2-3.fna&oh=03_Q7cD1QEFJcJczrXBe4bAAyZIPtsr2NTNhyO6Qt746fBF8Oepcw&oe=6680C3B8,,			Bách	Duyệt		
2024-05-29	FP - BEAT NOW	Nguyễn Đồng Tường	"cap: Tầm này làm bạn với điều hòa là chân ái 🥺
cmt: Thông tin từ Bệnh viện Đa khoa tỉnh Phú Thọ ngày 29/5, sau hơn 2 giờ đi xe máy từ Hà Nội về quê Phú Thọ giữa trưa nắng trong ngày 27/4, bệnh nhân xuất hiện đau đầu vật vã, người nóng như than, sau đó ý thức giảm dần, gọi hỏi không biết…  Người bệnh được đưa vào cấp cứu ban đầu tại Trung tâm y tế huyện, sau đó được chuyển vào Khoa Hồi sức tích cực – Bệnh viện đa khoa tỉnh Phú Thọ trong tình trạng hôn mê sâu, Glasgow 5 điểm, thở qua bóp bóng, co giật toàn thân, nhiệt độ cơ thể 40,5 độ C, mạch nhanh, huyết áp tụt.  Tại đây, các bác sĩ đã thực hiện các biện pháp hồi sức và kiểm tra toàn diện để loại trừ tình trạng bất thường não, mạch não và các nguyên nhân khác. Qua kết quả kiểm tra xác định người bệnh bị sốc nhiệt mức độ nặng, nguy cơ tử vong cao 30 – 40%. Đây là ca bệnh khó và rất nặng.  Sau khi hội chẩn trong khoa, các bác sĩ đã áp dụng kỹ thuật hạ thân nhiệt chỉ huy để kiểm soát nhiệt độ cơ thể và các biện pháp hồi sức tích cực khác như thở máy, dùng thuốc vận mạch, lọc máu, bù nước, điện giải… để điều chỉnh các rối loạn do tình trạng sốc và tăng thân nhiệt gây ra.  Sau 5 ngày duy trì hạ thân nhiệt chỉ huy, 2 ngày lọc máu và phối hợp các biện pháp điều trị cực, ý thức người bệnh tỉnh dần, các rối loạn dần ổn định. Đến ngày thứ 8, người bệnh rút được máy thở. Và sau 22 ngày điều trị, người bệnh được ra viện.  Theo thông tin từ Bệnh viện Đa khoa Phú Thọ, sốc nhiệt là tình trạng tăng thân nhiệt nghiêm trọng (>40 độ C) kèm theo rối loạn hoạt động của các cơ quan như thần kinh, hô hấp, tuần hoàn,… dẫn đến rối loạn ý thức hoặc hôn mê."	https://scontent.fhan20-1.fna.fbcdn.net/v/t1.15752-9/441431750_797771435402046_1076611296483601271_n.png?_nc_cat=102&ccb=1-7&_nc_sid=5f2048&_nc_eui2=AeEpIP_AXLSihFga9RQSSuOAXygwodx4DudfKDCh3HgO52Pwk8gpeIfek0zto9xtwO3N_lNgNK-q-icsELfWSLqK&_nc_ohc=cX9vS6GVWckQ7kNvgG6LwvS&_nc_ht=scontent.fhan20-1.fna&oh=03_Q7cD1QE2HuiF6rgo1RnCPaCpkUzn4G8NFpBwQeVOhhDqEOFq0w&oe=6680BE0F,,			Đạt	Duyệt		
2024-05-29	FP - BEAT NOW	Ngô Tiến Dũng	https://drive.google.com/file/d/10kb1_YDII5SXDsQ5f6oUOqc3Qc8cXWDJ/view?usp=sharing	https://drive.google.com/thumbnail?id=10kb1_YDII5SXDsQ5f6oUOqc3Qc8cXWDJ		https://drive.google.com/file/d/10kb1_YDII5SXDsQ5f6oUOqc3Qc8cXWDJ/view?usp=sharing	Đạt	Duyệt		
2024-05-29	FP - BEAT NOW	Ngô Tiến Dũng	Ông nào cười đi xám hối chưa 🤣				Đạt	Duyệt		
2024-05-29	FP - BEAT NOW	Nguyễn Đức Hậu	https://drive.google.com/file/d/1oHG60X3qU1kiznPSZRZDuxSAx4uI00Wm/view?usp=sharing	https://drive.google.com/thumbnail?id=1oHG60X3qU1kiznPSZRZDuxSAx4uI00Wm		https://drive.google.com/file/d/1oHG60X3qU1kiznPSZRZDuxSAx4uI00Wm/view?usp=sharing	Đạt	Duyệt		
2024-05-29	FP - BEAT NOW	Nguyễn Việt Anh	Chơi vậy ai chơi lại	https://scontent.fhan2-3.fna.fbcdn.net/v/t1.15752-9/441923976_442418438521831_35083745471860387_n.jpg?_nc_cat=108&ccb=1-7&_nc_sid=5f2048&_nc_eui2=AeF93DqvznRQUoN0yc9jN5Q41eEP3-opkRLV4Q_f6imREprg5kI3Q4tbQg0YxyQmFpx-pEK-h8UTHu7VgKI7CQCK&_nc_ohc=L2pGzDWpoXEQ7kNvgEqSIbI&_nc_ht=scontent.fhan2-3.fna&oh=03_Q7cD1QFsC-baBQzUa_btM0BCopJcxTPghZCh2gysDoXwVfa36A&oe=6680ACCF,,			Bách	Duyệt		
2024-05-29	FP - BEAT NOW	Nguyễn Việt Anh	"Sau màn ""tương tác"", Lâm Minh xuất hiện cùng bé Hy với giao diện cực ngầu"	https://scontent.fhan2-5.fna.fbcdn.net/v/t1.15752-9/436304745_1964903260573754_3037981170535715641_n.jpg?_nc_cat=106&ccb=1-7&_nc_sid=5f2048&_nc_eui2=AeEuzPsUJLmTYoCsnBMh7bU887FHu09ib0vzsUe7T2JvSweS72nKk8uRblALy7gDrkme58s1nogxNLv0G6atr24j&_nc_ohc=qovv60fS1ysQ7kNvgFjXZ6O&_nc_ht=scontent.fhan2-5.fna&oh=03_Q7cD1QF3_a-aE2unUGaC6n9Zw6-ddFRKXmeWjnbgktmJb_QdwA&oe=6680D09C,,			Đạt	Duyệt		
2024-05-28	FP - BEAT NOW	Ngô Tiến Dũng	LÀO CAI: Phát hiện 1 thi thể trên tầng 3 khu nhà liên kể bỏ hoang 😱	https://scontent.fhan20-1.fna.fbcdn.net/v/t1.15752-9/436239703_791312029770852_5467655980827010835_n.jpg?_nc_cat=102&ccb=1-7&_nc_sid=5f2048&_nc_eui2=AeET9ZtNblkajRJVlagPpB7DUq0KfyH7lKlSrQp_IfuUqSblHjgWkl8BXagCNGFd5ywucR8soVISpx1Rg8fqCIlT&_nc_ohc=7jPKTA3jqE8Q7kNvgEqWv6p&_nc_ht=scontent.fhan20-1.fna&oh=03_Q7cD1QGzmFFP8nKmOuAbDlU3W_8ypCEYr79UowSHNMVw2xS-Hw&oe=6680A2D0,,			Bách	Duyệt		
2024-05-28	FP - BEAT NOW	Nguyễn Đức Hậu	ĐÊM HÔM BÁC TÀI ĐƯỢC MỘT PHEN HẾT HỒN Clip gây nhiều ý kiến trái chiều nhau, theo mọi người nếu gặp phải tình huống này thì xử lý như thế nào?  ---- Video: MXH	https://drive.google.com/thumbnail?id=1OH7ldUbSE_7CUHsYgmDLJPHwQGO8yjpI		https://drive.google.com/file/d/1OH7ldUbSE_7CUHsYgmDLJPHwQGO8yjpI/view?usp=sharing	Bách	Duyệt		
2024-05-28	FP - BEAT NOW	Nguyễn Đồng Tường	"NHÃN HÀNG ĐAU ĐẦU VÌ BOOKING KOL, KOC TIKTOK NHƯNG HIỆU QUẢ THÌ “ẢO MA"" ?  Thực trạng bỏ đống tiền ra thuê Tiktoker có lượng follower cao về review rồi nhận lại chỉ toàn những comment seeding công nghiệp, kèm theo view lẹt đẹt hoặc buff view là chuyện quá đỗi bình thường khiến nhiều shop, nhãn hàng bức xúc.   Vậy nên các shop, nhãn hàng đừng vội xuống tiền chỉ vì fame họ to mà cứ đẩy tiền, sản phẩm không phải thế mạnh của KOLs/KOCs thì cần cân nhắc thật kĩ…  Cân nhắc kĩ như nào, làm sao để ưu việc marketing thông qua booking KOL,KOC thì anh em tham khảo chiếc  Webinar “nóng hôi hổi"" dưới comment nhé !"	https://scontent.fhan2-5.fna.fbcdn.net/v/t1.15752-9/441420840_1567570113821048_3280068917550641267_n.png?_nc_cat=107&ccb=1-7&_nc_sid=5f2048&_nc_eui2=AeEbfi0W0ruCXULt_00BjaKdtJGfk8dIWbO0kZ-Tx0hZs9fg2U7-4xsOkHeUQwsRpWOAojrpQ-uvtQCyJ1CWIxV3&_nc_ohc=8iBhaEuIR3cQ7kNvgGVlmW-&_nc_ht=scontent.fhan2-5.fna&oh=03_Q7cD1QGoxZSRHUG56rRVeMId3-YFrIv7TMiII85UEB7P9AiuDw&oe=6680C961,,			Đạt	Duyệt		
2024-05-28	FP - BEAT NOW	Nguyễn Việt Anh	Rồi dưỡng đến bao giờ cho nó mọc lại	https://scontent.fhan20-1.fna.fbcdn.net/v/t1.15752-9/446056012_1400964187274281_5694454031315021552_n.png?_nc_cat=103&ccb=1-7&_nc_sid=5f2048&_nc_eui2=AeHWZx3LmKaWyIdo-P87E9HgpNR4fRNpbvuk1Hh9E2lu-5Rs9UInr0swdA6GczoY1rj35V3rQ5UUYnElAb0ikBdj&_nc_ohc=YjWTmh3DYVsQ7kNvgH_JfPV&_nc_ht=scontent.fhan20-1.fna&oh=03_Q7cD1QFAKOvHQXtvNeYWS9REj5IiDSIKQ2UPFYxcQWI-bZj8Iw&oe=6680A5A4,,			Đạt	Duyệt		
2024-05-28	FP - BEAT NOW	Ngô Tiến Dũng	Ông nào giỏi lý giải thích hộ tôi phát	https://drive.google.com/thumbnail?id=1pR_F6INutiuB3UZTK5AcafWkKSUzpQk3		https://drive.google.com/file/d/1pR_F6INutiuB3UZTK5AcafWkKSUzpQk3/view?usp=drive_link	Đạt	Duyệt		
2024-05-28	FP - BEAT NOW	Nguyễn Việt Anh	Tới công chuyện	https://scontent.fhan20-1.fna.fbcdn.net/v/t1.15752-9/441368677_974027610775885_3245709340553484604_n.png?_nc_cat=103&ccb=1-7&_nc_sid=5f2048&_nc_eui2=AeEKybcUTC5badphQKFWMYIAdZ7Upjt9hNp1ntSmO32E2tQdRJeKUVT6Iw7rxozv21JQNjBsRQwh7KxgWQbJsq3P&_nc_ohc=4PwOe1qem0gQ7kNvgHpOpJW&_nc_ht=scontent.fhan20-1.fna&oh=03_Q7cD1QF2yo1jyzwQCzQ0wR8joY4kBV_jvSs62-zE-1DNdhqMjg&oe=6680C214,,			Bách	Duyệt		
2024-05-28	FP - BEAT NOW	Nguyễn Đức Hậu	https://drive.google.com/file/d/1FOz93RRqvwrhTxs0OHZHB4rQLKu8W27c/view?usp=sharing	https://drive.google.com/thumbnail?id=1FOz93RRqvwrhTxs0OHZHB4rQLKu8W27c		https://drive.google.com/file/d/1FOz93RRqvwrhTxs0OHZHB4rQLKu8W27c/view?usp=sharing	Đạt	Duyệt		
2024-05-28	FP - BEAT NOW	Ngô Tiến Dũng	Mùa cao điểm nắng nóng, các bạn lưu ý khi sử dụng các thiết bị điện, tránh trường hợp cháy nổ	https://drive.google.com/thumbnail?id=1StRTfBRDwhGtYSHPfOTDHEzOClS4Xdq0		https://drive.google.com/file/d/1StRTfBRDwhGtYSHPfOTDHEzOClS4Xdq0/view?usp=sharing	Đạt	Duyệt		
2024-05-28	FP - BEAT NOW	Nguyễn Đức Hậu	https://drive.google.com/file/d/1pDaCaPCjoss8M06j0x3DeiAUuKqKyShC/view?usp=sharing	https://drive.google.com/thumbnail?id=1pDaCaPCjoss8M06j0x3DeiAUuKqKyShC		https://drive.google.com/file/d/1pDaCaPCjoss8M06j0x3DeiAUuKqKyShC/view?usp=sharing	Đạt	Duyệt		
2024-05-28	FP - BEAT NOW	Nguyễn Việt Anh	https://drive.google.com/file/d/1GeFl9Mhd3gTZ5h-rkriBnLF3OnjdiCzL/view?usp=sharing	https://drive.google.com/thumbnail?id=1GeFl9Mhd3gTZ5h-rkriBnLF3OnjdiCzL		https://drive.google.com/file/d/1GeFl9Mhd3gTZ5h-rkriBnLF3OnjdiCzL/view?usp=sharing	Đạt	Duyệt		
2024-05-28	FP - BEAT NOW	Nguyễn Đức Hậu	https://drive.google.com/file/d/1NfmhK09qknmvybYpQmn4zFU8UBuTjjZY/view?usp=sharing	https://drive.google.com/thumbnail?id=1NfmhK09qknmvybYpQmn4zFU8UBuTjjZY		https://drive.google.com/file/d/1NfmhK09qknmvybYpQmn4zFU8UBuTjjZY/view?usp=sharing	Bách	Duyệt		
2024-05-28	FP - BEAT NOW	Nguyễn Việt Anh	Shipper cũng là mua hộ cho khách mà	https://scontent.fhan2-3.fna.fbcdn.net/v/t1.15752-9/436638698_3312517979052966_8675573531958418637_n.jpg?_nc_cat=108&ccb=1-7&_nc_sid=5f2048&_nc_eui2=AeEXLEmNl-_wBpe9PUHOVm92IGdBSuaOOmYgZ0FK5o46ZrujEr-134u36vHF-s3aIbABmkCTkXqQMo6iVE2CiIH5&_nc_ohc=BegjxY5ujnIQ7kNvgHZTIQT&_nc_ht=scontent.fhan2-3.fna&oh=03_Q7cD1QGYQxxLOW2qczWItTWXMuggLZvZejQuqpnw2MNK5jiXOQ&oe=6680CC53,,			Bách	Duyệt		
2024-05-28	FP - BEAT NOW	Ngô Tiến Dũng	Cộng vội cũng được 25 triệu rồi	https://scontent.fhan2-5.fna.fbcdn.net/v/t1.15752-9/442713408_1355761648452666_5678277619965057965_n.jpg?_nc_cat=107&ccb=1-7&_nc_sid=5f2048&_nc_eui2=AeGKLNEf81tNPsI2psHY09kW2UfGzMD7vjfZR8bMwPu-N3eJHCECBgYUtiZJDs6HN3bgldNm8s5rPt9-tFyihGmy&_nc_ohc=ReR19Hqv3EYQ7kNvgETG303&_nc_ht=scontent.fhan2-5.fna&oh=03_Q7cD1QGnzIUU9siXpcQnWSYSJ5NZZKV3evQyDy_QchPeJduy-g&oe=6680A210,,https://scontent.fhan2-5.fna.fbcdn.net/v/t1.15752-9/441655790_1364257961633681_2677970113195597227_n.jpg?_nc_cat=107&ccb=1-7&_nc_sid=5f2048&_nc_eui2=AeGWRwSSjvgXO3nmta2LOXLeeUJve1zHMkV5Qm97XMcyRdZs6g2ltkbBMartbOOlvgRb0Sn6ztHxSskOFA1UQUdl&_nc_ohc=7_BHclU9MJcQ7kNvgENCOcB&_nc_ht=scontent.fhan2-5.fna&oh=03_Q7cD1QEozoz0c7zwCx0JiPGixXCu-oEvX_vBCLwMwi8kFJ8JwA&oe=6680A710,,https://scontent.fhan20-1.fna.fbcdn.net/v/t1.15752-9/445378635_495561692901424_16728734656094020_n.jpg?_nc_cat=109&ccb=1-7&_nc_sid=5f2048&_nc_eui2=AeGft1QF8RTwyJWMQpICVciBjKwV1m9nZECMrBXWb2dkQKYsarGLdWNZJHZ6NIyttPrSFeEurVD_knlFDZPaIIhI&_nc_ohc=szBMTzAdMDYQ7kNvgFdlOXt&_nc_ht=scontent.fhan20-1.fna&oh=03_Q7cD1QFPDAzHjsVIzGb77r4Sd1CKpNCEdeL1U2aNrh7H8CuU_Q&oe=6680A252,,https://scontent.fhan2-3.fna.fbcdn.net/v/t1.15752-9/445978889_382870687489604_2321298064924359884_n.jpg?_nc_cat=101&ccb=1-7&_nc_sid=5f2048&_nc_eui2=AeHWUxQ9n_2z6bbu5rFc3_aC2dK3oXZ67WjZ0rehdnrtaGfnOfn3a06Ajfm8sUi_oNnzi62RVmZwJ4RxhBSzHCoK&_nc_ohc=nIT4BOI6-yQQ7kNvgEEmPvj&_nc_ht=scontent.fhan2-3.fna&oh=03_Q7cD1QFrc0YExkrFzz0bMOMnaj_2z0gy0poKMjIYy_x_FEADEQ&oe=6680A293,,https://scontent.fhan2-5.fna.fbcdn.net/v/t1.15752-9/441441164_459381760108609_7399760265001463510_n.jpg?_nc_cat=106&ccb=1-7&_nc_sid=5f2048&_nc_eui2=AeGqqWqrsUjflUbAv0FH-A-WEJ6-ow-yD4QQnr6jD7IPhBdrqh6Qa2nZ6mynW3CuRkrAMgWX0rva07SL5nH1nrSI&_nc_ohc=bksus7xuV7kQ7kNvgHgNO2o&_nc_ht=scontent.fhan2-5.fna&oh=03_Q7cD1QEpb2TVd-hpQpd3ezO8QseDZ1BplSn2DeYbqbmlKMAk2Q&oe=6680AFE6,,			Đạt	Duyệt		
2024-05-28	FP - BEAT NOW	Nguyễn Việt Anh	KHÔNG GIÀU VẬT CHẤT NHƯNG GIÀU TÌNH CẢM  2 bạn nữ này đang đi đường thì gặp anh trai nọ đến xin tiền, rất tiếc là 2 bạn lại không có. Những tưởng anh sẽ dai dẳng xin tiếp hoặc đơn giản là bỏ đi như nhiều người khác, ai ngờ anh lại lấy tiền của mình tặng lại cho 2 bạn, chỉ vì nghe các bạn nói rằng mình không có tiền.   Hỏi ra mới biết anh ấy là người bị khiếm khuyết hay ăn xin ở đoạn đường này. Không riêng gì 2 bạn, ai đi ngang qua mà nói rằng không có tiền cũng được anh dúi tờ tiền hay bọc bánh vào tay với thái độ rất nhiệt tình, mặc dù anh được người ta cho cũng chẳng có mấy đồng.   Có lẽ anh luôn nghĩ rằng người ta nói vậy là họ thật sự khó khăn hơn anh, ngẫm lại mới thấy mình đủ đầy vật chất nhưng chưa chắc đã “giàu” bằng anh ấy. Mọi người có gặp anh mà được cho tiền thì đừng lấy của ảnh nhé.	https://scontent.fhan20-1.fna.fbcdn.net/v/t1.15752-9/441967725_472701628554185_455587512536971569_n.jpg?_nc_cat=109&ccb=1-7&_nc_sid=5f2048&_nc_eui2=AeH9BofFDDj7HmUs2weLq-l_neSzdJqcMTyd5LN0mpwxPIwXw68rC3ZRhMA62_84Zn_YpihJzPaHyqrIpCdvTk8j&_nc_ohc=plz2mShTbfwQ7kNvgGRNp9F&_nc_ht=scontent.fhan20-1.fna&oh=03_Q7cD1QErBp9oAV_o3jfj5bhvs2mvwYS_Ws6Bhcbyh2zTsXx4fA&oe=6680C82C,,https://scontent.fhan2-3.fna.fbcdn.net/v/t1.15752-9/436766677_1150005402703343_4008945395385024785_n.jpg?_nc_cat=111&ccb=1-7&_nc_sid=5f2048&_nc_eui2=AeFK7jRGrNnPsX0qa4xCTGQ6iRVt1WnoofiJFW3Vaeih-EQK58ZMhBsOkfECpimqwyKXtcURCj3b84SLE0JvZpda&_nc_ohc=BcKt5c7_nVwQ7kNvgFX_kRj&_nc_ht=scontent.fhan2-3.fna&oh=03_Q7cD1QHbDCcGUQmwBbJrlWKgYpzoBQBkMZuvjS5OqD2SXmPA-g&oe=6680A11C,,https://scontent.fhan2-4.fna.fbcdn.net/v/t1.15752-9/436754624_999973498464163_1739881723581571101_n.jpg?_nc_cat=105&ccb=1-7&_nc_sid=5f2048&_nc_eui2=AeHtD7MPlDNvdkklVpY4CJG-n59AneB_G-yfn0Cd4H8b7MJWbAfR65Ti1XqQiCSnzSdBpLrGKR37aUoyplrBeIiZ&_nc_ohc=4PVfZzZeE7MQ7kNvgHZ11KG&_nc_ht=scontent.fhan2-4.fna&oh=03_Q7cD1QGGfVk2VQ5j_8TzJjWblvW2eL208gfU7_7r6njDRtmLdw&oe=6680CF46,,https://scontent.fhan2-3.fna.fbcdn.net/v/t1.15752-9/441938273_1896171640843551_6256146710636785902_n.jpg?_nc_cat=108&ccb=1-7&_nc_sid=5f2048&_nc_eui2=AeF7kNn5UR9vd2E6d3T4QsTEShzXAAtCOthKHNcAC0I62AHFLIDIfTbzs961F0p7AAFC6V7xdURvMvq3RCuhETJH&_nc_ohc=cABSkm1mypkQ7kNvgG1FKHv&_nc_ht=scontent.fhan2-3.fna&oh=03_Q7cD1QFjaCi9ped9TZS6mtUm5-G6rmkJj_vEl7GeQrxSE4UI7g&oe=6680C453,,			Đạt	Duyệt		
2024-05-27	FP - BEAT NOW	Nguyễn Đức Hậu	https://drive.google.com/file/d/1wsCVbt03TWm8hLmdE8iQCzSoyBWYOuzW/view?usp=sharing	https://drive.google.com/thumbnail?id=1wsCVbt03TWm8hLmdE8iQCzSoyBWYOuzW		https://drive.google.com/file/d/1wsCVbt03TWm8hLmdE8iQCzSoyBWYOuzW/view?usp=sharing	Bách	Duyệt		
2024-05-27	FP - BEAT NOW	Phạm Minh Đức	Hãy nhìn vào bức ảnh này, đây là một cây Sen nhưng nó không phải là một cây Sen bình thường, hoa của nó đã chuyển thành màu vàng, rễ thì khô cằn trông rất khát nước.  Để mà lói ngắn gọn thì cây sen vàng này sẽ không trụ nổi, nếu không chứng minh được sự trong sạch của mình 😌	https://scontent.fhan20-1.fna.fbcdn.net/v/t1.15752-9/442713406_1208955580523105_8996358597018188338_n.jpg?_nc_cat=103&ccb=1-7&_nc_sid=5f2048&_nc_eui2=AeGWd7q2OJkJb2rTqNwXgeyMnFMxtaSUEamcUzG1pJQRqe0lGSxDVfeWULlNlw-SF3dtasyReO-i6OTKpW689DFZ&_nc_ohc=1orStGGDIb0Q7kNvgElBWVp&_nc_ht=scontent.fhan20-1.fna&oh=03_Q7cD1QEm3JT7zN6ou8xcKtp4uTu7D4WawLZLg7ukFo3LqdAacA&oe=6680A1DE,,			Bách	Duyệt		
2024-05-27	FP - BEAT NOW	Ngô Tiến Dũng					Bách	Duyệt		
2024-05-27	FP - BEAT NOW	Phạm Minh Đức	DÀN MENTOR CHẤT LƯỢNG THỰC SỰ  Và không để mọi người phải chờ lâu khi 7 nghệ sĩ tài năng tới từ SpaceSpeakers bao gồm: Touliver, Rhymastic, SOOBIN, Binz, Triple D, SlimV, Kiên Ứng sẽ trực tiếp nắm giữ cương vị Mentor của mùa 2 chương trình PEPSI X 55 RADAR  Với kiến thức, kinh nghiệm và trải nghiệm qua nhiều năm trong lĩnh vực âm nhạc, các Mentor của chúng ta hứa hẹn sẽ mang tới cho chương trình những đánh giá khách quan và trung thực, đồng thời lựa chọn ra những thí sinh tiềm năng để phát triển trong tương lai thông qua chương trình này   Mentor xịn sò như này thì các thí sinh phải nỗ lực hết sức mình mới đượccc  #Pepsix55RADAR	"https://scontent.fhan2-3.fna.fbcdn.net/v/t1.15752-9/436518254_1118533555896639_2575710727480800210_n.jpg?_nc_cat=108&ccb=1-7&_nc_sid=5f2048&_nc_eui2=AeHn9ExQJ4U5wYbcecK4UQx-pQylydOwR7qlDKXJ07BHupHC2Nlrl8vk8noLSz1gkLqR1JQ8YFlnc4ME1V8a0Cnk&_nc_ohc=Vsk-l-EN4ZkQ7kNvgEuLTws&_nc_ht=scontent.fhan2-3.fna&oh=03_Q7cD1QEnR9mhhSkITS_HotNwkF4P0gCA5AshWEZhNNlI72WmEQ&oe=6680CBBB
https://scontent.fhan2-5.fna.fbcdn.net/v/t1.15752-9/442456563_773756551609369_4641739555178334456_n.jpg?_nc_cat=104&ccb=1-7&_nc_sid=5f2048&_nc_eui2=AeGgjZxZujI58VjDMqlsjVw0N9CNOx7LOE030I07Hss4TUgOEH9pCFlUP4Nf_GXureDjKOOrPA75GW-8MWi9U89q&_nc_ohc=JpFnIiuF7GMQ7kNvgHQYM1N&_nc_ht=scontent.fhan2-5.fna&oh=03_Q7cD1QHdP9R8vOdh8rg0q_CSkxUaE8G7-fDAs0eEcRDVdLFoXg&oe=6680B017,,"			Đạt	Duyệt		
2024-05-27	FP - BEAT NOW	Ngô Tiến Dũng	Má ơi đêm đọc bài không dám ngủ luôn	https://scontent.fhan2-5.fna.fbcdn.net/v/t1.15752-9/445374178_1786875491833778_4383096840467515750_n.jpg?_nc_cat=104&ccb=1-7&_nc_sid=5f2048&_nc_eui2=AeFbMjTKhh59NBjI7Gxb5L4o3-rWreyHlQrf6tat7IeVCl0tHvElMIiyeDp-jcXnXolOZ2XPzc3QCnCU7VJFKtf-&_nc_ohc=E4_w5cUOp3cQ7kNvgHqlS0I&_nc_ht=scontent.fhan2-5.fna&oh=03_Q7cD1QHAS_w--LUPcydoqoVrWzzr0ATULFDPd-wlAyVKCNJq_A&oe=6680A3AF,,			Đạt	Duyệt		
2024-05-27	FP - BEAT NOW	Nguyễn Đức Hậu	https://drive.google.com/file/d/1PtwpBRqzpm2DG1By5hBlApj4DpcFrUrR/view?usp=sharing	https://drive.google.com/thumbnail?id=1PtwpBRqzpm2DG1By5hBlApj4DpcFrUrR		https://drive.google.com/file/d/1PtwpBRqzpm2DG1By5hBlApj4DpcFrUrR/view?usp=sharing	Đạt	Duyệt		
2024-05-27	FP - BEAT NOW	Phạm Minh Đức	Cuối năm tổng kết là dịp đánh dấu sự trưởng thành, lưu giữ kỷ niệm qua ảnh kỷ yếu và buổi liên hoan nhẹ nhàng. Là lúc ôn lại những ngày gắn bó với bạn bè và thầy cô. Dù lớp không luôn đoàn kết và có thể có những lời trách móc, nhưng đừng vì những điều đó mà các bạn không ngồi lại với nhau.   Thầy cô chỉ mong muốn một buổi liên hoan đơn giản, để thấy sự trưởng thành và đoàn kết của chúng ta. Kỷ niệm là vô giá, hãy trân trọng từng khoảnh khắc cuối cùng này.	https://scontent.fhan2-4.fna.fbcdn.net/v/t1.15752-9/436242495_899122572020272_6830446527099791088_n.jpg?_nc_cat=105&ccb=1-7&_nc_sid=5f2048&_nc_eui2=AeGapeBnd14DHoVUkfoU5crIz0ZtUjEx-RnPRm1SMTH5GeqoDHbh0W1eUKWPDFCpIMNqpTsHmAzaT3XAOSWtzhwK&_nc_ohc=Y1S70Do0eucQ7kNvgGnZm_b&_nc_ht=scontent.fhan2-4.fna&oh=03_Q7cD1QF3PEmScP_mveVAu7KPbGAR1TNPfrblVhtJJ4xskZ5y1Q&oe=6680B659,,https://scontent.fhan2-3.fna.fbcdn.net/v/t1.15752-9/445594139_1845647365951891_3128723547146331218_n.jpg?_nc_cat=101&ccb=1-7&_nc_sid=5f2048&_nc_eui2=AeHZj4nhO6TLd0XEVPjgpLgfJY4OfnOF1ysljg5-c4XXK3LHhc2hUMV6_PCOT3fjGVM5RQMtWtnVu-wuQxfjhXLv&_nc_ohc=gqj-NpqniPkQ7kNvgELXGPH&_nc_ht=scontent.fhan2-3.fna&oh=03_Q7cD1QH-nNl_TORo26kiz4PjlOap_L77N5_8tO2xr3WQgfhkIQ&oe=6680C773,,https://scontent.fhan2-4.fna.fbcdn.net/v/t1.15752-9/442695749_768356242144675_5265170076158409081_n.jpg?_nc_cat=105&ccb=1-7&_nc_sid=5f2048&_nc_eui2=AeEx5q74vie7KQQLl4AUt5p-feQRX7k5Hsx95BFfuTkezKXsfKlQa4AMoxXkMfRnsjh4qguBpEsjFXqmxNbghAxZ&_nc_ohc=t35U8e17fpkQ7kNvgGSM2rS&_nc_ht=scontent.fhan2-4.fna&oh=03_Q7cD1QEoO6ezwUTD9tDsNu5hjgqwt7I-xgtQlJz_MggacvSXmQ&oe=6680A748,,			Bách	Duyệt		
2024-05-27	FP - BEAT NOW	Ngô Tiến Dũng	SẬP BẪY CƠ SỞ “UP DATE THẰNG EM - BUFF SIZE CHO 🐦‍⬛”, BUFF BẨN DÀI và LÂU”  Mới đây VTV đưa phóng sự về một cơ sở kích thích cái “cần tăng dân số” với 1 số tính năng như “nâng cấp cậu nhỏ, tăng kích thước, thời gian…”  cộng  nhiều ưu đãi hấp dẫn trả góp hàng tháng, cùng 7749 cái cam kết uy tín, khiến nhiều anh em tin sái cổ nhưng làm xong vẫn chỉ vỡ mộng thằng em vẫn thế đúng chán :((	https://scontent.fhan2-4.fna.fbcdn.net/v/t1.15752-9/440964075_1726302244566753_555950167292460589_n.jpg?_nc_cat=110&ccb=1-7&_nc_sid=5f2048&_nc_eui2=AeHRcINocfMn0BXimLW-oKgAnXaNhkOqzPWddo2GQ6rM9Zua585mbXDL4vdqavgBaxQktslgMVkFvaN197-Qi-B4&_nc_ohc=dfK4R-X5bl0Q7kNvgE-kCkp&_nc_ht=scontent.fhan2-4.fna&oh=03_Q7cD1QF-JsdbszQ_4v5zbEo0baK32Gos9DrpKEKh7PA3JSXx6w&oe=6680C69F,,https://scontent.fhan2-5.fna.fbcdn.net/v/t1.15752-9/445373025_1368825373803404_549207164226151378_n.jpg?_nc_cat=106&ccb=1-7&_nc_sid=5f2048&_nc_eui2=AeHmNbP3HhAtb4Yk2fdaghVVI-t26s53KiIj63bqzncqIvRM5ZEQyi6jiSK8H8VNfMr3ASjzT6QHiWTCKM8PVdRy&_nc_ohc=7DyYxZ94afoQ7kNvgG_hTCM&_nc_ht=scontent.fhan2-5.fna&oh=03_Q7cD1QEL7g7ou4aTxkcjuUy1xz8NocRalPDwxFNoIsd_TCjWHQ&oe=6680AACB,,https://scontent.fhan2-3.fna.fbcdn.net/v/t1.15752-9/441431749_420424967559235_9203103738194489865_n.jpg?_nc_cat=101&ccb=1-7&_nc_sid=5f2048&_nc_eui2=AeFH7nGth69GUfy43TxL2fnFM-cpACJ7IFcz5ykAInsgVyUedL0I0os9c2Bp3gmrmFb9PqGvQtEUPkJ2Sda-lgCN&_nc_ohc=R5_gnBOQZh8Q7kNvgE4px-P&_nc_ht=scontent.fhan2-3.fna&oh=03_Q7cD1QGZEV2liE3ghLctWOwjscMy1xqUcT4IUUmWn6xlOdErcg&oe=6680C457,,https://scontent.fhan2-4.fna.fbcdn.net/v/t1.15752-9/441536667_740519698008796_6947377180680930283_n.jpg?_nc_cat=100&ccb=1-7&_nc_sid=5f2048&_nc_eui2=AeElIMrcO8pee9NaCFT4xvINw4Gj7yPX69zDgaPvI9fr3O1HrFCt5Kc4ZHF3nTlM4yiHrV1XbLNHQgi97c4iStEY&_nc_ohc=y71CJuQW0BIQ7kNvgH2ChKv&_nc_ht=scontent.fhan2-4.fna&oh=03_Q7cD1QEhcl6l5jIA3ztf22i9eMdLypKEQpGHokl6V-Y4pCaBUQ&oe=6680A7D9,,https://scontent.fhan2-3.fna.fbcdn.net/v/t1.15752-9/441986653_1413818692604614_9181687048413874791_n.jpg?_nc_cat=111&ccb=1-7&_nc_sid=5f2048&_nc_eui2=AeHfwNjEXBjdNAEbv8KGcGRXL7mF0P34SCovuYXQ_fhIKvPs9OYN1H7ryvjNzAwSWeXEL2nOLU6mHsq_IOgyiXjp&_nc_ohc=Sjwi9TJG6VAQ7kNvgHXSQRM&_nc_ht=scontent.fhan2-3.fna&oh=03_Q7cD1QHq9-jBLa_7HMz_eGvc31CcHASiVRl8qxgjCsOd8Iiy8w&oe=6680B76B,,https://scontent.fhan2-3.fna.fbcdn.net/v/t1.15752-9/441464559_1243768389927467_2052309452068428909_n.jpg?_nc_cat=101&ccb=1-7&_nc_sid=5f2048&_nc_eui2=AeFbUKGS5u12BNn9EizarQTmTo6ppuWkfhpOjqmm5aR-GjvJMEz7DFZ2PSKb1x2sYAYFCXJiRs0oM2WjcOWbVqtG&_nc_ohc=3Mwb2QdT-kwQ7kNvgFRl8qM&_nc_ht=scontent.fhan2-3.fna&oh=03_Q7cD1QHmqToaDUL-6HEykOuvy5Pm_lN1qFpQzesDBS5OryB2-g&oe=6680AB7A,,https://scontent.fhan2-5.fna.fbcdn.net/v/t1.15752-9/440366877_1608647793316338_2966240159995659718_n.jpg?_nc_cat=104&ccb=1-7&_nc_sid=5f2048&_nc_eui2=AeEosX6Mxf2H0D3k5PVFjcmnWcSSuz_vllZZxJK7P--WVswEuvF729DOGy0REuXPlpOr6f9muNBoQWd_aIN3X-LT&_nc_ohc=UlbQKUCKInoQ7kNvgHhvGjK&_nc_ht=scontent.fhan2-5.fna&oh=03_Q7cD1QFKBc-WyhoBQ_yErzNu7kQIWxM4AKF35uJn6XTptJStXQ&oe=6680D51B,,			Đạt	Duyệt		
2024-05-27	FP - BEAT NOW	Nguyễn Đức Hậu	https://drive.google.com/file/d/1_RP87eBaqTPeQmFakHbLv6jHdT9dtTNf/view?usp=sharing	https://drive.google.com/thumbnail?id=1_RP87eBaqTPeQmFakHbLv6jHdT9dtTNf		https://drive.google.com/file/d/1_RP87eBaqTPeQmFakHbLv6jHdT9dtTNf/view?usp=sharing	Bách	Duyệt		
2024-05-27	FP - BEAT NOW	Nguyễn Việt Anh	"Đã mất tiền còn thêm tội tham ô nữa 🥹
Trước đó, khoảng 14h ngày 21.4, Chi đã đăng ký cho con và cháu tham gia cuộc thi marathon dành cho trẻ qua một fanpage lừa đảo trên Facebook.  Khi thấy Chi đăng ký, phía fanpage đã chủ liên hệ lại và đề nghị Chi kết bạn qua Zalo để thực hiện các bước đăng kí. Các đối tượng lừa đảo đã hướng dẫn Chi đăng ký mua sản phẩm và sẽ được hoàn tiền nhanh chóng.  Khi thấy con mồi vào tròng, nhóm lừa đảo đưa ra các lý do như sai cú pháp, sai lệnh và yêu cầu Chi phải chuyển tiền để được hoàn trả lại số tiền bị mất. Chi đã làm theo hướng dẫn và bị lừa 1 tỉ đồng.  Sau khi hết tiền, Chi lén vào cơ quan trong đêm để thực hiện các lệnh chuyển tiền cho các đối tượng lừa đảo, với số tiền 30 tỉ đồng.  Theo báo Lao động"	https://scontent.fhan2-4.fna.fbcdn.net/v/t1.15752-9/436618583_1441382703925518_5451465255515768028_n.jpg?_nc_cat=110&ccb=1-7&_nc_sid=5f2048&_nc_eui2=AeEmjFhzlXerLfvV8buQDjdDxErkSTWU7cjESuRJNZTtyMMzeD1-OXP9Ga3vr1KvF4su3posGxWJoJPw5zWeAXDX&_nc_ohc=BVjxmJefOO0Q7kNvgGsMCPG&_nc_ht=scontent.fhan2-4.fna&oh=03_Q7cD1QGPHx-6qdNse6VAZkhpyu-QGdmJnMtnNzm_Vt9jTVqu5Q&oe=6680D310,,			Đạt	Duyệt		
2024-05-27	FP - BEAT NOW	Nguyễn Việt Anh	Anh K. (người được giới thiệu là cháu của Hộ pháp Kim Cang) cho biết, ông P. quê gốc ở Hải Dương trong gia đình có đông anh em. Mẹ ông P. mất sớm, người đàn ông này có thời gian làm mỏ than ở Quảng Ninh đã mua được nhà tại vùng đất Mỏ nhưng chơi bời nợ nần, ông P. đã bán nhà và cùng vợ con vào thành phố Hồ Chí Minh từ năm 2015, rồi thuê nhà trọ sinh sống và bán hàng ở ven đường.  ông P. không phải là người tu tập. Người đàn ông này đi theo ông Thích Minh Tuệ với mục đích “dọa” đi tu để gây sức ép với gia đình bởi những việc ông này từng làm ảnh hưởng tới mọi người. “Chú ấy có phải doanh nhân, doanh nghiệp gì đâu, vẫn đang thuê nhà ở TP. Hồ Chí Minh. Vợ con thì vẫn đang khổ cực ở nhà chứ có sung sướng gì. Vợ chú ấy không có công ăn việc làm chỉ ở nhà làm may thuê nuôi 2 đứa con nhỏ, một đứa 4 tuổi bị tự kỷ chậm nói khổ lắm! Bản chất chú ấy không phải cục cằn, thô lỗ đến vậy. Chả hiểu sao lại thế chỉ khổ vợ con ở nhà”, anh K. nói và cho biết gia đình ông P. rất mệt mỏi về việc này. Anh K. cũng cho rằng, chú mình đi theo ông Thích Minh Tuệ với lý do riêng, nhưng ai nói đi tu cũng tu được đâu. “Làm gì có Phật nào dạy bỏ vợ bỏ con để đi theo ông Minh Tuệ. Đi như thế là theo tâm lý đám đông, là a dua chứ có phải tu đâu, chỉ khổ người trong gia đình, như thế không phải là tu”, anh K. nói. Theo nam thanh niên, gia đình rất bức xúc vì ông P. bỏ bê vợ con nên muốn nói lên sự thật để người này hồi tâm chuyển ý quay về, đừng để vợ con ở nhà suốt ngày khóc lóc. “Chú ấy đi để vợ con ở nhà khổ thế thì không phải là tu. Nhiều người đi mục đích vì nổi tiếng, chú ấy đi chả mục đích gì ngoài tạo sức ép cho gia đình, còn mang tiếng xấu bỏ vợ con ở nhà, xua đuổi người khác. Còn đi để bảo vệ ông Tuệ, thực chất thì có ai làm gì ông Tuệ đâu mà cần phải bảo vệ”, anh K. bức xúc.  Theo Báo Công thương				Bách	Duyệt		
2024-05-27	FP - BEAT NOW	Nguyễn Việt Anh	"Vợ con ở nhà thì không lo
Cmt: Anh K. (người được giới thiệu là cháu của Hộ pháp Kim Cang) cho biết, ông P. quê gốc ở Hải Dương trong gia đình có đông anh em. Mẹ ông P. mất sớm, người đàn ông này có thời gian làm mỏ than ở Quảng Ninh đã mua được nhà tại vùng đất Mỏ nhưng chơi bời nợ nần, ông P. đã bán nhà và cùng vợ con vào thành phố Hồ Chí Minh từ năm 2015, rồi thuê nhà trọ sinh sống và bán hàng ở ven đường.  ông P. không phải là người tu tập. Người đàn ông này đi theo ông Thích Minh Tuệ với mục đích “dọa” đi tu để gây sức ép với gia đình bởi những việc ông này từng làm ảnh hưởng tới mọi người. “Chú ấy có phải doanh nhân, doanh nghiệp gì đâu, vẫn đang thuê nhà ở TP. Hồ Chí Minh. Vợ con thì vẫn đang khổ cực ở nhà chứ có sung sướng gì. Vợ chú ấy không có công ăn việc làm chỉ ở nhà làm may thuê nuôi 2 đứa con nhỏ, một đứa 4 tuổi bị tự kỷ chậm nói khổ lắm! Bản chất chú ấy không phải cục cằn, thô lỗ đến vậy. Chả hiểu sao lại thế chỉ khổ vợ con ở nhà”, anh K. nói và cho biết gia đình ông P. rất mệt mỏi về việc này. Anh K. cũng cho rằng, chú mình đi theo ông Thích Minh Tuệ với lý do riêng, nhưng ai nói đi tu cũng tu được đâu. “Làm gì có Phật nào dạy bỏ vợ bỏ con để đi theo ông Minh Tuệ. Đi như thế là theo tâm lý đám đông, là a dua chứ có phải tu đâu, chỉ khổ người trong gia đình, như thế không phải là tu”, anh K. nói. Theo nam thanh niên, gia đình rất bức xúc vì ông P. bỏ bê vợ con nên muốn nói lên sự thật để người này hồi tâm chuyển ý quay về, đừng để vợ con ở nhà suốt ngày khóc lóc. “Chú ấy đi để vợ con ở nhà khổ thế thì không phải là tu. Nhiều người đi mục đích vì nổi tiếng, chú ấy đi chả mục đích gì ngoài tạo sức ép cho gia đình, còn mang tiếng xấu bỏ vợ con ở nhà, xua đuổi người khác. Còn đi để bảo vệ ông Tuệ, thực chất thì có ai làm gì ông Tuệ đâu mà cần phải bảo vệ”, anh K. bức xúc.  Theo Báo Công thương"	https://scontent.fhan2-5.fna.fbcdn.net/v/t1.15752-9/441356199_3273333959628572_6086370496938820434_n.jpg?_nc_cat=106&ccb=1-7&_nc_sid=5f2048&_nc_eui2=AeGMQACax01scMkQdB3JnrKksePaJHNxiVOx49okc3GJU2TFM_yQbikOCDf3qed6CVnbt5slKQF8l1bpkoSvc5ty&_nc_ohc=7EzmLMXaiHYQ7kNvgGYELKj&_nc_ht=scontent.fhan2-5.fna&oh=03_Q7cD1QHS-pkxKWdtWPbC2XoL_5RORA3aIcTUJCawvhUluQoSyw&oe=6680A495,,			Bách	Sửa/ xóa bài	Sửa lại cap, che mặt	
2024-05-27	FP - BEAT NOW	Ngô Tiến Dũng	TOP NHỮNG NGƯỜI TÔI LUÔN TIN TƯỞNG 🐧  Gần đây, MXH lan truyền hình ảnh thông tin chuyển khoản được cho là từ Jack đến Thiên An, số tiền 300 triệu đồng. Thời gian chuyển tiền là ngày 14/2/2022.    Tưởng chừng cái mác “Jack =  5 củ” đã hết nhưng không, ngay lập tức Thiên An đã lên tiếng phủ nhận. Cô cho biết  “Jack chuyển khoản số tiền 300 triệu đồng để chu cấp cho con gái là bịa đặt, cô mong muốn các tài khoản mạng ngừng chia sẻ những tin đồn nói trên.”	https://scontent.fhan2-5.fna.fbcdn.net/v/t1.15752-9/444781297_462553029600759_6943981424369099237_n.jpg?_nc_cat=106&ccb=1-7&_nc_sid=5f2048&_nc_eui2=AeFFiS311Kl4i28aRz87FZ9Mc7GLkWfREm5zsYuRZ9ESbhax4P-nadX-NDw_gc9MooFA0K7emgLr9qQzhsiLRwTS&_nc_ohc=oph0Ayp8ibUQ7kNvgHuH30M&_nc_ht=scontent.fhan2-5.fna&oh=03_Q7cD1QH3O0Rg3K9m38IKoqhw2Aw9TrH0Xp5JYWQjAFjn_gXImg&oe=6680C735,,			Đạt	Duyệt		
2024-05-27	FP - BEAT NOW	Nguyễn Đức Hậu	Cap: Thương ghê đi trốn cũng ko được				Đạt	Duyệt		
2024-05-27	FP - BEAT NOW	Nguyễn Đức Hậu	https://www.tiktok.com/@s.vintager5/video/7373486605543214356			https://www.tiktok.com/@s.vintager5/video/7373486605543214356	Đạt	Duyệt		
2024-05-27	FP - BEAT NOW	Ngô Tiến Dũng	THÊM MỘT ANH HÙNG Ở QUẢNG TRỊ GIỮA ĐỜI THƯỜNG  Ở Quảng Trị một anh hùng dũng cảm lao mình xuống sông Hiếu Giang cứu sống 1 bé gái đang chới với giữa dòng nước xiết	https://scontent.fhan2-3.fna.fbcdn.net/v/t1.15752-9/441434589_1488319548559026_945430274178694600_n.jpg?_nc_cat=101&ccb=1-7&_nc_sid=5f2048&_nc_eui2=AeG_3rBhgM-9_gS_EPla5tkVD1MtNp8jk_APUy02nyOT8EPnJlMxUdQLcgoLocZDGacKYkBw7Fd0FZ8SLu-utYh1&_nc_ohc=PIWHFKRmstQQ7kNvgFUNaNF&_nc_ht=scontent.fhan2-3.fna&oh=03_Q7cD1QFXPHF-_t9Wli6p9iraUgAkumAtKkjiE3ImK2Dto9HMUw&oe=6680AADF,,https://scontent.fhan20-1.fna.fbcdn.net/v/t1.15752-9/442719753_755078420115912_2979101125452063805_n.jpg?_nc_cat=103&ccb=1-7&_nc_sid=5f2048&_nc_eui2=AeGajTP5HqcekMmfOrKX0LTIck4zMX2Njp9yTjMxfY2On7rmpDh2T9Wk6AuWmSNg7uLXZooiQ3KHPNLJ476ewFKK&_nc_ohc=ObriVVZWzkYQ7kNvgFx9rXo&_nc_ht=scontent.fhan20-1.fna&oh=03_Q7cD1QErDh3yDE9uhGWnd4AVZeXxE9aLcITYNlqIIWnj-QB9KA&oe=6680BC20,,https://scontent.fhan2-4.fna.fbcdn.net/v/t1.15752-9/440938255_828375165450335_8669339720114270898_n.jpg?_nc_cat=110&ccb=1-7&_nc_sid=5f2048&_nc_eui2=AeHBgnnDyIY_As4bz2AcH2A6UfrsadT-uEFR-uxp1P64Qcz7X79vPn8990gqMYjkX_ZrOW6Y0qL6eMAoDlf6LyCS&_nc_ohc=2GincCTZXo8Q7kNvgH99AeF&_nc_ht=scontent.fhan2-4.fna&oh=03_Q7cD1QHrgIlniRBZKsDEiyQzq6MDF0Cm1fDNFHyYAe6RzxMhBw&oe=6680A305,,			Đạt	Duyệt		
2024-05-27	FP - BEAT NOW	Ngô Tiến Dũng	Mong nhiều bạn nữ biết đến và cảnh giác hơn với những hành vi như này 😔	https://scontent.fhan2-5.fna.fbcdn.net/v/t1.15752-9/445369253_829321335766299_4028837348466603963_n.jpg?_nc_cat=104&ccb=1-7&_nc_sid=5f2048&_nc_eui2=AeH_WBpDrktvLEcTF3MiEk4Hjrady10s362Otp3LXSzfrXFqvWtkC-k6kIXH8KEsscgCsHzDCPkgS3i3GaaxR04U&_nc_ohc=NhLyyWXsJAMQ7kNvgGgkMCE&_nc_ht=scontent.fhan2-5.fna&oh=03_Q7cD1QFHL3dMPNnsr_0891-oBJuqp-a7C6w-ZCkxD1vdF7V9kw&oe=6680C93B,,			Bách	Sửa/ xóa bài	sửa lại cho lên án mạnh hơn. “xôn xao” → bức xúc	
2024-05-27	FP - BEAT NOW	Nguyễn Việt Anh	Khi tinh hoa hội tụ - hacoi, Harry và Meichan gặp nhau tại Seoul	https://scontent.fhan20-1.fna.fbcdn.net/v/t1.15752-9/441956343_356469307058969_9128332865202967653_n.jpg?_nc_cat=102&ccb=1-7&_nc_sid=5f2048&_nc_eui2=AeEv6e7adx3wuLFjZCOqPcgJ_FTtQQpOQ__8VO1BCk5D_0j5lOeDbVwclvimzZrTjvyQlBWKO3OJGN04TY866dZW&_nc_ohc=_af4KD43fasQ7kNvgF0FhVV&_nc_ht=scontent.fhan20-1.fna&oh=03_Q7cD1QFVN0AQXcMbk_reI3CzipwgusMXJUaoil4T6gqJiKGK_w&oe=6680C113,,https://scontent.fhan2-5.fna.fbcdn.net/v/t1.15752-9/441951084_2713821448793827_2005712980535708216_n.jpg?_nc_cat=107&ccb=1-7&_nc_sid=5f2048&_nc_eui2=AeHGXiYtBwHSojRMSBms-8VjP7X1Ncdshds_tfU1x2yF27m_I3l2UG5-QeVvJ0gtCguJL89vdgw1eoeFo4IaMerv&_nc_ohc=WkXa9tLRLUQQ7kNvgF8A-hT&_nc_ht=scontent.fhan2-5.fna&oh=03_Q7cD1QF7nybuDPYd502qYPvkarQU_3Mw4_Is8ZncUZ2ljYhLoQ&oe=6680A83A,,https://scontent.fhan2-4.fna.fbcdn.net/v/t1.15752-9/436612818_714036420742304_9137681756550725443_n.jpg?_nc_cat=110&ccb=1-7&_nc_sid=5f2048&_nc_eui2=AeF36SB6Vwzs0_s5fGfgJVh3SAP78lAOx2RIA_vyUA7HZKv0oHAolKnsm9AwAATUprJhcnuJyZNWPkrciFgmd-hD&_nc_ohc=GjJ8Egjb8yAQ7kNvgG5xzOB&_nc_ht=scontent.fhan2-4.fna&oh=03_Q7cD1QFlch4wNoWG-hw0Oxo9wqEPCDVc_dq7XZYxktDUIVzbhQ&oe=6680D273,,			Bách	Duyệt		
2024-05-30	FP - BEAT Network	Nguyễn Thị Thuý	https://docs.google.com/document/d/1CPKSuxnLvizBHvP6Fh3bp1hHTjRBahqo4NW25RESWbg/edit?usp=sharing			https://docs.google.com/document/d/1CPKSuxnLvizBHvP6Fh3bp1hHTjRBahqo4NW25RESWbg/edit?usp=sharing	Đạt	Duyệt		
2024-05-30	FP - BEAT Network	Tuan Anh Nguyen	https://drive.google.com/file/d/1Ukm8cVAZtV1q4kG1r3rkueZ9JI2z3jVl/view?usp=sharing	https://drive.google.com/thumbnail?id=1Ukm8cVAZtV1q4kG1r3rkueZ9JI2z3jVl		https://drive.google.com/file/d/1Ukm8cVAZtV1q4kG1r3rkueZ9JI2z3jVl/view?usp=sharing	Đạt	Duyệt		
2024-05-29	FP - BEAT Network	Nguyen Ngoc Huyen	https://docs.google.com/document/d/1IZ-Hfr_NQI--HMVcKDmk8rRGwL6-5Gp-qOidWrGTHHM/edit			https://docs.google.com/document/d/1IZ-Hfr_NQI--HMVcKDmk8rRGwL6-5Gp-qOidWrGTHHM/edit		Duyệt		
2024-05-29	FP - BEAT Network	Bùi Danh Nam	Em gửi lại ảnh đấy ạ	,			Đạt	Duyệt		
2024-05-29	FP - BEAT Network	Thành Đạt	m ko phải tòa báo đâu					Duyệt		
2024-05-29	FP - BEAT Network	Bùi Danh Nam	https://docs.google.com/document/d/1EaFXNKPJLOvDSVhbv3CqInquf1IdU306_wXQBJz6Cag/edit?usp=sharing	https://drive.google.com/thumbnail?id=1EaFXNKPJLOvDSVhbv3CqInquf1IdU306_wXQBJz6Cag		https://docs.google.com/document/d/1EaFXNKPJLOvDSVhbv3CqInquf1IdU306_wXQBJz6Cag/edit?usp=sharing	Đạt	Duyệt		
2024-05-28	FP - BEAT Network	Nguyen Ngoc Huyen	https://docs.google.com/document/d/1Ekae60PSEKK4nhTR3NgYiN_XaRiGi9tRpjf5wcJSYbc/edit	https://drive.google.com/thumbnail?id=1Ekae60PSEKK4nhTR3NgYiN_XaRiGi9tRpjf5wcJSYbc		https://docs.google.com/document/d/1Ekae60PSEKK4nhTR3NgYiN_XaRiGi9tRpjf5wcJSYbc/edit	Đạt	Duyệt		
2024-05-27	FP - BEAT Network	Bùi Danh Nam	https://docs.google.com/document/d/1ia53bJYXhRN1yU3WGOjobGFTk-iEqhBEbnxpIL0_sP4/edit?usp=sharing	https://drive.google.com/thumbnail?id=1ia53bJYXhRN1yU3WGOjobGFTk-iEqhBEbnxpIL0_sP4		https://docs.google.com/document/d/1ia53bJYXhRN1yU3WGOjobGFTk-iEqhBEbnxpIL0_sP4/edit?usp=sharing	Đạt	Duyệt		
2024-05-31	FP - Beatvn	Đậu Hồng Quân		https://scontent.fhan20-1.fna.fbcdn.net/v/t1.15752-9/438102126_7271779992928280_9059054969097972577_n.jpg?stp=dst-jpg_p403x403&_nc_cat=102&ccb=1-7&_nc_sid=5f2048&_nc_eui2=AeEJZCpFmAP70tqrEfpxBLXMP6vSeL6R5ws_q9J4vpHnC9Ow4C7LtJ1WyC_EURSDsJ3uhROqale_hz1hbv85xbOI&_nc_ohc=bLvIy-VBKwgQ7kNvgEc3NPN&_nc_ht=scontent.fhan20-1.fna&oh=03_Q7cD1QHIuGSbMKFfvAnPRAY_gnrndYN-XtwTaBvbCTebbyfVuA&oe=6681F6B9			Đạt	Duyệt		
2024-05-31	FP - Beatvn	Nguyễn Phương Huyền 	CON CÁI NHÀ AI DẮT VỀ NGAY 😤😤  Vừa túm được 1 thanh niên chuyên đi dập cầu dao điện nhà của người dân trong xóm 😒  Mùa hè đã nóng rồi còn gặp phải ông tướng này nữa =)))))  #beatvn	https://scontent.xx.fbcdn.net/v/t1.15752-9/438329622_425139097106332_1109878606820402822_n.jpg?stp=dst-jpg_s403x403&_nc_cat=100&ccb=1-7&_nc_sid=5f2048&_nc_eui2=AeHqt4CFGEYc9Vy1nKY5tlFwRBFBpgbYg3FEEUGmBtiDcbk5FhqsNn5KIDc_70FEBiAZFhBYBDlKrnvktwoGNNje&_nc_ohc=oSLq8NZWkBoQ7kNvgEIJLi6&_nc_ad=z-m&_nc_cid=0&_nc_ht=scontent.xx&oh=03_Q7cD1QHCDZGqAyGuFIEKTBdP1Grw_2mYNnSuX9zxgVfth6YhxA&oe=66821FAC			Đạt	Duyệt		
2024-05-31	FP - Beatvn	Nguyễn Phương Huyền 		https://scontent.xx.fbcdn.net/v/t1.15752-9/441378208_469376922433959_7557481023535857165_n.jpg?stp=dst-jpg_p320x320&_nc_cat=108&ccb=1-7&_nc_sid=5f2048&_nc_eui2=AeFcbYswu7GbWgHydA84jDrimsE6bGi3Jc6awTpsaLclzkekf6U9zodnc9eUgGWIU6vWuIiZ_pDQmGKKToBtkAVT&_nc_ohc=9mPZbTtVu28Q7kNvgEJ2Htl&_nc_ad=z-m&_nc_cid=0&_nc_ht=scontent.xx&oh=03_Q7cD1QFhddV0c-zr530CCLAIc9vYT-jOkGtMY64nXdYOscbCXA&oe=668224F4			Đạt	Duyệt		
2024-05-31	FP - Beatvn	Lê Thị Thùy Dương		https://scontent.xx.fbcdn.net/v/t1.15752-9/441483375_966895015073794_5024392949153697333_n.jpg?stp=dst-jpg_p320x320&_nc_cat=103&ccb=1-7&_nc_sid=5f2048&_nc_eui2=AeHa201Tmp6xa1aaXcUjyFtCJfIcmEqFlOsl8hyYSoWU6xfM1L8bpKhamYR4wqsKOmdrFGdlXwnmbTmCiAYHxJHU&_nc_ohc=Ef_KAL8toNAQ7kNvgFTcp8X&_nc_ad=z-m&_nc_cid=0&_nc_ht=scontent.xx&oh=03_Q7cD1QH-Q8DPTAXLSV6FsUZyrXOdioO9ei4PYC7ZqS-_gkz1aA&oe=66823C8E			Đạt	Duyệt		
2024-05-31	FP - Beatvn	Đậu Hồng Quân	"‼️CỤ NHÀ THẤT THU VÌ CON CHÁU BỊ PHẠT 4 CỦ  Với kinh niệm 40 năm đốt vàng mã chưa cháy nhà bao giờ, chị H ở khu tập thể Thành Công (Ba Đình) chia sẻ thành tích của bản thân với vẻ đầy tự hào rồi tiếp tục donate cho các cụ nhà thêm một con chiến mã để các cụ thong dong cưỡi đi chơi khắp địa phủ.  Tuy nhiên, hành động đó mặc dù đã khiến người âm hạnh phúc nhưng người dương thì run cầm cập khi khói liên tục bốc lên nghi ngút trong tòa nhà và giữa trưa.  Sau khi nhận được phản ánh, phía công an đã mời chị H lên làm việc rồi phạt 4 củ vì hành vi ""nổi lửa lên em"" của mình.  Ước tính với 4 củ dương tệ quy ra tiền âm phủ mệnh giá 100 đô, các cụ nhà chị H đã thiệt hại hơn 40.000.000 USD. Đồng thời chị H xác định sau khi từ đồn về, đêm nằm ngủ phải giải trình với các cụ tại sao lại làm thất thu hơn 40 củ đô tiền donate.  -Nhà Thơ Đi Exciter- Theo Lao Động Thủ Đô. #Beatvn"	https://scontent.xx.fbcdn.net/v/t1.15752-9/438095179_1128505055041654_2679095604791830798_n.jpg?stp=dst-jpg_p403x403&_nc_cat=102&ccb=1-7&_nc_sid=5f2048&_nc_eui2=AeHu4zl1rA18HqhloEUjazZkqBw2FmhpSz2oHDYWaGlLPTH6UZQQ8y9S7fpmYInQUZdAFOxekKBJnC-K1Npi53dM&_nc_ohc=ZHojxKlSWAAQ7kNvgE4q7HV&_nc_ad=z-m&_nc_cid=0&_nc_ht=scontent.xx&oh=03_Q7cD1QGUjx_8qY6ksn1v_s3mUenptbALv4KhiiEpHSqfIu7hgA&oe=66821B96			Đạt	Duyệt		
2024-05-31	FP - Beatvn	Đậu Hồng Quân	‼️LẠNG SƠN: THANH NIÊN GÂY CHÚ Ý VÌ CÓ NHIỀU CHIM  Nếu như mọi nam giới đều có cố định một chú chim trên cơ thể thì V.H lại gây ấn tượng với vẻ ngoài phong trần như bao lãng tử khác nhưng lại mang theo mình hơn 200 chú chim với nhiều lông trên xe.  Sự bất thường đó đã gây chú ý với kiểm lâm và cảnh sát vì vậy, họ đã theo dõi, kiểm tra và bế V.H về đồn rồi cùng nhau thảo luận về chuyện chim cò.  Tại đây, V.H kể rằng đây không phải chim của mình và V.H chỉ chở thuê cho H.H để lấy tiền công 10 củ. Vì thế sau đó H.H cũng bị công an bế về đồn.   Qua xác minh, H.H chia sẻ hơn 200 con chim trên có nguồn gốc từ nước ngoài và có giá trị lên tới 1 tỏi, còn riêng con trong quần là vô giá.  Cảm động trước cuộc gặp gỡ lịch sử, phía công an đã trao cho mỗi người một tờ giấy rồi cùng nhau chụp ảnh lưu niệm. Cuối cùng, hơn 200 con chim bị tịch thu, để lại cho mỗi cá nhân 1 con để lo chuyện ẻ đa'i hằng ngày trong tòo.  -Nhà Thơ Đi Exciter- Theo Báo Lạng Sơn #Beatvn	https://scontent.xx.fbcdn.net/v/t1.15752-9/438102079_1931677557253984_4738225538620966463_n.jpg?stp=dst-jpg_p403x403&_nc_cat=110&ccb=1-7&_nc_sid=5f2048&_nc_eui2=AeGKxGtSx9eiJTt7soBG5IER4zAmoTrIJ7vjMCahOsgnu4bVKHIPiMaUaDJQpGjBFof9UxyQVi5lcmDM9L2xbII2&_nc_ohc=OYDwhCsthPkQ7kNvgH5i53a&_nc_ad=z-m&_nc_cid=0&_nc_ht=scontent.xx&oh=03_Q7cD1QHXbbeOa_nokhY_Tces8PZsfyBqcN_BC8M-jF9DG2yeRA&oe=6682342F			Đạt	Duyệt		
2024-05-31	FP - Beatvn	Nguyễn Tuấn Thịnh	Đây là khu xóm trọ của người lao động nghèo nằm ở mặt sau của chợ đầu mối Long Biên.  Chỉ cách mặt đường vài bước chân, cách phố xá 1 bờ tường, cách Hồ Gươm đúng 5 phút đi xe nhưng sẽ là chuyện bình thường nếu bữa cơm không có thịt. Nhà nào khá giả lắm thì có vệ sinh riêng và không biết dùng dây thép để...buộc nhà thì là một tội ác....  Nguồn: VTC News #beatvn #news	https://scontent.xx.fbcdn.net/v/t1.15752-9/445628665_1689680188446042_9149476782198295634_n.png?stp=dst-png_p403x403&_nc_cat=101&ccb=1-7&_nc_sid=5f2048&_nc_eui2=AeGh0-kpMaaTwSukSDQJ7qMuz-nFnMYyfmrP6cWcxjJ-ahW6p-M-XzxXoVreFXKBPsgEC-HGgvpIG2jus8uZXtay&_nc_ohc=7vvYbxqIaZwQ7kNvgEyhQu-&_nc_ad=z-m&_nc_cid=0&_nc_ht=scontent.xx&oh=03_Q7cD1QFuKkjq4NMXHLJHTrz8fBpmOIADncM4kbBHhAvlsXSorQ&oe=66821977				Duyệt		
2024-05-31	FP - Beatvn	Tống Bùi Vĩnh Hoàng	QUÁN BAR THE OPERA THÂN QUEN VỚI CÁC DÂN CHƠI MỚI ĐÓ MÀ ĐÃ CHUẨN BỊ 8 TUỔI RỒI.  18 Lương Ngọc Quyến - một góc nhỏ trên phố cổ Hà Nội, một địa điểm được thành lập từ 2016 đã không còn quá xa lạ với các dân chơi ngày xưa với cái tên “The Opera”. Từ những ngày đầu tiên của Opera đã mang đến cho chúng ta trải nghiệm tuyệt vời tạo nên những ký ức không thể nào quên.  Giờ được cải tiến với cái tên “O2 Space”, nhân dịp sinh nhật lần thứ 8 tuổi, O2 sẽ tổ chức sự kiện trải dài 3 đêm với sự góp mặt của các DJ, nghệ sĩ tài năng như DJ Kruise, DJ Duy Tuan,... và ngày 02 tháng 06 sẽ có sự xuất hiện đặc biệt của band Da Lab!  Chắc chắn O2 sẽ tiếp tục là một điểm đến đặc sắc dành của các dân chơi với không gian mới lạ cùng âm nhạc - ngôn ngữ chung của thế giới!	https://scontent.xx.fbcdn.net/v/t1.15752-9/441855998_709397621267851_4134666784512506908_n.png?stp=dst-png_p180x540&_nc_cat=107&ccb=1-7&_nc_sid=5f2048&_nc_eui2=AeHZ-c2zsOr-sKoMIJrPWpU5qbSeymyJkZyptJ7KbImRnGGUFYx83Oq4SLhlFuEUhTF59NbP-F6-rK9jRUCYEggL&_nc_ohc=qKKXkIECZ7QQ7kNvgHS_jy-&_nc_ad=z-m&_nc_cid=0&_nc_ht=scontent.xx&oh=03_Q7cD1QGNZ00MimYPvm1YwgT9HalskOp0fyCm3RaPMp6zMvQmtg&oe=66822142			Bách	Duyệt		
2024-05-31	FP - Beatvn	Nguyễn Hoàng Long	KHEN THƯỞNG ĐỘT XUẤT ANH GIAI SƠ MI TRẮNG LEO TƯỜNG CỨU 3 NGƯỜI❗️❗️❗️  Dù cứu xong anh chạy đi làm luôn không cho ai thông tin nhưng nay anh vẫn được lên nhận giấy khen cho hành động dũng cảm của mình.   Đúng là người hùng, giản dị mà không cần tung hô 🔥🔥🔥  -Thỏ- #beatvn	"https://scontent.xx.fbcdn.net/v/t1.15752-9/445929757_982406510214335_1988629938123454703_n.jpg?stp=dst-jpg_s552x414&_nc_cat=108&ccb=1-7&_nc_sid=5f2048&_nc_eui2=AeGuUm_jrkiE1XXuFY-3pQh8eGODHGsX2vd4Y4Mcaxfa9233nDH7X0bD1UZrSXulWqk3gT9zT21RApUTxlLo6lVr&_nc_ohc=q5CQ7xwMxmEQ7kNvgH8b1dy&_nc_ad=z-m&_nc_cid=0&_nc_ht=scontent.xx&oh=03_Q7cD1QGXBhAlMs2UCV_qitlbdI90EpkB3MGUbuAaQDml_ApQ0Q&oe=66823E35
https://scontent.xx.fbcdn.net/v/t1.15752-9/441068674_741371364595655_1980173747830158026_n.jpg?stp=dst-jpg_s600x600&_nc_cat=104&ccb=1-7&_nc_sid=5f2048&_nc_eui2=AeHy4WH4XKlzPEjhnLoxqPiMpN6QZAA8S3yk3pBkADxLfBBaj-lD5IxhSbPXVK7fNPuwdjEHPHNF72wJnzKw1zRn&_nc_ohc=WpqhCwRkLGoQ7kNvgG1ePwq&_nc_ad=z-m&_nc_cid=0&_nc_ht=scontent.xx&oh=03_Q7cD1QF2kVvwesMzy0mLnLNln_RP-CQcj7BmU0nvLg8DPBqcZg&oe=66822750"			Đạt	Duyệt		
2024-05-31	FP - Beatvn	Đoàn Quốc Việt	"‼️ Lần đầu tiên trong cuộc đời tôi biết thế nào là cảm giác ghen tuông.  Anh em 9x chắc không thể nào quên phân cảnh này trong ""Thần Điêu Đại Hiệp"". Hồi đấy xem thấy trong người bực vlin, mấy ngày trôi qua mà vẫn thấy cay.  Giờ có ny rồi mới biết cảm giác đấy gọi là ghen =)))))))))  #Beatvn"	https://scontent.xx.fbcdn.net/v/t1.15752-9/436723683_929756022287251_8889609334153378058_n.png?stp=dst-png_p526x296&_nc_cat=104&ccb=1-7&_nc_sid=5f2048&_nc_eui2=AeEVaLuZ6lijXQdIRa_MXYzptiN4LSaSCvS2I3gtJpIK9K7LebzBanmfpWljFUi2zb18o3I0l8BfWg2fGnsVIzy_&_nc_ohc=CuohJCcMuHgQ7kNvgEw3nkf&_nc_ad=z-m&_nc_cid=0&_nc_ht=scontent.xx&oh=03_Q7cD1QGbwZvG3Ae-tzSO3cTU0PLT-ENKmIfNHHBoUrLH3iQ8bQ&oe=668221DF			Bách	Duyệt		
2024-05-31	FP - Beatvn	Nguyễn Hoàng Long	Mọi người nghĩ sao về việc đốt vàng mà ở nhà tập thể? Đến khi xảy ra hoả hoạn thì ông bà hoả có chừa người đốt vàng mã ra đâu. Lúc đấy chúng sinh bình đẳng hết lại biết thế...  -Thỏ- #beatvn			https://www.facebook.com/share/v/DiRsth4EHx4AzA8n/		Duyệt		
2024-05-31	FP - Beatvn	Nguyễn Tuấn Thịnh	CA SĨ DU THIÊN BẤT NGỜ PHẢI NHẬP VIỆN BẰNG XE CẤP CỨU 🚨  Nổi tiếng với các MV võ thuật như Lệ Cay, Xóa Hết thế nhưng mới đây, Du Thiên đã ngất ngay trên sàn đấu sau khi gặp phải 1 chấn thương nghiêm trọng trong khi tập luyện   Đội cấp cứu đã có mặt tại hiện trường và Du Thiện hiện đã được đưa đi viện 😢   #Beatvn #news	https://scontent.xx.fbcdn.net/v/t1.15752-9/445614665_938127487998140_3186812426287099029_n.png?_nc_cat=103&ccb=1-7&_nc_sid=5f2048&_nc_eui2=AeHRGfRx2NZvfZfW1i2LE2TEtvzQfpkqV462_NB-mSpXjtWxqAgaAL31XLYJ6gSfntohHEwO6pQFJsznT_WwsIcs&_nc_ohc=7vd_XF02_hgQ7kNvgGQ_KUm&_nc_ad=z-m&_nc_cid=0&_nc_ht=scontent.xx&oh=03_Q7cD1QGPIggxJwoubLBZOpl5TTH49nTvgIJkJPtlVxm2Lh5lPQ&oe=66821E5A			Đạt	Duyệt		
2024-05-31	FP - Beatvn	Nguyễn Phương Huyền 	MONG CON AN NGHỈ 🙏🏻  Sáng nay, lễ tang của cháu T.G.H. - cháu bé 5 tuổi  bị bỏ quên trên xe đưa đón dẫn đến tử vong đã được tổ chức tại nhà tang lễ TP Thái Bình trong sự tiếc thương, đau xót của gia đình, làng xóm.  Xin gửi lời chia buồn sâu sắc tới gia đình.   📸 Kenh14 #beatvn	"https://scontent.xx.fbcdn.net/v/t1.15752-9/438332826_1292466701719182_5892425411420006391_n.jpg?stp=dst-jpg_s600x600&_nc_cat=109&ccb=1-7&_nc_sid=5f2048&_nc_eui2=AeFhdplQYTS2_5QunqaUj1eN8PuL1p2J3NLw-4vWnYnc0gNe5IFW-L7cTKVrKBH9QUnaho-evPZg6lKbho_tsIw5&_nc_ohc=5zYDIMpKjW8Q7kNvgFboRbQ&_nc_ad=z-m&_nc_cid=0&_nc_ht=scontent.xx&oh=03_Q7cD1QEsNdeETy-sI79kU0X3lfVNA4jVzDoi7AFpalkEduvyWw&oe=66822A42
https://scontent.xx.fbcdn.net/v/t1.15752-9/438124811_350358304742490_146954899115547146_n.jpg?stp=dst-jpg_s600x600&_nc_cat=111&ccb=1-7&_nc_sid=5f2048&_nc_eui2=AeEjSGrldpyXz-2VV6cHIgYBVfryt7Mdb3xV-vK3sx1vfIZjwGrBWLtqvupyEWIzEiudaH6P7cawFyOsLNHwaRxl&_nc_ohc=g_tPwGSLTTEQ7kNvgFsc-yo&_nc_ad=z-m&_nc_cid=0&_nc_ht=scontent.xx&oh=03_Q7cD1QFbfWwujUMUQpI_IK_GIprU5c8TLlifoeCZGxeYW4LEZA&oe=668238B1"			Đạt	Duyệt		
2024-05-31	FP - Beatvn	Nguyễn Hoàng Long	ĐƯỢC BIẾT CẢ 2 ĐỀU ĐÃ CÓ GIA ĐÌNH  Vào chiều ngày hôm qua, 2 giáo viên một trường tiểu học có thuê 1 nhà nghỉ để nghỉ trưa. Theo cư dân mạng, nhà trường vừa tổ chức liên hoan tổng kết năm vào buổi sáng.  Tuy nhiên chỉ vừa nhận phòng 1 thời gian ngắn, cô giáo bất ngờ hoảng hốt chạy ra gọi lễ tân kêu cấp cứu. Tuy nhiên thầy giáo đã không thể qua khỏi.  Được biết nạn nhân sinh năm 1980, còn cô giáo sinh năm 1978. Cả 2 đều đã có gia đình.  -Thỏ- Theo Laodong #beatvn	https://scontent.xx.fbcdn.net/v/t1.15752-9/446005439_478388991216736_9183383146677247506_n.png?stp=dst-png_p403x403&_nc_cat=105&ccb=1-7&_nc_sid=5f2048&_nc_eui2=AeH2E4XtujaZeXptNGMOV_SC67q1m9vPxhzrurWb28_GHCK8-GUU_-WeW9mbQrBFKpcw7v5lL2IHB1Tf1TufYJNM&_nc_ohc=hM3YkRHceP8Q7kNvgEwo63q&_nc_ad=z-m&_nc_cid=0&_nc_ht=scontent.xx&oh=03_Q7cD1QFZENC9XDyNZvb22UGCB4_xmybxjvHUFOV6vDgWfleFtw&oe=668213D5			Đạt	Sửa/ xóa bài	Che biển	"Vi phạm quyền riêng tư"
2024-05-31	FP - Beatvn	Nguyễn Hoàng Long	Ông bạn bắt được ở đâu con chuột nhắt xong cứ chấp niệm là hamster, cưng nựng như đúng rồi.   Mặc cho hơn 3k bình luận giải thích muốn xùi bọt mép, thậm chí nhiều người còn tăng xông tí thì cao huyết áp nhưng ông bạn vẫn lắc đầu khẳng định đây là con hamster đuôi dài. Chịu❗️  -Thỏ- #beatvn	https://scontent.fhan2-3.fna.fbcdn.net/v/t1.15752-9/445961812_1134622257772499_1784188655848545707_n.png?_nc_cat=111&ccb=1-7&_nc_sid=5f2048&_nc_eui2=AeE1H_wQar9UgbDx6Srx_x5dugxLtOZcVIW6DEu05lxUhdo6bdey657JclWbvjdo1mM7TquCifXJi9i0SxZRbOL3&_nc_ohc=qWZoUjSOqHcQ7kNvgFEfTWn&_nc_ht=scontent.fhan2-3.fna&oh=03_Q7cD1QF7xxihmbx9wUeRqvznHJA7N1j0191bQWqJ3AvDwtZFJQ&oe=6680C3A0,,			Bách	Duyệt		
2024-05-31	FP - Beatvn	Nguyễn Phương Huyền 	PHÂN KHỐI LỚN VỠ NÁT SAU KHI ĐÂM VÀO VÒNG XUYẾN 😰  Thanh niên 1997 điều khiển phân khối lớn không làm chủ được tốc độ nên đã lao thẳng xe vào vòng xuyến. Cú va chạm mạnh khiến người và xe lộn nhào nhiều vòng, rơi cách điểm va chạm khoảng 20m. Phần đầu và đuôi xe vỡ nát, mảnh vỡ văng tung tóe trên mặt đường.  Sau va chạm, thanh niên T. bị thương nặng được người dân đưa đi cấp cứu tại Bệnh viện Bà Rịa.  #beatvn	https://scontent.fhan2-4.fna.fbcdn.net/v/t1.15752-9/438171679_986481173000561_8440049926352984409_n.jpg?_nc_cat=105&ccb=1-7&_nc_sid=5f2048&_nc_aid=0&_nc_eui2=AeF3AEJ4NMuf3Hy7QsXlvC5aHxtBdWnHe7AfG0F1acd7sE6dc_YECxhuC0IuPSoXXbzl18-EgNn-6oezJqxgVEGA&_nc_ohc=pX2BOz0NbZ4Q7kNvgH3U6Mc&_nc_ht=scontent.fhan2-4.fna&oh=03_Q7cD1QEO4pLNaTZ25TQjlSnZfFnUNcxudTNm4ZljOJ32lmk_rw&oe=6680A608,,			Đạt	Duyệt		
2024-05-31	FP - Beatvn	Phạm Hồ Linh Phương	< NỒI CƠM TÌM CHỦ > Khầy nào bỏ tăng đoàn về ăn cơm vợ nấu thì nhớ cầm theo cả nồi cơm về chứ ạ. Vội về quá bỏ lại hết thì bữa chiều nay có thức ăn mà lại chẳng có cơm :(((( Ảnh: Tin nóng Quảng Trị #beatvn	https://scontent.fhan2-3.fna.fbcdn.net/v/t1.15752-9/442687493_407875685568399_1522253091486854191_n.png?_nc_cat=108&ccb=1-7&_nc_sid=5f2048&_nc_eui2=AeEAxSD0GYa-qnBIv3h9Zl0MYtAXdkZsK_Fi0Bd2Rmwr8dkkEavFtz6m9zMDBD7pgZ1fBdnN1drtyOiIVnCOQxEX&_nc_ohc=dl_9nD1wegcQ7kNvgE78v3r&_nc_ht=scontent.fhan2-3.fna&oh=03_Q7cD1QFidojVHNVUoObxY8XPk5Ys2Yq5jpeCAylsjCGpHbW1TQ&oe=6680C8FB,,https://scontent.fhan2-4.fna.fbcdn.net/v/t1.15752-9/440935343_1003379188101384_1723044843360614518_n.png?_nc_cat=110&ccb=1-7&_nc_sid=5f2048&_nc_eui2=AeEql0WI9NkpDDGT1zvB2MsYBVNQoskDI_sFU1CiyQMj-6lq30aGkoZpEb8gBYyCD9jDIXqKk-YjKvSJJbldwPeo&_nc_ohc=csZEjA3q-y8Q7kNvgH2CmMo&_nc_ht=scontent.fhan2-4.fna&oh=03_Q7cD1QGD7kd9pbLoQBUipUkStiJ8j6WcCWrYjDmORrqTKId64w&oe=6680AAC5,,			Đạt	Duyệt		
2024-05-31	FP - Beatvn	Nguyễn Phương Huyền 	THƯƠNG TÂM: PHÁT HIỆN 1 TÚI BÓNG ĐEN BÊN TRONG CÓ THAI NHI ĐÃ TỬ VONG Theo thông tin của mem beat gửi về thì vào khoảng 1h sáng nay tại 12 Nguyễn Xiển, người dân phát hiện 1 túi bóng đen treo trên cây. Sau đó người dân đã gọi điện báo công an, cơ quan chức năng tới hiện trường, mở túi bóng và thấy 1 thai nhi đã tử vong bên trong. Hiện cháu đã được cơ quan chức năng đưa đi chôn cất Bùi Tiến Đạt ở hiện trường gửi tin về beat #beatvn	https://scontent.fhan2-4.fna.fbcdn.net/v/t1.15752-9/441354814_911527590743628_3352558763310523567_n.jpg?_nc_cat=105&ccb=1-7&_nc_sid=5f2048&_nc_eui2=AeEQ9a4CkUPmDf81-XsCZL4Y7psWraxL3-_umxatrEvf72dKdOQ2sRTrREFsY2SNk9TAnJFDYJV-pzeUqEZZU3hF&_nc_ohc=Hgt0lGQKBawQ7kNvgHJs-cd&_nc_ht=scontent.fhan2-4.fna&oh=03_Q7cD1QFWDyNcSihpA9M498i5XboeG6S8kS6Zd_ihGCQ9G7_Leg&oe=6680AAB8,,https://scontent.fhan20-1.fna.fbcdn.net/v/t1.15752-9/438159067_7324626787659515_5479364720323444909_n.jpg?_nc_cat=103&ccb=1-7&_nc_sid=5f2048&_nc_eui2=AeF3-7w6XL-3udl1bGFDt87T_9q10nBJqVj_2rXScEmpWIT1acGvRfPTP1klu0KmPVt_AVHfNyuJQzBUx2Kfp-XY&_nc_ohc=gSPRu1t9wRAQ7kNvgHD_ifN&_nc_ht=scontent.fhan20-1.fna&oh=03_Q7cD1QG-4pY1hNwkBDGFPGH3FPZNktC87Qo0uhHMOGcTyP6v8Q&oe=6680CD20,,			Bách	Duyệt		
2024-05-31	FP - Beatvn	Đậu Hồng Quân	Cái này bố phải dặn con gái bố mới đúng thực tế ạ😢  📸: dinhaltis #Beatvn	https://scontent.fhan20-1.fna.fbcdn.net/v/t1.15752-9/438083739_769984428591812_3862114726484530982_n.jpg?_nc_cat=102&ccb=1-7&_nc_sid=5f2048&_nc_eui2=AeHUzGyzuUNB3aB5V8UD5zZEnO8Bi2pPawCc7wGLak9rAMxUli9OiFl_6_zTy6uGcnNbVXLxqyDNNP2dkeoLFkIK&_nc_ohc=yi7tCPVproMQ7kNvgFhpMLu&_nc_ht=scontent.fhan20-1.fna&oh=03_Q7cD1QFXIPqiPHwpkBEV4lUX5_V-UT-jL6mWr0J_f-2oeQFI4Q&oe=6680D69A,,https://scontent.fhan2-4.fna.fbcdn.net/v/t1.15752-9/438095034_1508336179891591_5713123396740282992_n.jpg?_nc_cat=110&ccb=1-7&_nc_sid=5f2048&_nc_eui2=AeElUG7K0-si1QATB9vRK8OHjhvqzGfyvoyOG-rMZ_K-jBjo1Kpac-IqIyzQWAxTq-7ou1OIOGEqQSBL9205jYAR&_nc_ohc=yW1FHX1ErawQ7kNvgEnTbV_&_nc_ht=scontent.fhan2-4.fna&oh=03_Q7cD1QEIwPttjJW4liaLBEIhraF078BqKaHhKdABHkC06tdQ1A&oe=6680C619,,https://scontent.fhan20-1.fna.fbcdn.net/v/t1.15752-9/438089897_323479137462232_6925407878718376573_n.jpg?_nc_cat=102&ccb=1-7&_nc_sid=5f2048&_nc_eui2=AeGWK0nOyKwEKWsPrVlB3-qp5ALXtm83tcHkAte2bze1wZ5bVHArBrHfbGi5d6xZgob_oKNirklAhpRxeIJr09Eq&_nc_ohc=WfNe0DrTID4Q7kNvgHFlN6D&_nc_ht=scontent.fhan20-1.fna&oh=03_Q7cD1QFf3aNHRaKhyHV8IpxWZNsSkh2LtksoEkxeWh_hrLrP6Q&oe=6680D2AE,,			Bách	Duyệt		
2024-05-31	FP - Beatvn	Đoàn Quốc Việt	📌 CẬP NHẬT VỤ CHÁY TẠI DỊCH VỌNG HẬU:  Theo 1 member có mặt tại hiện trường thì lực lượng chức năng đã tạm thời khống chế được vụ cháy và chưa có ghi nhận thiệt hại về người 🙏🙏🙏  Nguồn tin từ member Tăng Thị Vân #Beatvn	https://scontent.fhan2-4.fna.fbcdn.net/v/t1.15752-9/446007111_1112172903338702_8071167759279971814_n.png?_nc_cat=110&ccb=1-7&_nc_sid=5f2048&_nc_eui2=AeE5WrwG4S4dZLjLvkCLVbnzkgCa8MphTi-SAJrwymFOL2NwGnCmEKmsLKRtQTIeUa5m-JmOamaMg-chOWAmlpu5&_nc_ohc=K8IkrfF9f9gQ7kNvgFahmqK&_nc_ht=scontent.fhan2-4.fna&oh=03_Q7cD1QFY5gGECWsNHM911Us-HzTgc1y1_nSs9epjDWW8YZE2yw&oe=6680CF3C,,				Duyệt		
2024-05-30	FP - Beatvn	Đoàn Quốc Việt	CHÁY LỚN TẠI DỊCH VỌNG HẬU 🔥🔥🔥  Theo hình ảnh ghi nhận, lực lượng cứu hỏa đã có mặt tại hiện trường nhưng do hỏa hoạn xảy ra trong ngõ sâu nên khó tiếp cận được ngọn lửa.  Mong là không có thiệt hại về người!!!!  #Beatvn			https://www.facebook.com/hanoimetro24h/videos/445520051417914	Bách	Duyệt		
2024-05-30	FP - Beatvn	Phạm Hồ Linh Phương	DÒNG TIN NHẮN VÀO GIÂY PHÚT SỰ SỐNG QUÁ MONG MANH…  Thật lòng mà nói sẽ không có đứa con nào muốn nhắn tin thông báo việc mình bị nạn cho bố mẹ vào lúc đêm khuya cả.  Vừa mới mấy tiếng trước, mình còn ngồi buôn với mẹ, mẹ bảo hôm qua mẹ cứ bị bóng đè không ngủ được, lòng mẹ cứ bộn rộn không yên, mình thì chỉ nghĩ như bình thường bảo mẹ ngủ sớm giữ gìn sức khỏe. Đã thế còn khoe mẹ cái ảnh buồn cười của em trai mình hồi bé ôm cún ngủ. Mọi thứ vẫn diễn ra hằng ngày, vẫn rất bình thường mà.  Cho đến lúc mình được chồng lay dậy báo cháy... mình đã hét rất to vì tuyệt vọng rồi. Lúc ấy mình đã tưởng cuộc sống của mình sẽ chấm dứt tại đây, ngay bây giờ.  Sau khi vào được nhà tắm, mình chỉ biết răm rắp nghe lời chồng, không la hét, bình tĩnh ngồi bệt xuống, thấm chặt khăn ướt, rút giấy vệ sinh lia lịa bịt miệng mồm cho chặt.  Những giây đầu tiên ở trong nhà tắm, mình nghe rõ tiếng lửa bùng lên dữ dội như thế nào, nghe thấy những âm thanh kêu cứu hỗn loạn xung quanh. Càng nghe thấy tiếng bập bùng lửa cháy càng gần, mình càng cảm thấy tuyệt vọng. Và đó là lúc mình quyết định nhắn tin thông báo cho mẹ.   Tin nhắn báo nhận ngay sau đó nhưng không thấy ai gọi lại mình đoán mẹ để điện thoại sạc ở ngoài và quên tắt wifi, có lẽ sáng mai bố mẹ sẽ biết để còn ra Hà Nội đón mình về. Lúc ấy chỉ nghĩ được như vậy thôi.  Khoảng 3h mình được đưa đi cấp cứu tại bệnh viện GTVT, mình nhờ bác sĩ gọi điện cho bố để thông báo chúng mình đã an toàn, vì mình sợ mẹ mình đọc tin nhắn kia sẽ không chịu nổi nữa. Bố mình lúc đầu nghe điện còn sợ bị lừa đảo, gọi cho em trai mình cách đó hơn chục cây đến xác minh, còn bố thuê taxi ra bệnh viện luôn.  Lúc thấy 2 người thân của mình ở đó, thấy chồng mình nằm thở bên giường bệnh bên cạnh, mình mới thực sự cảm thấy MÌNH ĐANG SỐNG. Chúng mình luôn biết ơn vì đã được cứu sống, may mắn hơn những người khác.  Chúng mình cũng rất đau lòng khi biết những người hàng xóm còn lại không được may mắn như thế. Mong cho họ sớm được bình yên ở một thế giới mới, sống một cuộc sống hạnh phúc ở đó.  Nguồn: Chuyện chúng mình 10.6 (hai bạn may mắn thoát nạn trong vụ cháy tại Trung Kính ngày 24.5) #beatvn	https://scontent.fhan2-3.fna.fbcdn.net/v/t1.15752-9/442725893_452641640686158_8949817782061226484_n.jpg?_nc_cat=101&ccb=1-7&_nc_sid=5f2048&_nc_eui2=AeG_--td7NqpLVIkp6hjWipqcOEwAJJjTGNw4TAAkmNMY9vkDBiDL3f5mlY3Qtv1P-zAD2ltAbDu1ZQVV6AadKQV&_nc_ohc=nCyryn3avV0Q7kNvgEm3gOL&_nc_ht=scontent.fhan2-3.fna&oh=03_Q7cD1QHso1CQ5Cf8prFOhm4A4VQS8kPL5cyfFIBhnlPmspRM1g&oe=6680B341,,			Bách	Duyệt		
2024-05-30	FP - Beatvn	Phạm Hồ Linh Phương	NHỜ CỘNG ĐỒNG BEATVN TÌM MÈO ĐI LẠC 😿   Khoảng 18:30 hôm nay ngày 30/05 tại tx05 số 55 Ngụy Như Kon Tum, đồng chí nhiều lông trong hình đi lạc do thằng Bông quên khóa cửa.   Tôi tha thiết mong anh e nào có thông tin hoặc thấy ở đâu thì cho tôi xin chuộc lại. Đặc điểm nhận dạng là lông vàng, thò lò mũi.   Ai nhìn thấy xin liên lạc với tôi qua sdt 0971299777. Tôi xin chân thành cảm ơn mn!   #beatvn	https://scontent.fhan20-1.fna.fbcdn.net/v/t1.15752-9/441963873_771366548414205_3212748407828162363_n.jpg?_nc_cat=109&ccb=1-7&_nc_sid=5f2048&_nc_eui2=AeFAKhBkYHCiYDlvhTBO5T1tchG-iqrAldtyEb6KqsCV2_JvhtbdON3OIbKH4dHj99-2uk1B6y8tM1BK5NjwO8KH&_nc_ohc=fYcoORgnUesQ7kNvgGNBqw5&_nc_ht=scontent.fhan20-1.fna&oh=03_Q7cD1QEh22rdcBTu1QfvUDsRDNBfnwaKYEire9zfbVzZUtCJ8A&oe=6680AD6A,,			Bách	Duyệt		
2024-05-30	FP - Beatvn	Đoàn Quốc Việt		https://scontent.fhan2-3.fna.fbcdn.net/v/t1.15752-9/444760966_3766970433621802_7047564746670561840_n.jpg?_nc_cat=111&ccb=1-7&_nc_sid=5f2048&_nc_eui2=AeECUWm4wI_T55YE6KJEGoJ1X-XrSaZiO29f5etJpmI7b6KQdHglDQiRs3Z8WRLSkQmjm_wN1U9J_xldOFp8Y1ey&_nc_ohc=AWG_F7PPXJ0Q7kNvgEs_9Fx&_nc_ht=scontent.fhan2-3.fna&oh=03_Q7cD1QEZN16dBkawf8GEbhK7pA0QS3HgkgrK7mWDNlo4sT2Xow&oe=6680A6EC,,			Đạt	Duyệt		
2024-05-30	FP - Beatvn	Nguyễn Hoàng Long	Người đàn ông bị “sốc nhiệt” khi đi theo “thầy” Minh Tuệ đã không qua khỏi…  -Thỏ- #beatvn	https://scontent.fhan2-3.fna.fbcdn.net/v/t1.15752-9/441658003_765186319107504_604864231937220120_n.jpg?_nc_cat=108&ccb=1-7&_nc_sid=5f2048&_nc_eui2=AeH7PREiMRIzp4vWoNjaJyNQ7CLjwBOVD6_sIuPAE5UPr4hkuXof64d0SvndLIxAggpKgluNHNHPBrvXZ3xj2BfA&_nc_ohc=MrwY4dnE94gQ7kNvgFvW0Ee&_nc_ht=scontent.fhan2-3.fna&oh=03_Q7cD1QHMHTXgW0KXWPe548mZyFzRACUViS2auHO2YqOe29n6jw&oe=6680D0E4,,		https://danviet.vn/nghi-van-mot-nguoi-di-theo-ong-thich-minh-tue-roi-bi-soc-nhiet-nguy-hiem-tinh-mang-20240530165019959.htm	Đạt	Duyệt		
2024-05-30	FP - Beatvn	Lê Thị Thùy Dương		https://scontent.fhan20-1.fna.fbcdn.net/v/t1.15752-9/436578575_412514501765861_7023772846455601656_n.jpg?_nc_cat=103&ccb=1-7&_nc_sid=5f2048&_nc_eui2=AeEvvVYKur2ap1KC-V643uBzMJhgtI527qUwmGC0jnbupegk9JNWyqItBGp1Y4xwC7N9uYVfjgVAGb_ZVZo5rhLN&_nc_ohc=JLaUcScrkRMQ7kNvgFpvaQk&_nc_ht=scontent.fhan20-1.fna&oh=03_Q7cD1QFIMQe8-lKIBMN_n8j3xdWW2rXf3uRWCsFCUKYR-KWJfQ&oe=6680B9C3,,			Đạt	Duyệt		
2024-05-30	FP - Beatvn	Đoàn Quốc Việt	vừa ngồi a cũng vừa trao đổi hết những ý kiến của ae làm nội dung r á nên mấy vụ như này thì cần nhìn thấy 2 bên trao đổi nhiều hơn để nắm đc góc nhìn của nhau,  btv cần tìn nhanh, chính xác, có chất thì bkd cũng cần như thế. 2 bên cùng nâng cao kỹ năng cho nhau luôn. quan trọng là lắng nghe và cùng xây dựng thui chứ cũng k có vấn đề gì cả. Ae cùng hướng đến việc page ngon k gậy gộc là đc				Đạt	Duyệt		
2024-05-30	FP - Beatvn	Tuấn Dũng	Ok anh, bọn em xin ghi nhận ý kiến. Vì đây là 1 chủ để khó nên có lẽ những chủ đề dài và nhạy cảm ntn từ lần sau mình có thể tổ chức hop nhanh cùng ae leader và BQT để đồng thuận các quan điểm góc nhìn lên bài. Ngoài ra bọn e cũng sẽ chú ý giải thích chi tiết hơn về nhưng điểm chưa ổn của bài và đưa ra góc nhìn xây dựng				Đạt	Duyệt		
2024-05-30	FP - Beatvn	Đoàn Quốc Việt	mấy cái về định hướng góc nhìn sự việc này ae cần rõ ràng để btv có hướng để khai thác trong tương lai ấy ae. nếu cá nhân btv k hiểu đc ý mình đưa ra hoặc k thuyết phục đc các bạn ý thì sau khó khai thác. k duyệt lý do là gì, cơ sở ở đâu thì các bạn mới nắm đc điều chỉnh cho bài tiếp theo				Đạt	Duyệt		
2024-05-30	FP - Beatvn	Tống Bùi Vĩnh Hoàng	"❗️❗️CĂNG ĐÉT: Vậy là sau gần 10 năm chờ đợi, MV của Lệ Cay 3 phiên bản remix đã chính thức bấm máy vào sáng nay. Vẫn là Du Thiên, vẫn là mái tóc bạch kim vướt ngược sang trái và phong cách chất chơi thời đó...  Tuy nhiên, MV lần này sẽ có sự xuất hiện của một loạt diễn viên mới thêm cả những idol tiktok, những trai phố, gơn phố xịn xò.  Qua chia sẻ, Du Thiên cũng cho biết MV Lệ Cay 3 bản remix này sẽ quy tụ tầm 100 người cùng đóng. Thời gian ra mắt là 21h ngày 8 tháng 6, lại đúng cái ngày mà Sơn Tùng ra mắt MV mới ""Đừng làm trái tim anh đau"". Hứa hẹn đây là sẽ 1 màn combat nảy lửa giữa 2 huyền thoại của thế hệ 8x 9x 🥳"	https://scontent.fhan20-1.fna.fbcdn.net/v/t1.15752-9/445569611_818710453106390_1492807078561456898_n.jpg?stp=dst-jpg_s2048x2048&_nc_cat=109&ccb=1-7&_nc_sid=5f2048&_nc_eui2=AeGCZNdCQ4ticGriSG_LveYBxujYm4hsQA7G6NibiGxADhh0o6ct3ZOwtOyNFfP6qw_Q_b1lk6nLyukfyVNWnlgH&_nc_ohc=NK2SHZwXjtEQ7kNvgEMaHS6&_nc_ht=scontent.fhan20-1.fna&oh=03_Q7cD1QFJ1u1dVs4xn7P4jK1cF6Vo9Zndek8Lm5z3aD7MsfN8og&oe=6680B053,,https://scontent.fhan2-5.fna.fbcdn.net/v/t1.15752-9/445580352_1102641170830268_615039808847228747_n.jpg?stp=dst-jpg_p1080x2048&_nc_cat=107&ccb=1-7&_nc_sid=5f2048&_nc_eui2=AeGHrspfuFQKH3smminImwnvWbQfikkRvEBZtB-KSRG8QKUyrTxB8Pv3OR0locGtjmK2JgCDtVJNkZgiEZE-hIyR&_nc_ohc=_57OBQRL-SQQ7kNvgED2G_L&_nc_ht=scontent.fhan2-5.fna&oh=03_Q7cD1QFofqKkOCl26HxYuOyy2MPkYeRMbzgjIP3rdXZlEfNGqQ&oe=6680C243,,https://scontent.fhan20-1.fna.fbcdn.net/v/t1.15752-9/445794249_447183134675510_8651527102947429820_n.jpg?stp=dst-jpg_p1080x2048&_nc_cat=103&ccb=1-7&_nc_sid=5f2048&_nc_eui2=AeGbObztIp6D_aAN1QAif1MFUxMuTRlkjpdTEy5NGWSOl1bhxcc_BnBTpiNmDjheTL1IjaftgR9HgKHnc614k_SN&_nc_ohc=KNVktmekNNoQ7kNvgFkTBeF&_nc_ht=scontent.fhan20-1.fna&oh=03_Q7cD1QGpZFLgGx4AOQd7ijRM7nH63wJQxK0pjr7yjBbvcIaaTg&oe=6680A958,,			Bách	Duyệt		
2024-05-30	FP - Beatvn	Nguyễn Tuấn Thịnh	"trước 1975 thì công nhận quảng trị đánh nhau to thật <("")"				Đạt	Duyệt		
2024-05-30	FP - Beatvn	Nguyễn Phương Huyền 	CẤP BÁO: HÀ NỘI SẮP MƯA TOOO⚡️🌬  Mây đen lắm rồi, về nhà ngay thôi không ướt hết các elm bé ơiiii...  #beatvn	https://scontent.fhan2-4.fna.fbcdn.net/v/t1.15752-9/436765113_874449851156631_7986329477252552048_n.jpg?_nc_cat=105&ccb=1-7&_nc_sid=5f2048&_nc_eui2=AeHMYb66sqXiY1vUakLvTxBIq8DNWv8ve0arwM1a_y97Rg8X8W1yzV7cFvMYPhc6ffv4NUpwKxVYJ_f-DODFMHO4&_nc_ohc=XRiLhY6jNo8Q7kNvgEsL9MY&_nc_ht=scontent.fhan2-4.fna&oh=03_Q7cD1QFaCO6_k4B9DP-nsK4xjFTIniNNdMJRGJ_CMRXE2E1IEg&oe=6680CA69,,https://scontent.fhan2-5.fna.fbcdn.net/v/t1.15752-9/441048792_1546247152605576_8105960771331226119_n.jpg?_nc_cat=107&ccb=1-7&_nc_sid=5f2048&_nc_eui2=AeEkz8DQk-lrzcNz8HrqnLy-GBiWoIOgwdwYGJagg6DB3MXjUCIRhaRbnmsT6U1G4gGhILPa7gzEvNmf2HKV4Nmy&_nc_ohc=0dOktH4V3wMQ7kNvgGx9EeR&_nc_ht=scontent.fhan2-5.fna&oh=03_Q7cD1QHkmlA2FgnYAMZzimJ6-zLXwcvxteyiNizVYZNTSc1yJA&oe=66809FB4,,https://scontent.fhan2-4.fna.fbcdn.net/v/t1.15752-9/441581196_1506683803526287_1046960450246129414_n.jpg?_nc_cat=110&ccb=1-7&_nc_sid=5f2048&_nc_eui2=AeGTYtJlCljGabaHhEVETXB98lhnKkSR1PzyWGcqRJHU_MtqKuf7q3ZJcyU7T6wl-3Cutm4nZpkN-JlAaMRtlaET&_nc_ohc=HmLZPoXw0CQQ7kNvgF1h-iR&_nc_ht=scontent.fhan2-4.fna&oh=03_Q7cD1QFib302BS0QP08EIW451AR0--KVAzVK4eL0qrC_wkpsTA&oe=6680C73A,,			Đạt	Duyệt		
2024-05-30	FP - Beatvn	Nguyễn Hoàng Long	CÁC NHÀ HÀNH GIẢ ĐI THEO “THẦY” MINH TUỆ ĐÃ PHẢI ĐEO CẢ CROCS CHỨ ĐAU CHÂN KHÔNG CHỊU ĐƯỢC 🥹  Hôm nay, số người mặc áo vá, tay bê nồi cơm đi theo nhà hành giả Minh Tuệ đã lên đến 60 người. Trong đó số người đi theo diện part time do giận dỗi vợ là bao nhiêu thì không biết.   Tuy nhiên thời tiết Quảng Trị đang trở thành kẻ thù lớn nhất của đoàn người. Trời thì 30-40 độ, mặt đường thì 50-60 độ, “thầy” Minh Tuệ cứ chân trần bước đi phăm phăm mặc các “đệ tử” rộp hết chân cố theo kịp bước chân an lạc của “thầy”.   Người đeo tông, người đeo dép lê, người đeo cả crocs, thiếu điều đeo giày thể thao để chống chọi lại thời tiết khắc nhiệt. Một số vẫn chân trần chắc nay ngày đầu tiên bỏ nhà theo “thầy” nên chưa biết sợ.   Bê nồi cơm, bỏ nhà đi ai cũng làm được. Nhưng cứ thử 1 tuần, 1 tháng xem. Về ôm vợ xin lỗi hết 🥶  -Thỏ- #beatvn	https://scontent.fhan2-5.fna.fbcdn.net/v/t1.15752-9/441436210_445617434735293_8864600816540961969_n.jpg?_nc_cat=106&ccb=1-7&_nc_sid=5f2048&_nc_eui2=AeH-jto7fU8NAAn_aBKMdA9wBbB8mA3-BGAFsHyYDf4EYNM9C-bJ6-cuajk7nnAIqS_cLzl7qCKEebB71qpgsimD&_nc_ohc=_pbRmSuxq0UQ7kNvgEBrrdP&_nc_ht=scontent.fhan2-5.fna&oh=03_Q7cD1QFllI3p4yEo-fDfPdCzI5VaWyp3r3ERrhth1tHZM6-9pw&oe=6680A87B,,https://scontent.fhan2-3.fna.fbcdn.net/v/t1.15752-9/441909980_402298969468228_2840097652232273461_n.jpg?_nc_cat=101&ccb=1-7&_nc_sid=5f2048&_nc_eui2=AeGUGvVeFyj6MdOYpZ5bi5_5SGyQUx1NOlRIbJBTHU06VDv58EK-2kMNT02lqo007C_Gcwkp_dOnMVun50e996mN&_nc_ohc=ijLTTJ0dZKkQ7kNvgG7Vrww&_nc_ht=scontent.fhan2-3.fna&oh=03_Q7cD1QHWigocLaAwvnSSiwDNFVynFp9EOaAdSHv4CeOZy1jAvg&oe=6680C984,,https://scontent.fhan2-4.fna.fbcdn.net/v/t1.15752-9/441054999_1797120760798500_4940723898511206190_n.jpg?_nc_cat=105&ccb=1-7&_nc_sid=5f2048&_nc_eui2=AeEMqxKLDgTlPDa46tnYryW1t4zVbXLhS1-3jNVtcuFLX-QMINbZzyg137et5tD-vcF-ThjlU1oI9YZvk1Sj-6u0&_nc_ohc=Isrm6JvAl2wQ7kNvgG-6-7X&_nc_ht=scontent.fhan2-4.fna&oh=03_Q7cD1QHbcl3PIgmw8PrwLwIibz5fMQvRy6vzopyzbtY3BWkS3A&oe=6680AD6E,,https://scontent.fhan2-3.fna.fbcdn.net/v/t1.15752-9/441443169_1498301370894398_7679361183802740110_n.jpg?_nc_cat=108&ccb=1-7&_nc_sid=5f2048&_nc_eui2=AeHT-2EbzhbXvi_oq1jZHcWcu2mPTqxpkEG7aY9OrGmQQXrypth2byC7mUHZseILYUhSOHBD_x4IxRQWqmLdksND&_nc_ohc=lZLyV6hzee4Q7kNvgGeBGEJ&_nc_ht=scontent.fhan2-3.fna&oh=03_Q7cD1QGhw74p9xFY-UjPRyAS9x01ISFIG0smGuk_hmOWF9-v8A&oe=6680B4E7,,https://scontent.fhan2-3.fna.fbcdn.net/v/t1.15752-9/441041134_419995787674447_1056649259221179486_n.jpg?_nc_cat=101&ccb=1-7&_nc_sid=5f2048&_nc_eui2=AeFKvhHS-rWNfypimB59gUxscqAbdXBIEgpyoBt1cEgSCib9-IBE6k4ckD0sWUw5RJdNN0AIYiHF7vNKWggewZi6&_nc_ohc=BeK7c8ZybxUQ7kNvgHjZUaa&_nc_ht=scontent.fhan2-3.fna&oh=03_Q7cD1QGomM_mQSeDIAsNOmQl-4t40tWuLnKS4Pazt2nBrM5nfQ&oe=6680D79B,,			Đạt	Sửa/ xóa bài	Sửa cho trung lập và đỡ troll, chủ đề này nhạy cảm	
2024-05-30	FP - Beatvn	Phạm Hồ Linh Phương	HÌNH ẢNH BIỂN NGƯỜI XẾP HÀNG DÀI ĐỂ GẶP TU SĨ MINH TUỆ TẠI QUẢNG TRỊ HÔM NAY   Mặc cho thời tiết đang nắng nóng đỉnh điểm, hàng nghìn người vẫn đứng hàng dài chờ đợi tu sĩ Minh Tuệ đi qua.   Lực lượng công an cũng đã có mặt để đám đông giữ trật tự, không làm ảnh hưởng đến giao thông.   #beatvn	https://scontent.fhan2-5.fna.fbcdn.net/v/t1.15752-9/441370938_1099881181120230_2951035072234218094_n.png?_nc_cat=106&ccb=1-7&_nc_sid=5f2048&_nc_eui2=AeFlAiCFpsYclSB4EzsYMBHRoURsR2JuofyhRGxHYm6h_JCFk_U821FcTGUcRUdzbCOGkOWTVKujzWBIBmhSzBlZ&_nc_ohc=u1doQZjgCPsQ7kNvgGgnCZr&_nc_ht=scontent.fhan2-5.fna&oh=03_Q7cD1QHHxiZ_T7tcFP9ajt9AOkd8SWrhpzLnHiI85UO5Bpn4FA&oe=6680C87E,,https://scontent.fhan2-3.fna.fbcdn.net/v/t1.15752-9/441458817_433113706022948_3063838350243403074_n.png?_nc_cat=111&ccb=1-7&_nc_sid=5f2048&_nc_eui2=AeEFFmnqRlVy4-ISQSlooBdxEj3fmWQmytMSPd-ZZCbK04ZFCu4-Qsw-7l0b7lgfrOkBnM-_ZgQ_hj1Nni22vxiS&_nc_ohc=Eu7PA8H2IEQQ7kNvgFFnk56&_nc_ht=scontent.fhan2-3.fna&oh=03_Q7cD1QH02CtH3zPXZlud5WG-h6DlRxJXS-nSuL5dvxpvhg4vTQ&oe=6680B297,,https://scontent.fhan2-5.fna.fbcdn.net/v/t1.15752-9/440941303_460478886697904_2571192620898439101_n.png?_nc_cat=106&ccb=1-7&_nc_sid=5f2048&_nc_eui2=AeHwKGDgWXNETNfSaGjcY-UHEDA1grf_5V0QMDWCt__lXXMAniWBzFtRoOYTpn5zW3eLsWaru8b2pZJE6nWO1Sfm&_nc_ohc=RMVF2BrRdtcQ7kNvgGMpnjS&_nc_ht=scontent.fhan2-5.fna&oh=03_Q7cD1QFrK369AZ2N04VxNmT0Otgz6hn1cV-q4iKGxqIeaJdILA&oe=6680ACED,,https://scontent.fhan2-3.fna.fbcdn.net/v/t1.15752-9/441015348_487053813982473_3856925661741991713_n.png?_nc_cat=111&ccb=1-7&_nc_sid=5f2048&_nc_eui2=AeEtfOLvN-ynx8Uvln1lEx3C8efG22neO5Xx58bbad47lcwEH6MUjlfxo8sjRPvIZlioRZ4gk41tKpgnPN37WFCG&_nc_ohc=Q3on5npazKYQ7kNvgGUjRG2&_nc_ht=scontent.fhan2-3.fna&oh=03_Q7cD1QHrlM8fJKQ3C36jTgU6LKEOCO9KZPPRNnVjj9iIt4ZHXw&oe=6680AC02,,			Đạt	Duyệt		
2024-05-30	FP - Beatvn	Nguyễn Tuấn Thịnh	"ANH LIÊM CỦA SHOWBIZ VIỆT !!!!  Nếu như bóng đá có CR7, hoạt hình có Tai Lung, truyện tranh có Vegeta thì Showbiz Việt Nam cũng sở hữu anh Liêm của riêng mình và đó chính là nam ca sĩ, nhạc sĩ, diễn viên, facebooker, tiktoker Duy Mạnh!  Mới đây, dù chẳng ai hỏi nhưng Duy Mạnh cũng đã bộc bạch rằng khoảng 10 năm trước anh cũng đi cùng 1 đoàn nghệ sĩ đi từ thiện.  Kêu gọi được 100 triệu thì đoàn nghệ sĩ này vào resort ăn ở, chơi hết 95 triệu. Còn 5 triệu thì mỗi người trong đoàn góp thêm 2 triệu xong đi mua mì gói phát cho bà con rồi chụp ảnh tay bắt mặt mừng.   ""Tôi thấy làm thế không đúng và tôi cũng có một phần trách nhiệm trong đó""  #beatvn #news"	https://scontent.fhan2-5.fna.fbcdn.net/v/t1.15752-9/445805487_1471989080064323_7753574370038937014_n.png?_nc_cat=107&ccb=1-7&_nc_sid=5f2048&_nc_eui2=AeGTy7o-Ia_V-b3gdPyuYeK1lJlYKX2ItieUmVgpfYi2J9bY_rd_PrgFiNjne4n6ikv1EahEdwDgoUW67bLPkcB1&_nc_ohc=PTV7TYFalZ0Q7kNvgEG1MGb&_nc_ht=scontent.fhan2-5.fna&oh=03_Q7cD1QFSp9Men5n-BRedu85OGRraoLKkn4tW_RaPfvkcyTimXA&oe=6680D480,,			Bách	Duyệt		
2024-05-30	FP - Beatvn	Nguyễn Hoàng Long	💥 Bắt khẩn cấp cô giáo phụ trách đưa đón khiến cháu bị bỏ quên trên xe tại Thái Bình				Bách	Duyệt		
2024-05-30	FP - Beatvn	Lê Thị Thùy Dương		https://scontent.fhan2-3.fna.fbcdn.net/v/t1.15752-9/436710783_1550443415852029_2617127071363662436_n.jpg?_nc_cat=111&ccb=1-7&_nc_sid=5f2048&_nc_eui2=AeF4PZhZsIsvo4_pzL_RfwGD7Xs9tIc0Tyjtez20hzRPKCcHODMR3SVpnGECn3mzuRHnkgkWULNHCHQynmt7x4Kh&_nc_ohc=c6G7GGunIiIQ7kNvgEkAl3c&_nc_ht=scontent.fhan2-3.fna&oh=03_Q7cD1QHo1oMohGyxCoIiDagEXim-PY7FJFfzCzl4_GcZ6CVxBw&oe=6680AD69,,			Bách	Duyệt		
2024-05-30	FP - Beatvn	Phạm Hồ Linh Phương	KHẨN: TÌM NGƯỜI THÂN CHO NGƯỜI ĐÀN ÔNG ĐANG RƠI VÀO TRẠNG THÁI NGUY KỊCH KHI ĐANG ĐI THEO TU SĨ MINH TUỆ  Ai là người nhà của người đàn ông này xin đến ngay bệnh viện đa khoa tỉnh Hà Tĩnh nhé ạ. Hiện tình hình đang rất xấu!  Nguồn: Tin Nóng Hà Tĩnh #beatvn	https://scontent.fhan2-4.fna.fbcdn.net/v/t1.15752-9/439173144_1644650979638547_7212432442735219617_n.jpg?_nc_cat=105&ccb=1-7&_nc_sid=5f2048&_nc_eui2=AeGvoQP24yOLP4IU7C2VkZNU2L6BnZlrkTXYvoGdmWuRNUdR5uG0OKd1tpb-H4oMSYZmoGLNa6oIok3MDX7hcx6V&_nc_ohc=N-P0JYPZq0sQ7kNvgH8fw6l&_nc_ht=scontent.fhan2-4.fna&oh=03_Q7cD1QFwAYPGyB6keoPmV3qJ-MtPcyHwj8q-rZR0j1FV46xMqg&oe=6680D3FA,,			Đạt	Duyệt		
2024-05-30	FP - Beatvn	Nguyễn Tuấn Thịnh	"""TÔI DẪN CHÁU NGỒI HÀNG GHẾ NGAY DƯỚI LÁI XE, VẬY MÀ CHÁU TÔI CH** NGẠT CẢ NGÀY TRỜI KHÔNG AI BIẾT"" 😢  Bà ngoại cháu H. khóc ngất khi phải chứng kiến sự ra đi oan uổng của cháu mình.  Bà kể rằng 6h20 sáng hôm qua, bà dẫn cháu H. lên xe đưa đón. Bà nhìn rất kĩ rằng bé ngồi hàng ghế thứ 2 ngay sau tài xế nên bà mới yên tâm để quay về nhà.  Bình thường xe nhà trường sẽ đưa và đón trả học sinh về tận nhà nhưng do hôm qua là tổng kết năm học thêm phụ huynh sẽ tự đón các bé.  Khoảng 17h chiều, bà H. có nhờ Đức Anh là cậu của cháu H. đến trường đón, tuy nhiên Đức Anh được giáo viên thông báo rằng: ""Cháu H. hôm nay không đi học"". Thấy vậy, Đức Anh gọi về cho bà H. và nói: ""Cô giáo bảo hôm nay H. không đi học"". Nghe thế, bà còn quát ""Con đùa à? Chính mẹ sáng nay đưa cháu lên xe của trường. Sao lại bảo không đi học?"".   Bà H. ngay sau đó đã gọi điện cho giáo viên và khi kiểm tra lại thì mọi người mới phát hiện ra cháu H. nhưng tại thời điểm đó thì đã quá muộn 😢  Theo: Báo Sức Khỏe Đời Sống #beatvn #news"	https://scontent.fhan2-4.fna.fbcdn.net/v/t1.15752-9/445574432_440959945312503_2262560221271043252_n.png?_nc_cat=100&ccb=1-7&_nc_sid=5f2048&_nc_eui2=AeGZnhBWkztaCEchAE4kp0wF_pWYmX44Ksj-lZiZfjgqyFYToQSHUUxG4uO4AuQgjfoQ7GwXeIf_XJTaFO3zC6M-&_nc_ohc=Cmmu6VpAb-gQ7kNvgEoo1vm&_nc_ht=scontent.fhan2-4.fna&oh=03_Q7cD1QH14Cv0-8lRGawer693Y6DLnxO8SUgFk23NtlPpxO137g&oe=6680B9F9,,			Đạt	Duyệt		
2024-05-30	FP - Beatvn	Phạm Hồ Linh Phương		https://scontent.fhan20-1.fna.fbcdn.net/v/t1.15752-9/438095007_438041018856024_2361773836817286609_n.jpg?_nc_cat=103&ccb=1-7&_nc_sid=5f2048&_nc_eui2=AeHUT2Yyh9uG2K7BkrS4IHASR1ZMMV_-6apHVkwxX_7pqvroFMSdSeFHhgXnzsV_J85R2y4JAwuOtGmyNXNnrWfa&_nc_ohc=YzB63xCMD78Q7kNvgE_5qbo&_nc_ht=scontent.fhan20-1.fna&oh=03_Q7cD1QFjetmBnEqCA8kykLxVuGVPADhUOkQox8G4DcP__N_WkQ&oe=6680C63B,,			Bách	Duyệt		
2024-05-30	FP - Beatvn	Nguyễn Tuấn Thịnh		https://scontent.fhan2-5.fna.fbcdn.net/v/t1.15752-9/445693222_733421165656186_3752662523359637858_n.png?_nc_cat=106&ccb=1-7&_nc_sid=5f2048&_nc_eui2=AeEIamU8o-F6_Pql4NqvqWnOt3PNrxONmFe3c82vE42YV2n_-U2uTM4906-gdY3D4rKxliRg8zOjmFisdoiXcVnW&_nc_ohc=gsNL2rCOq7IQ7kNvgFCwR0M&_nc_ht=scontent.fhan2-5.fna&oh=03_Q7cD1QE8o1gqYNbORaNiXEiv4JL1p_JAj8KNmRxhh10tDI7z2A&oe=6680D797,,			Bách	Duyệt	Thêm nguồn	
2024-05-30	FP - Beatvn	Nguyễn Phương Huyền 	‼️ HỖ TRỢ TÌM NGƯỜI THÂN ‼️  Anh Hà Duy Tùng, sinh năm 1991 có dấu hiệu mắc bệnh trầm cảm, bỏ nhà đi từ 9h20 sáng ngày 29/05/2024 từ toà nhà N01-T2, chung cư Ngoại Giao Đoàn, P.Xuân Tảo, Bắc Từ Liêm, Hà Nội về hướng đường Phạm Văn Đồng.  Đặc điểm nhận dạng: Cao 1m75, Nặng 75kg, da trắng, có răng khểnh, đeo kính cận.  Khi đi anh ko mang theo giấy tờ tuỳ thân, ko mang theo vật dụng cá nhân, trên người mặc áo sơ mi dài tay kẻ đỏ, bên trong áo ba lỗ màu nâu đất, quần dài, đi dép cross màu tím than.  Gia đình đã đi tìm nhưng chưa thấy anh, rất mong cộng đồng mạng chia sẻ bài viết hoặc nhìn thấy anh ở đâu thì xin báo cho sđt này: 0855631289 Gia đình xin cảm ơn và hậu tạ!  #beatvn	https://scontent.fhan2-4.fna.fbcdn.net/v/t1.15752-9/440876739_959225319023471_3071270138192117071_n.jpg?_nc_cat=100&ccb=1-7&_nc_sid=5f2048&_nc_eui2=AeHgnqG-jBhzVt4Ln4CVjgL08S83As31SyPxLzcCzfVLI4XaA0HTjXnhYW2FmUC933LsxoYSlNrQx2qTBm4d3YaA&_nc_ohc=jb85vgwGsS0Q7kNvgHpz6Tn&_nc_ht=scontent.fhan2-4.fna&oh=03_Q7cD1QG60-Ry1SyO0qSSCWmg-q7j6UrFvJQZgG7VVQ_KUN0n6g&oe=6680B701,,https://scontent.fhan2-4.fna.fbcdn.net/v/t1.15752-9/445377125_1142472616993070_6132321351410392219_n.jpg?_nc_cat=105&ccb=1-7&_nc_sid=5f2048&_nc_eui2=AeHPDODccStgDwNcQPHmVxCu-gHSGzVdzFL6AdIbNV3MUmaVAeIWlCg0j6vgYQNBWSPvMwtn7ImrTQpv9n0w9V-t&_nc_ohc=VDsz6pacL6oQ7kNvgFGNuQL&_nc_ht=scontent.fhan2-4.fna&oh=03_Q7cD1QGBoVbGiGpiix_EZbLjBZqrgzuO7LfCrz_2FVEK-czDoA&oe=6680A079,,https://scontent.fhan2-4.fna.fbcdn.net/v/t1.15752-9/445373034_1001505024969244_4577626264540239260_n.jpg?_nc_cat=100&ccb=1-7&_nc_sid=5f2048&_nc_eui2=AeHoL83-u1Fw5RFby_MJQeRfYYCLx-pT0VphgIvH6lPRWrldK8v_2T8W0qq2d-jzo8vHx4hWGQLf-js4eRqlqDEr&_nc_ohc=NBPcUfWSytAQ7kNvgFSuKJl&_nc_ht=scontent.fhan2-4.fna&oh=03_Q7cD1QGg3CUQMvFyPkNIzhXm0JBXnMoy4RqeuGolL5kD-u0Cjw&oe=6680B156,,			Bách	Duyệt		
2024-05-30	FP - Beatvn	Đoàn Quốc Việt	Vừa thấy diễn biến đã vội chuyển hóa. Tôi không đánh giá cao con vk này 😎🫵  -Thỏ- Beatvn	https://scontent.fhan2-3.fna.fbcdn.net/v/t1.15752-9/442705760_1975169002916398_6915485062404117822_n.png?_nc_cat=101&ccb=1-7&_nc_sid=5f2048&_nc_eui2=AeGVfVSMOXjdGB_zvh1E0kSxMJ74Kd1qQicwnvgp3WpCJ9Vq9VeQPYSLXLYBOxPsVe9Qp4G474r5j7Hwz36VMPzj&_nc_ohc=y-qCT2eMq6oQ7kNvgEp9Nna&_nc_ht=scontent.fhan2-3.fna&oh=03_Q7cD1QEfQHs4_08oOARkfS6AeZ-y6UHv-sIYkv2_xcBpxUuuSQ&oe=6680C85D,,			Bách	Duyệt		
2024-05-30	FP - Beatvn	Nguyễn Hoàng Long	MỘT NGÔI ĐỀN NHỎ MÀ NỘP NGÂN SÁCH KHÔNG HỀ NHỎ   5 tháng đầu năm, ngôi đền Chợ Củi (Hà Tĩnh) thu hút 60.000 lượt du khách. Năm nay có ban quản lý nên toàn bộ số tiền này được giám sát, quản lý rất minh bạch. Sau khi trừ tiền hoạt động thì còn hơn 14 tỷ nộp vào ngân sách nhà nước.   Tương tự đền Chợ Củi, đền Bảo Hà trước chỉ thu được 2 tỷ nhưng khi có ban quản lý vào con số này tăng hơn 20 lần lên 45 tỷ. Tương đương tăng từ 1 con Volkswagen Viloran lên hẳn Rolls-Royce Cullinan 🥶  Cũng lưu ý rằng đây chỉ là 2 ngôi đền nhỏ nếu so sánh với các cơ sở tâm linh khác trên cả nước.   -Thỏ- Theo danviet #beatvn	https://scontent.xx.fbcdn.net/v/t1.15752-9/436600182_1288830028748715_1850741131809172841_n.jpg?stp=dst-jpg_p403x403&_nc_cat=106&ccb=1-7&_nc_sid=5f2048&_nc_eui2=AeHDqGVuzhEuIHVhFVbUrghNjyPdJe-h1tePI90l76HW12-qNCrlEs41fWyCdFM363PxMYIZFl6BWAD_eOcNQFEx&_nc_ohc=gbOJy7Fs2owQ7kNvgGWquPP&_nc_ad=z-m&_nc_cid=0&_nc_ht=scontent.xx&oh=03_Q7cD1QFxMKQLXab497TGBZAZzdOjm7FLXZcRuGRScWTtmSvgNQ&oe=66822B73			Đạt	Duyệt		
2024-05-30	FP - Beatvn	Nguyễn Phương Huyền 	MỘT NGƯỜI TRONG ĐOÀN ĐI THEO TU SĨ MINH TUỆ ĐÃ NGẤT XỈU DƯỚI CÁI NÓNG MIỀN TRUNG Hiện người này đã được người dân đưa vào bệnh viện Triệu Phong - Quảng Trị cấp cứu. Không phải ai cũng đủ trí và lực, ngày chỉ 1 bữa mà đi xuyên đất nước đâu, những người đang có ý định này hãy cân nhắc Nguồn: Tin nóng Quảng Trị #beatvn	https://scontent.xx.fbcdn.net/v/t1.15752-9/444759912_887648299913501_4278091048892955380_n.jpg?stp=dst-jpg_s403x403&_nc_cat=106&ccb=1-7&_nc_sid=5f2048&_nc_eui2=AeFzLhU6VKJsIjlx28acGq1JIpuTrkz02Nkim5OuTPTY2fXhhTR30aotH8mTjiTDujuEDV3xK1B_vzJbQUHcWC0o&_nc_ohc=47WX9pmkrLEQ7kNvgG5-Pll&_nc_ad=z-m&_nc_cid=0&_nc_ht=scontent.xx&oh=03_Q7cD1QH8hAijJQubHHszraelvBOu2AXU3CkUSAB_PkdZLgqD6g&oe=66822E30			Bách	Duyệt		
2024-05-30	FP - Beatvn	Nguyễn Phương Huyền 	"CHÚNG TÔI KHÔNG BIẾT ANH ẤY Ở ĐÂU, CHỈ BIẾT ANH ẤY CỨU ĐƯỢC 2 EM GÁI NHỎ TRONG NHÀ XONG RỜI ĐI LUÔN ❤  Thanh niên mặc quần âu, áo sơmi trắng, đầu vẫn đội mũ bảo hiểm, trèo tường cõng 2 em gái ra khỏi ngôi nhà đang cháy sáng nay thật sự rất dũng cảm.   Một người phụ nữ thuê trọ cạnh bên ngôi nhà bị cháy vẫn chưa hết hoảng hốt kể lại, lúc đó, chị vừa tri hô mọi người tìm cách giúp đỡ người còn mắc kẹt trong nhà cháy, vừa sơ tán 2 con nhỏ đi nơi khác.  ""Tôi hoảng hốt gọi 2 con nhỏ dậy và đưa ra ngoài, đồng thời, lấy thang ở bên trong nhà để đưa cho mọi người leo lên cứu người mắc kẹt, mọi việc lúc đó diễn ra rất nhanh, có 1 nam thanh niên mặc áo trắng bỏ xe máy ở đầu ngõ và chạy vào cứu các nạn nhân.  Cậu thanh niên này leo lên mái tôn của nhà số 9, dùng gạch đập vỡ con tiện xi măng ở ban công tầng 3 và cứu 2 bạn nữ ra ngoài. Tôi thấy anh ấy leo lên 3 lần, 1 lần đưa bạn nữ áo đen mắc kẹt trên tầng xuống, lần nữa thì cõng bạn nữ mặc áo trắng"".  Không ai biết cậu ấy ở đâu, chỉ biết cậu ấy đang trên đường đi làm thì phát hiện sự việc nên dừng lại. Sau khi cứu các nạn nhân thì người thanh niên bị bỏng hai tay và đã rời đi ngay.  Theo: VietNamnet #beatvn"	https://scontent.fhan2-4.fna.fbcdn.net/v/t1.15752-9/436765113_428962329891813_1135407621373938769_n.png?_nc_cat=100&ccb=1-7&_nc_sid=5f2048&_nc_eui2=AeHhcil2vURMs27f-2ndjKgFoAt1d1FC2ZigC3V3UULZmLqzXVHZ6kGysmpoEtNJA4kFBO7b6OOisgKec4lSP39K&_nc_ohc=2bc0dh9UD0YQ7kNvgEtAyDw&_nc_ht=scontent.fhan2-4.fna&oh=03_Q7cD1QHkRTYuOVB5yMg8-zU8IHnM7qDu8KCiBoJl0fjJgurpBg&oe=6680BB93,,			Đạt	Duyệt		
2024-05-30	FP - Beatvn	Lê Thị Thùy Dương	Lên 2 cái ảnh toàn người sống thiện lành mà phải che hơi nhiều 🙄	https://scontent.fhan2-3.fna.fbcdn.net/v/t1.15752-9/436689410_314862658330708_6806962481312164070_n.png?_nc_cat=108&ccb=1-7&_nc_sid=5f2048&_nc_eui2=AeGO1gn0x5XoDd-ao-Q10A6TMfHnFWSBs5Ex8ecVZIGzkeAagr0ZaAm53TnCITM8-k9rYryB6Z3jEpqULOwsN4RJ&_nc_ohc=9_ITHors1vkQ7kNvgFAbqqg&_nc_ht=scontent.fhan2-3.fna&oh=03_Q7cD1QHcZtiAC3wcDJbUVwzxPEW2_QH9t09Nkdig9y5qd_cMZw&oe=6680C1C9,,			Đạt	Duyệt		
2024-05-30	FP - Beatvn	Nguyễn Phương Huyền 	DŨNG CẢM THẬT SỰ 💪🏻  Khoảnh khắc người đàn ông cứu người trong vụ cháy sáng nay ở Hà Đông, tại ngôi nhà trọ cho thuê có 9 người sinh sống, rất may mọi người đầu thoát nạn.   #beatvn		https://video.fhan2-4.fna.fbcdn.net/v/t42.3356-2/446335628_8366881763326393_1861142572080669802_n.mp4?_nc_cat=105&ccb=1-7&_nc_sid=4f86bc&_nc_eui2=AeHyi8cLyoOnwbzaPPw3iAaeGyHnFasQ32obIecVqxDfahCxmK05m4Lr0Kmk0X3OiKAbQrGNLc-LN-nZeVE5Id12&_nc_ohc=GtTgB1h1IzsQ7kNvgHiz-cB&_nc_ht=video.fhan2-4.fna&oh=03_Q7cD1QEYVaiujRBpcnQL59R0dKhNufCz6PUwKXxtybp_GZ3wVw&oe=665B2890&dl=1,,		Đạt	Duyệt		
2024-05-30	FP - Beatvn	Đậu Hồng Quân	SỰ CHỦ QUAN, THIẾU TRÁCH NHIỆM CỦA NGƯỜI LỚN NHƯNG TRẺ CON LẠI PHẢI GÁNH CHỊU HẬU QUẢ.  Chắc hẳn chúng ta vẫn còn chưa quên sự việc đau lòng xảy ra cách đây 5 năm trước, khi một bé trai học lớp 1 tại trường Gateway (Cầu Giấy, Hà Nội) được phát hiện tử vong trên xe đưa đón học sinh, cậu bé đã ở trên xe suốt 9 tiếng đồng hồ trong thời tiết nắng nóng.   Sau vụ việc đau lòng đó, 3 người lớn có liên quan bao gồm: tài xế, người phụ trách đón học sinh và GVCN đều phải lĩnh án vì hành vi vô trách nhiệm của mình.  Tiếp đó, tháng 6 năm 2023, tiếp tục 1 học sinh lớp 1 bị bỏ quên trên xe đưa đón tại một trường tiểu học ở Cầu Giấy (Hà Nội). Rất may, sau khi cháu bé tỉnh dậy đã gọi điện cho mẹ và được giải cứu sau 1 tiếng đồng hồ bị bỏ quên.  Và mới hôm qua đây thôi, tiếp tục 1 em bé 5 tuổi ở Thái Bình lại bị bỏ quên trên xe cả ngày trời giữa thời tiết nắng nóng mà không ai phát hiện kịp thời dẫn đến bé cũng không thể qua khỏi.  Liên tiếp những vụ việc bỏ quên trẻ xảy ra như vậy, phải chăng người lớn vẫn còn đang chủ quan với tính mạng của những đứa trẻ, sự vô trách nhiệm đó đã hủy hoại tuổi thơ và cả cuộc đời tươi đẹp phía trước của các con.  -Nhà Thơ Đi Exciter- #Beatvn	https://scontent.fhan2-4.fna.fbcdn.net/v/t1.15752-9/438101982_1639567446860465_845005961590957007_n.jpg?_nc_cat=105&ccb=1-7&_nc_sid=5f2048&_nc_eui2=AeEf_UPyzq5YuEnNHjlRHEmleqjj4838HHh6qOPjzfwceG9xs3e9yohdRY5TZgQ3IpGZcRfQymuVA57eT9kHq_kS&_nc_ohc=0e3B5u-WqGUQ7kNvgHnoH0D&_nc_ht=scontent.fhan2-4.fna&oh=03_Q7cD1QFEmqsP_09jv7BXylU13-DboYNUXa0m7nAnjx4R9CocRg&oe=6680A6A5,,			Bách	Duyệt		
2024-05-30	FP - Beatvn	Nguyễn Hoàng Long	NHỮNG SỰ CHỦ QUAN GÂY RA HẬU QUẢ ĐAU LÒNG  Liên quan vụ trẻ mầm non bị bỏ quên trên xe đưa đón của trường dẫn đến tử vong, cơ quan Công an tỉnh Thái Bình thông tin, khi vào lớp, giáo viên có chụp ảnh điểm danh học sinh gửi lên phần mềm của nhà trường để theo dõi.  Quản lý phát hiện vắng bé G.H, là học sinh lớp 4 tuổi. Tuy nhiên, cả người quản lý lẫn cô giáo đứng lớp đã không kiểm tra và không thông báo cho gia đình.  Đến khoảng 17h khi cậu bé đến đón mới tá hoả đi tìm thì mọi chuyện đã muộn. Chính từ những sự chủ quan đã gây ra hậu quả đau lòng. Đây sẽ là một bài học cảnh tỉnh cho các trường học khác.  -Thỏ- Theo Vietnamnet #beatvn	https://scontent.fhan2-5.fna.fbcdn.net/v/t1.15752-9/442004758_441951005118162_7750621397784419200_n.png?_nc_cat=107&ccb=1-7&_nc_sid=5f2048&_nc_eui2=AeHZ6Pj71yC0UYjNZglkSMqQs92zCkodPemz3bMKSh096QI_U-A9QJsuHCxMPvcIDdWMhNdAI0JKqNRHUVY6dhp0&_nc_ohc=eH3MgQUkzeoQ7kNvgENbAhJ&_nc_ht=scontent.fhan2-5.fna&oh=03_Q7cD1QHaECW47vYtAEqOcZVEbEKl_-2u4RjBWkf7aXB0DVdIiQ&oe=6680BD34,,			Đạt	Duyệt		
2024-05-30	FP - Beatvn	Nguyễn Hoàng Long	"TƯỞNG ĐÂU KAYNE WEST GIẬT MIC CỦA TAYLOR SWIFT   Liên quan đến sự việc, UBND huyện đã  thành lập đoàn thanh tra đột xuất nhà trường. Thậm chí trả lời báo Tuổi trẻ, trưởng Phòng Giáo dục và Đào tạo huyện cho biết ""Tôi thấy xấu hổ vì những gì đã diễn ra ở trường này trong lễ tổng kết. Trước mặt bao nhiêu phụ huynh và học sinh mà hiệu trưởng lại có những hành vi như vậy"".  Trước đó đoạn clip viral trên mxh cảnh hội trưởng hội phụ huynh đang ý kiến về những khuất tất liên quan đến việc xã hội hóa mua tủ đồ cho học sinh thì bị Hiệu trưởng giật mic, chỉ tay ngăn cản.  Cũng trong clip khi hiệu phó đứng lên ý kiến thì cô hiệu trưởng thêm một lần nữa lấy luôn mic của hiệu phó. Sự việc diễn ra trước mặt hàng chục phụ huynh và học sinh chưa kể video sau đó lan truyền như vũ bão.  -Thỏ- #beatvn"	https://scontent.fhan20-1.fna.fbcdn.net/v/t1.15752-9/446057559_1421315542078433_1583550116401988514_n.png?_nc_cat=103&ccb=1-7&_nc_sid=5f2048&_nc_eui2=AeGdaZLq3V753vyGCC8ES38d6RO8T3lC3A_pE7xPeULcDwr6wHLygTUUe0WGJEK7bH7AnNzljnUAd6VQ78dLJlSS&_nc_ohc=SC4waTYENsUQ7kNvgEHGTOb&_nc_ht=scontent.fhan20-1.fna&oh=03_Q7cD1QFOZPI0jX019SZowc5xIbldQX_RkSys1R5DI1Xy8olx_w&oe=6680B7FB,,			Bách	Duyệt		
2024-05-29	FP - Beatvn	Nguyễn Tuấn Thịnh		https://scontent.fhan2-3.fna.fbcdn.net/v/t1.15752-9/445730513_821854226492062_2415250897714208543_n.png?_nc_cat=111&ccb=1-7&_nc_sid=5f2048&_nc_eui2=AeFWYMvTiTgj1aTdktCo1cAhFA6aXTJBO-QUDppdMkE75Gz1sliOuXJKapR4GZLGpcU4JMTfaxEmclFkTMLGgDVr&_nc_ohc=uQECjPxs1mgQ7kNvgH1z3nk&_nc_ht=scontent.fhan2-3.fna&oh=03_Q7cD1QHIXNK2fZ3weztI9pRhcVRfAw1T9rabKZeDGP812Ixyjg&oe=6680C177,,			Bách	Duyệt		
2024-05-29	FP - Beatvn	Phạm Hồ Linh Phương	CHÁU BÉ ĐÃ Ở TRONG Ô TÔ DƯỚI TRỜI NẮNG NÓNG ÍT NHẤT 10 TIẾNG ĐỒNG HỒ !!!  Sự việc đau lòng xảy ra tại Trường mầm non Hồng Nhung 2. Ngày hôm nay, cô giáo Q.A có nhiệm vụ đưa đón trẻ mầm non từ nhà đến trường. Buổi chiều, người thân của bé H đến đón, không thấy cháu nên đã báo cho nhà trường; đồng thời tìm kiếm cháu H và phát hiện cháu H vẫn ở trên xe ô tô đưa đón của nhà trường. Mặc dù được đưa tới cấp cứu Bệnh viện Đa khoa tỉnh Thái Bình nhưng cháu H đã   Mẹ cháu H đi lao động ở nước ngoài, cháu hiện ở với bà ngoại. Hiện các cơ quan chức năng tỉnh Thái Bình đang tiếp tục xác minh, điều tra, làm rõ vụ việc.  Nguồn: Chính sách cuộc sống - Trang thông tin của Thông tấn xã Việt Nam #beatvn	"https://scontent.fhan20-1.fna.fbcdn.net/v/t1.15752-9/436704549_987505736428267_4955621107109466442_n.jpg?_nc_cat=102&ccb=1-7&_nc_sid=5f2048&_nc_eui2=AeFQ3qwwxyKIshLK8sgqx1q603xNgAuFDRfTfE2AC4UNF9CAwGBYXTgJwhL7a7U3m4ErUH__1BrS-utLr73C_WFE&_nc_ohc=qRYWGpxIqhkQ7kNvgEkosHn&_nc_ht=scontent.fhan20-1.fna&oh=03_Q7cD1QEBgTN1qIzxPHsgwv-SyxY-SKOlan9zyZVhnTUp6pnd0A&oe=6680D1B4,,
https://scontent.fhan20-1.fna.fbcdn.net/v/t1.15752-9/441940153_7697002660406816_8018043442198427665_n.jpg?_nc_cat=103&ccb=1-7&_nc_sid=5f2048&_nc_eui2=AeHLtuzQhKlDI3iQhT22NWJlRej77el6P_tF6Pvt6Xo_-94jI_Pbuep-pNZwekNprlM2YeN-r_IqSvDn4STx4nnD&_nc_ohc=2NVSIDcIIFUQ7kNvgHgcN35&_nc_ht=scontent.fhan20-1.fna&oh=03_Q7cD1QHV3ILAJhstpfsBjhpuoPScHjQVB-hxf0AgCo-cCLghyA&oe=6680CFDB,,https://scontent.fhan2-3.fna.fbcdn.net/v/t1.15752-9/441951500_469634185579976_609767667918425344_n.jpg?_nc_cat=101&ccb=1-7&_nc_sid=5f2048&_nc_eui2=AeGy_WOZ-qr-D00iYQuOlreIw7K_GzvfQZ_Dsr8bO99Bn7XGgWVK4Lm9xtzD2y47W9-hLIh-YrgMCk-hBMiCV_YQ&_nc_ohc=-eIH8w8CETYQ7kNvgFbcZgY&_nc_ht=scontent.fhan2-3.fna&oh=03_Q7cD1QGyl9QFYceh6YRHwYLKBJmZQhwiVVtPzCSCdSx6gYYdqA&oe=6680CAC8,,"			Bách	Duyệt		
2024-05-29	FP - Beatvn	Đoàn Quốc Việt		https://scontent.fhan20-1.fna.fbcdn.net/v/t1.15752-9/441044832_1207878163912321_2757427487294206212_n.png?_nc_cat=103&ccb=1-7&_nc_sid=5f2048&_nc_eui2=AeGBaCEQWPzd2ujH-h5xpLjj6_f2euIfsorr9_Z64h-yiusMUIwt-a7yFbV8qYcxeUyM9G30Vmj1xRmjh1uXSD2s&_nc_ohc=yBwZsAI5K9oQ7kNvgGse0Vc&_nc_ht=scontent.fhan20-1.fna&oh=03_Q7cD1QGkAHBCFCGg4eXZzA3lUc9F5bexPHnA-uvaVRef_aT1Lw&oe=6680D14A,,			Bách	Duyệt		
2024-05-29	FP - Beatvn	Phạm Hồ Linh Phương	ĐAU LÒNG: CHÁU BÉ BỊ BỎ QUÊN TRÊN XE ĐƯA ĐÓN ĐÃ QUA ĐỜI ‼️				Bách	Duyệt		
2024-05-29	FP - Beatvn	Nguyễn Tuấn Thịnh	LẠI THÊM 1 BÉ BỊ BỎ QUÊN TRÊN XE, TÌNH TRẠNG HIỆN ĐANG NGUY KỊCH   Một bé học sinh mẫu giáo 5 tuổi đã bị bỏ quên trên chiếc xe đưa đón của chính ngồi trường mình đang học.  Người dân khi phát hiện đã cố gắng phá cửa và đưa em đi cấp cứu, tuy nhiên bệnh viện cho biết em đang trong tình trạng nguy kịch, người tím tái, tiên lượng xấu 😢  Nguồn: Báo Lao Động #Beatvn #News				Đạt	Duyệt		
2024-05-29	FP - Beatvn	Nguyễn Tuấn Thịnh		https://scontent.fhan2-4.fna.fbcdn.net/v/t1.15752-9/442412517_1654362492058784_7499995447317304077_n.jpg?_nc_cat=100&ccb=1-7&_nc_sid=5f2048&_nc_eui2=AeE262oTMC3nvKMQDgWKSfHVmp4UNNMEJh2anhQ00wQmHZsJmxAC2ApOw1PDEhN-fIqZzKzkZpZmKPsHqYFbkitI&_nc_ohc=NL4OfBCXJvoQ7kNvgHn_tyY&_nc_ht=scontent.fhan2-4.fna&oh=03_Q7cD1QF55afHB15pqUbf3U6eXSeShe9lVOBfB7IZYlhM2yW6jg&oe=6680C2A7,,			Đạt	Duyệt		
2024-05-29	FP - Beatvn	Nguyễn Tuấn Thịnh	GIA CÁT TIÊN SINH HẦU TÒA SAU TRẬN XÍCH BÍCH!  Tầm này của cách đây 2 năm về trước, Đồng Nai Trấn đã từng xảy ra 1 trận gió tanh mưa máu vô cùng khốc liệt giữa 1 bên là Tào Ngụy được cầm đầu bởi Tào Tháo và bên còn lại là Liên minh Tôn - Lưu nhưng được lĩnh xướng bởi Gia Cát Tiên Sinh.  Cơ sự dẫn đến trận El Classico này là bởi ngày 26/6/2022 Đặng Ngải chạy xe ra đường không may quệt vào Lục Tốn. Đã không xin lỗi thì thôi xong Đặng Ngải còn đòi ngủ với mẹ người ta khiến 2 bên đều căng thẳng rồi hẹn 1 trận sống mái vào ngay tối cùng ngày.  Tất nhiên không bên nào muốn thua nên ngoài gọi thêm anh em, đôi bên đều ra trận với đầy đủ  🔫 ống, dao kéo, phớ, mác và riêng Gia Cát Tiên Sinh do nhận thấy trận này có vẻ chưa đủ nóng nên Tiên Sinh mang thêm theo cả....bom xăng.  Combat diễn ra vô cùng nhanh gọn. Dưới sức nóng của hỏa khí, 1 người đã âm mạng còn 17 hảo hán còn lại thấy vậy thì ai về nhà nấy, tắm rửa ăn cơm xong rồi cùng đi trình diện nha phủ.  Ngày hôm nay, sau 2 năm sự kiện xảy ra thì phiên tòa đã được công bố. Đa số đi 7-8 năm, riêng Gia Cát Lượng thì 11 quyển lịch (Y)   #beatvn #news	https://scontent.fhan2-3.fna.fbcdn.net/v/t1.15752-9/445614666_316674701480953_4410885867518489644_n.png?_nc_cat=101&ccb=1-7&_nc_sid=5f2048&_nc_eui2=AeEErxaFw6lDJdasxEqy8PUld-pTsQKAnJ136lOxAoCcnWXrkX7Z4QBUsukqmFVBD8N3PPFnvhS1MxD645960WpI&_nc_ohc=wu1pBRs0rgIQ7kNvgHRYz2O&_nc_ht=scontent.fhan2-3.fna&oh=03_Q7cD1QFR_v2ZgP8rK-UgTzaPeVRL-3jphdKGKMepvROy1XcQaw&oe=6680AEF5,,				Duyệt		
2024-05-29	FP - Beatvn	Đậu Hồng Quân	NGOÀI BIA HƠI, NƯỚC MÍA CŨNG ĐANG CHÁY MẤY NGÀY NAY  Thay vì phải lo sợ bị thổi nồng độ cồn sau khi hốc 2 ca bia hơi sau giờ tan tầm, nhiều người đã đổi khẩu vị từ Ancol etylic sang Saccarozo để giải khát.  Như chúng ta thấy, chỉ trong ngày hôm nay, tại một quán nước mía nhỏ ven đường, đống bã mía đã chất cao ngất ngưởng cho thấy số người uống nước mía tăng cao trong thời tiết nắng nóng như hiện tại.  -Nhà Thơ Đi Exciter- #Beatvn	https://scontent.fhan2-5.fna.fbcdn.net/v/t1.15752-9/438095099_449291501023607_537788090497095407_n.jpg?_nc_cat=107&ccb=1-7&_nc_sid=5f2048&_nc_eui2=AeH0Km-0V0X7VjJpg_A0Ht9f-FDBnbc2BlD4UMGdtzYGUMWTnJN8YdTY20zt5i_rvRryjJAxdclamrixrvZBpoFY&_nc_ohc=5gC1WuXa1OQQ7kNvgEuAJl4&_nc_ht=scontent.fhan2-5.fna&oh=03_Q7cD1QFvwwbM73vvz7T6a_ZK7QsFIYoFo7D_T4ExZvQhkT5dKQ&oe=6680CFAF,,https://scontent.fhan2-5.fna.fbcdn.net/v/t1.15752-9/441924900_999516661782112_6972944053538528518_n.jpg?_nc_cat=107&ccb=1-7&_nc_sid=5f2048&_nc_eui2=AeEUPknIHJxqDMUJHbpkBt99wPAbra2oAj3A8ButragCPQ1SeaSYrPN_9CBB08_ehYU8JkFVoh0EOL1XojYG4Yq6&_nc_ohc=luOIPL6z6fMQ7kNvgFKs2R8&_nc_ht=scontent.fhan2-5.fna&oh=03_Q7cD1QHQohaHZw38oNcmJRD5a4J7QeSFKLsHLR_qN9AirYbyHA&oe=6680A48E,,https://scontent.fhan2-3.fna.fbcdn.net/v/t1.15752-9/438089743_2797955290357766_5693820323948918896_n.jpg?_nc_cat=101&ccb=1-7&_nc_sid=5f2048&_nc_eui2=AeHwYqz6daF5ivFBqv-Bhfu9yujbtYVtTrLK6Nu1hW1OslO6gsb-me-9MKpj-_BMqlZX9PWS2gVjwYOZ0zB4BrmW&_nc_ohc=TpsdeeKHwI0Q7kNvgECqlPC&_nc_ht=scontent.fhan2-3.fna&oh=03_Q7cD1QFmwvBW80qJh_LDWTfmssN7OqEA_bon5DaG6ng34iN1IA&oe=6680BCAA,,				Duyệt		
2024-05-29	FP - Beatvn	Nguyễn Phương Huyền 	"❌ CẢNH GIÁC VỚI CÁC THỦ ĐOẠN "" TÍN DỤNG ĐEN ""   Với những thủ đoạn từ truyền thống như phát tờ rơi, dán quảng cáo, cho đến những hình thức công nghệ như thông qua mạng xã hội, tin nhắn điện thoại, ... các bên "" tín dụng đen "" có rất nhiều cách để tiếp cận đến mọi người.   Với lãi suất rất cao, lúc đầu chỉ là 1 phần nghe có vẻ hợp lý, sau khi khách hàng đồng ý vay thì "" tín dụng đen "" phát sinh những khoản phí rất khó hiểu ( ví dụ như phí hồ sơ, phí quản lý vay, ... ) lãi mẹ đẻ lãi con khiến người vay tá hỏa...   Nếu như người vay không đủ khả năng chi trả, chậm trả thì kéo theo rất nhiều hệ lụy rất lơn, bị làm phiền từ cá nhân người vay đến người nhà, thậm chí còn ném chất bẩn, gây khó dễ, uy hiếp tới người vay và ảnh hưởng rất lớn đến cuộc sống.  Vậy nên khuyến cáo mọi người hết sức tỉnh táo với những hình thức cho vay tiền không uy tín trên các nền tảng để tránh những sự việc rủi ro không mong muốn.   #beatvn"	"https://scontent.fhan2-3.fna.fbcdn.net/v/t1.15752-9/445377353_1399645127257188_3336294134939565683_n.jpg?stp=dst-jpg_s1080x2048&_nc_cat=111&ccb=1-7&_nc_sid=5f2048&_nc_eui2=AeGLr4gngB-HAKO_iVoZnnmJv43nsoVNvfO_jeeyhU2985Tm_qST-pg1SPAf11aCivsPkcwxde9c9LlsSU_BlB8Z&_nc_ohc=7vnCq1dK4zgQ7kNvgHAbp3Y&_nc_ht=scontent.fhan2-3.fna&oh=03_Q7cD1QGIrW8IJldzFyyzg7yQ_cQqaRovgsHIZq5fSsuDdiSWDA&oe=6680B929
https://scontent.fhan2-5.fna.fbcdn.net/v/t1.15752-9/441409608_1106940730420449_6308151521902251766_n.jpg?_nc_cat=106&ccb=1-7&_nc_sid=5f2048&_nc_eui2=AeHXxIXFHMMBmc3ikEW61rhCSufHNStq10VK58c1K2rXRSc-o4PvQo8mgD-wJNBTQUtpAbI1aKe0Ea0AiXp_HOZb&_nc_ohc=GKCDbC9ODX8Q7kNvgHuKssS&_nc_ht=scontent.fhan2-5.fna&oh=03_Q7cD1QELBJ10bxorPJDHJU3jwTQd4MYd8NdGZMuiLE57miDmCg&oe=6680C7C3,,"			Đạt	Duyệt		
2024-05-29	FP - Beatvn	Nguyễn Phương Huyền 	< Trước giờ cơm tối >   Ông anh chè tươi quá, may mắn cả đời cộng lại mới bốc được quả biển này luôn ấy =)))))   Rất có thể con biển và chiếc xe sẽ được một người thầy nào đó liên hệ để mua sớm thôi  😂  #beatvn	https://scontent.fhan2-3.fna.fbcdn.net/v/t1.15752-9/445381979_428832459962412_8064362074258167037_n.png?_nc_cat=108&ccb=1-7&_nc_sid=5f2048&_nc_eui2=AeEdxhx7bPzPvjZss2QCGnVCLsAKPsehOwQuwAo-x6E7BME9ajdoELZV2638RlIGSCHKqydb6eOK1ciTHAbvl4Na&_nc_ohc=J7jlT7USnksQ7kNvgFvbEwb&_nc_ht=scontent.fhan2-3.fna&oh=03_Q7cD1QH22GR_fpNXccOfv1R3TnqXw1Ak-kHU5Bm4s1QNPWOllw&oe=6680D130,,			Bách	Duyệt		
2024-05-29	FP - Beatvn	Lưu Viết Hoàng	Đồng nghiệp tôi lương 5 triệu nhưng họ quê ở Bắc Giang  -hoangacid-  #beatvn	https://scontent.fhan20-1.fna.fbcdn.net/v/t1.15752-9/445377389_446031881484945_4259565496523558793_n.png?stp=dst-png_s1080x2048&_nc_cat=102&ccb=1-7&_nc_sid=5f2048&_nc_eui2=AeGXClm3J5XGGu4gpMqb9NsoIbYwPeDpXMshtjA94Olcy-TJmcZHgIybRPGuxnqrXwwBZmHldnY0n3imDogdQPcN&_nc_ohc=kF_SI-J9EKMQ7kNvgF_3KC-&_nc_ht=scontent.fhan20-1.fna&oh=03_Q7cD1QEqICj_J9Qi0j9_YpxTxqwxmqGv86JOraDdv_lxGxs-nA&oe=6680AD9B,,			Đạt	Duyệt		
2024-05-29	FP - Beatvn	Nguyễn Phương Huyền 		https://scontent.fhan2-4.fna.fbcdn.net/v/t1.15752-9/445377374_1445949619626794_7435751100755957825_n.png?_nc_cat=100&ccb=1-7&_nc_sid=5f2048&_nc_eui2=AeH9v-lexnCS58DgdQbfR4q6Ur-slt5e4vNSv6yW3l7i8zhl88wqWwmz4piXYfKdN3Ip7y2lOXetbwIcTLIaqLJd&_nc_ohc=HfkVG94teNQQ7kNvgESlaQ4&_nc_ht=scontent.fhan2-4.fna&oh=03_Q7cD1QH6-Xl1Cbv3b9hypJV3OttmEzpABExxuWuDGrfLFbot4w&oe=6680D65B,,			Bách	Duyệt		
2024-05-29	FP - Beatvn	Đoàn Quốc Việt	"Chiều đến, chúng ta trải nghiệm nét ẩm thực dân dã của Hà Thành với nem tai và rau muống xào tại 1 nhà hàng... lại theo phong cách Indochine. Bữa này chúng ta sẽ bổ sung thêm chất sơ từ rau củ để cơ thể khỏe mạnh, đẳng cấp. Tuy là 1 bữa nhiều rau, chi phí không bao nhiêu nhưng nếu không muốn trả tiền thì bạn cứ ngồi nói luyên thuyên 1 lúc, nói càng khó hiểu càng tốt, người bên trái không hiểu, người bên phải không hiểu, người đối diện không hiểu, bản thân bạn cũng không hiểu luôn thì tầm 15,20 phút sẽ được đi.
Tầm 5h, trời mát, chúng ta sẽ cùng nhau trải nghiệm 1 chút cơm quê với các món đặc sản của người nông dân như cơm cháy kho quẹt, ngồng tỏi xào, hay ngô chiên để biết được mùi vị quê nhà. Khi thanh toán, bạn chỉ cần ngồi im khoảng 3 tiếng không nói năng gì là được. Nếu chủ quán yêu cầu rửa bát trừ tiền ăn thì hãy mạnh dạn rủ chủ quán rửa cùng, không thì thôi. Càng cương quyết càng tốt. Chủ quán sẽ nể và cho bạn đi.
Đến tối chúng ta dồn quả dame mạnh nhất để ăn. Chọn 1 nhà hàng phong cách châu âu, gọi từa lưa hột dưa đi cho nó sảng khoái. Và sau đó chúng ta đóng giả 1 kiều bào mới từ Mỹ đế trở về, không có tiền Việt mà chỉ chấp nhận thanh toán bằng 1 cái thẻ gì đó (lôi bừa thẻ thành viên rạp chiếu phim ra cũng được). Chưa biết thoát hay không nhưng chắc chắn người ta không thể đòi tiền bạn nếu bạn không có tiền
Mà đã ăn thì phải có chơi, lần này chúng ta sẽ cùng nhau lên vũ trường để nghe nhạc Trường Vũ và giẫy nảy lên, ngã ngửa ra cùng các dân chơi Hà Nội. Lưu ý chỉ uống nước cam và các loại hoa quả rẻ. Nghiêm cấm sử dụng rượu bia vì loại này khá đắt và bảo vệ bar đấm cũng khá đau. Tuyệt đối cẩn thận khi trải nghiệm dịch vụ này
Và bữa ăn kết thúc ngày, còn gì tuyệt vời hơn khi đó là nồi lẩu ếch. Quá đủ dinh dưỡng sau 1 ngày mệt mọi vừa trải nghiệm vừa đối đầu với muôn vạn khó khăn. Đây đã là hành trình cuối nên bạn cứ xin thẳng chủ quán, cho thì cho không cho thì chạy
Và cuối cùng, như đã nói, ăn chơi Hoàn Kiếm - ngủ nghỉ Ba Đình, chúng ta chọn 1 khách sạn 5 sao để nghỉ lưng và thả lỏng sau 1 ngày ăn chơi mệt mỏi. Như các bạn thấy, sau khi được fuba trải nghiệm, chủ khách sạn đã rất vinh dự đăng tải lên tiktok cá nhân với dòng chữ: ""Không ngờ được tiếp đón"" - đủ thấy uy tín của fuba ở mức độ nào rồi "	https://scontent.fhan20-1.fna.fbcdn.net/v/t1.15752-9/441940151_424885437016768_3955170817331209569_n.jpg?_nc_cat=103&ccb=1-7&_nc_sid=5f2048&_nc_eui2=AeH6AeD5YWRAFKy_dxVw8G8GKiBSl0bLkYsqIFKXRsuRi_KfgT_36B3ViMj966jgo9DAwiMZxEVDS3FAHkAvIyS0&_nc_ohc=kwBcNdbEKd8Q7kNvgFKB6-z&_nc_ht=scontent.fhan20-1.fna&oh=03_Q7cD1QHtCNZpf-2Gopq7np3B85vmVk7XSmR3fIom6Ml7Gkas7g&oe=6680C4E9,,https://scontent.fhan20-1.fna.fbcdn.net/v/t1.15752-9/441892079_296796916836749_5899249771905337773_n.jpg?_nc_cat=103&ccb=1-7&_nc_sid=5f2048&_nc_eui2=AeEDxJYkv8488a8Q6XEYSRso3f0vsIX2oVjd_S-whfahWLhQKfWrqzQUp6enkdTD0Gy_U32xqoAhR885r1LsoxGU&_nc_ohc=RhRaYZEtvb0Q7kNvgEYo8xo&_nc_ht=scontent.fhan20-1.fna&oh=03_Q7cD1QFKhpjlUMbRkrOSOv9HIEbQrIJmmGISL13wboIEjZr03g&oe=6680A14A,,https://scontent.fhan2-5.fna.fbcdn.net/v/t1.15752-9/441499400_463366352888035_3072951383969876499_n.jpg?_nc_cat=104&ccb=1-7&_nc_sid=5f2048&_nc_eui2=AeEc_a8HsDE4iwTGNnKMmF_KuTJ5VIUaQQ-5MnlUhRpBDzAGqcgl2fOl2Ph0BP_6L7I2y77cEyZc3EbhncLx9QGb&_nc_ohc=FdS0oxhVDjAQ7kNvgEt_lAh&_nc_ht=scontent.fhan2-5.fna&oh=03_Q7cD1QEfCBc1NjzZNCQeICpvmy1ypkHwH61yCLegl_tB79XgdA&oe=6680AE8F,,https://scontent.fhan2-3.fna.fbcdn.net/v/t1.15752-9/436551471_731388865629271_8124341167367167721_n.jpg?_nc_cat=101&ccb=1-7&_nc_sid=5f2048&_nc_eui2=AeEr9HtOzyoFGZpBCeYS7qVC8bnT7XogLIrxudPteiAsiglpLycw5IgTiwIYay2RSTH-RPOLBlu53ffBChR9uw1V&_nc_ohc=_6_tcxvh_GEQ7kNvgH3hJbR&_nc_ht=scontent.fhan2-3.fna&oh=03_Q7cD1QF4qR1MrmTcUSo16JwbZ3BgG2NY3a3bIctfySlmzQZzvA&oe=6680A782,,https://scontent.fhan2-3.fna.fbcdn.net/v/t1.15752-9/440932871_2299405487117776_3226633321692974265_n.jpg?_nc_cat=108&ccb=1-7&_nc_sid=5f2048&_nc_eui2=AeFpUkrCFpV26buzknI2mAWFoR3bY-x_czGhHdtj7H9zMZCIn2JJTQYr_LHxy_74EXzVnSkiE2--5ptW0rrKvy7t&_nc_ohc=MuhnTlH-QXQQ7kNvgGZxJKV&_nc_ht=scontent.fhan2-3.fna&oh=03_Q7cD1QH-TEhpvy2Ea3Ftzs8kE_0umBjDSryMwhwGRzXNChYCIg&oe=6680B36C,,https://scontent.fhan2-5.fna.fbcdn.net/v/t1.15752-9/441327315_1542039033040488_2877860297672793512_n.jpg?_nc_cat=107&ccb=1-7&_nc_sid=5f2048&_nc_eui2=AeEgWpO85FPRWgterNw_TGCNjEoqj2XXmLGMSiqPZdeYsUt5xv_IILigP23znlHDccD1eKr-J4mP-tvqFUXAoBPb&_nc_ohc=ofTCoUyHm0MQ7kNvgHBLibu&_nc_ht=scontent.fhan2-5.fna&oh=03_Q7cD1QE10B-pVI0mT97xntTVXe79FnyXNv6wXMgbFYSyt3_6cw&oe=6680CAD7,,https://scontent.fhan2-4.fna.fbcdn.net/v/t1.15752-9/445681137_763291175793758_1510705987838370630_n.jpg?_nc_cat=110&ccb=1-7&_nc_sid=5f2048&_nc_eui2=AeF828JhkD2Z4gfH7DicChJATeqy8MtzW4VN6rLwy3NbhQ9M3rtNG2TEEeFwHHFo05WE6KV86xdxLjb4yV3K9Xhu&_nc_ohc=l4Ct1s_eMTIQ7kNvgEMkKgh&_nc_ht=scontent.fhan2-4.fna&oh=03_Q7cD1QH7BFVuWtkCcpjdLC27COWMJiJRHwRF_CAfynmVI7cvlg&oe=6680BB6A,,https://scontent.fhan20-1.fna.fbcdn.net/v/t1.15752-9/446040228_345142225265646_436209560726679057_n.jpg?_nc_cat=102&ccb=1-7&_nc_sid=5f2048&_nc_eui2=AeEXj5sIGKHpnQiCFTXnm0yv-HeZC9NcyPX4d5kL01zI9cVHCzO1_FBn2oPRsbOcok-_fmc5JSKT7f_LlT0wBK3H&_nc_ohc=8haa7hfzqH0Q7kNvgF7LdpI&_nc_ht=scontent.fhan20-1.fna&oh=03_Q7cD1QHPa_DRAN13Wv72kW6yFVNodEoXPv4ypG5toI5DsgTo9g&oe=6680D5A9,,			Bách	Sửa/ xóa bài	Nên theo hướng lên án và nâng cao nhận thức hơn, bớt theo hướng hướng dẫn và cổ súy 	"Cấu kết gây hại và cổ xúy tội ác"
2024-05-29	FP - Beatvn	Tống Bùi Vĩnh Hoàng	HÁT NHƯ NÀY THÌ THAY LUÔN CẢ BẢN GỐC LUÔN CHỨ CHẢ ĐÙA 😆  Tại một gameshow, rapper Andree Right Hand đã bị bắt phải hát lại bài “Em Là Ngoại Lệ Của Anh” của Phương Ly :)))) Bị bắt hát mấy bài ngầu ngầu thì không sao chứ phải đúng bài này thì đến tôi cũng đến ngượng thay anh :)))		https://video.fhan2-3.fna.fbcdn.net/v/t42.3356-2/444515272_8072403072792416_1623365602169007124_n.mp4?_nc_cat=101&ccb=1-7&_nc_sid=4f86bc&_nc_eui2=AeGFQWyPCYxVN4f3dF3UYeZC_O9KNU6trHz870o1Tq2sfAQAglPyAqvlrA-PdXOlPhgHwqeVlPf-8JR0P2i7KYQz&_nc_ohc=VFBDCnDZxj8Q7kNvgHoSMKS&_nc_ht=video.fhan2-3.fna&oh=03_Q7cD1QGmzewYc-3muAis8CYbHA8grNM_0fyOTXg1yNbAyEPpWA&oe=665B3AB0&dl=1,,		Bách	Duyệt		
2024-05-29	FP - Beatvn	Nguyễn Tuấn Thịnh		https://scontent.fhan2-3.fna.fbcdn.net/v/t1.15752-9/445804412_476799004789159_2907232011466584380_n.png?_nc_cat=111&ccb=1-7&_nc_sid=5f2048&_nc_eui2=AeFt3-P44lJGpIks5LhM5eKRNR_QHiRLLfY1H9AeJEst9hNRKZe-VG_OZyMNNisC04bHb3g-qKIwm7sR6pLJ0sxp&_nc_ohc=YRag_6dKiHgQ7kNvgGRpyoT&_nc_ht=scontent.fhan2-3.fna&oh=03_Q7cD1QGbW_v4GZYKfpynoNRJ5XlNTanyj-GtG8wWS4JNsqMr1w&oe=6680CAC6,,https://scontent.fhan2-4.fna.fbcdn.net/v/t1.15752-9/445761214_1838058589953554_1398547427772593750_n.png?_nc_cat=100&ccb=1-7&_nc_sid=5f2048&_nc_eui2=AeFpiTynF-7dYz11sotFXlE9rK9bX2EjYZCsr1tfYSNhkMtbTjWc6Ua5gforgSDVvAqc0BcFnT4_QQj1Z8yb1aD8&_nc_ohc=cBmUBhH_9jEQ7kNvgGH2LJn&_nc_ht=scontent.fhan2-4.fna&oh=03_Q7cD1QEFN1cnRGjAFONgSEIyXOm1hpF2M3yKri-GQXquSoTzXg&oe=6680A51B,,			Bách	Duyệt		
2024-05-29	FP - Beatvn	Nguyễn Tuấn Thịnh		"https://scontent.fhan2-5.fna.fbcdn.net/v/t1.15752-9/445720333_832744918724179_2041669929578378052_n.png?_nc_cat=106&ccb=1-7&_nc_sid=5f2048&_nc_eui2=AeEnNKPvvBu2dag-ztw7QoneQJZeQHwWnFlAll5AfBacWSW7dGa4p6EP17SX9VvUVWmC6ha4ULGNAjmzkA8bbPUW&_nc_ohc=oRdy3rRCFzIQ7kNvgGdOVji&_nc_ht=scontent.fhan2-5.fna&oh=03_Q7cD1QFaorYVsyX86j-O7qhmmmI-Mdw0I4enfP2lEnKrJ67koA&oe=6680B065,,
https://scontent.fhan2-3.fna.fbcdn.net/v/t1.15752-9/445804412_476799004789159_2907232011466584380_n.png?_nc_cat=111&ccb=1-7&_nc_sid=5f2048&_nc_eui2=AeFt3-P44lJGpIks5LhM5eKRNR_QHiRLLfY1H9AeJEst9hNRKZe-VG_OZyMNNisC04bHb3g-qKIwm7sR6pLJ0sxp&_nc_ohc=YRag_6dKiHgQ7kNvgGRpyoT&_nc_ht=scontent.fhan2-3.fna&oh=03_Q7cD1QGbW_v4GZYKfpynoNRJ5XlNTanyj-GtG8wWS4JNsqMr1w&oe=6680CAC6,,https://scontent.fhan2-4.fna.fbcdn.net/v/t1.15752-9/445761214_1838058589953554_1398547427772593750_n.png?_nc_cat=100&ccb=1-7&_nc_sid=5f2048&_nc_eui2=AeFpiTynF-7dYz11sotFXlE9rK9bX2EjYZCsr1tfYSNhkMtbTjWc6Ua5gforgSDVvAqc0BcFnT4_QQj1Z8yb1aD8&_nc_ohc=cBmUBhH_9jEQ7kNvgGH2LJn&_nc_ht=scontent.fhan2-4.fna&oh=03_Q7cD1QEFN1cnRGjAFONgSEIyXOm1hpF2M3yKri-GQXquSoTzXg&oe=6680A51B,,"			Bách	Duyệt		
2024-05-29	FP - Beatvn	Nguyễn Phương Huyền 	Cháy rất to tại đối diện viện Y học cổ truyền 🔥🔥🔥  - update liên tục -  #beatvn		https://video.fhan2-4.fna.fbcdn.net/v/t42.3356-2/446747278_7567188183394390_6834975443966082009_n.mp4?_nc_cat=110&ccb=1-7&_nc_sid=4f86bc&_nc_eui2=AeFpoRu7CEemtzGO0cZpiBtISwPEnlwpOmlLA8SeXCk6aQVUcTY9akjpsr6JSnR6NCPv-w_xlnQi6xNuic1N40xu&_nc_ohc=oHpG6iG7584Q7kNvgGFGu0Y&_nc_ht=video.fhan2-4.fna&oh=03_Q7cD1QF1GZwujvlmuGeHs_Cf3mlsaWdF64znRs6HCJCbSvNrcA&oe=665B1384&dl=1,,		Đạt	Duyệt		
2024-05-29	FP - Beatvn	Nguyễn Hoàng Long	ĐỘC LẠ LẠNG SƠN, HÀNG VẠN CON CHÂU CHẤU BAY RỢP TRỜI Như một cảnh của phim Xác ướp Ai Cập, hàng ngàn, hàng vạn co châu chấu ở đâu bay đến khu vực trường Tiểu học Thiện Hòa, Huyện Bình Gia - Lạng Sơn. Chúng bò trên tường, bò trên cây, bay trên trời, đâu đâu cũng thấy. Chim chóc, gà, vịt cứ thi nhau cục tác, cạc cạc ăn buffet no say. Tất nhiên là không thể không kể đến các thần cồn. Bố nào đó đã vác đồ nghề làm luôn một chậu châu chấu chiên giòn để nhắm với bia. Nếu đàn châu chấu này không ngay lập tức di chuyển thì khả năng đến chiều tối nay là tuyệt chủng không còn con nào -Thỏ- #beatvn	https://scontent.fhan2-5.fna.fbcdn.net/v/t1.15752-9/442706929_1161220341576481_2775862924899171894_n.png?_nc_cat=107&ccb=1-7&_nc_sid=5f2048&_nc_eui2=AeHEvUC3w4wToaYqZpVTRBcXYT10b7fs0rBhPXRvt-zSsDs53cusptTO6jnE7Nzq2bvtQXHdlwaUbfKcYxbW1jAA&_nc_ohc=GatKMOB5RcsQ7kNvgGMkpSC&_nc_ht=scontent.fhan2-5.fna&oh=03_Q7cD1QFRO_j3XL73lYfn5l-T1_Iwh67xfPdVT3M0sJGpO5f9cA&oe=6680CFD3,,https://scontent.fhan20-1.fna.fbcdn.net/v/t1.15752-9/441316742_431474606403274_1957748405731513441_n.png?_nc_cat=103&ccb=1-7&_nc_sid=5f2048&_nc_eui2=AeFQQIwOImDs2g0HhMi7HjoanKepxM8Vza-cp6nEzxXNr9qYoNqzzw8xqUyuX8uAAvQ6dIqLETsZSbwIzm_jLMEO&_nc_ohc=B3yQPtDywO4Q7kNvgE4S4fC&_nc_ht=scontent.fhan20-1.fna&oh=03_Q7cD1QGHWaw4-5dHfcxUhXq9HTVbS-KwiUVXJnYN3i-T3i3LAA&oe=6680CA7B,,https://scontent.fhan2-3.fna.fbcdn.net/v/t1.15752-9/442732865_2088605098199497_2928498109419434543_n.png?_nc_cat=101&ccb=1-7&_nc_sid=5f2048&_nc_eui2=AeFKP3PnmD1Dhv_tpPLFniGBtDy0pUAkeWu0PLSlQCR5a0e6KcH9c5PiuKpkfqoFQjYzwZw0GpWu3ckh2qnV9nJp&_nc_ohc=RUIDyjjdaDcQ7kNvgER-uan&_nc_ht=scontent.fhan2-3.fna&oh=03_Q7cD1QHHGkSUDoapQlUzvYgkAtFd-pt0I4j2TUprti1qRBv68Q&oe=6680C118,,			Đạt	Sửa/ xóa bài	Bỏ rợp trời, check kĩ nguồn tin	"Thông tin sai lệch"
2024-05-29	FP - Beatvn	Nguyễn Phương Huyền 	Chạy Be kể cũng nhàn 👍  #beatvn	https://scontent.fhan2-4.fna.fbcdn.net/v/t1.15752-9/445649191_958256952434387_6155593845509121684_n.png?_nc_cat=100&ccb=1-7&_nc_sid=5f2048&_nc_eui2=AeHHV9OXg0IbV8R3buPyt6_dhsdbGM8N4JiGx1sYzw3gmGK7x4zR7ki2d78-ouIScY3J0GD9Ubi8lYabyeBZhfbJ&_nc_ohc=Qj1nunQ10eYQ7kNvgG5fMUI&_nc_ht=scontent.fhan2-4.fna&oh=03_Q7cD1QF5FJGcD4e5MaSp87Gw5e7c_iGU-RS_B0wDLcMx0kc_9w&oe=6680BA7B,,			Bách	Duyệt		
2024-05-29	FP - Beatvn	Phạm Hồ Linh Phương	Tình yêu như ngọn nến trước gió và chúng ta như những cánh tay luôn muốn che chắn cho ngọn nến khỏi bị gió thổi tắt. Nhưng vì thứ tình yêu mù quáng, chúng ta bao bọc kín ngọn nến của mình thì ngọn nến cũng sẽ tắt khi không còn ôxy để cháy. Hãy để một khoảng hở để gió lùa vào và để tình yêu bập bùng giữ nhịp tim còn đập.  Ảnh: Thầy Thích Minh Tuệ tại Gio Linh, Quảng Trị, 29/5/2024, một ngày nóng ngột ngạt vì khí áp xuống thấp. Hình ảnh thuộc sở hữu của nhiếp ảnh gia Trần Việt Đức Nguồn: Huy Nguyen  #beatvn	https://scontent.fhan2-5.fna.fbcdn.net/v/t1.15752-9/442007377_794638622388311_9116195211069232332_n.png?_nc_cat=107&ccb=1-7&_nc_sid=5f2048&_nc_eui2=AeEbZqdnIsVUY0KZDoT86GuM6LYGkvEKjT_otgaS8QqNP1THv1LuYBihTghbMZH20xXx1AamsEU4luYHTXlzYTXD&_nc_ohc=9gepSjIWdg0Q7kNvgFRQ0H0&_nc_ht=scontent.fhan2-5.fna&oh=03_Q7cD1QHymCihO7-LyyBvpWkewNr77PCwm4GHgeEoEZUGnAjk1A&oe=6680BC61,,			Bách	Duyệt		
2024-05-29	FP - Beatvn	Đoàn Quốc Việt	"""Thầy có kinh nghiệm rằng, các chú tiểu không có vui, không có hạnh phúc khi gặp những đứa trẻ cỡ tuổi như nó thế này mà tặng quà cho nó.   Thầy chưa bao giờ đem các cháu ra để thầy kêu gọi vì thầy sợ nhất cái cảnh mà người ta kêu gọi các cháu lên cho rằng các cháu mồ côi. Cô giáo mà gọi em này mồ côi nên giảm này giảm kia... đó như là 1 lần nữa thêm nỗi đau vào cho lòng của cháu, nó đau hơn là mình cầm cây kim chích vào da thịt.... vì cái nỗi đau mà mất cha mất mẹ hay không có nhà cửa không có người nuôi thì cái đó nó mang đi hết một đời người, nó không có gì là hãnh diện""  Đây là những chia sẻ của Thầy Thích Minh Đạo trong 1 buổi thuyết pháp với các Phật tử. Những chia sẻ này có thể đúng hoặc không vừa ý với 1 số người nhưng đây là những kinh nghiệm mà thầy rút ra sau 18 năm chăm sóc hơn 70 bạn nhỏ bị cha mẹ bỏ rơi <3  Theo các Phật tử thì tu viện Minh Đạo còn nhiều thiếu thốn, chưa có khả năng cho các cháu được 1 cuộc sống đủ đầy nhưng thầy luôn cố để các em được đi học và quan trọng nhất là xóa bỏ những mặc cảm về 2 chữ ""Mồ côi""....  -Vịt- #Beatvn"	https://scontent.fhan2-5.fna.fbcdn.net/v/t1.15752-9/441536666_374664702258198_4538052842767959650_n.png?_nc_cat=107&ccb=1-7&_nc_sid=5f2048&_nc_eui2=AeFCA7v-vZHpc99lK9DUKSCd-1uips3IYOv7W6Kmzchg6xOL_agWXIToacdwI3zjFu8vlIDK36Tx-ocCDnN2INs3&_nc_ohc=OwkgdcLgMw4Q7kNvgFA7cSZ&_nc_ht=scontent.fhan2-5.fna&oh=03_Q7cD1QHLFIKQtr8dSE7bGs0fQAhfPLgWdj7nSWRyKnurekZ4cA&oe=6680A5E1,,			Bách	Duyệt		
2024-05-29	FP - Beatvn	Nguyễn Tuấn Thịnh	"CÔ GÁI GỌI MÓN 11 TRIỆU: BỎ NHÀ ĐI TỪ ĐẦU 2023, CÓ MẮC BỆNH LIÊN QUAN ĐẾN TÂM THẦN   Nổi danh trên Tiktok đã lâu nhưng có lẽ phải đến tận hôm nay thì cái tên Th. Sunny mới chính thức đặt chân lên Facebook sau sự kiện ăn 11 triệu tại nhà hàng 5 sao nhưng không thanh toán xu nào.  Được biết, Th. sinh năm 1993, quê ở Vĩnh Phúc. Th. từng mắc vấn đề về thần kinh và phải nhập viện điều trị. Sau khi xuất viện, Th. về để người nhà chăm sóc nhưng do sơ xuất của gia đình, Th. đã bỏ đi từ 1/3/2023 đến nay mà không chịu về.  Mẹ Th. đã từng trình báo công an để tìm con. Bản thân bà cũng bị liên hệ và phải trả tiền cho Th. rất nhiều lần nhưng Th. thì vẫn vậy, vẫn nghĩ mình là người chủ tịch, có quen ""cốp to"" nên vẫn đi ăn nhà hàng 5 sao, ngủ phòng Tổng Thống, nợ hết chỗ này chỗ kia.  Nghĩ cũng khổ chứ chẳng sung sướng gì.....   #Beatvn #news"	https://scontent.fhan2-4.fna.fbcdn.net/v/t1.15752-9/445607455_7535037423232459_1609128141278136371_n.png?_nc_cat=100&ccb=1-7&_nc_sid=5f2048&_nc_eui2=AeH9de_CsxhIuE8q4kTs6RewNV8RiF92I901XxGIX3Yj3XQiXHWyVTAzUoQOeKlyVdcc6rO55OuOokzEj0qYLyhj&_nc_ohc=EHBmnVQDl9sQ7kNvgHX0fX8&_nc_ht=scontent.fhan2-4.fna&oh=03_Q7cD1QFtulYFkqJ0jnCcEwa-kn4Y1rfktVSuiXGlCSbLocdghw&oe=6680A69B,,			Đạt	Duyệt		
2024-05-29	FP - Beatvn	Đậu Hồng Quân	Nỗi lòng những bậc phụ huynh vào mùa hè  #Beatvn	https://scontent.fhan20-1.fna.fbcdn.net/v/t1.15752-9/438095209_475780931787572_5738073801507762541_n.jpg?_nc_cat=109&ccb=1-7&_nc_sid=5f2048&_nc_eui2=AeEQ6KRAVpH07jc_EsWsIZC-oIC-ZlgLlZeggL5mWAuVl_wZ1wjBA0NytciAdJIJMGVets_WEpirtYF6QjGyW4Sl&_nc_ohc=uzNM6U_ZZ6YQ7kNvgGbJcpI&_nc_ht=scontent.fhan20-1.fna&oh=03_Q7cD1QEtGilvGpe70aTA1PqKHw75BNO2VY_YBj-XVoQukf0HJw&oe=6680CB91,,			Đạt	Duyệt		
2024-05-29	FP - Beatvn	Đoàn Quốc Việt	"""Em có biết là anh đang giận dữ lắm khôngggggg????""  -Vịt- #Beatvn"	https://scontent.fhan2-4.fna.fbcdn.net/v/t1.15752-9/445635261_435874205906358_7818481567796422536_n.png?_nc_cat=110&ccb=1-7&_nc_sid=5f2048&_nc_eui2=AeEx_3OemSeTgosR_nxEKuX1S_lBaIMjQ_tL-UFogyND-4uDiEIW8yfndBFLqICAHcGnwHFaPHF2TexuSbeRK0nN&_nc_ohc=6zXzznA1q7kQ7kNvgF03dMd&_nc_ht=scontent.fhan2-4.fna&oh=03_Q7cD1QFgS1IuftZBUme0kaFJTVzEq3CFhgU8D1w5OjrWv4u3xg&oe=6680C8F9,,			Đạt	Duyệt		
2024-05-29	FP - Beatvn	Nguyễn Hoàng Long	"TÔI LÀ NẠN NHÂN CỦA BẠO LỰC GIA ĐÌNH MÀ KHÔNG HỀ HAY BIẾT  Anh Lê Đình Đ. (Hà Nội) chia sẻ, những lúc vợ chồng mâu thuẫn, anh luôn tự nhắc mình là đàn ông, nên thường nhường vợ. Tuy nhiên thấy thế vợ anh lại càng được đà lấn tới.  Bình thường, các công việc trong nhà anh đều chung tay giúp vợ như dọn dẹp nhà cửa, nấu cơm, rửa bát… Gia đình kinh doanh, anh thường phụ giúp vợ bán hàng. Thời gian nghỉ ngơi của anh chẳng còn bao.  Anh Đ. cho biết tiền lương chuyển vào tài khoản của anh, nhưng anh thường xuyên nhận được các câu hỏi căn vặn từ vợ như: anh có bao nhiêu tiền, hàng tháng chi tiêu bao nhiêu, vào việc gì và tại sao anh lại chi tiêu vào việc đó… Điều này khiến anh rất bức xúc và đau lòng bởi luôn có cảm giác mình phải trộm những đồng tiền mình tự kiếm được.  Chưa bao giờ nghĩ đến việc lập ""quỹ đen"", tuy nhiên, chịu quá nhiều áp lực từ người vợ, anh đành phải tự tạo cho mình một khoản riêng. Khi chi tiêu từ khoản tiền này, anh luôn phải giấu giếm, khiến anh ức chế.  Ấm ức dồn nén, không cảm thấy hạnh phúc nhưng lại không nỡ ly hôn vì nghĩ tới con cái, anh Đ. cho hay.  -Thỏ- Theo Hanoionline #beatvn"	https://scontent.fhan2-3.fna.fbcdn.net/v/t1.15752-9/445381926_2809194305907072_6916819178671564530_n.png?_nc_cat=108&ccb=1-7&_nc_sid=5f2048&_nc_eui2=AeHMsMDvbkN4DwebEC9KHZx5bl7z58TySDFuXvPnxPJIMbO72y0o3fxWXEyydP1kFPjfwZGFVKMCNbc_XllyUNUU&_nc_ohc=i8JxO9LbEGsQ7kNvgHzsuOV&_nc_ht=scontent.fhan2-3.fna&oh=03_Q7cD1QGlJvggKY1_tlZrgYpYcckGgVOSPqLa9nfj4m1MLvoIDg&oe=6680C18D,,			Bách	Duyệt		
2024-05-29	FP - Beatvn	Nguyễn Phương Huyền 	‼️ XÔN XAO SỰ VIỆC 1 “FUBA” VÀO KHÁCH SẠN SANG TRỌNG GỌI BÀN ĐỒ ĂN 11 TRIỆU THỂ HIỆN ĐẲNG CẤP  Full menu: 01: bò wagyu nhật A5 , (300gr) 01 : con Tôm hùm nguyên con , ( 1kg) 01 chai rượu vang Đức Ăn xong 3 món chính trên cô ta order gọi món thêm 01: đĩa hoa quả 01: đĩa bánh 01: oliuver 01 : ly cocktail + 1 chai nước  1 mình mà gọi nhiều đồ ăn quá 😭😭  #beatvn	https://scontent.fhan2-4.fna.fbcdn.net/v/t1.15752-9/441675146_431245326334399_1864453514565641370_n.jpg?_nc_cat=105&ccb=1-7&_nc_sid=5f2048&_nc_eui2=AeGSBXEih9aJJ0JiH0n5sJIP1p49CLlsd9rWnj0IuWx32qV6rVArc5UytOfulIW-ox0Tntcr27d1OjaCkoxgiS2d&_nc_ohc=rYu-utsl_rYQ7kNvgEqpzPe&_nc_ht=scontent.fhan2-4.fna&oh=03_Q7cD1QErQ6F2nCRfY9FxMI98zFfJMcCyATztHKrWI8JLAWKjKQ&oe=6680B4F7,,			Bách	Duyệt		
2024-05-29	FP - Beatvn	Lê Thị Thùy Dương		https://scontent.fhan20-1.fna.fbcdn.net/v/t1.15752-9/441093581_3769362526645497_8031378322526864220_n.jpg?_nc_cat=109&ccb=1-7&_nc_sid=5f2048&_nc_eui2=AeEGDdDfcGmXlAvfd7tooHiXzUw0iLnZnu3NTDSIudme7bg9olf9sZ2jAS7Yb_OKEe27FAgyKI10_o3t0VKI_ZT2&_nc_ohc=ZLDTY2EDxyMQ7kNvgF4fq8o&_nc_ht=scontent.fhan20-1.fna&oh=03_Q7cD1QHu-yh4BGj8AgJkZPo03MiydgcV2E4vlXZWYF7DNWxFwQ&oe=6680BC5B,,			Bách	Duyệt		
2024-05-28	FP - Beatvn	Nguyễn Phương Huyền 	‼️ LÀO CAI: Phát hiện 1 thi thể nam đã khô trên chiếc đệm gấp 😭  #beatvn	https://scontent.fhan2-5.fna.fbcdn.net/v/t1.15752-9/441877867_1574904580018515_8166963825969661691_n.jpg?_nc_cat=106&ccb=1-7&_nc_sid=5f2048&_nc_eui2=AeFyHblW5f9xuZCby-AIIE0PWww_-lt5jlBbDD_6W3mOUI4248Z3KfzwLCA9ixB3uDp3IvkxWy-CZyIkteoiBDIZ&_nc_ohc=Sre-ZOyXEIcQ7kNvgHNSrfX&_nc_ht=scontent.fhan2-5.fna&oh=03_Q7cD1QH4RgmhKFQV1HBddW0FHprKRjXVTNMm2inACgGS_fas1A&oe=6680BF53,,			Bách	Duyệt		
2024-05-28	FP - Beatvn	Đoàn Quốc Việt	"Đây là câu hỏi số 6 trong chương trình ""Ai là triệu phú"" tối nay.  Với nhiều người không quan tâm đến lĩnh vực nông nghiệp thì đây cũng là 1 kiến thức khá lạ. Anh zai đã gọi điện nhờ sự tư vấn của bạn thân và sau 1 hồi search Google theo cú pháp: ""VAC là viết tắt của cụm từ gì?"" thì câu trả lời được đưa ra là:   ""Valve Anti-Cheat -một giải pháp giúp chống gian lận trong game được phát triển bởi Valve Corporation như một phần của nền tảng Steam, được phát hành lần đầu tiên năm 2002 cùng với trò chơi Counter-Strike.""  Rất may anh người chơi bó cẩn sử dụng thêm quyền trợ giúp hỏi các chuyên gia và nhận được đáp án chính xác.  Thế mới thấy biển kiến thức là mênh mông thế nào. Đôi khi dễ với người này lại khó với người kia và ngược lại. Chị Google mà hôm nay đi thi chắc cũng cầm 2 củ về ấy chứ.  -Vịt- #Beatvn"	https://scontent.fhan2-4.fna.fbcdn.net/v/t1.15752-9/446043215_484145707313550_330693192813401496_n.png?_nc_cat=110&ccb=1-7&_nc_sid=5f2048&_nc_eui2=AeF1A2qwMPOz8gSCuVXMxRA3sIGeAW8brj2wgZ4BbxuuPUQCPJwwDFwZL9gHLqVIVBQ0uK0LlfJfLuB9x3LIky_L&_nc_ohc=shSGkbizg8YQ7kNvgGxaSdk&_nc_ht=scontent.fhan2-4.fna&oh=03_Q7cD1QEvdFHgWZ_NxVx_FkYwBlgaXhBF9yu6-QzjJC25kh0CKw&oe=6680A248,,			Bách	Duyệt		
2024-05-28	FP - Beatvn	Nguyễn Phương Huyền 	1 LÀ KHÔNG LÔ ĐỀ CỜ BẠC, 2 LÀ CHUNG TÌNH ❤️  Ông chú hiện tại có 1 trang trại nuôi heo, 30.000m2 đất. Đất này đứng tên chú, chú sẵn sàng cho con 5.000m2 đất, sang tên luôn.  Làm vợ chú việc nhà coi như là tập thể dục, chú sẽ luôn tôn trọng công việc của vợ. Trường hợp vợ không có việc làm, vợ có thể về làm cho gia đình, chú đảm bảo nuôi được vợ con.  Chú không yêu cầu người vợ tương lai phải chăm sóc mẹ của chú khi về già. Bởi lẽ, chú cũng đã chuẩn bị trước cho việc này. Tuy nhiên, chú mong rằng, vợ chú phải là người phụ nữ có đạo đức, hiếu thuận với cha mẹ cả hai bên.  Nếu như vợ tương lai có con riêng, có thể về chung nhà, chú này hứa rằng sẽ yêu thương con của vợ như con ruột của mình. Chú còn hứa sẽ cấp cho con ít nhất 5.000m2 đất, hỗ trợ tiền làm ăn...  Tôi thật sự không hiểu người đàn ông đầy đủ 4 tế như này tại sao phải lên chương trình kết nối yêu thương để tìm vợ ạ 🥹  📸 Phúc nhà lưu trú Thủ Đức #beatvn	https://scontent.fhan20-1.fna.fbcdn.net/v/t1.15752-9/441855988_463544832867528_2895950349953055297_n.jpg?_nc_cat=102&ccb=1-7&_nc_sid=5f2048&_nc_eui2=AeGNX43Qj4loUN0p3fhhxXF7PEstPvRCdCg8Sy0-9EJ0KKFWho8UHekysnwKm9jntN1o_muB5uiGs7QaIsg77Tq_&_nc_ohc=aHOXuVMXZHMQ7kNvgFzwqIo&_nc_ht=scontent.fhan20-1.fna&oh=03_Q7cD1QEfWKUyCPk1mUyeSycHnQw-Qt6Kmhwhmcc4wP9Mu_6mhQ&oe=6680C6FA,,			Bách	Duyệt		
2024-05-28	FP - Beatvn	Đậu Hồng Quân	HẾT LÒNG VÌ GÁI NHƯNG LẠI GẶP TAM TAI.  Đây là Huy, một chàng trai cầm tinh con gà, trên da cũng tha thu không ít hoa văn để thấy bản thân có thêm phần sinh động.  Huy đã tốn không ít tiền đăng ký 4g để combat online với một thanh niên khác trên MXH. Tuy nhiên khi thấy đối phương quay sang quấy rối bạn gái mình, Huy đã quyết định xách một miếng kim loại có cán và 1 chiếc gậy sắt 3 khúc, chở luôn người yêu đi tìm đối thủ để đòi lại công bằng.  Thế nhưng do cả 2 không đội mũ bảo hiểm nên khi gặp chốt CSGT đã quay xe bỏ chạy rồi bị xúc luôn về đồn.  Tại đây, Huy đã ngoan ngoãn chia sẻ câu chuyện buồn của mình, còn đối thủ của Huy đã uống đến cốc cafe thứ 3 vẫn chưa thấy Huy xuất hiện.  -Nhà Thơ Đi Exciter- Theo ANTĐ #Beatvn	https://scontent.fhan2-4.fna.fbcdn.net/v/t1.15752-9/438083672_968036978296829_2016971243756985426_n.jpg?_nc_cat=110&ccb=1-7&_nc_sid=5f2048&_nc_eui2=AeHTrhL0OC2-_1FASQjOwntJIDfvzT5bXHEgN-_NPltccfj-YduSxoUwsxbsvwRt3LdVODimGL8xVe4w7xxzftQo&_nc_ohc=hk01ssVCL6QQ7kNvgE-KLQM&_nc_ht=scontent.fhan2-4.fna&oh=03_Q7cD1QHfmNPqiI7f_Er8ma1P8AjTvSR4HmabURFaEDPWGY8yFg&oe=6680B6B3,,			Bách	Duyệt		
2024-05-28	FP - Beatvn	Nguyễn Hoàng Long	NGHE CHỪNG CĂNG RỒI ĐẤY 🫣  Theo Báo Văn Hóa, trong ngày 28/5, Công an TP.HCM đã có buổi làm việc với Nhạc viện TP.HCM về vụ liên quan đến ca sĩ Osen Ngọc Mai.   Được biết Osen Ngọc Mai vào Đảng từ hồi sinh viên nhưng do vi phạm kỷ luật, không tham gia sinh hoạt, không chấp hành chủ trương, quy định. Đến cả mời họp làm rõ Osen cũng không đi nên đã khai trừ Đảng từ 2019.  Tuy nhiên Osen Ngọc Mai lại được biết đến với những chương trình văn hóa, nghệ thuật hát về tình yêu nước. Thậm chí cô còn nói muốn truyền tải tinh thần yêu nước cho giới trẻ. Giờ thì những lời thanh minh của cô về chiếc giẻ đầu giường e rằng ngày càng khó tin 🤨  -Thỏ- #beatvn	https://scontent.fhan20-1.fna.fbcdn.net/v/t1.15752-9/445374145_1403850887683396_3239570290875062009_n.png?_nc_cat=109&ccb=1-7&_nc_sid=5f2048&_nc_eui2=AeGlMPnHMWWtkMzB3hhWJWgevCqxZBjqipe8KrFkGOqKl8sfs_W_CRlhcGSNih7iUN9kpfHEWce79Z2iPKxn2ZaG&_nc_ohc=QauMbXaEyHQQ7kNvgGHRsPy&_nc_ht=scontent.fhan20-1.fna&oh=03_Q7cD1QHPIeA15cPUYZuilIGBaNvjzgQ5Ezc-tc6JFQWSTQ64fQ&oe=6680A812,,			Bách	Duyệt		
2024-05-28	FP - Beatvn	Đậu Hồng Quân	HẠNH PHÚC GIẢN ĐƠN  Một ông bố đơn thân, một đứa trẻ thiếu vắng tình thương của mẹ từ nhỏ, hai cha con nương tựa vào nhau, cuộc sống tuy vất vả nhưng vô cùng hạnh phúc.  Ngày tổng kết, bố đi làm xa nhà, bé con cầm giấy khen về nhà, nhảy cẫng lên để khoe trước camera cho bố nhìn thấy.   Hạnh phúc đôi khi đơn giản chỉ cần có vậy, mọi người luôn hướng về nhau, luôn vì nhau mà cố gắng, dành trọn từng khoảnh khắc để trao nhau yêu thương chân thành.  📸: Bố của Susu #Beatvn	https://scontent.fhan2-3.fna.fbcdn.net/v/t1.15752-9/438083706_3762172327439764_3155001586252203814_n.jpg?_nc_cat=108&ccb=1-7&_nc_sid=5f2048&_nc_eui2=AeHD9sfSQdFTIVf4077J3ZwshbkHg9TSANaFuQeD1NIA1tb7fO-w5tBTG6T2AznUiMWmLBKGKx6bzjKtGOXUmPeu&_nc_ohc=9o0mNUFqTusQ7kNvgGlc_d6&_nc_ht=scontent.fhan2-3.fna&oh=03_Q7cD1QEx8Otg5ZzkDFvbghuKI7OLt5RV_j1lxI0oq331jALVhw&oe=6680B428,,			Đạt	Duyệt		
2024-05-28	FP - Beatvn	Nguyễn Hoàng Long	"X100 NỖI SẦU❗  Chị T. bị một kẻ hack facebook người quen vay 6 triệu. Đang tiếc đứt ruột thì chị lướt face thấy trang “hỗ trợ lấy lại tiền đã bị chiếm đoạt”. Trên trang này lấy toàn hình ảnh, thông tin của Cục An ninh mạng, Bộ Công an nên chị tưởng thật nên đã nhắn tin, trình bày hoàn cảnh thảm thương, bi đát của mình.  Ngay khi vừa tạo tài khoản, tài khoản chị ting ting ngay lập tức 1 triệu rưỡi. Quá phấn khởi, chị được đồng chí ""công an"" đề nghị nộp tiền đảm bảo để tất toán, rút tiền về. Chị nạp liên tục, nạp đến 600 triệu vẫn chưa thấy 6 triệu của mình đâu chị cay đắng nhận ra mình đã bị lừa thêm 1 lần nữa.  Lần này chị không lên mạng nữa mà đến thẳng Phòng Cảnh sát hình sự, Công an tỉnh Nghệ An trình báo. Tổng kết chị T. bị luộc mất 606 triệu cho bài học về lừa đảo qua mạng.  -Thỏ- #beatvn"	https://scontent.fhan2-5.fna.fbcdn.net/v/t1.15752-9/445382876_431775672994208_8379455437182462408_n.png?_nc_cat=107&ccb=1-7&_nc_sid=5f2048&_nc_eui2=AeHgw9RZDC9c0d2GbxvYxjvWGwIo_odDwQUbAij-h0PBBXfWCDIi_fbIpHy91ymSz8SmuhIeXb5g9W8vAExiSQ2F&_nc_ohc=n03vh96yHWAQ7kNvgE4EYrD&_nc_ht=scontent.fhan2-5.fna&oh=03_Q7cD1QE9HNUOT2BNdTaamzbIIQg0RaRjc_wY6t9K3cQoNeoubg&oe=6680C09F,,			Đạt	Duyệt		
2024-05-28	FP - Beatvn	Nguyễn Phương Huyền 	Top 1 sever Hà Giang ❤️  Em gái bán lê nổi tiếng Hà Giang năm nào giờ đây đã thành thiếu nữ 🫶🏻. Xinh xắn nhẹ nhàng đáng yêu quá ❤️  #beatvn	https://scontent.fhan2-4.fna.fbcdn.net/v/t1.15752-9/438171831_447833741169794_6768374482221635659_n.jpg?_nc_cat=110&ccb=1-7&_nc_sid=5f2048&_nc_eui2=AeEtAtmtV42A3A_65HBaFfJSOaynn4ObIRM5rKefg5shE6OFEFnmIcYgZePdU-RcvRrVsaJfusbr4dyh6U9fIG2U&_nc_ohc=Q88_wRSF9Z4Q7kNvgHksypw&_nc_ht=scontent.fhan2-4.fna&oh=03_Q7cD1QFvIhymK3_MNcoOVe1wAQvqbip8tRgTjM6TPaCcU21EuQ&oe=6680B993,,https://scontent.fhan2-3.fna.fbcdn.net/v/t1.15752-9/441672751_995606998622077_9003684502822418165_n.jpg?_nc_cat=111&ccb=1-7&_nc_sid=5f2048&_nc_eui2=AeHDJwHWwm7WEKdYF-F5HZOXLnp8X_OdGs0uenxf850azRYFnfbXzuYS6tHHNYiOvUCLyBKCtJzYwY0pDbgP5txq&_nc_ohc=xJA2p4KEOAoQ7kNvgEAUgDp&_nc_ht=scontent.fhan2-3.fna&oh=03_Q7cD1QGAfkNsatIefYT_Ijs08Ep5ZQuR1dpog5Szs5DPLch-AQ&oe=6680B851,,https://scontent.fhan2-5.fna.fbcdn.net/v/t1.15752-9/441958606_481350527648830_2683879240221149391_n.jpg?_nc_cat=106&ccb=1-7&_nc_sid=5f2048&_nc_eui2=AeHP64gIjD5haXESS1C6PgRgX8tBHTrrfjZfy0EdOut-Nvf_KRTdloxarPdz-pwMvBxpvd3mWHUetZYE0PYsKd9V&_nc_ohc=QrsPb0rLgS8Q7kNvgH5VfVV&_nc_ht=scontent.fhan2-5.fna&oh=03_Q7cD1QGKl2niUAW_AxNSkJxryZ66MHVvjqAq3vCuDMhUzQRqjg&oe=6680D63C,,https://scontent.fhan20-1.fna.fbcdn.net/v/t1.15752-9/438154565_1975633162891885_5580304604376147835_n.jpg?_nc_cat=109&ccb=1-7&_nc_sid=5f2048&_nc_eui2=AeH4_p1m-nODegtPA--KuqZ1CBDOlsNbYTQIEM6Ww1thNOBMmDclFLWMdFxDPsZHYFNFXWAhMkW73nvpHhKBHZaj&_nc_ohc=W3Oeq5dBk3sQ7kNvgER4UrM&_nc_ht=scontent.fhan20-1.fna&oh=03_Q7cD1QGkivR9T4V6Ob5YwRac0aff5IHtF_jBBDLhBNDm0ASYmQ&oe=6680C636,,https://scontent.fhan2-3.fna.fbcdn.net/v/t1.15752-9/441347527_457411687035964_7396803023780315323_n.jpg?_nc_cat=101&ccb=1-7&_nc_sid=5f2048&_nc_eui2=AeE3Gyga4Zv6T82hiawbhjF9WKiOyr9ofdRYqI7Kv2h91BJU0BVkgkJvWkiGtGhrLYYbGFmeLsmXah7QAYXP315-&_nc_ohc=24DKD-5saQEQ7kNvgH8v7h7&_nc_ht=scontent.fhan2-3.fna&oh=03_Q7cD1QGBT8xhId23fg8MWmGIbZzUFAIXETB2OGm4xl25DMqiDQ&oe=6680A30B,,https://scontent.fhan2-5.fna.fbcdn.net/v/t1.15752-9/441416402_2261282624265034_3999057892754513384_n.jpg?_nc_cat=106&ccb=1-7&_nc_sid=5f2048&_nc_eui2=AeE2hj4YaOKuaWKdwOxXTkfscmOc7SAgbJtyY5ztICBsm_fWtx6OKs43vS8mLnbU0M9Uil2HMbSrVi9JOqdSiz8b&_nc_ohc=Epga2dXRd2YQ7kNvgFFGDwO&_nc_ht=scontent.fhan2-5.fna&oh=03_Q7cD1QHjSiKE71kd2tWqxuyVc_1TP7znGC-VlIiqURVC5XJRAg&oe=6680CC4F,,https://scontent.fhan2-3.fna.fbcdn.net/v/t1.15752-9/439277902_1360412401304068_8019337788984179550_n.jpg?_nc_cat=108&ccb=1-7&_nc_sid=5f2048&_nc_eui2=AeGoNk6edb7Cre_80F1dtJYxeghL4gCLI-V6CEviAIsj5WnLwznRFYAWzE7BVWqJtGx0xVJbNZ5rnYkirkw8C1du&_nc_ohc=_mFJ048dxZUQ7kNvgGQd5HS&_nc_ht=scontent.fhan2-3.fna&oh=03_Q7cD1QGMRm7ZYO8oMa7-DrBujrRQ7fsAAIrulmU5bfUtXd6Dbw&oe=6680CCF7,,https://scontent.fhan2-3.fna.fbcdn.net/v/t1.15752-9/441329134_1539036963346217_971366126505144061_n.jpg?_nc_cat=101&ccb=1-7&_nc_sid=5f2048&_nc_eui2=AeGYMmtEDLYC0WSN_hGKi8-AuYuBherRGeO5i4GF6tEZ4_GHQhKfSvD8klHiLJ_ba_ejQv0P5G5Kf9hb-z5VYGIr&_nc_ohc=2E2A68Qg39IQ7kNvgHE1igu&_nc_ht=scontent.fhan2-3.fna&oh=03_Q7cD1QF0dTpU8MQynqrd9iCOTwQIjbrP3VMTw9s1zwVT862sAA&oe=6680BC72,,https://scontent.fhan2-3.fna.fbcdn.net/v/t1.15752-9/441334710_3633117273620455_1688135681138535340_n.jpg?_nc_cat=108&ccb=1-7&_nc_sid=5f2048&_nc_eui2=AeGZ5t9p0lUOPqW8YlYDHIaMDTk36enUEv0NOTfp6dQS_aBN7I53cXOUxVL4LBp07jILqXaSqnBOUB6zSLMWKn0J&_nc_ohc=stxyztWVfXcQ7kNvgFcEdBa&_nc_ht=scontent.fhan2-3.fna&oh=03_Q7cD1QFLJWu4ckskp7vBkhd9DTlOkwS_gedlB6eeGvKkf2q9Kg&oe=6680B1F7,,https://scontent.fhan2-4.fna.fbcdn.net/v/t1.15752-9/441940597_1855508284970891_1318825132678250382_n.jpg?_nc_cat=110&ccb=1-7&_nc_sid=5f2048&_nc_eui2=AeETpN3w30NACIAiGfQiJuxq6U1AvmenalPpTUC-Z6dqU0ydoXtSqN-rfWgnc6vfWuYXHgna7M9G93nJUXBylnbw&_nc_ohc=pMYbSB9M5TsQ7kNvgGLJGEb&_nc_ht=scontent.fhan2-4.fna&oh=03_Q7cD1QEMVH4omplKIxbnTiTW7opUDTagyEohHJ1t7BdQPJfBrw&oe=6680D053,,https://scontent.fhan2-4.fna.fbcdn.net/v/t1.15752-9/440598681_1363132634364408_8223187253027062232_n.jpg?_nc_cat=100&ccb=1-7&_nc_sid=5f2048&_nc_eui2=AeEgpTHspRjprV5VWzBil_sL53ny8M8ZoRvnefLwzxmhG6LTEf3ZZo2YBXc1DO6brjqI51bY6_yQPnEJLqn_bdME&_nc_ohc=255MxFKHceYQ7kNvgHBJlIv&_nc_ht=scontent.fhan2-4.fna&oh=03_Q7cD1QE284WWCMXbKKVkWg1c_-pUKJAYsCNAJQP1CjJwoq9TcQ&oe=6680B089,,			Đạt	Duyệt		
2024-05-28	FP - Beatvn	Đoàn Quốc Việt		https://scontent.fhan2-4.fna.fbcdn.net/v/t1.15752-9/445381981_1165856477758163_8371223130201056078_n.jpg?_nc_cat=100&ccb=1-7&_nc_sid=5f2048&_nc_eui2=AeGR7fD5QHL0yKSf8zaTQnGzVQ-58bv2IEJVD7nxu_YgQhqnZWX2cTimN73T2mDspPTsrumx9VGuyPqSwwe5Dgmp&_nc_ohc=fCHISfbZ1VkQ7kNvgGiMkNR&_nc_ht=scontent.fhan2-4.fna&oh=03_Q7cD1QGhmm9O0rrHThnsT2BWUjgegpITJysA3odDVkI6ahobIw&oe=6680B80A,,			Đạt	Duyệt		
2024-05-28	FP - Beatvn	Nguyễn Tuấn Thịnh	"HẬN ĐẤNG SINH THÀNH CHƠI Đ' ĐẸP Đam mê bộ môn tính toán, đặc biệt là với Tá Lả, Tài Xỉu và 3 Cây nên từ một đôi bàn tay trắng, Saw ở tuổi 40 đã xây dựng lên món nợ...542 triệu đồng. Bà Chia Hui Chiang sau khi biết tin quý tử nhà mình nợ đầm đìa thì đã tổ chức họp báo, tuyên bố rõng rạc trước truyền thông việc bà từ mặt con để chủ nợ không đòi tiền bà. Được biết bà đã quá chán cảnh suốt ngày phải chạy theo trả nợ cho con và ngôi nhà của bà đã bị tấn công bằng chất bẩn rất nhiều lần bởi ông đích tôn lên được 8 nút nhưng thằng Chương nó lại 10. Hiện, Saw đang nợ tiền 28 người và thất nghiệp. Bài học rút ra là: ""Nếu bạn thua 1 lần thì có thể bạn đen, nhưng thua mười mấy năm thì là bạn ng* vkl"" #beatvn #news"	https://scontent.fhan20-1.fna.fbcdn.net/v/t1.15752-9/445788113_1497333097531305_2664441577477211742_n.png?_nc_cat=102&ccb=1-7&_nc_sid=5f2048&_nc_eui2=AeEE1Ab7wSBTHsIlm0elYKHsBtEFqBU0zSoG0QWoFTTNKuTbtzDKqHA4TCyhOVrLVqfyx5rm6HtpWvASzmOGyplT&_nc_ohc=upJ6MtkDkiwQ7kNvgGoNzBT&_nc_ht=scontent.fhan20-1.fna&oh=03_Q7cD1QG31pa3tF0sS0pw3cXnQ33_z9573zh0LZHNSj-LNzxjMg&oe=6680AA41,,			Đạt	Sửa/ xóa bài	“hận”	"Ngôn từ gây thù ghét"
2024-05-28	FP - Beatvn	Đoàn Quốc Việt	BỘ VĂN HÓA THỂ THAO DU LỊCH VÀO CUỘC XÁC MINH HÌNH ẢNH LÁ CỜ VÀNG 3 SỌC TRONG CLIP CỦA CA SĨ NGỌC MAI 👏				Đạt	Duyệt		
2024-05-28	FP - Beatvn	Lê Thị Thùy Dương		https://scontent.fhan2-4.fna.fbcdn.net/v/t1.15752-9/442004761_2753235788163407_3723507495813059548_n.jpg?_nc_cat=105&ccb=1-7&_nc_sid=5f2048&_nc_eui2=AeELByzOAS1samPtecLHGpb_xcdXGif8J4jFx1caJ_wniJsoOtPHLBpRjVO8Jb1JK5uAQakiAdwbFHnPBJm4tMIf&_nc_ohc=1TgVE8f3zNMQ7kNvgHvTRau&_nc_ht=scontent.fhan2-4.fna&oh=03_Q7cD1QGn7D9EwQecvAoLmRc0X0eolKeDImRWceojeFCHd24-eQ&oe=6680BA09,,			Đạt	Duyệt		
2024-05-28	FP - Beatvn	Đoàn Quốc Việt	"GÂY ÁN VÌ BỊ NÓI LÀ ""CON BÀ BÁN BÁNH BÈO"" 😢  Trong ảnh là bị cáo Hận (43 tuổi).  Tại 1 buổi nhậu, Hận có xảy ra cãi vã với người hàng xóm tên K. Trong lúc cự cãi, ông K. đã hất cốc bia về phía Hận và nói Hận chỉ là con của bà bán bánh bèo.  Quá hận về câu nói trên, Hận cho rằng ông K. đã xúc phạm mẹ mình nên trong lúc mất bình tĩnh, Hận về lấy hung khí chạy sang. Ông K hỏi: ""Mày giấu cái gì sau lưng?"", Hận rep: ""Giấu con dao"". Và đó chính là hung khí của vụ án giết người xảy ra ngày hôm ấy.  Nhận thấy hành vi phạm tội của Hận là nguy hiểm, sáng nay, 28/5, Tòa án nhân dân TP. HCM tuyên Hận án chung thân để răn đe và phòng ngừa chung cho xã hội.  -Vịt- Theo: Báo Vietnamnet #Beatvn"	https://scontent.fhan2-5.fna.fbcdn.net/v/t1.15752-9/440935332_853754909973161_3539868089126095760_n.png?_nc_cat=106&ccb=1-7&_nc_sid=5f2048&_nc_eui2=AeG9rx5TlGqueOAG0zkDzyY70-WgL9m350fT5aAv2bfnR3yyvF2v6iRVdzNRbl3paVeP7QE7q73P0Z1Q6XBptTkf&_nc_ohc=GpCOeGX2LlIQ7kNvgGOwxcG&_nc_ht=scontent.fhan2-5.fna&oh=03_Q7cD1QGw1piVJPrkNYKXOC1y99kpBmkNnKfo7pSdUVkfjQk_9A&oe=6680BCDD,,			Đạt	Sửa/ xóa bài	che mặt	
2024-05-28	FP - Beatvn	Đoàn Quốc Việt	"BEATVN TÌM NGƯỜI ""ÔM HẾT"" HỆ THỐNG GROUP. TRẢ LƯƠNG LÊN TỚI 10 CỐC TRÀ SỮA.... 1 NGÀY 🧋🧋🧋  Hiện tại hệ thống group cộng đồng của Beat như Phòng Thú Tội, Phòng trút giận, Nghiện sạch,.... đã lên tới cả chục triệu thành viên, có rất nhiều admin, kiểm duyệt, content nhưng lại chưa có người cầm đầu.  Nếu là 1 người đam mê xây dựng cộng đồng và đã có kinh nghiệm trong việc xây dựng group thì bạn chính là mảnh ghép chúng tôi còn thiếu ở vị trí ""QUẢN TRỊ HỆ THỐNG GROUP CỘNG ĐỒNG"".  Với công việc nhàn hạ, điều hòa mát lạnh, chân đút gầm bàn này thì mức đãi ngộ bạn nhận được lên tới 10 hoặc có thể là 20 cốc trà sữa 1 ngày, còn trà loại gì, của hãng nào, giá cả bao nhiêu thì tùy thuộc vào thể hiện của bạn trong quá trình phỏng vấn.  Thông tin chi tiết chúng tôi đặt phía dưới để anh em có thể tìm hiểu thêm nhưng phải nói là vị trí thơm thế này tôi cũng muốn mút nhưng bận quá đành thôi ấy chứ!!!!  -Vịt- #Beatvn"	https://scontent.fhan20-1.fna.fbcdn.net/v/t1.15752-9/442687491_783488120541936_7473549612604347728_n.png?_nc_cat=102&ccb=1-7&_nc_sid=5f2048&_nc_eui2=AeHhMRXQjuzQRjyWgFZL0-fKjW1Yo8QYMZGNbVijxBgxkXV1saSXJpRXq2I0nsWiAAH5xnhXMgSRORqQUexGIRWz&_nc_ohc=WvtowcioUDAQ7kNvgFlyLAk&_nc_ht=scontent.fhan20-1.fna&oh=03_Q7cD1QEcaCSgZ2QzmtyF5_p6PmVwdfmj5Hr4OV-zTURVn0mtqQ&oe=6680CB0A,,				Duyệt		
2024-05-28	FP - Beatvn	Nguyễn Tuấn Thịnh	BẤT LỰC VÌ BẠN GÁI ĐÒI ĂN HỎI 10 CÂY VÀNG :((  Chuyện là cuối tuần rồi thứ 7 gái có đi ăn cưới của đứa bạn, chụp hình khoe với em được bố mẹ 2 bên cho rất nhiều vàng, nhìn tổng thể thì có vẻ rất nhiều, em không biết bao nhiêu nhờ các bác phán định giúp.  Sáng nay gái đột dưng không hiểu tại sao gái nói với em bây giờ muốn làm đám hỏi thì phải đưa sang ít nhất 10 cây vàng, và tính cả tiền làm đám cưới thì phải hơn 1 tỉ. Nhưng mà em thì không có nhiều tiền, dành giùm bao năm nay cũng chỉ dư được có vài trăm. Nhà em cũng không khá giả gì, bố mẹ cũng chỉ đủ ăn, có hứa sẽ cho vàng con dâu sẽ có nhưng chỉ ở mức bình thường vài chỉ chứ không phải nhiều đến vậy. Trước đây em có đề cập đến vấn đề này thì gái ok và không có ý kiến gì. Bây giờ đùng cái đòi em 10 cây vàng em thực sự không biết phải làm như thế nào.  Em tưởng gái nói trêu để thử lòng, nhưng em vừa gọi điện thì gái bảo là nói nghiêm túc và sẽ không cưới nếu em không chuẩn bị được.  Gái có kể ở chỗ gái nhiều nhà khi cưới hay cho con này kia, bản thân nhà gái cũng có điều kiện nên sẽ cho nhiều, gái không muốn bị thua thiệt người khác nên yêu cầu em cũng phải có nhiều.  Em biết cách biệt về nền tảng gia đình của em và gái là rất xa nhau nên em đã đề cập rất nhiều lần trước đây về vấn đề này và gái cũng đồng ý, không hề có một ý kiến gì. Nhưng mà chỉ sau một buổi ăn cưới về em không biết đã có chuyện gì xảy ra mà bây giờ lại thành như vậy. Tính gái hay sĩ diện nên em không biết đi ăn cưới có phải bị ai đâm chọt gì hay không.  Bao nhiêu tâm tư, công sức, tình cảm bao năm nay em đều dành cho gái hết và cũng chỉ mong nhận được 1 gia đình trọn vẹn, một phần để ổn định rồi phát triển sự nghiệp, 1 phần để bố mẹ đỡ lo. Đến khi đã gần đi đến được sự mong muốn bao lâu nay thì lại dở chứng như vậy. Bây giờ tâm trạng rối bời nặng nề quá. Chỉ biết lên đây viết đôi lời tâm sự với các bác. Cảm ơn các bác đã đọc đến đây. Haizzz  Share: Đác Uyn Nu Nống #beatvn #News	https://scontent.fhan2-5.fna.fbcdn.net/v/t1.15752-9/445805486_967132164889072_4708340016398056751_n.png?_nc_cat=106&ccb=1-7&_nc_sid=5f2048&_nc_eui2=AeGTR__NQJAzx3SX2CGySBYCGld7Rd3YhIIaV3tF3diEgviagI-0TNKOnbyE3zWd_-L6eTNEVqK67t9d5wDu8Lob&_nc_ohc=Ak_8MSJN2QEQ7kNvgHoVFKl&_nc_ht=scontent.fhan2-5.fna&oh=03_Q7cD1QGx1ppTfqrVgOZOcsxHFkw7QkUsdFRbfFaAOKic-uK-3w&oe=6680BD67,,			Đạt	Duyệt		
2024-05-28	FP - Beatvn	Đậu Hồng Quân	"PHAN HẢI XUẤT HIỆN TRONG LỄ BẢO VỆ ĐỒ ÁN BÁCH KHOA   Trái ngược với hình ảnh ngang tàng, ít sử dụng bộ não của cậu ấm đế chế Phan Thị thì mới đây Phan Hải lại có giao diện rất lịch lãm tay cầm bó hoa xuất hiện tại ""Lễ bảo vệ đồ án tốt nghiệp"" Đại học Bách khoa Hà Nội.  Có vẻ như cậu ấm này đang theo đuổi phong cách lịch thiệp, có học thức thay vì dáng dấp của Cao Thanh Lâm hay Phan Hải trước đây.  #Beatvn"	https://scontent.fhan20-1.fna.fbcdn.net/v/t1.15752-9/438069767_755428229800446_4339369703097361377_n.jpg?_nc_cat=103&ccb=1-7&_nc_sid=5f2048&_nc_eui2=AeERKfO42Idr4D37bhX0GIuJVqsR7LZVLR5WqxHstlUtHtik90oS4CQM3c7CVbr11sBXcFsavj_Z0rC1bx1xOOka&_nc_ohc=pkR55EZbj4UQ7kNvgHVDzPO&_nc_ht=scontent.fhan20-1.fna&oh=03_Q7cD1QHRD7907w9kUM59uyrbRPcTl1IDdZlTTT5jPV6bII-1hw&oe=6680B52B,,			Đạt	Duyệt		
2024-05-28	FP - Beatvn	Đậu Hồng Quân		https://scontent.fhan2-4.fna.fbcdn.net/v/t1.15752-9/438102063_1463264534278432_90857725679694705_n.jpg?_nc_cat=110&ccb=1-7&_nc_sid=5f2048&_nc_eui2=AeE6E76yD6JOwn-is-FX5yQ58u9vgsPHbJ3y72-Cw8dsncgd6DsW5I5w1Pjt6EEgMIvZOj3k_qU9FkSgTMk60dDk&_nc_ohc=2OOe2n3rkLsQ7kNvgFIj9x0&_nc_ht=scontent.fhan2-4.fna&oh=03_Q7cD1QFOrL5eScTtkJY2ydGVuqghv1X-68kwFSlMKSelHKoIBw&oe=6680D6B8,,			Bách	Duyệt		
2024-05-28	FP - Beatvn	Nguyễn Tuấn Thịnh	MC VĂN DOANH NHI ĐẾN TỪ ĐÀI TRUYỀN HÌNH NGHỆ AN 😍  Ngoài ăn nói lưu loát, ngoại hình ưa nhìn cùng khả năng ứng biến xuất sắc thì có thể bạn chưa biết:  Ông của Văn Doanh Nhi là Văn Sỹ Chi - tiền đạo huyền thoại của CLB Thể Công những năm 60 70  Bác cả của Văn Doanh Nhi là tượng đài bóng đá Việt Nam - Văn Sỹ Hùng.  Bác hai của Văn Doanh Nhi là cơn lốc đường biên một thời của SLNA - Văn Sỹ Sơn   Bố của Văn Doanh Nhi là tiền đạo khét tiếng Thành Vinh đầu thập niên 2000 - Văn Sỹ Thủy.  Dòng máu Văn Sỹ chứ danh chảy trong người nên dù không theo nghiệp thể thao nhưng Nhi vẫn cực kỳ thành công và luôn tỏa sáng theo cách riêng của mình❤️   #Beatvn #News	https://scontent.fhan2-4.fna.fbcdn.net/v/t1.15752-9/445816269_986833402837669_1366432142665614729_n.png?_nc_cat=110&ccb=1-7&_nc_sid=5f2048&_nc_eui2=AeHLajGSpb1xPVUlot38R1BMZvno32ejxRNm-ejfZ6PFE1gA-0n3ApsqzuPzCwWtyrGiRrzt4DFxKhuGSmr9HFX_&_nc_ohc=Y7k1IZ4q7rEQ7kNvgFC8Aoo&_nc_ht=scontent.fhan2-4.fna&oh=03_Q7cD1QF68GYQ9rktp_4WMDEm86L5JScjmLfGsvSLeDvuMNgnvQ&oe=6680CDCD,,https://scontent.fhan2-3.fna.fbcdn.net/v/t1.15752-9/445694025_343136355183967_6209804411247178814_n.png?_nc_cat=101&ccb=1-7&_nc_sid=5f2048&_nc_eui2=AeHLxdSPNJ5SIm4wR-EgoV7N-y_Looh4WdL7L8uiiHhZ0ptYh2Ugmmh6WyWvevMQfkrgVrHegmJkGruVEeCIwpkU&_nc_ohc=zXgq99CYG2QQ7kNvgFuAMTs&_nc_ht=scontent.fhan2-3.fna&oh=03_Q7cD1QEhZRRJ0ePiJucAaR25DAZXQhnVPQ6OoJColFSZVd1C_w&oe=6680BAEE,,https://scontent.fhan20-1.fna.fbcdn.net/v/t1.15752-9/445750978_1109750020123822_4364122337786738897_n.png?_nc_cat=109&ccb=1-7&_nc_sid=5f2048&_nc_eui2=AeE8tFqpffQHgaV_TxMxfxZw7QP0nk_CEprtA_SeT8ISmtQnflsqX1kOwzYwSnRKxZU0lbnQHPl-SyvylGgyrQVV&_nc_ohc=bZygYq9tSccQ7kNvgHWKFSy&_nc_ht=scontent.fhan20-1.fna&oh=03_Q7cD1QG_GAhet7tYk-XRCUSMZaM59cKOjbi0iIsex4fKSMm7RA&oe=6680AAE7,,https://scontent.fhan2-4.fna.fbcdn.net/v/t1.15752-9/445545482_789162026656855_8359654906513339852_n.png?_nc_cat=100&ccb=1-7&_nc_sid=5f2048&_nc_eui2=AeERZYdY9Jqkm0chY7_KzcY7FA02RXYdX8IUDTZFdh1fwujDpnCjbsKagb0-F5r34SP47O9AhxRuzjDckWYurc_m&_nc_ohc=Uw2qscjOA3IQ7kNvgG0eDSt&_nc_ht=scontent.fhan2-4.fna&oh=03_Q7cD1QFmZq00JNAXZH5YMarJKEonmqkkr3NKronFemnG_i9Qvg&oe=6680AA61,,			Bách	Duyệt		
2024-05-28	FP - Beatvn	Đoàn Quốc Việt		https://scontent.fhan20-1.fna.fbcdn.net/v/t1.15752-9/444763775_1116230186120659_7669486419690186334_n.jpg?_nc_cat=109&ccb=1-7&_nc_sid=5f2048&_nc_eui2=AeF5PXXBKl5vnrIYk9W13esZLSHCQDD_OkQtIcJAMP86RDnF3pPqNNPCcduxajdiKEyi5LkYw5LD0pHX6-Dhmq4O&_nc_ohc=dYLnz-9OI84Q7kNvgFNLNBV&_nc_ht=scontent.fhan20-1.fna&oh=03_Q7cD1QHtsuO2SKNvf_f6GM1W0-EGkX76VYDKOo_sLDLPRnuKRQ&oe=6680B815,,			Bách	Duyệt		
2024-05-28	FP - Beatvn	Đoàn Quốc Việt	🔥 ĐẲNG CẤP 🔥  Trẻ mầm non 5 tuổi được miễn học phí từ ngày 1/9/2024				Bách	Duyệt		
2024-05-28	FP - Beatvn	Nguyễn Hoàng Long	"NGÀY MÀ CẢ HAI NHƯ ĐƯỢC SINH RA LẦN THỨ 2  Xin chào mọi người, vợ chồng mình là người thuê trọ có mặt ở hiện trường và thoát khỏi đám cháy ở Trung Kính sáng ngày 24-5 vừa rồi. Hôm nay mới nhận lại được điện thoại từ công an phường để có thể đăng đôi lời chia sẻ về vụ việc vừa qua.   Thời điểm bức ảnh chụp màn hình điện thoại là lúc chồng mình phát hiện ra đám cháy và gọi mình dậy, mình cuống cuồng tìm điện thoại bấm đèn flash thì bấm nhầm vào chụp màn hình.   Còn chi tiết về vụ cháy, chắc mọi người cũng đã theo dõi ở trên các kênh truyền thông rồi, mình chỉ xin chia sẻ thêm một vài điều từ ý kiến cá nhân của người trong cuộc. Thời điểm diễn ra vụ cháy khoảng 0h40p, chồng mình lay mình dậy báo cháy rồi, anh cuống cuồng bảo tìm điện thoại và vơ vội khăn tắm bảo mình vào nhà vệ sinh thấm nước để 2 vợ chồng chạy ra vì lần mở cửa phòng đầu tiên thấy lửa mới ở tầng 1, nhưng sau vài giây mở cửa lần 2 khi mở cửa ra kèm 1 tiếng nổ, lửa bùng lên tầng 2, trước mắt mình lửa dâng kín đang muốn ùa vào phòng mình rồi, ngay lập tức chồng mình đóng sập cửa và bọn mình chui vào nhà tắm, lấy khăn tắm thấm nước quàng lên, rút giấy vệ sinh thấm nước bịt kín tai và miệng.   Lúc đó vẫn nghe thấy tiếng lửa cháy rất lớn, xung quanh mọi người la hét ầm ĩ kêu cứu, mình lúc đầu cũng hét theo phản xạ vì mình nghĩ chắc chắn đêm nay 2 vợ chồng sẽ không qua khỏi, đến 0h49 mình chỉ kịp nhắn tin cho mẹ ở nhà ""Mẹ ơi, con yêu bố mẹ, chúng con chết cháy rồi"" sau đó bật đèn flash, 2 vợ chồng ngồi thu thu gần bồn cầu, liên tục lấy nước vỗ vào mặt để tỉnh táo.   Bên ngoài cháy lớn, cháy đến cửa chính và cửa sổ nhà mình, bên trong khói đen đã tràn ngập nhà tắm, chồng mình vẫn cố gắng bảo mình thật bình tĩnh, chúng mình không la hét nữa, tay bịt kín mũi miệng, tay kia anh cầm ghế nhựa đập vào cửa để gây tiếng động, chờ đợi khoảng khắc để được nghe thấy tiếng xịt nước từ cứu hộ dài cả thế kỉ, chỉ khi nghe thấy tiếng xịt nước mình mới có chút hi vọng sống sót.   Khoảng hơn 2h sau khi tình hình có vẻ ổn hơn, thấy khói bớt đi chúng mình lao ra cửa chính kêu cứu và nhanh chóng được lực lượng cứu hộ đưa xuống dưới, ngay khi ra khỏi cổng mình được 115 cho thở ôxi bê lên cáng rồi cấp cứu tại bệnh viện giao thông vận tải luôn, còn chồng mình đi ra khỏi cổng trước vài bước ngồi lại để chờ xem mọi người có cứu được cô em gái kia không nhưng chờ mãi chỉ thấy khiêng những chiếc chăn quấn kín mít trên cáng bước ra, lúc ấy chồng mình khó thở quá thì được 115 cấp cứu vào viện Giao thông vận tải.   Sau vụ việc này, chúng mình lại càng yêu thương nhau hơn, và chúng mình tự hứa là sẽ cần tìm một nơi an cư mới, an toàn hơn để chuẩn bị sẵn sàng chào đón những điều mới mẻ.  Ngoài lề: Cặp đôi mới cưới vừa đón sinh nhật đầu tiên cùng nhau vào ngày 5/5, chỉ trước ngày xảy ra vụ cháy ít lâu. Nhờ sự bình tĩnh và xử lí đúng đắn, tất nhiên là thêm một phần may mắn, đôi vợ chồng trẻ là 2 trong tổng số 7 người may mắn sống sót trong vụ cháy kinh hoàng. Mong rằng những lời chia sẻ của đôi vợ chồng trẻ sẽ là một bài  học đầy giá trị cho mọi người.  -Thỏ- 📸 chuyenchungminh #beatvn"	https://scontent.fhan20-1.fna.fbcdn.net/v/t1.15752-9/441057138_422354500608701_8138391583712244128_n.png?_nc_cat=103&ccb=1-7&_nc_sid=5f2048&_nc_eui2=AeHTKJ_h-_OccnKK5rUkdRE-fDPNVyn2eox8M81XKfZ6jLfuR4xLqc9Pw18EBXh6gJDJ_CZ_EcfK2TSeTHrBRs7H&_nc_ohc=hrrqNNYiqWsQ7kNvgH5YF2O&_nc_ht=scontent.fhan20-1.fna&oh=03_Q7cD1QF3ysBjiGARODbMeJmUfsuRc8SXzjCnymXF8GX2-n3snw&oe=6680A8A3,,			Đạt	Duyệt		
2024-05-28	FP - Beatvn	Đậu Hồng Quân	"SỐNG ẢO CHÊ CHÁN RỒI TRẢ HÀNG  Cách đây không lâu, cộng đồng mạng đã từng nổi da gà với hình ảnh bộ bikini hồng có thêm tệp đính kèm của chị gái người Lạng Sơn.  Thì giờ đây vẫn cái tên đó, một chị gái khác cũng đặt hàng về mặc chụp chê chán sống ảo rồi đem trả lại khiến chủ shop phải bịt mũi check hàng vì có ""mùi cánh gà"".  Kể ra tư duy thời trang của một số chị em bây giờ cũng rất nhạy bén, vừa có đồ đẹp free để mặc chụp choẹt, vừa không tốn công giặt đồ.  #Beatvn"	https://scontent.fhan20-1.fna.fbcdn.net/v/t1.15752-9/438102070_1502691020612332_4170379269991892793_n.jpg?_nc_cat=102&ccb=1-7&_nc_sid=5f2048&_nc_eui2=AeFK1DhpmrVRsI3s_SF2gywl_NilT5JdK6782KVPkl0rrm9uyxwYNqvN2LVSjC_yKx-F2nLX_4gY8FSNeLUW9Mvx&_nc_ohc=dzaY6LN6lAcQ7kNvgHL2e4n&_nc_ht=scontent.fhan20-1.fna&oh=03_Q7cD1QEMYW4zAhmAfS_M82SAhty5XEdjBgN2AV1JIpXUvp9KeQ&oe=6680ACC1,,https://scontent.fhan20-1.fna.fbcdn.net/v/t1.15752-9/438102073_409331318605398_632774366498082885_n.jpg?_nc_cat=103&ccb=1-7&_nc_sid=5f2048&_nc_eui2=AeEEAFGxkQ06LF507D8e_HJoR807aGNnjDFHzTtoY2eMMVzfeGyfd3h0QmaTon3HAwx92Pp_GxzBxnOODFb-KqYz&_nc_ohc=feUecdzFaL8Q7kNvgG-v_13&_nc_ht=scontent.fhan20-1.fna&oh=03_Q7cD1QFrYTYjh4ICBPE6XHYxfJEfkbCkQP3lS4cIKGzQwQPhWQ&oe=6680C5E7,,			Bách	Sửa/ xóa bài	Che tên, che “hôi nách”	"Bắt nạt và quấy rối"
2024-05-28	FP - Beatvn	Đậu Hồng Quân	Nhà tôi ăn bún nguyên tuần rồi😢  #Beatvn	https://scontent.fhan2-5.fna.fbcdn.net/v/t1.15752-9/438089767_2308613496136631_2349944772249402488_n.jpg?_nc_cat=104&ccb=1-7&_nc_sid=5f2048&_nc_eui2=AeEC4eZ2U6bC-UZ_hvKF-kQr1WWzO2M68KjVZbM7YzrwqMOY1KNy9IL5ZueBgQtxq36aElFKlLLgK84I0b9NmY1b&_nc_ohc=C1tpQ9FWCYgQ7kNvgEaoLHt&_nc_ht=scontent.fhan2-5.fna&oh=03_Q7cD1QE_pgTrI7uTJWWQdNlZPw71yCPHLCuGxDTKTcVOK7eiCw&oe=6680B0CC,,			Bách	Duyệt		
2024-05-27	FP - Beatvn	Đoàn Quốc Việt		https://scontent.fhan20-1.fna.fbcdn.net/v/t1.15752-9/445594133_3021096624687279_585942155577715969_n.png?_nc_cat=102&ccb=1-7&_nc_sid=5f2048&_nc_eui2=AeE_i-rgI_B46J0zL7A3MVfEd06Gj_JWa3p3ToaP8lZrelAPoBsXvA3c3DjcWYmpDrAyLiYdJ0GloYP0TXSMwuGg&_nc_ohc=YiTxBFvQIjYQ7kNvgH2KOqU&_nc_ht=scontent.fhan20-1.fna&oh=03_Q7cD1QEqyqIB689SdS3lg1uMMMxGCjtDoJjGd5uD6eEbnF5Vqg&oe=6680BC62,,			Bách	Duyệt		
2024-05-27	FP - Beatvn	Phạm Hồ Linh Phương	Tình yêu sẽ trở lại dưới một hình hài khác…  Sau 1 năm ba mất, mình đã vỡ oà khi nhìn thấy tờ note mà ba nhờ mình ghi được cất ngay ngắn trong ví qua bao năm tháng, ba không nói lời nào là yêu nhưng tất cả đều là yêu.   Cảm ơn ba đã cố gắng nhìn con lớn.   | Chia sẻ của @_ling.13 - Chuyện của Hà Nội #beatvn	https://scontent.fhan2-5.fna.fbcdn.net/v/t1.15752-9/441532683_464918059550092_7492402827553875935_n.jpg?_nc_cat=104&ccb=1-7&_nc_sid=5f2048&_nc_eui2=AeExGHxJWg9ymUmkTKUqyD0_a2kYR2ICRwRraRhHYgJHBGosZiEARiaXhMhwL0yQw5re3FtmAHbNe1jVFzCHsDJz&_nc_ohc=IZQK5to920UQ7kNvgGQFGKy&_nc_ht=scontent.fhan2-5.fna&oh=03_Q7cD1QFg1UCSKA6n5iVp3Z9ZxukH0PbP4j1dnZzDH0Br1UOxBQ&oe=6680CE4E,,			Bách	Duyệt		
2024-05-27	FP - Beatvn	Nguyễn Hoàng Long	Osen: Do lộ video, do ở nhà tình nguyện viên ..blah...blah... CĐM: ...  -Thỏ- #beatvn	https://scontent.fhan20-1.fna.fbcdn.net/v/t1.15752-9/445642251_1635745100515097_8640361379011307445_n.png?_nc_cat=102&ccb=1-7&_nc_sid=5f2048&_nc_eui2=AeH5tGYo5OY3SMwymDA-abwqzA0kPerwNN_MDSQ96vA030iXIPSrICVt3ahunhNVgjIQ5UwyZQOvpK5lEnHCkb-O&_nc_ohc=6Fx8FjUFLjkQ7kNvgEgzray&_nc_ht=scontent.fhan20-1.fna&oh=03_Q7cD1QHxSoe0pJPxFbJ0n6mDSXsa_sC1esQjw7yOw17HGQ14Yw&oe=6680B935,,			Bách	Duyệt		
2024-05-27	FP - Beatvn	Phạm Hồ Linh Phương	NHỜ CỘNG ĐỒNG BEATVN TÌM MÈO ĐI LẠC  📍 Khu vực: 2A hồ Hạ Đình, Thanh Xuân, Hà Nội  Đêm 26/5 nhà mình có em mèo đi lạc không thấy về nhà. Cả nhà có ai ở khu vực hồ Hạ Đình vô tình thấy em vui lòng liên hệ với gia đình ạ 🥺  ĐẶC ĐIỂM NHẬN DẠNG - Mèo Anh lông ngắn tai hơi cụp nặng khoảng ~3kg - Cổ có đeo vòng hồng như trong ảnh - Siêu nhát và lạ người  Em Nhum rất quan trọng với gia đình mình, nếu có thông tin gì về em mọi người liên hệ với mình nhé. Gia đình xin cảm ơn rất nhiều.  Contact: 0357558614	https://scontent.fhan2-5.fna.fbcdn.net/v/t1.15752-9/436679839_1372085920135768_8439374444336705027_n.jpg?_nc_cat=107&ccb=1-7&_nc_sid=5f2048&_nc_eui2=AeFm5KvtCQTOdAK05ZzQbYucysm04lZSxYjKybTiVlLFiDkVMc6OGudkIYmsRD9OD6kPR-ctH31tM3VTwrut60Ie&_nc_ohc=TWWLDzujwPoQ7kNvgFWr7FJ&_nc_ht=scontent.fhan2-5.fna&oh=03_Q7cD1QFFd-9d1rZclFbcEkyGGaxm5l6_AraX0UcluqnECIvWwg&oe=6680BFEC,,https://scontent.fhan20-1.fna.fbcdn.net/v/t1.15752-9/436663333_488307206872393_195649447065719526_n.jpg?_nc_cat=103&ccb=1-7&_nc_sid=5f2048&_nc_eui2=AeHCZmOpnaajj0LPbAi-KipoVmWlcZoRUShWZaVxmhFRKJk0nSUFNaMPfF8kxQVyYbnJwUnQ8wSki29zWFJtQsWN&_nc_ohc=MFvOys5ICRUQ7kNvgEtc76F&_nc_ht=scontent.fhan20-1.fna&oh=03_Q7cD1QH6gJoJciV8oACzlbvLB-f-5sHo-jlbDUICQZhKaR4HbQ&oe=6680A60A,,https://scontent.fhan2-5.fna.fbcdn.net/v/t1.15752-9/441889355_377747115292844_1511986281324832802_n.jpg?_nc_cat=106&ccb=1-7&_nc_sid=5f2048&_nc_eui2=AeF_qiUq-tKUIH6wbzTxPI1F1Hluw2YZgofUeW7DZhmCh36rXr9MO_h5Osm1pCxHCBbFX0IHeMKRgCsFD71y3ESB&_nc_ohc=3akVoFmXRoIQ7kNvgH_Mw2Z&_nc_ht=scontent.fhan2-5.fna&oh=03_Q7cD1QFACwVxcbIULqiCEDNC_bETfTQfqUQIJ7MvfhUlwm7COw&oe=6680B7D4,,https://scontent.fhan2-4.fna.fbcdn.net/v/t1.15752-9/436707770_830696639157408_3311016008833835793_n.jpg?_nc_cat=105&ccb=1-7&_nc_sid=5f2048&_nc_eui2=AeGweLeFFYUF414NkfoyXjV4ztaPz1j81avO1o_PWPzVq-fZ3Z7yCjr1K2_lcRpxBu5j59af8wFf7pm1elpJkcZj&_nc_ohc=6WwyVyEBQYkQ7kNvgHitO6k&_nc_ht=scontent.fhan2-4.fna&oh=03_Q7cD1QEahhyxPt7LDWwPEJOxGuVaG65YHZscYEtPspCFHfhHwQ&oe=6680BD51,,			Bách	Duyệt		
2024-05-27	FP - Beatvn	Đoàn Quốc Việt	"KINH DỊ ĐÊM KHUYA: NHỮNG CHIẾC THUYỀN MA TRÔI DỌC SÔNG HỒNG 👥  Ông Đức (tên nhân vật đã được thay đổi) - 1 người dân sống ven sông Hồng kể lại. Dạo gần đây, trên sông xuất hiện những con thuyền lạ. Chúng không số, không tên và cũng chẳng biết của ai, chỉ biết rằng hàng ngày chúng được thả trôi lững lờ trên sông từ bến đò Văn Đức (Gia Lâm) tới chân cầu Thanh Trì, có khi được kéo về tận Hưng Yên.  Những con tàu này chẳng hiểu vì sao bị người ta bọc kín mít bằng những tấm bạt đen, càng làm tăng thêm màu thê lương, ảm đạm. Ông Đức kể, cứ đến chập choạng tối hay nửa đêm về sáng là lại thấy những cái bóng lờ mờ, lẩn khuất đi theo đoàn đến cả chục người cả nam cả nữ bước vào thuyền.   Họ lướt đi như những cái bóng vô hồn và dường như biến mất ngay trong chính con thuyền ấy. Ông Đức hay nhiều người khác cũng tò mò nhưng chẳng ai dám bạo gan bước vào xem vì ai cũng sợ.... ""cẩn thận rước họa vào thân bây giờ đấy""  Để đập tan những đồn đoán ấy, 1 nhóm phóng viên đã liều mình chui vào hang cọp để lôi mọi thứ ra ánh sáng. Chi tiết của cuộc vào hang cọp dưới cmt, anh em có thể nhập đoàn bắt ma ngay trong đêm để sáng tỏ mọi chuyện nhé!!!  -Vịt- #Beatvn"	https://scontent.fhan2-5.fna.fbcdn.net/v/t1.15752-9/442727189_809353867801935_687830994668076244_n.jpg?_nc_cat=104&ccb=1-7&_nc_sid=5f2048&_nc_eui2=AeHJjnZKwLTKetB1YfYjBkMyjkABM0s8HAOOQAEzSzwcA2GYnkfbH0eIu4jLDvwxvWaJfL2_zhDjlB0G6eGplt0M&_nc_ohc=OThEaDjbEk0Q7kNvgGN377y&_nc_ht=scontent.fhan2-5.fna&oh=03_Q7cD1QHwCeYJIe3s9Rt47CNsSzmT0AcSQCQand-0_4WEpEftmg&oe=6680C7D7,,			Bách	Duyệt		
2024-05-27	FP - Beatvn	Nguyễn Hoàng Long	SALON TÓC TỐN ĐIỆN NƯỚC NHẤT CẢ NƯỚC 🔥🔥🔥  Do thời tiết quá nóng, 1 quán bar bãi biển đã sắm cho mỗi vũ công một cái vòi sen. Tất nhiên không thể thiếu là 1 chai dầu gội đầu trị sạch gầu 🤣  Ngay lập tức quán bar trở thành cái salon tóc ngoài trời lớn nhất cả nước. Các chị em lưu ý quản chồng thật chặt giai đoạn này, xin tiền đi cắt tóc gội đầu nhất quyết không được cho 😠. Hư hết cả người!  -Bún- #beatvn		https://video.fhan2-4.fna.fbcdn.net/v/t42.3356-2/446332244_25483752694601768_4551346772419206499_n.mp4?_nc_cat=110&ccb=1-7&_nc_sid=4f86bc&_nc_eui2=AeFDvXWbhFa6y-f79boZF24LuRIH5Tb7QzK5EgflNvtDMqeJkL1IruS3ZgRZS5BECRngFizT4U6ENYTrbhJuvWpY&_nc_ohc=4zU9w1K6OpgQ7kNvgHhcu4I&_nc_ht=video.fhan2-4.fna&oh=03_Q7cD1QEygpwNLdOWPuEi0xGCPxW0CaqDs0UKFpSKFx7NSAt35w&oe=665B3A5B&dl=1,,		Bách	Duyệt		
2024-05-27	FP - Beatvn	Đoàn Quốc Việt	"CÂU TỤC NGỮ ""HỌ NHÀ TÔM ĐỘI C*T LÊN ĐẦU"" ĐÚNG HAY SAI?  Rất nhiều người thắc mắc phần màu đen trên đầu tôm là cức hay gạch thì theo các nhà khoa học trên đầu tôm có chứa dạ dày và đây chính là nơi chứa phân của loài tôm. Nên về mặt nghĩa đen  câu tục ngữ trên không sai.  Còn xét về nghĩa bóng, ""Họ nhà tôm đội cức lên đầu"" ám chỉ sự không có tôn ti trật tự, kỷ cương trên dưới trong 1 nhà hay rộng hơn là 1 đất nước.   Về tính tượng hình thì câu tục ngữ trên ám chỉ những người đặt những thứ không sạch sẽ, bẩn thỉu lên cao hoặc coi trọng những giá trị không tốt đẹp mà chà đạp những điều đáng quý.  Nhìn chung đây là 1 câu tục ngữ với sức mạnh răn dạy lớn mà các cụ ta để lại. Khuyên con cháu cần giữ lề lối, kỷ cương và sống có đạo đức, biết trước biết sau!  -Vịt- #Beatvn"	https://scontent.fhan2-5.fna.fbcdn.net/v/t1.15752-9/445373075_467690422399932_4004564614657081334_n.png?_nc_cat=106&ccb=1-7&_nc_sid=5f2048&_nc_eui2=AeEbEf7fsgr6yelwBri17SoztFTBHu-TZeG0VMEe75Nl4SaNAZKP63aZaeRXWnBplACYfEa1WNaM1-8kcSI5cYEF&_nc_ohc=v9y0QOskGR4Q7kNvgHmHMnD&_nc_ht=scontent.fhan2-5.fna&oh=03_Q7cD1QFSBmLU50HKnKnWnvGNKaKgsP4gvbiW62yWk3gMRsNMyw&oe=6680B2F7,,			Bách	Duyệt		
2024-05-27	FP - Beatvn	Đậu Hồng Quân	🆘SỬ DỤNG ĐIỆN ĐÚNG CÁCH   Việc sử dụng điện không đúng cách là một trong những nguyên nhân trực tiếp làm ảnh hưởng tới tính mạng và tài sản của con người.   Vì thế, người dân có thể tham khảo một số khuyến cáo phòng chống cháy nổ hữu ích khi sử dụng điện dưới đây:  1. Không để đồ vật dễ cháy ( gas, xăng, dầu, vải, giấy,...) gần thiết bị điện.  2. Không lắp đặt thêm thiết bị điện công suất lớn ngoài thiết kế ban đầu.  3. Không sử dụng các thiết bị điện kém chất lượng.  4. Không đun nấu bếp điện ( bếp từ, bếp hồng ngoại) khi không có người lớn trông coi.  5. Không sạc các thiết bị như điện thoại, xe điện, đồ điện tử qua đêm.  6. Không sử dụng nhiều thiết bị điện có công suất lớn vào cùng 1 ổ cắm.  7. Tắt nguồn các thiết bị điện khi không sử dụng.  #Beatvn	https://scontent.fhan2-4.fna.fbcdn.net/v/t1.15752-9/438089846_268174029655782_6261143549826815870_n.jpg?_nc_cat=100&ccb=1-7&_nc_sid=5f2048&_nc_eui2=AeF07Eu3-Hc0xgKRoHQ5UykuWa-SJyk7u9pZr5InKTu72stm5Lh4cmN5QJ9RmBrP1kWS45hZ5GjzsnFDvMLaKTej&_nc_ohc=5WJ2-CLg9BQQ7kNvgESpHOG&_nc_ht=scontent.fhan2-4.fna&oh=03_Q7cD1QHs8JEQik3nwuPfbtbx4DkhdizTbP7FB5_9f7MjHFjnfg&oe=6680B759,,			Bách	Duyệt		
2024-05-27	FP - Beatvn	Đoàn Quốc Việt	Trước mắt quý bạn và các vị là 1 chậu sen cạn.  Đây là 1 loại hoa thuộc họ nhà sen tuy nhiên khác với giống loài của mình thì đặc biệt sen cạn không cần nước, càng khô hạn cây càng ra hoa.  Đây là loài hoa phổ biến ở vùng Nam Mỹ nhưng gần đây đã xuất hiện ở cả Bắc Mỹ và Việt Nam. Các kiều bào Việt Nam tại Cali cũng đang mong chờ ngày loài hoa này chính thức được du nhập vì nó phù hợp với môi trường khô cạn, thiếu nước quanh năm tại bang này <3  #Beatvn	https://scontent.fhan2-5.fna.fbcdn.net/v/t1.15752-9/280120227_483865043502987_852915536515209140_n.jpg?_nc_cat=107&ccb=1-7&_nc_sid=5f2048&_nc_eui2=AeEYdSigkSaU3pws2_KwKE3kU01QMsXl3WpTTVAyxeXdapBwG8rxCxjhUhdj_kGmGDYgshBNTjP7v_0k8hW7YHEF&_nc_ohc=LQL2a2Y9JJ4Q7kNvgESTt5S&_nc_ht=scontent.fhan2-5.fna&oh=03_Q7cD1QHMXwvswSwvR1pg7KZqt3X6L-yLCH5gKw-Onyp-ejrW_g&oe=6680D22F,,			Bách	Duyệt		
2024-05-27	FP - Beatvn	Nguyễn Hoàng Long	"ĐƯỢC BIẾT, BÉ VẪN ĐƯỢC ĂN BÁNH KẸO, CÒN PHẦN GÀ RÁN KFC ĐƯỢC 2 BẠN CÙNG LỚP CHIA PHẦN CHO ĂN CHUNG CHỨ KHÔNG NHƯ NGƯỜI MẸ CHIA SẺ BÉ BỊ ""NGỒI NHÌN""  Câu chuyện ""xót xa"" người mẹ chia sẻ lên mạng đã nhận nhiều sự ""đồng cảm"". Cụ thể là đồng cảm với cô giáo hay người mẹ thương con chắc mọi người sẽ có cảm nhận riêng.  Được biết bố mẹ em bé trong câu chuyện vẫn đóng quỹ lớp đầy đủ, nhưng lại không đồng ý đóng tiền quỹ phụ huynh. Về quỹ phụ huynh do tiền quỹ lớp đã gần hết, nên các phụ huynh đã thống nhất đóng quỹ phụ huynh để liên hoan.  Chia sẻ với báo chí, hiệu trưởng cho rằng đáng ra bộ phận tổ chức nên linh động mua thêm cho một suất cho cháu. Bà nói nhà trường sẽ ""yêu cầu cô chủ nhiệm rút kinh nghiệm"" sau sự việc.  Thật sự nghe người mẹ chia sẻ con về hỏi mẹ ""Mẹ ơi sau này lên lớp 2 con có được ăn liên hoan không"" thật sự thấy thương cho bé.  -Thỏ- #beatvn"	https://scontent.fhan2-5.fna.fbcdn.net/v/t1.15752-9/440943806_383314714092017_1156006982783428068_n.png?_nc_cat=106&ccb=1-7&_nc_sid=5f2048&_nc_eui2=AeEIdQC29TcUQnBcwSTj-KQLw-dDayS_U6nD50NrJL9Tqdf1DO81S6OoL-ngBvB1v_jZicMZugw6gCWBFXUFpIRu&_nc_ohc=2wG8iizbSPsQ7kNvgFcvxwH&_nc_ht=scontent.fhan2-5.fna&oh=03_Q7cD1QFWMC24-X6gP2Ot9ijhsmKs_jAEW-k4vEOnIrKvssGv6w&oe=6680AF06,,			Đạt	Duyệt		
2024-05-27	FP - Beatvn	Đậu Hồng Quân	Ủa, cô ơi😃  #Beatvn	https://scontent.fhan2-3.fna.fbcdn.net/v/t1.15752-9/438115817_3448711092088636_591483831822937559_n.jpg?_nc_cat=111&ccb=1-7&_nc_sid=5f2048&_nc_eui2=AeFG1SCYo9TNGsmhqp0T3G8U8rHZRc2KN8LysdlFzYo3wqRzjBO6TvRNxZ4q51FVMR2MfSs2BQNiOFwpbAOSyqfd&_nc_ohc=ejv1ZeAnFyYQ7kNvgGNHFAj&_nc_ht=scontent.fhan2-3.fna&oh=03_Q7cD1QGnWhc4HshwUQKKOkCtnYbaaruTwiWuqt5sT1HOtA0kgw&oe=6680C937,,			Đạt	Duyệt		
2024-05-27	FP - Beatvn	Tống Bùi Vĩnh Hoàng	BUỔI SỰ KIỆN GIÚP ANH EM TRÁNH KHỎI 7749 KIẾP NẠN KHI BOOK KOL 🥳  Anh em đã bao giờ đang gặp khó khăn trong việc tìm kiếm KOLs/KOCs phù hợp để book? Cho dù đã chi tiêu rất nhiều tiền bạc, thời gian nhưng sau khi đã book rồi thì khi triển khai lại không hiệu quả?  Hiểu được những trăn trở trên, BEAT Network chúng tôi sẽ mang đến một cuộc hội thảo online với chủ đề “ĐỪNG ĐỂ TIỀN RƠI” KHI BOOKING KOLs/KOCs!” - đây là nơi chúng tôi sẽ giải thích các vấn đề tại sao book KOL lại không hiệu quả và làm thế nào để tối ưu nhất công việc này. Ngoài ra anh em còn có cơ hội nhận quà đặc biệt trong buổi sự kiện.  Đăng ký ngay thôi anh em ơiii.  #Beatvn	https://scontent.fhan2-4.fna.fbcdn.net/v/t1.15752-9/441505491_469854198903103_6564137595325595606_n.jpg?_nc_cat=100&ccb=1-7&_nc_sid=5f2048&_nc_eui2=AeGttmDK0Iu22R1S0CSCXMb1weqErx9MziDB6oSvH0zOIEW5YkNvOUWzVwh08hT0urxVvOwm6o_nI8oNUM2HhzDx&_nc_ohc=PjiETbMN0RgQ7kNvgESR3-F&_nc_ht=scontent.fhan2-4.fna&oh=03_Q7cD1QHCRVxpXr0e-hao2U7OD65VdYN6Wai89yHGgnE1MFLO3g&oe=6680A10C,,			Đạt	Sửa/ xóa bài	“ngáo giá”	"Ngôn từ gây thù ghét"
2024-05-27	FP - Beatvn	Phạm Hồ Linh Phương	NHỜ CỘNG ĐỒNG BEATVN GIÚP TÌM VÍ   Kiếp nạn thứ 82.(Mong tìm ví lần 2)  Khẩn nhờ ace ban dì. Một phần do hậu covid trí nhớ giảm sút, một phần do ít khi lôi ví bé ra dùng (e k để tiền trong ví) nên cũng k nhớ rõ để quên ở đâu, thời điểm nào ( Khoảng thứ 4,5 tuần trc 23/5 từ Hoàng Ngân đến Linh Đàm ) Chỉ mong ai nhận được thì chuộc lại, trong ví là tất cả giấy tờ tùy thân quan trọng của tôi tên Phan Đình Bình gồm (như hình):  - 01 Thẻ Nhà báo - 01 Thẻ hội viên HNB - 01 Giấy phép lái xe - 01 Thẻ Căn cước - 03 Thẻ visa ngân hàng. Tôi xin cảm ơn và hậu tạ ạ : 0912222727  #Beatvn	https://scontent.fhan2-3.fna.fbcdn.net/v/t1.15752-9/436656932_1471850547036269_284932203026898641_n.png?stp=dst-png_s2048x2048&_nc_cat=111&ccb=1-7&_nc_sid=5f2048&_nc_eui2=AeHUhLFOYgfr25iMKg_3d4R11Eb2TVXjznHURvZNVePOcc69z2q-uvf9ADNFLTJPevZOvdH2JubTPInk_1cgbuhW&_nc_ohc=wXijXAWAbI8Q7kNvgEkhi6W&_nc_ht=scontent.fhan2-3.fna&oh=03_Q7cD1QGR1FLUcNX4nxQ3qr2nZksEdBGzoqhYhgWi76IFY4v9gA&oe=6680A193,,			Bách	Duyệt		
2024-05-27	FP - Beatvn	Nguyễn Tuấn Thịnh	"Tuấn Tót hôm nay nghỉ làm, em cầm theo chiếc bằng khen về quê khoe mẹ 🥰  Câu đầu tiên khi gặp mẹ em đã nói: ""Con vẫn nhớ lời mẹ phải kiếm tiền bằng chính sức lao động, và sẵn sàng giúp đỡ ai khi có cơ hội"". Hai mẹ con ôm nhau đầy xúc động trong căn nhà cấp 4, đơn sơ về vật chất nhưng là nơi đã sinh ra một chàng trai dũng cảm và tử tế..  #beatvn #news"	https://scontent.fhan2-5.fna.fbcdn.net/v/t1.15752-9/441447684_3299647793671175_3512292366719216167_n.png?_nc_cat=107&ccb=1-7&_nc_sid=5f2048&_nc_eui2=AeHSv5eC9tQgCV75ORz-vV7gN1YCkjpbdDY3VgKSOlt0NjoCIf6rQcdxP0GGl_j0e85HHyHp95wwjlyzjUn4z2rk&_nc_ohc=a5gMYWKzgckQ7kNvgEwo_ts&_nc_ht=scontent.fhan2-5.fna&oh=03_Q7cD1QHGiZee8nLPm7hRMVo0KShtbfCQljYjE0y4qJaM2yrdlg&oe=6680D517,,			Đạt	Duyệt		
2024-05-27	FP - Beatvn	Phạm Hồ Linh Phương	TRẺ NHỎ KHÔNG CÓ TỘI, VÀ CŨNG KHÔNG ĐÁNG ĐỂ BỊ RƠI VÀO HOÀN CẢNH NHƯ VẬY...   Tại buổi liên hoan cuối năm của lớp 1C, Trường Tiểu học Gia Lương (huyện Gia Lộc), em N không được ăn gà rán cùng các bạn. Vì thế mẹ em đã bức xúc đăng bài.   Hiệu trưởng Trường Tiểu học Gia Lương cho hay: Cả lớp có 32 học sinh, trong đó, 31 học sinh được bố mẹ đóng tiền để liên hoan. Riêng phụ huynh em N không đóng.  Ban phụ huynh mua 31 suất gà rán kèm khoai tây chiên và xúc xích, trị giá 40.000 đồng/suất. Số tiền quỹ còn thừa, lớp sẽ dành để khen thưởng, động viên cuối năm cho học sinh. Em N vẫn được ăn kẹo, bánh và bánh gato, chỉ không được một suất gà rán riêng như các bạn. Cô giáo chủ nhiệm chia sẻ, có 2 học sinh khác đã chia cho N một ít để ăn chung.  Hiệu trưởng khẳng định, việc học sinh này không được ăn mà phải ngồi nhìn các bạn liên hoan là không đúng.  Theo Vietnamnet  #beatvn	https://scontent.fhan20-1.fna.fbcdn.net/v/t1.15752-9/436636057_813862803663058_767312327700781852_n.jpg?_nc_cat=103&ccb=1-7&_nc_sid=5f2048&_nc_eui2=AeG41UrFKvkjcrqUeT3AYtzOcznsD6sPxexzOewPqw_F7Lj6Mj87etELoJs1kyYOZrQprhAeJ6b1LKdGZy9qs1QC&_nc_ohc=ry9P0pI00wkQ7kNvgGN_cMV&_nc_ht=scontent.fhan20-1.fna&oh=03_Q7cD1QHUxJLWkRpE3WQLrNFzSw-4G8rEnGo4abM-RJcuOHME1A&oe=6680CE98,,			Đạt	Duyệt		
2024-05-27	FP - Beatvn	Đoàn Quốc Việt	HÀ NỘI: 1 NGƯỜI ĐÀN ÔNG  BỊ TRẦM CẢM VÌ VỢ CẰN NHẰN QUÁ NHIỀU				Bách	Duyệt		
2024-05-27	FP - Beatvn	Nguyễn Hoàng Long	ĐỘ 🐦 TRẢ GÓP NHIỀU ANH EM CAY ĐẮNG KHI CHỈ THÊM SẸO CHỨ KHÔNG TO THÊM TÍ NÀO 🥹  Chị em thì đi nâng ngực, anh em thì đi độ 🐦. 50 triệu/1cm, chim sẻ hoá đại bàng. Nhiều anh em vung tiền không phải nghĩ vì một ngày mai tươi sáng hơn.  Ấy thế mà đại tu xong hí hửng đo đi đo lại nhưng vẫn thấy y nguyên. Cay lắm nhưng không dám làm gì vì sợ mọi người biết mình đi độ chym 🥹  -Thỏ- #beatvn	https://scontent.fhan2-5.fna.fbcdn.net/v/t1.15752-9/436421717_1385475935450457_5672192605784657355_n.jpg?_nc_cat=104&ccb=1-7&_nc_sid=5f2048&_nc_eui2=AeGovHyWg__8i3lHxVuDCBMNkJRlH6VWBwmQlGUfpVYHCe1YPeVwDoAcRmIh4P1CkfLRW74x9HfBE6dTG8ZJlXWL&_nc_ohc=Vb9fWZv3AtYQ7kNvgFBnp5R&_nc_ht=scontent.fhan2-5.fna&oh=03_Q7cD1QHILKoah-8Hi2MvAoPI9zYViD5ir4JF2HiCYX_CATlh1g&oe=6680C4DB,,https://scontent.fhan20-1.fna.fbcdn.net/v/t1.15752-9/441906812_7691667634260043_3634922051449784278_n.jpg?_nc_cat=103&ccb=1-7&_nc_sid=5f2048&_nc_eui2=AeFdxmATNs0Z6wJCOG-VTG45K3zqjjzm6oYrfOqOPObqhhQZpMA_50pBn_2vxkhC3UTtlUFnbf6GICvUXmzGryC1&_nc_ohc=xwue4hLGv7YQ7kNvgH9mU56&_nc_ht=scontent.fhan20-1.fna&oh=03_Q7cD1QGWT_NLcVQPKHtQ8Sm7_Z-Q8iPSBpJzuspJav2H2BElAw&oe=6680CC6E,,https://scontent.fhan20-1.fna.fbcdn.net/v/t1.15752-9/441013675_435410725790213_3162244042998978429_n.jpg?_nc_cat=102&ccb=1-7&_nc_sid=5f2048&_nc_eui2=AeHl-zZe-BzA7KhrWfeh7idVWowo653yVhxajCjrnfJWHPb1Z_wWKr6hRxcEFIHDKPli7uxM6Q2toJugfR9l3D0h&_nc_ohc=-vWk-LaNfVcQ7kNvgGEJpxl&_nc_ht=scontent.fhan20-1.fna&oh=03_Q7cD1QEKdIfBMHqI8yjM_4_09Vyo_Z6HYiKZTwiyaaRmT4TAFg&oe=6680D3B6,,https://scontent.fhan2-5.fna.fbcdn.net/v/t1.15752-9/436714022_1429134697806805_5930409275530492841_n.jpg?_nc_cat=104&ccb=1-7&_nc_sid=5f2048&_nc_eui2=AeEhyPmpr4uUr0_TKRGrdK3CYSOAtlXrwGphI4C2VevAausvQFnKgLSQAdA1n58mIZdZbPP39I13gFeIDEsm3s45&_nc_ohc=t5q8hQl_EqwQ7kNvgHUAAzT&_nc_ht=scontent.fhan2-5.fna&oh=03_Q7cD1QHfuISAS-ugJ3MFB6c8_KxNi67vvEPkS2poQU7X7adN7w&oe=6680D70F,,https://scontent.fhan2-3.fna.fbcdn.net/v/t1.15752-9/441945373_431192883180642_2147708160066902006_n.jpg?_nc_cat=111&ccb=1-7&_nc_sid=5f2048&_nc_eui2=AeFgfnGPKnXW1v9-LRFHikJepXdqWto2nYyld2pa2jadjFX_QvjIFM7mlR4mgMA5M_Th7NXU1xAwnN0PMY1zBhJF&_nc_ohc=chRj9UF6WTsQ7kNvgFJjaCg&_nc_ht=scontent.fhan2-3.fna&oh=03_Q7cD1QGUICgLooUO-DQdc5X3Y2rsNr12eQkaZQV4c850bdX_bQ&oe=6680CF33,,https://scontent.fhan2-3.fna.fbcdn.net/v/t1.15752-9/441053005_367873412938557_3873562252794037452_n.jpg?_nc_cat=108&ccb=1-7&_nc_sid=5f2048&_nc_eui2=AeGFu7B1QRl6Xe8H69eZxLTo2xSo0hqU0uXbFKjSGpTS5U_GU6HX4pavXPk3G2d6jx5SFqAj-c1zpj5K4Bg0H26C&_nc_ohc=GHtMhcsJMSEQ7kNvgH1EKBL&_nc_ht=scontent.fhan2-3.fna&oh=03_Q7cD1QH5l5uwQtTbocJyWG9qUL68pYnz4y46B3ndtezunyfiRw&oe=6680A587,,			Bách	Sửa/ xóa bài	Bỏ ảnh bênh nhân sửa chym	"Bắt nạt và quấy rối"
2024-05-27	FP - Beatvn	Lê Thị Thùy Dương		https://scontent.fhan2-3.fna.fbcdn.net/v/t1.15752-9/441970461_724061986365018_8721085850434464997_n.png?_nc_cat=101&ccb=1-7&_nc_sid=5f2048&_nc_eui2=AeEx-2mRMuZSHJ9WPfJGD2quyfpZc8znr2_J-llzzOevb-X_37ObHDJhf4L8SKvvJg91a7tZcBZWhsF5f6TumFbg&_nc_ohc=Qja-4bGDjo0Q7kNvgHqhI8r&_nc_ht=scontent.fhan2-3.fna&oh=03_Q7cD1QEXU_99AtY2CfrOz_VodIHV0RWemfzr8IgwBLb3AkHhXA&oe=6680A758,,			Đạt	Duyệt		
2024-05-27	FP - Beatvn	Đậu Hồng Quân	"THÍCH THÌ PHANG  Rạng sáng nay, khi đang lái xe lưu thông trên đường Bùi Thị Xuân (Bình Dương) thì anh tài xế bị một người đàn ông đầu trọc, mặc y phục giống nhà sư chặn lại dùng gạch tác động liên tục vào kính chắn gió xe tải khiến cho tấm kính bị vỡ nứt.  Theo đánh giá của các chuyên gia về võ thuật trên mạng xã hội, họ cho rằng đây có lẽ là một cao thủ ở ẩn của môn phái Thiếu Lâm, từ cách vận công, truyền công lực vào viên gạch cho thấy đây là chiêu thức ""Đại Lực Kim Cang Chưởng"" nổi tiếng trong giang hồ.  Tưởng chừng nhân vật này chỉ xuất hiện trong tiểu thuyết kiếm hiệp của nhà văn Kim Dung nhưng không, đây là đất Bình Dương nên không có gì là không thể.  Hiện công an đã tiến hành xác minh vụ việc, có lẽ sẽ nhanh chóng tìm ra in tư của vị cao nhân này. Một khi đã làm rõ phải trái, trắng đen thì các huynh đệ trong thiên lao sẽ phải tập xác định khi rất có thể sẽ có thêm 1 Hư Trúc xuất hiện trong cuộc đời của họ.  -Nhà Thơ Đi Exciter- Theo Tiền Phong #Beatvn"	https://scontent.fhan2-5.fna.fbcdn.net/v/t1.15752-9/438124804_1151753456136500_6155113062189119087_n.jpg?_nc_cat=106&ccb=1-7&_nc_sid=5f2048&_nc_eui2=AeEKf6TDhxSspOMfZwItomYxsMATg8N8DKmwwBODw3wMqSSNFlUrOx-fZASA1WzLrjB8DVBvHrRgGlFCr9jcU4So&_nc_ohc=TdD_HvMIZ5MQ7kNvgF8vcg0&_nc_ht=scontent.fhan2-5.fna&oh=03_Q7cD1QHDGT7FjC8zWk5kgVuk1eeFWD_F25c5t250QOHddKkumQ&oe=6680A133,,			Đạt	Duyệt		
2024-05-27	FP - Beatvn	Lê Thị Thùy Dương		https://scontent.fhan2-3.fna.fbcdn.net/v/t1.15752-9/442457813_766812725266231_2712872158584861873_n.png?_nc_cat=108&ccb=1-7&_nc_sid=5f2048&_nc_eui2=AeGLTxWsd7FT1f5rcWSvEfv6GikBlOToWykaKQGU5OhbKUqLvmdjUF7ABqI1Kmo0r66mHTcpiNhraqaV2D4t9hC5&_nc_ohc=PaH2cseweg4Q7kNvgEgCzpL&_nc_ht=scontent.fhan2-3.fna&oh=03_Q7cD1QEG5KWjczJvtMmS8HSWHqgOdTLKJiK0ntT6v51y53tBww&oe=6680B615,,			Bách	Duyệt		
2024-05-27	FP - Beatvn	Đoàn Quốc Việt	"‼️ CÓ THỂ BẠN CHƯA BIẾT: ANH NÚI CŨNG TỪNG SỞ HỮU 1 CỬA HÀNG QUẦN ÁO VỚI SLOGAN: ""MẶC THÌ CHẤT - ĐẤM THÌ NGẤT""  Ở tập 8 bộ phim ""Sóng ở đáy sông"", sau những biến cố với vợ thì anh Núi đã quyết định làm vụ cuối để lấy vốn làm ăn. Sau khi có tiền, Núi đã mở 1 sạp quần áo second-hand trên Hà Nội.  Thời đó các dân chơi chỉ quen với phong cách ăn mặc lịch sự sơ mi, quần tây nhưng Núi đã mạnh dạn dẫn đầu xu thế, trở thành 1 fashionista đưa văn hóa thời trang Âu Mỹ ra tận vỉa hè. Với áo chim cò, quần bò Lơ Vít, kính Dây-băng. mũ lưỡi trai,.... quán của Núi đã thật sự trở thành tụ điểm của những tín đồ thời trang. Núi đã kiếm bội tiền bởi tầm nhìn và guu ăn mặc của mình.  Nhưng không ngờ, đây cũng là bước ngoặt cuộc đời anh khi ngay sau đó, Núi thêm 1 lần nữa đi tù do lần trộm tiền làm vốn.  ""Sóng ở đáy sông"" phải nói là 1 bộ phim kinh điển của nền điện ảnh nước nhà và tạo được sức hút ngay cả với các khán giả trẻ. Và Núi cũng chính là vai diễn truyền hình tạo nên tên tuổi cho NSND Xuân Bắc - đến mãi sau này, những người ở thế hệ trước vẫn quen gọi nghệ sĩ với cái tên thân thương ""Anh Núi""  #Beatvn"	https://scontent.fhan2-5.fna.fbcdn.net/v/t1.15752-9/446032135_1155568618897906_2658802176007133484_n.png?_nc_cat=104&ccb=1-7&_nc_sid=5f2048&_nc_eui2=AeEvuytFEwERuJdfMxfF5NgHjggOm-elElqOCA6b56USWpc4pFVA8gOsKsSARiiRCXm9wCL-_gdCFBsch2apLktZ&_nc_ohc=3p-6O3YIfEYQ7kNvgEzbOZs&_nc_ht=scontent.fhan2-5.fna&oh=03_Q7cD1QEwQ9uduQV_IUOkpnb-8P2lFgyCvJTw4PfilTjBHBOogg&oe=6680B820,,https://scontent.fhan20-1.fna.fbcdn.net/v/t1.15752-9/441314112_769461792016242_5806699615708152276_n.png?_nc_cat=102&ccb=1-7&_nc_sid=5f2048&_nc_eui2=AeFctx8A2rPAJ-XeRfF-KWesdhxHNvCqQdh2HEc28KpB2Dfq57x4EUcmzcgPS8LNTZ5EvOrDIu04a1yW-ih6UkNB&_nc_ohc=dHBQVq_nlvUQ7kNvgFaVGE8&_nc_ht=scontent.fhan20-1.fna&oh=03_Q7cD1QF4n1HAiNXC4ienIo8HDuyEr8Bb5GhzLChVDIc6SxsOhg&oe=6680A668,,https://scontent.fhan2-4.fna.fbcdn.net/v/t1.15752-9/446016447_461837743000009_2759886007339645350_n.png?_nc_cat=100&ccb=1-7&_nc_sid=5f2048&_nc_aid=0&_nc_eui2=AeGP0DMrUZlRlh238C8fgQ8BC2_jzRfsMm4Lb-PNF-wybm-89h-nwn7RhHs83Sjcu6g5ievpwLJLFL6fv0QdOdZX&_nc_ohc=shElb_yNVJEQ7kNvgEpCcs4&_nc_ht=scontent.fhan2-4.fna&oh=03_Q7cD1QGDueASwFLfRSmD4uB3lRSZZ4kX6V7EY5I5DqKyiDLA-A&oe=6680D37A,,https://scontent.fhan2-4.fna.fbcdn.net/v/t1.15752-9/441869284_1005326041208920_6041777019440581604_n.png?_nc_cat=110&ccb=1-7&_nc_sid=5f2048&_nc_eui2=AeFmAx0nBCSmULMuLU_EK-WdchSJXxhcEmByFIlfGFwSYNRKrB0w_omziW4iP_gijOVaoOQk8TRYq2QdlEdJrvQm&_nc_ohc=os9aJnpSntkQ7kNvgHuUlUv&_nc_ht=scontent.fhan2-4.fna&oh=03_Q7cD1QFeFyysOk1wlSSQ8Gkh57bsNKkGrIyQ3tgSbQOuBSoz1A&oe=6680C958,,https://scontent.fhan2-4.fna.fbcdn.net/v/t1.15752-9/445551879_356781753694996_7818267610595805365_n.png?_nc_cat=100&ccb=1-7&_nc_sid=5f2048&_nc_eui2=AeHz1gsFsKQRKf3LZg9apZKjPGiqyX9A1UM8aKrJf0DVQwqDSqSt2CfLvNXtEyzCxD5EsGSctDG6-tKWDbuNQDNL&_nc_ohc=TosjHB98xVsQ7kNvgFl7W3L&_nc_ht=scontent.fhan2-4.fna&oh=03_Q7cD1QEOzagexNAlpdtJONo-qCTfEF4X9G0v-NHoe7CCg_L0-g&oe=6680D5FA,,			Đạt	Duyệt		
2024-05-27	FP - Beatvn	Nguyễn Phương Huyền 	Cách cư xử của ba mẹ có sức ảnh hưởng lớn thế nào đến con cái?  Trong tập mới nhất của Mẹ Vắng Nhà - Ba Là Siêu Nhân, cô elm năng động hề hước mà chúng ta biết đã có khoảnh khắc gục mặt yên lặng vì ba đã vô tình để em chơi một mình rất lâu.  Không quấy khóc, la ó, elm chỉ gục xuống im lặng, khi ba đến và xin lỗi, em cũng ôm ba thật chặt và chôn mặt vào vai ba. Hoàn cảnh đúng là có sức ảnh hưởng không hề nhỏ nhưng thứ lớn nhất tác động đến tính cách một đứa trẻ vẫn là sự giáo dục từ ba mẹ, đây là phương pháp trực tiếp. Cách ba mẹ yêu thương nhau sẽ gián tiếp định hình một đứa bé cũng biết yêu thương và hoà nhã với mọi người.  Khi người đàn ông trở thành cha, thành chồng của ai đó xin hãy nghĩ về trách nhiệm, sự san sẻ, tình yêu thương và sự tôn trọng. Câu chuyện gia đình không đơn giản dừng lại ở việc người đàn ông chỉ kiếm tiền, người vợ chỉ chăm con, nội trợ!  Cre: Showbeat  #beatvn	https://scontent.fhan2-3.fna.fbcdn.net/v/t1.15752-9/445574435_809157351207735_1203698669054725202_n.jpg?_nc_cat=111&ccb=1-7&_nc_sid=5f2048&_nc_eui2=AeFtDlzjEK23GHVojA8-RtSCULAGYTaAFsxQsAZhNoAWzPPiEy0r5ejbiJhPaVBmpXHfIhncNsnklb58-1o4odU0&_nc_ohc=pY2OPorccXsQ7kNvgE1lbKK&_nc_ht=scontent.fhan2-3.fna&oh=03_Q7cD1QE9ncENFzm5ajHXsRcQa1AAJR_EoZ1NbIPgs992IG3Psg&oe=6680A330,,https://scontent.fhan2-5.fna.fbcdn.net/v/t1.15752-9/442004760_1479157302691396_3481955662751404872_n.jpg?_nc_cat=104&ccb=1-7&_nc_sid=5f2048&_nc_eui2=AeFNzTK_rq_THKolNwakiuVlpcY7Ork9KFClxjs6uT0oUGlku2BdCVQ7qT8NnzodlQy4T-qF01dxGi7V3jNT6tmD&_nc_ohc=43KFNeih5tAQ7kNvgFhcvII&_nc_ht=scontent.fhan2-5.fna&oh=03_Q7cD1QElzWZ_uy48bi1DBDGVZbUzI0KZMRPokv_YUomFDDAftw&oe=6680B2A4,,https://scontent.fhan2-5.fna.fbcdn.net/v/t1.15752-9/441990935_1136808070939101_1230773022052761072_n.jpg?_nc_cat=106&ccb=1-7&_nc_sid=5f2048&_nc_eui2=AeF-aBCMahYJxT1B7VLfzGKGbXWCQ24Gv0ltdYJDbga_SfZUvKdM_0fRcOqG161hET4UgpZfReWK3Yd-Mru9epG1&_nc_ohc=5KtGDtVGl0UQ7kNvgH1yQDv&_nc_ht=scontent.fhan2-5.fna&oh=03_Q7cD1QEZLVbZrYxrc7aG1ghh3hslB5xSuLwfavL_5rmJnZSdcQ&oe=6680AF6B,,https://scontent.fhan2-3.fna.fbcdn.net/v/t1.15752-9/441019901_951191153423652_4604473937504769599_n.jpg?_nc_cat=108&ccb=1-7&_nc_sid=5f2048&_nc_eui2=AeHbGBiJqD6A5KIi7rbCRIaZ7LHz0KuV77LssfPQq5XvstyCubGA7MUcjzsL5C-eeultEWdkNOg9H21eObIdryW2&_nc_ohc=ZrE0VZsrIpsQ7kNvgGWVnOR&_nc_ht=scontent.fhan2-3.fna&oh=03_Q7cD1QEAwhzaNluEkD12qoCdbGmDEX7q2OMSW6QuRqGEjPGAYA&oe=6680C60D,,https://scontent.fhan20-1.fna.fbcdn.net/v/t1.15752-9/436406313_444040551665390_5220898035072966562_n.jpg?_nc_cat=102&ccb=1-7&_nc_sid=5f2048&_nc_eui2=AeHj3UGj2VUbdCJrJzZM36CJvyV1F17SGiO_JXUXXtIaI90t_CbaobKimazzP5mrDHp6FsYd4kzL3LYQvKdM6oUk&_nc_ohc=yb_y2dBAGkgQ7kNvgGNwRPm&_nc_ht=scontent.fhan20-1.fna&oh=03_Q7cD1QHGRQJgLQ62-OuyE47T7duW3e3Rz5bbRm35YlDPog8Daw&oe=6680BF1C,,			Bách	Duyệt		
2024-05-27	FP - Beatvn	Nguyễn Hoàng Long	"CỨ HƠI TÍ XÁCH NỒI CƠM THEO THẦY THÌ KHÔNG ỔN  Trái với chia sẻ là doanh nhân, tiền tiêu không phải nghĩ, theo tìm hiểu của báo Công Thương, người nhà của ""hộ pháp kim cang"" cho biết ông P. từng có thời gian làm mỏ than ở Quảng Ninh và mua được nhà. Tuy nhiên do chơi bời nợ nần nên đã bán nhà cùng vợ con vào Nam từ 2015 rồi thuê trọ, bán hàng ven đường.  Được biết người vợ đang ngày ngày làm may thuê nuôi 2 con nhỏ, 1 cháu 4 tuổi bị tự kỷ rất vất vả. Dù cho vợ con mỏi mệt mong ông quay về nhưng ông P. vẫn quyết tâm đi theo ""bảo vệ"" thầy Minh Tuệ.  Cũng lưu ý rằng, nhà hành giả Minh Tuệ từng nói những người đi theo ông không phải đệ tử, ông cũng không cần ai đi theo bảo vệ. Nhưng đến nay vẫn có gần 30 người mặc áo vá, tay xách nồi cơm đi theo với đủ mục đích.  -Thỏ- #Beatvn"	https://scontent.fhan2-5.fna.fbcdn.net/v/t1.15752-9/442713411_337470335795420_6913656473675527382_n.png?_nc_cat=104&ccb=1-7&_nc_sid=5f2048&_nc_eui2=AeEb2GbucJi6hR-yKEO046cRM0tWK2BJ8DYzS1YrYEnwNm6eDenmG0NL0Z5ow2MUwI53ibaeSkAAj3WbkrbWDurR&_nc_ohc=ASEdYXz57EQQ7kNvgHyUKrO&_nc_ht=scontent.fhan2-5.fna&oh=03_Q7cD1QE9egfWEokZrM0nFVnBMSAfK_VjVMoEN_S6OKmLT2fFGA&oe=6680CB10,,			Đạt	Duyệt		
2024-05-27	FP - Beatvn	Nguyễn Tuấn Thịnh	THƯƠNG IDOL:  JACK BỊ ĐỒN LÀ CHUYỂN CHO THIÊN AN 300 TRIỆU TIỀN NUÔI CON!  Từ khi nổi tiếng đến nay, Jack luôn nhận phải vô vàn lời qua tiếng lại đến từ cộng đồng mạng và giữa làn sóng võ thuật do Decao khơi mào thì Jack dù năm im nhưng cũng dính đạn lạc khi 1 người ác ý nào đó đã đồn Đóm Chúa chuyển cho Thiên An 300 triệu tiền nuôi con.  Rất nhiều Đóm Con đã tin xái cổ, rồi rưng rưng cảm thấy vinh dự tự hào với hành động đẹp của idol, còn về Thiên An thì cô phủ nhận hoàn toàn sự việc kể trên  🥹  #beatvn #news	https://scontent.fhan2-3.fna.fbcdn.net/v/t1.15752-9/415407833_1434277403966491_8561588015563366322_n.png?_nc_cat=108&ccb=1-7&_nc_sid=5f2048&_nc_eui2=AeFkEB5OqvTilSKJTgY3h60SQBRkpD63OGJAFGSkPrc4YrfyaEhkCarb6a8S4yYfmbKQ8UqPhmtMr_eG-pVnTI8A&_nc_ohc=lhSTHHNaZB8Q7kNvgFoDOpG&_nc_ht=scontent.fhan2-3.fna&oh=03_Q7cD1QEOnp52XYEwFJ_8yjztDFcUafwrR9tYNcjuqDbeFH0rKw&oe=6680BB4F,,			Bách	Duyệt		
2024-05-27	FP - Beatvn	Phạm Hồ Linh Phương	NỮ SINH OLYMPIA GIÀNH ĐƯỢC VÒNG NGUYỆT QUẾ HÉ LỘ THÀNH TÍCH ĐÁNG NỂ, SỞ HỮU VẺ ĐẸP KHIẾN TRI THỨC KHIẾN NHIỀU CON TIM RUNG ĐỘNG  Cô gái nhỏ Nguyễn Hà Vân Khanh đến từ trường THCS&THPT Việt Úc, Hà Nội vừa trở thành hiện tượng sau khi giành được vòng nguyệt quế trong cuộc thi Đường Lên Đỉnh Olympia Tuần 3 Tháng 2 Quý 3 năm thứ 24.  Nữ hoàng bấm chuông đã thể hiện khả năng trả lời câu hỏi siêu nhanh và dành vòng nguyệt quế chung cuộc. Ngoài kết quả ấn tượng, nhan sắc ngọt ngào của Vân Khanh cũng được chú ý.   Được biết, nữ sinh từng giành giải Học sinh giỏi cấp Cụm môn Vật lý; Quán quân Olympia cấp trường và đồng thời là phiên dịch viên cho các cuộc họp của thầy cô giáo nước ngoài.  Theo Vietnamnet #beatvn	https://scontent.fhan2-3.fna.fbcdn.net/v/t1.15752-9/436659255_1160738641791054_7393573916427785316_n.jpg?_nc_cat=111&ccb=1-7&_nc_sid=5f2048&_nc_eui2=AeGXyaSDw1Thbl9fUujeX6LkIS-P-NCBDbchL4_40IENt3SLqInJAPlF6XJWutWmX6aN9MYAhAOjUpVtnTiyJZxA&_nc_ohc=kbhH24D92WsQ7kNvgExqpz-&_nc_ht=scontent.fhan2-3.fna&oh=03_Q7cD1QEJU9H5kWdGMymiJVRoTp2DnQkbiElmlKT_WS8CbKTsjA&oe=6680B15E,,https://scontent.fhan2-3.fna.fbcdn.net/v/t1.15752-9/441953920_1139210187343453_6467787188178966393_n.jpg?_nc_cat=108&ccb=1-7&_nc_sid=5f2048&_nc_eui2=AeGot65vHSlOf-zTQqGMNvY3wmsTDH2wel_CaxMMfbB6XxqwTt5B6kiqTCmD0AYzuOQYQpR_h687Q9tbdsuC4inX&_nc_ohc=bMls3-87AdEQ7kNvgEBfoXM&_nc_ht=scontent.fhan2-3.fna&oh=03_Q7cD1QHdfZr8KW0_hw3skHnc1i8g2Dl7daxx9ltBZfxEB8xDgw&oe=6680C3F2,,https://scontent.fhan2-4.fna.fbcdn.net/v/t1.15752-9/436662928_371380945919457_9173781047294024321_n.jpg?_nc_cat=105&ccb=1-7&_nc_sid=5f2048&_nc_eui2=AeEz5MbbbX5cuzslX6EwvHMmZS8JfW5E0xNlLwl9bkTTE1JInpVDHMv_GfvtrvYowcK6_1wGN7js1r4ko-L6-mlz&_nc_ohc=jN1vf30SNFIQ7kNvgER7ez0&_nc_ht=scontent.fhan2-4.fna&oh=03_Q7cD1QGoF0_SduKT92NBeiCU1xlM0DTEtIJZv5wE2GSF-NLEUQ&oe=6680CAA6,,https://scontent.fhan2-5.fna.fbcdn.net/v/t1.15752-9/441946218_1171036137643858_4139858602931537158_n.jpg?_nc_cat=107&ccb=1-7&_nc_sid=5f2048&_nc_eui2=AeEnIGTQkM5swKyQP_SDTLllWSvuL94-oKJZK-4v3j6gogtz5A94MGUEr1ifgfpGhTEdFdWv_eCmaeFDTvrjXNtB&_nc_ohc=OhGr2HoCT90Q7kNvgE6gT5e&_nc_ht=scontent.fhan2-5.fna&oh=03_Q7cD1QGuB-ruIAfAtpDK2vwu--UYBsD702R71leLbVtRhW0Izw&oe=6680B837,,			Bách	Duyệt		
2024-05-27	FP - Beatvn	Nguyễn Tuấn Thịnh		https://scontent.fhan20-1.fna.fbcdn.net/v/t1.15752-9/445613964_372615675278214_1672849291837808520_n.png?_nc_cat=102&ccb=1-7&_nc_sid=5f2048&_nc_eui2=AeF8zg0np8ScfnZP0Ypk1PNoVyy15zgRG85XLLXnOBEbzm3pOy63BHhct_Rh7hF0irhKN3wdTprs__MYD74YKO9r&_nc_ohc=9bIUNPkaTSQQ7kNvgEQf33d&_nc_ht=scontent.fhan20-1.fna&oh=03_Q7cD1QHUem2R_zkMUS_h-uQByFuXD1Gmz1Do1YF7AtoQF8NNsg&oe=6680B2EE,,https://scontent.fhan2-5.fna.fbcdn.net/v/t1.15752-9/445622361_1515770462345666_4486147110215271701_n.png?_nc_cat=107&ccb=1-7&_nc_sid=5f2048&_nc_eui2=AeHEbQoMZfarOsYhOPmZQKvhiNHqsv_FHyeI0eqy_8UfJ4gq40SKOvk__MQFbBnbyCngwFnzEiZRvJDhrCKglV2I&_nc_ohc=vL85rlqTKUoQ7kNvgEeUOGa&_nc_ht=scontent.fhan2-5.fna&oh=03_Q7cD1QE54Y92BvjwN6POOyHqwgh34QQTQNrSECyy3VRjI9vQMQ&oe=6680CA86,,			Bách	Duyệt		
2024-05-27	FP - Beatvn	Đoàn Quốc Việt	Cuộc gặp gỡ giữa Decao, Châu Bùi và Binz  🥲	https://scontent.fhan20-1.fna.fbcdn.net/v/t1.15752-9/441515264_484455797259892_1725371486604432558_n.png?_nc_cat=109&ccb=1-7&_nc_sid=5f2048&_nc_eui2=AeGNIXmZjkTjfN1US7jt5lRPkzgU0CHO_3eTOBTQIc7_dzHs6mTLI5wYQ2tmSftKs60y47GCrte9G5aWXKQziQ7P&_nc_ohc=jK8IO9uvv8YQ7kNvgG4inq4&_nc_ht=scontent.fhan20-1.fna&oh=03_Q7cD1QHrm7dEfoy4jtFVGb7IraL_ab3AqF0pOgByNwDe7I4hbA&oe=6680CF45,,			Đạt	Duyệt		
2024-05-27	FP - Beatvn	Nguyễn Phương Huyền 	‼️ KHẨN THIẾT TÌM CHỒNG VÀ CON GÁI RA KHỎI NHÀ LÚC NỬA ĐÊM ‼️  Em xin mọi người giúp em với. Mọi người trên đường đi có gặp xe ôtô Tucson bks 19A564.80 màu đen nào ở đoạn nào thì gọi cho em với. Chồng em say rượu lái xe bế con em 3 tuổi đi cùng.   Ai bắt gặp người như ảnh và xe biển như trên ở đoạn nào giữ lại hoặc báo công an gần nhất giúp em với.   Nếu ai có tin gì xin báo cho em theo sđt: 0886311088. Gia đình em đội ơn ạ.  #beatvn	https://scontent.fhan2-4.fna.fbcdn.net/v/t1.15752-9/442393676_2524182037789847_4909837235990061671_n.jpg?_nc_cat=100&ccb=1-7&_nc_sid=5f2048&_nc_eui2=AeHlAKUgEQIqvGXp1kdOVmBDY87Y6BGsgtpjztjoEayC2qZQM0ozw6IyQeOCgyf3BibWeaoZjILK5Pp2imCTyon9&_nc_ohc=ifcssssCRBIQ7kNvgFNCCxa&_nc_ht=scontent.fhan2-4.fna&oh=03_Q7cD1QEojkIke6u_qu9nivQVY0rmhFKyFyL69GUpz3oMCJDx3g&oe=6680C4BE,,			Đạt	Duyệt		
2024-05-27	FP - Beatvn	Đoàn Quốc Việt	"""Chào mọi người, tôi là Núi - Phạm Quang Núi.  Tôi muốn chia sẻ về một sự việc đã xảy ra trong gia đình tôi gần đây và mong nhận được sự thấu hiểu từ cộng đồng.  Vợ tôi đang trải qua một giai đoạn vô cùng khó khăn khi cô ấy vừa bầu thì Hải Phòng bắt đầu vào mùa nóng. Điều này đã tạo ra rất nhiều áp lực lên cả cô ấy và gia đình chúng tôi. Trong một tình huống căng thẳng gần đây, tôi và vợ tôi đã xảy ra những xung đột không mong muốn. Vợ tôi, do ảnh hưởng của việc mang bầu và Hải Phòng rất nóng, đã có chửi em gái và em rể làm giáo viên của tôi là: ""Cái nghề bán cháo phổi, làm gì mà điệu chảy nước ra thế"". Điều này đã dẫn đến việc tôi không chịu đựng được và xảy ra việc tôi đã tương tác bằng miệng với vợ tôi: ""Mày có câm mie cái mồm mày đi không"" và lập tức vợ tôi cũng tương tác bằng miệng ngược lại rằng: ""Bà đếch câm đấy"".  Và sau đó tôi cũng mất bình tĩnh và tăng tương tác bằng tay. Đó là những sai lầm thực sự đáng trách khi tất cả đều mất bình tĩnh.  Tôi hiểu rằng việc này đã tạo ra rất nhiều tranh cãi và sự hiểu lầm. Tôi cũng phải thừa nhận rằng trong lúc đó, cả hai người đã phản ứng không đúng cách và điều này đã làm tình hình trở nên tồi tệ hơn. Tôi chân thành xin lỗi vì hành động của mình và rất hối hận vì đã để cảm xúc nóng giận chi phối.  Tôi đang cố gắng hết sức để cải thiện tình hình và hỗ trợ vợ tôi trong quá trình điều trị (Tôi có đính kèm ảnh đang chăm sóc vợ trong bệnh viện). Tôi mong mọi người có thể hiểu rằng mang bầu mà gặp thời tiết nóng nực là 1 tình huống rất cần cảm thông và không đáng nhận về chỉ trích. Chúng tôi đang làm tất cả những gì có thể để giữ gìn hòa khí gia đình và chăm sóc lẫn nhau trong thời gian khó khăn này.  Đồng thời, tôi cũng muốn bảo vệ em gái và em rể tôi, người đã bị đặt vào tình huống rất khó xử. Cả gia đình tôi đang cố gắng học cách hiểu và đối phó với những thách thức này.  Hi vọng mọi người hãy dành chút thời gian để hiểu và cảm thông với chúng tôi. Sự ủng hộ của các bạn là vô cùng quan trọng đối với gia đình tôi lúc này. Chúng tôi rất biết ơn sự cảm thông và ủng hộ từ mọi người.   Thêm một điều nữa là : chưa bao giờ tôi phân biệt Hải Phòng, Nam Định, hay Hà Nội, cũng không có bất kì bằng chứng nào chứng minh tôi có ý định như vậy. Nên mong các bạn không xuyên tạc câu chuyện.""  -Núi- Phạm Quang Núi  #Beatvn"	"https://scontent.fhan2-5.fna.fbcdn.net/v/t1.15752-9/442705759_1210197160393248_2450331240491151070_n.png?_nc_cat=107&ccb=1-7&_nc_sid=5f2048&_nc_eui2=AeGlO5k6Jjgo5BPoaYWAZjc_Omx2lKC5g9A6bHaUoLmD0CjRSHIukply6gJt5hYosa0eVQH-oecrxFuk57po0fzW&_nc_ohc=iNHtkdc3034Q7kNvgEjnVkp&_nc_ht=scontent.fhan2-5.fna&oh=03_Q7cD1QGNDpzVrZBSvR3siJ_1XK8wlfVkr9Vs64zbxzBPtGJFmw&oe=6680B12E
https://scontent.fhan2-5.fna.fbcdn.net/v/t1.15752-9/441430106_1695098791299413_6046447920072666853_n.png?_nc_cat=104&ccb=1-7&_nc_sid=5f2048&_nc_eui2=AeFl60PZi--LUzpDzrWjs809bbz-3tdtdfptvP7e1211-sp5TKL7zVt38Lkycu_lNqzIVm5tp_l9L-vCnfIP5Llj&_nc_ohc=4cQhg692ttIQ7kNvgFAaS-K&_nc_ht=scontent.fhan2-5.fna&oh=03_Q7cD1QFdlpPVjq5oV_q6jxsnraKFMKsdDJXcxI0FM7us-dn5XA&oe=6680A2FA
https://scontent.fhan2-5.fna.fbcdn.net/v/t1.15752-9/445387465_1966263587122286_7707212914495567040_n.png?_nc_cat=104&ccb=1-7&_nc_sid=5f2048&_nc_eui2=AeFeWvClz0JslKqk7Na6PW1dpQpduV5gCs2lCl25XmAKzXd8LsVZ4oPCjR_fNcrzW2_pec_nC3sznK99zR5b2UhB&_nc_ohc=FnjraSXZUFwQ7kNvgH9LZne&_nc_ht=scontent.fhan2-5.fna&oh=03_Q7cD1QGLGNNaEbojd99XB-q7SC3YWxoyetJQ1tHpjRQ6Eq0MfA&oe=6680A57C"			Bách	Sửa/ xóa bài	Blur máu	"Nội dung bạo lực và phản cảm"
2024-05-27	FP - Beatvn	Nguyễn Hoàng Long		https://scontent.fhan2-4.fna.fbcdn.net/v/t1.15752-9/441819342_1506953623254260_2966997648482456908_n.jpg?_nc_cat=100&ccb=1-7&_nc_sid=5f2048&_nc_eui2=AeGSIimZGXqoxuSmqGKpg-pymsZ7zkZaM4qaxnvORloziu14XGYHJ4ToGhVam_q3XNfmlVgvKEqk-LG6wG4J2Csx&_nc_ohc=7WPPWCyHxEUQ7kNvgGnZAMX&_nc_ht=scontent.fhan2-4.fna&oh=03_Q7cD1QGzEzQTZIeKe1aPcSHt36edsfuvGRtk26vMBuZhnA32YQ&oe=6680C15B,,			Bách	Duyệt		
2024-05-27	FP - Beatvn	Đậu Hồng Quân	"‼️Lâm Minh cạo trọc đầu trong story trên Instagram.  Không chỉ có thanh niên ""Decor"" phải cắt tóc vì có giao diện giống Decao, Lâm Minh mới đây xuất hiện với ngoại hình không còn tóc được cho là 1 phương án giúp cô giảm ""tương tác"" từ phía chồng khi không thể nắm được tóc.  #Beatvn"	https://scontent.fhan2-4.fna.fbcdn.net/v/t1.15752-9/438102092_1675694232967089_1196082833147998395_n.jpg?_nc_cat=105&ccb=1-7&_nc_sid=5f2048&_nc_eui2=AeG7VxdrFzZcacatdeLVeQtNMsSqboQCNdgyxKpuhAI12N3DanBwBo-xVAUeDZ8Kr0BBytSpJw5nsTYt6KC3C4uM&_nc_ohc=uPXlPmRpYiAQ7kNvgEsMhIO&_nc_ht=scontent.fhan2-4.fna&oh=03_Q7cD1QFLlbBsiFfJDFnITa-aXaV8mTqB6Js-DKuMCa3ZMulEAA&oe=6680C62D,,			Bách	Duyệt		
2024-05-31	FP - Chuyện của Hà Nội	Phạm Khánh Huyền	| 01 . 06 . 2024 - CHÀO THÁNG SÁU |   Chớp mắt đã trôi qua gần nửa năm, tháng Sáu thoáng chốc mà đến với Thủ đô.  Đã đi qua những ngày bằng lăng rực tím, đi qua mùa muồng hoàng yến rực vàng, cũng đã đi qua những ngày đầu hạ nắng rót xuống thành phố.  Muốn hỏi những ngày qua bạn thế nào, muốn hỏi công việc suôn sẻ chứ, thi cử sao rồi, đi làm có khó khăn gì. Nhưng rồi hình như điều quan trọng nhất, vẫn là dạo này mọi người có hít thở đều và sống hạnh phúc không?  Tháng Sáu tới đem theo những ngày nắng vàng ruộm, những ngày cuối cùng của đời học sinh áo trắng, những ngày tiếng ve đem mùa hè gay gắt trở lại.  Tháng Sáu, mong là bạn vẫn luôn nhẹ nhàng với bản thân mình, mong cái nóng nực không làm bạn quá khó chịu, mong một tháng mới tràn ngập những điều rực rỡ và trọn vẹn nhất.  Tháng Sáu, tháng mùa hạ, tháng thi cử, mình mong bạn chiến thắng chính bản thân mình.  | Chốn 📷: nguyễn mỹ linh | Chuyện của Hà Nội group	https://scontent.fhan2-3.fna.fbcdn.net/v/t1.15752-9/442488695_3423983334558853_2599753134538144691_n.jpg?_nc_cat=101&ccb=1-7&_nc_sid=5f2048&_nc_eui2=AeFmK5nVgddQPjEay4LqCr8ST0uBNss7_RVPS4E2yzv9FdZrbyHSb_Nl6JuncJUceq7BhVIl47fXcQC1boozPbmq&_nc_ohc=bVJi78PlrNYQ7kNvgF8Mm5V&_nc_ht=scontent.fhan2-3.fna&oh=03_Q7cD1QF4tmmDnT-bH7i01PxhfXd800ac1xMghfGvYyjWJyMCEA&oe=66820528,,			Đạt	Duyệt		
2024-05-31	FP - Chuyện của Hà Nội	Giáp Thị Thu Thảo	| 31 . 05 . 2024 - Ngày cuối cùng của tháng 5, bạn thế nào? |   Tháng 5 đến và đi như một cơn gió. Thời gian vẫn luôn trôi nhanh như vậy. Nó biết cách làm người ta lãng quên, cũng biết cách để người ta chờ đợi, hy vọng.   Tháng 5 này, buồn - vui có đủ cả. Nếu một tháng mà toàn niềm vui thì lạ quá, thế nên, đời vẫn cho mình nếm trải nỗi buồn.   Có những ngày tháng 5 chênh vênh khó tả, nhưng mình cũng đi qua rồi đấy. Mình mạnh mẽ thật. Giây phút này phải dừng lại ở đây để khen bản thân thôi. Ừm, rất kiên cường, rất cố gắng, là mình đấy.   Biết ơn tháng 5 vì cho mình được về nhà. Nhà giúp mình xoa dịu biết bao nhiêu là thứ không vui. Mình được nghỉ ngơi, vỗ về, rồi lại lên thành phố.   Những ngày tháng 5 hạnh phúc, lòng mình hân hoan, nghĩ lại vẫn thấy trân trọng.   Tháng 5 đi qua, để lại trong bạn điều gì?  | Thaor  📸: Đồng Văn Hùng	https://scontent.fhan2-5.fna.fbcdn.net/v/t1.15752-9/441730983_963865655288242_4095407114235592299_n.jpg?_nc_cat=104&ccb=1-7&_nc_sid=5f2048&_nc_eui2=AeHiSCr91tkoDnTe-2NED4VOajwFy2vQ4H9qPAXLa9Dgf3gCGEryKWYt4jUujj0vzPGl0w4MkLXnZ7mzbufUYZh6&_nc_ohc=eDwB1hKawNUQ7kNvgEk3NG3&_nc_ht=scontent.fhan2-5.fna&oh=03_Q7cD1QE7ZZ3pmLh6KFtDY-J9NkzNU3WzykBqrIxnqhZk4DXzew&oe=66821B7D,,https://scontent.fhan2-4.fna.fbcdn.net/v/t1.15752-9/441673378_1232693717716047_5020443240501824485_n.jpg?_nc_cat=100&ccb=1-7&_nc_sid=5f2048&_nc_eui2=AeGTGXUOa-Kybp_QzGk8SdGd9FNLXFSGY6_0U0tcVIZjryb1gLDrqACuV3RkW9tSBZ7Q6Cfgqgp0hlag2sKbng_m&_nc_ohc=o_w3jamzXh8Q7kNvgGrRZ-f&_nc_ht=scontent.fhan2-4.fna&oh=03_Q7cD1QF0dEFRMmlbTBi3Ynd6EliDFQgJHluQ2QrXd1Es7SqcnA&oe=6681FBF3,,https://scontent.fhan2-4.fna.fbcdn.net/v/t1.15752-9/441946189_1243617653684102_877123017726787657_n.jpg?_nc_cat=105&ccb=1-7&_nc_sid=5f2048&_nc_eui2=AeE4SOP0hQlADhaVMnNkvXA_1eQelx9CrGrV5B6XH0KsaowjI26HiFWX6nVPTQfddB0WaY_zC_s_Axv5_ecs6o1j&_nc_ohc=IvG8Rt5Bqt8Q7kNvgEFPcNA&_nc_ht=scontent.fhan2-4.fna&oh=03_Q7cD1QE-rMjjxWAYTHD2nkkg4T2rybTdfPNbrIOa8OVfiepOGw&oe=66821C6C,,https://scontent.fhan2-5.fna.fbcdn.net/v/t1.15752-9/436510642_1201045094433947_5480413066701474347_n.jpg?_nc_cat=107&ccb=1-7&_nc_sid=5f2048&_nc_eui2=AeF72j8y4K5cbjW18FdDLXPE2lTFlCMr32raVMWUIyvfaviQTO2zVqKaTOKvcfW1T3hZpCb4h-mQZBCm4pJx9XOr&_nc_ohc=cxlgrnEK6KsQ7kNvgGtMm_L&_nc_ht=scontent.fhan2-5.fna&oh=03_Q7cD1QFFWt0nOABlzIbeBN-Tfa_0rYHgzE61lOqhP59BUTL9aA&oe=66821132,,			Đạt	Duyệt		
2024-05-31	FP - Chuyện của Hà Nội	Giáp Thị Thu Thảo	| 31 . 05 . 2024 - Em là liều thuốc thần kỳ nhất mà anh có |   - Hôm nay anh mệt lắm, thế mà gặp em cái, anh khoẻ liền - Thật á?  - Thật mà, nhìn cái mặt xinh yêu của em, ai mà mệt cho nổi   Thì ra, tình yêu đơn giản lắm. Đi làm cả ngày, chỉ cần nhìn thấy nhau thôi là bớt đi muôn phần gánh nặng.   Thì ra, tình yêu là thế. Yêu ai, người đó là liều thuốc chữa bệnh hiệu quả nhất.   Thì ra, người ta yêu đương ngọt ngào, vui vẻ như vậy.   Hmm, hay là, người cô đơn chúng ta kiếm người yêu đi!   | Thaor 📸: Thu Hang	https://scontent.fhan20-1.fna.fbcdn.net/v/t1.15752-9/441603862_468716902200539_8967583463403957076_n.jpg?_nc_cat=102&ccb=1-7&_nc_sid=5f2048&_nc_eui2=AeFzgCPItZ-88P150Ha-7laLP8gB1MHr-M4_yAHUwev4zvkJq2Xy6r5WpAUv3oOQxhE1aUsXTuNhxUKJwddCpuCi&_nc_ohc=LUaEnpAFj64Q7kNvgG1L23T&_nc_ht=scontent.fhan20-1.fna&oh=03_Q7cD1QFt-e6Y3K6z5POa52tQWaey9UL4JwErPZ2RzmWVKlekow&oe=6681F897,,			Đạt	Duyệt		
2024-05-31	FP - Chuyện của Hà Nội	Giáp Thị Thu Thảo	Một việc nhất định phải làm khi cuối tuần ở Hà Nội:  Check giúp em ạ				Đạt	Duyệt		
2024-05-31	FP - Chuyện của Hà Nội	Giáp Thị Thu Thảo	Chill ở đâu?  ❌ Cafe ✅ Quán nước vỉa hè	https://scontent.fhan20-1.fna.fbcdn.net/v/t1.15752-9/441991890_907190101162861_5476463644252290731_n.jpg?_nc_cat=102&ccb=1-7&_nc_sid=5f2048&_nc_eui2=AeH3cd_GL2fBpGgijBRHLUpMeQMk3iwtImt5AyTeLC0iaxJMY4jwjRm3yCVSYkKrp21Amsf3qzSWGcFTVn21ytiC&_nc_ohc=dlAyCQSyVQQQ7kNvgEv3oSd&_nc_ht=scontent.fhan20-1.fna&oh=03_Q7cD1QE94E9WSKfTlRBk-o4cKtFir15OCff6_5j9wXP0sdHuWg&oe=66821784,,			Đạt	Duyệt		
2024-05-31	FP - Chuyện của Hà Nội	Phạm Khánh Huyền	BIẾN ĐIỀU TIÊU CỰC TRỞ NÊN TÍCH CỰC  “Lúc đầu tiếp nhận thông tin tiêu cực anh cũng cọc đấy, nhưng đấy cũng là động lực để anh lên nhạc. Rồi có kết quả tốt, cảm ơn các bạn đã ghét tôi, tôi lấy điều tiêu cực thành điều tích cực”  Andree Right Hand khi được hỏi về cảm xúc khi nhận được những bình luận không hay về bản thân, anh cho rằng người ta muốn nói gì cũng được, quan trọng là thành tựu và kết quả của mình làm.  | Chia sẻ trong Gặp Nhau Giữa Tuần Ep 05	https://scontent.fhan2-4.fna.fbcdn.net/v/t1.15752-9/441053022_1157074278664997_8764763660600460894_n.png?_nc_cat=110&ccb=1-7&_nc_sid=5f2048&_nc_eui2=AeHRat_c3uUCVlnZbKbHQryLcKITOJK9pU9wohM4kr2lT8zmNbf0wKE5SqYRjq2ZKah6kQyDiJsyDRXnM3XgDeoO&_nc_ohc=DpRgXWfaUIwQ7kNvgHyB3Pv&_nc_ht=scontent.fhan2-4.fna&oh=03_Q7cD1QEQ7wKcF0NnO9gdJM7xwBZRPUKnJQgLFhcUyDHN0uepzg&oe=6681F205,,			Đạt	Duyệt		
2024-05-31	FP - Chuyện của Hà Nội	Phạm Khánh Huyền	BẠN TÔI ƠI, THÁNG 6 TOÀN PHIM RẠP MỚI ĐÂY NÀY 🫵  Cần nhiều chiếc kèo đi xem phim, vì sắp tới toàn là phim hay phim hot. Bạn ơi, tôi muốn đi xem phim rạp, chuẩn bị đưa tôi đi thôiiii	https://scontent.fhan20-1.fna.fbcdn.net/v/t1.15752-9/440930544_765039335803566_944877188408756011_n.png?_nc_cat=103&ccb=1-7&_nc_sid=5f2048&_nc_eui2=AeH_RnlEs59c9DssjEQUfor8lqUdZcfFM2SWpR1lx8UzZKIpzJtKSv_8B-ygAdAwOf4ukQrqiTkfTwNFAgy6bGWT&_nc_ohc=YBIOsXJq188Q7kNvgEyO-jp&_nc_ht=scontent.fhan20-1.fna&oh=03_Q7cD1QFtObhE7MOX7dReswnapq3kPkF6roco-B6jLofMxyUZ5g&oe=66821AEE,,https://scontent.fhan2-5.fna.fbcdn.net/v/t1.15752-9/445380665_465047649532487_2384391580600322810_n.png?_nc_cat=106&ccb=1-7&_nc_sid=5f2048&_nc_eui2=AeGxrpKZ4wVDcmq-F8Xflouzc0fTjIhxc3BzR9OMiHFzcF_2P0E6AquBjuL5z_Dct6ugtqWshm0hy6HY_kHrAH6r&_nc_ohc=-FLLm_P1isIQ7kNvgGtlFob&_nc_ht=scontent.fhan2-5.fna&oh=03_Q7cD1QFuk0muqmkV9ceEa1cJcO9kxwoEFELA9Wxob_8eMU_hiQ&oe=66821C36,,https://scontent.fhan2-3.fna.fbcdn.net/v/t1.15752-9/445381929_464524422847662_4899992477539165745_n.png?_nc_cat=108&ccb=1-7&_nc_sid=5f2048&_nc_eui2=AeEYmcEl1MOB7hJRLr7h83FsSw77_cZvC2xLDvv9xm8LbCf1KFXSQszXslLQ0hYsJekyFgxiZbp8Tz-pXP9pEaH2&_nc_ohc=GGaUiM4IvSEQ7kNvgE1tK0h&_nc_ht=scontent.fhan2-3.fna&oh=03_Q7cD1QGOn_4S7HLSsrR17ySjTZ_hRBJR66BcA41Fd8LGexYQxA&oe=66822395,,https://scontent.fhan20-1.fna.fbcdn.net/v/t1.15752-9/441531155_983931140074507_8693858959773295312_n.png?_nc_cat=109&ccb=1-7&_nc_sid=5f2048&_nc_eui2=AeGaJoiafCQXvaXuiKR0a4lMDX-EbVIzfG4Nf4RtUjN8bhh-fHm_yG72MGd7UzGKHXNz-QzpYZSa90MH3DEw7TNc&_nc_ohc=p27jiXLxRWsQ7kNvgGxWFl1&_nc_ht=scontent.fhan20-1.fna&oh=03_Q7cD1QE8PifC5hVrxZ53WXyeu5khLDbtn6TLF3V3ZwYvnWPeVg&oe=66821A4B,,https://scontent.fhan2-3.fna.fbcdn.net/v/t1.15752-9/445563123_7712049178861321_2686981128292303938_n.png?_nc_cat=108&ccb=1-7&_nc_sid=5f2048&_nc_eui2=AeEI2Okp46ifzN9Xszl4tFj7ySZ5uNrfhmXJJnm42t-GZaF1mv6nyswqqMf6LcvEksbfZC4OwDuAfm4xAMzHef1D&_nc_ohc=4XUO8fO7mMIQ7kNvgHoFNKF&_nc_ht=scontent.fhan2-3.fna&oh=03_Q7cD1QHRwwuE2JgQoTpwSNNmzdkCPI7dv-MSj-raF22Aj1gIjg&oe=6681F586,,https://scontent.fhan20-1.fna.fbcdn.net/v/t1.15752-9/441729015_767017978589209_7583176373237270369_n.png?_nc_cat=102&ccb=1-7&_nc_sid=5f2048&_nc_eui2=AeGKUN1EOg8ZFY_eIrUBgy1s8A18wE7BRk3wDXzATsFGTfotmEVDuCxut918UC2qiV8siYZrPAoVkJuGBcxbpEjA&_nc_ohc=JqjtgZBhMPAQ7kNvgEMfG28&_nc_ht=scontent.fhan20-1.fna&oh=03_Q7cD1QFFo-c6HSVaoVU4645PqRYZwSrut_zeg51Y4qF_DE_fNw&oe=66821910,,			Đạt	Duyệt		
2024-05-31	FP - Chuyện của Hà Nội	Đinh Tiến Tuấn	Liên quan đến vụ việc đốt vàng mã ở cầu thang bộ khu tập thể D1 Thành Công, quận Ba Đình (Hà Nội), lực lượng chức năng đã tiến hành lập biên bản làm việc, ghi nhận nội dung vụ việc và lập biên bản xử phạt vi phạm hành chính đối với bà H. về hành vi: Sử dựng nguồn lửa, nguồn nhiệt ở những nơi có quy định cấm mức tiền phạt 4.000.000 đồng.  40 năm chưa thấy cháy bao giờ, nhưng thấy bay 4 củ là có thật rồi 🤐	https://scontent.fhan2-5.fna.fbcdn.net/v/t1.15752-9/445609462_1232116041136016_2150608359567562953_n.jpg?_nc_cat=104&ccb=1-7&_nc_sid=5f2048&_nc_eui2=AeHDSAw9On_wrJ_0g07AhxpI3kCQUQp1tHLeQJBRCnW0cgV1TYplwC9IZzLTMogDz1OOHXMR9qs3mRp30LVUGTuY&_nc_ohc=T9fZvlpjtFgQ7kNvgGEfTNo&_nc_ht=scontent.fhan2-5.fna&oh=03_Q7cD1QGB9FlW0xnJnm3uyBIC5mX52-ljOHg1t4C_S9IcFfJYvQ&oe=668204D4,,		https://l.messenger.com/l.php?u=https%3A%2F%2Flaodongthudo.vn%2Fdot-vang-ma-o-cau-thang-bo-ktt-d1-thanh-cong-nguoi-phu-nu-bi-phat-4-trieu-dong-171559.html&h=AT1R2E1TFqzJg-067WOyq8BdcR6Ey7FHXvVOhMyrLmsOxpgy8WEFNobvct4bpsRqAHpN1G8PkHKeFkucsqlJ8KoX7kFVffPTWE2A7OjN9sgAfsj5YLEvI14jQ713UU8t7PHr1J2uWHbN4w	Đạt	Duyệt		
2024-05-31	FP - Chuyện của Hà Nội	Giáp Thị Thu Thảo	Tôi: ngủ một giấc xong thấy cần healing liền				Đạt	Duyệt		
2024-05-31	FP - Chuyện của Hà Nội	Giáp Thị Thu Thảo	| 31 . 05 . 2024 - Cuối tháng, cuối tuần, lượn lờ không bạn ơi? |   Thời tiết hôm nay thật là thích. Thích hơn khi hôm nay vừa là thứ sáu, vừa là ngày cuối cùng của tháng 5.   Hà Nội đang trong trẻo, dịu mát lắm. Lâu rồi mới có được cái cảm giác khoan khái này. Ngột ngạt, bí bách đã được dọn dẹp hết.   Bạn ơi, lượn vài vòng hồ Tây rồi đá cây kem cho mát lạnh tâm hồn điii   | Thaor  📸: Thu Trangg	https://scontent.fhan2-5.fna.fbcdn.net/v/t1.15752-9/436524909_8057083630982980_6384776077813057828_n.jpg?_nc_cat=107&ccb=1-7&_nc_sid=5f2048&_nc_eui2=AeGvA7botusqW3wR_miAVav4fhpC8mgxfQZ-GkLyaDF9BvVts6l4DIX6uOuQ0l2yARtrWDEZRhpZXBMInTb08Oz9&_nc_ohc=97YYwNZevkUQ7kNvgFAEB-f&_nc_ht=scontent.fhan2-5.fna&oh=03_Q7cD1QG0ZO6bZIrHKY1B9sSoQASkb8p75Sqx9oPbwmzPhmybPA&oe=66821426,,https://scontent.fhan2-4.fna.fbcdn.net/v/t1.15752-9/441469052_1693730354497462_2149958787799411942_n.jpg?_nc_cat=110&ccb=1-7&_nc_sid=5f2048&_nc_eui2=AeH3EvosXM-xBtROq7OgZFlvnJ6R15n6PP6cnpHXmfo8_gw5RoOVXO4gRuunGcUCR14C-H4jFTAXeEGaTTDRQjM2&_nc_ohc=TgM_0j24_TIQ7kNvgGkI6Pt&_nc_ht=scontent.fhan2-4.fna&oh=03_Q7cD1QF8wThpU4iSqKn6rGcIGbztW2CXjMFddeMBlWELMUjcug&oe=66820C4D,,https://scontent.fhan2-4.fna.fbcdn.net/v/t1.15752-9/441126982_365163496566059_5835966073745966176_n.jpg?_nc_cat=105&ccb=1-7&_nc_sid=5f2048&_nc_eui2=AeGfIg5G8k_soRcUgnwSzMUNDUbQyv-KZZ0NRtDK_4plna9-sRASPTR1ftWHbqMkoB02QFA7xJov1UsvQuGYbGGC&_nc_ohc=7ZCyMzefmlcQ7kNvgH5iacf&_nc_ht=scontent.fhan2-4.fna&oh=03_Q7cD1QF7lGNQKlGflYz_VwlalH9Td2on8-mWlwI2H5nL3VVqXg&oe=66820520,,https://scontent.fhan2-4.fna.fbcdn.net/v/t1.15752-9/441888232_716582230493291_5737054664687852172_n.jpg?_nc_cat=100&ccb=1-7&_nc_sid=5f2048&_nc_eui2=AeEz2aFl16rOOsRpFQk5ybr4DOdEVXBOejYM50RVcE56NtKJfU_lfxjFOeNL7HvqJm8CoxHidcbYYWX8gI2MrMzr&_nc_ohc=3k4yUr6MP_0Q7kNvgFtN0qj&_nc_ht=scontent.fhan2-4.fna&oh=03_Q7cD1QFM_mFKMZO8vxg9D2U2uknXAgB2Y4AU13napuuqZhz_4w&oe=66820DFC,,			Bách	Duyệt		
2024-05-31	FP - Chuyện của Hà Nội	Hoàng Tuấn Anh	Vì một mùa hè Thủ đô không dám ra khỏi nhà...	https://scontent.fhan2-5.fna.fbcdn.net/v/t1.15752-9/441494918_755402756799787_6402776094986882789_n.jpg?_nc_cat=104&ccb=1-7&_nc_sid=5f2048&_nc_eui2=AeFpbUGl3f9syC2jGyJhJjeteNBaaJp1EMB40FpomnUQwHi4mLGLAet-2XYTMRTgBl4GAV-t51I7_jD1qhF4w_Fg&_nc_ohc=Wy-TiJeBvkgQ7kNvgHKhVis&_nc_ht=scontent.fhan2-5.fna&oh=03_Q7cD1QHSaKPI7pmWNsLQwOuca-nTqFZVCJU3XkFiCiy0cnonPw&oe=6681F8BF,,			Đạt	Duyệt		
2024-05-31	FP - Chuyện của Hà Nội	Đinh Tiến Tuấn	Thùy Linh (27 tuổi, Hà Nội) hiện đang làm content marketing cho một agency. Bên cạnh đó, cô cũng có 1 công việc freelance trong lĩnh vực tương tự. 14,5 triệu đồng là thu nhập trung bình 1 tháng của Thùy Linh.  Tuy nhiên, chẳng có tháng nào cô tiêu hết số tiền mình kiếm được.  Thùy Linh cho biết: “Tháng nào mình cũng gửi cho mẹ 5 triệu, vì gia đình mình thuộc diện khó khăn, dưới mình vẫn còn 1 người em đang học cấp 3, chi phí học thêm cũng tốn kém nên mình chủ động hỗ trợ bố mẹ lo một phần tiền học cho em. Đây là khoản cố định hàng tháng. Ngoài ra còn 1 khoản mà mình coi là cố định khác, là tiền tiết kiệm. Tùy vào thu nhập mà hàng tháng mình sẽ tiết kiệm 3-3,5 triệu đồng” .  Như vậy tính ra mỗi tháng, Thùy Linh chỉ còn khoảng 6 triệu đồng để trang trải cuộc sống ở Hà Nội. Thùy Linh cho biết cô luôn thực hiện 3 điều dưới đây để không bội chi tiền sinh hoạt hàng tháng.  1 - Thuê homestay ở ghép chứ không thuê phòng trọ riêng “Hình thức thuê phòng này khá giống với việc mình ở kí túc xá thời sinh viên nhưng sẽ thoải mái hơn chút. Như phòng mình thuê là 1 căn 30m2 khép kín, có chỗ nấu ăn và có 2 giường tầng - là 4 người 1 phòng. Chi phí thuê trọn gói là 1,9 triệu đồng/tháng bao gồm cả tiền điện, nước, gửi xe và phí dịch vụ luôn rồi. Thú thật là ở như vậy thì có bất tiện, không có sự riêng tư nhưng đổi lại là chi phí hợp lý nên mình thấy vẫn chấp nhận được” - Thùy Linh chia sẻ.  2 - Gần như luôn “nói không” với việc shopping Thùy Linh gần như không mấy khi mua quần áo, giày dép. Nếu có mua, cô thường chỉ mua mỹ phẩm, khoảng 4-5 tháng mới mua 1 lần chứ không phải thường xuyên.   3 - Nấu ăn bằng bếp gas, ưu tiên đi xe bus hơn xe máy Ngoài việc hạn chế shopping ở mức tối đa, Thùy Linh cũng không mấy khi ăn uống bên ngoài. Cô luôn tự nấu ăn tại nhà gần như cả tháng. Nếu không phải dịp đặc biệt như sinh nhật bạn bè hoặc bất chợt được thưởng nóng, Thùy Linh sẽ không ăn hàng, đặt đồ ăn về nhà cũng không nốt. Theo Nhịp sống thị trường			https://scontent.fhan2-5.fna.fbcdn.net/v/t1.15752-9/441091454_1220489445989778_4974267889129934357_n.jpg?_nc_cat=107&ccb=1-7&_nc_sid=5f2048&_nc_eui2=AeENtkjXGN6DtLWd4mNSIl96XiPAgtInFSJeI8CC0icVIjkJ6saJYVH5VCWfap2kmRe22deglRzaqREATdftuLS1&_nc_ohc=MfrRxHA_pNUQ7kNvgEmFnsV&_nc_ht=scontent.fhan2-5.fna&oh=03_Q7cD1QH69QA_2DBPpquYDEZSnJVmeeY_5uiSSPgabBfoec2Tyg&oe=66820D83,,	Đạt	Duyệt		
2024-05-31	FP - Chuyện của Hà Nội	Hoàng Tuấn Anh		https://scontent.fhan2-5.fna.fbcdn.net/v/t1.15752-9/441469048_1104446130621429_612891746240778838_n.png?_nc_cat=106&ccb=1-7&_nc_sid=5f2048&_nc_eui2=AeG7Mcm83vKAyHjlqw3oyXJtEC0tyszFJloQLS3KzMUmWrkrwpkPs0z4SQr68OnJWk0LlK0WxawTC8xt-7igPzLk&_nc_ohc=1gi0KBqj0B0Q7kNvgFv2GRQ&_nc_ht=scontent.fhan2-5.fna&oh=03_Q7cD1QE-IZYid4ki7hEhpX4qoUJXqUr-RjrZGC7pFPL6UcpFmw&oe=6682236B,,		https://vnexpress.net/nhung-nguoi-dan-ong-co-don-4746556.html	Đạt	Duyệt		
2024-05-31	FP - Chuyện của Hà Nội	Giáp Thị Thu Thảo	Ngày mai là Tết thiếu nhi, ai là em bé thì giơ tay lên nào 🙌🏻				Bách	Duyệt		
2024-05-31	FP - Chuyện của Hà Nội	Phuong Thao	"GỢI Ý BÉ NHỮNG ĐỊA ĐIỂM ĐI CHƠI TẾT THIẾU NHI 1/6  Nếu mình là trẻ con thì mình phải đi chơi 1/6. Nhưng nếu mình không phải trẻ con, thì mình cũng đi chơi 1/6.   Chắc hẳn các ""bé"" đang rất mong chờ vì đây là dịp các ""bé"" được vui chơi thỏa thích, tham gia những hoạt động thú vị, được người yêu dẫn đi chơi và nhận những món quà thật là xinh xắn.   Hy vọng những địa điểm dưới đây sẽ giúp các ""bé"" có một ngày lễ Thiếu nhi thật vui vẻ!"	https://scontent.fhan20-1.fna.fbcdn.net/v/t1.15752-9/441604000_359673030061023_1169700087995873251_n.png?stp=dst-png_p1080x2048&_nc_cat=103&ccb=1-7&_nc_sid=5f2048&_nc_eui2=AeGOeyErJ8tF0GtpPPIXEctdm88aqll4mrubzxqqWXiau837yatAb34CDe15cspHYrIE8izMR64FAtWjYC8WJjmq&_nc_ohc=clNRGsFqd6IQ7kNvgHkD-VI&_nc_ht=scontent.fhan20-1.fna&oh=03_Q7cD1QFxE4zBP9f2N_UwET0ZyqBkJOFbNU5bnQQrPs8qbuWW9w&oe=6681F7C4,,https://scontent.fhan2-4.fna.fbcdn.net/v/t1.15752-9/436730565_3781289518860029_5026275389342576307_n.png?stp=dst-png_p1080x2048&_nc_cat=110&ccb=1-7&_nc_sid=5f2048&_nc_eui2=AeFNhJw2bB1Uv64AkQWU-4x2mkpmGsUNCMSaSmYaxQ0IxIG6VCdHplONJwlmAW9cT_nIm1Mbev0uNiV18QufaNnq&_nc_ohc=QMmNAjN4SUoQ7kNvgExH30x&_nc_ht=scontent.fhan2-4.fna&oh=03_Q7cD1QHHPN3rO6po9XDch8_U3F-Rkq8x0kk41J36bwuGu6pz7g&oe=6681F5D6,,https://scontent.fhan2-3.fna.fbcdn.net/v/t1.15752-9/440566134_7523492467767213_3327404997617323847_n.png?stp=dst-png_p1080x2048&_nc_cat=111&ccb=1-7&_nc_sid=5f2048&_nc_eui2=AeEi7TG5fptV_b0vL9udI9m9QWqB6leC3tVBaoHqV4Le1fEVGF5qIlaudv8mnzTZMxzLhLEz0fqAuGZ0Dt3oj4Oo&_nc_ohc=-xy8CGHzDogQ7kNvgE5Qh5G&_nc_ht=scontent.fhan2-3.fna&oh=03_Q7cD1QHxKel4XN0WNEsIogDCnlAh12mwb3OhuhoZOgT94dGGxQ&oe=6681F891,,https://scontent.fhan2-4.fna.fbcdn.net/v/t1.15752-9/441431728_1529325611338747_381089725448217047_n.png?stp=dst-png_p1080x2048&_nc_cat=100&ccb=1-7&_nc_sid=5f2048&_nc_eui2=AeFO7Bh1_SAadyzepW-tWQFyblyp-EJktrVuXKn4QmS2te1z14vsfoLyXx9upyE7UB_B5IeAWteuhJ3sxNJx_zcI&_nc_ohc=mPlNCfYHjG8Q7kNvgEe_H50&_nc_ht=scontent.fhan2-4.fna&oh=03_Q7cD1QGI95TLnNeizjV8Y6kaJsu0zMePI3S5nrSwzYV5W5iJng&oe=6681FDB7,,			Đạt	Duyệt		
2024-05-31	FP - Chuyện của Hà Nội	Hoàng Tuấn Anh	Góc nhìn thay đổi cả con người :(	https://scontent.xx.fbcdn.net/v/t1.15752-9/441520843_826152332232434_1890610484527437315_n.jpg?stp=dst-jpg_p403x403&_nc_cat=109&ccb=1-7&_nc_sid=5f2048&_nc_eui2=AeGeSLkqH8OB0H80C-sGMH2t-u4jZT_dEqz67iNlP90SrDLhxIW8wz4ezuXyvieJC48ZlcLIO6g1c03-_-IBs5XC&_nc_ohc=0eR-IjPmRSsQ7kNvgHrtRTN&_nc_ad=z-m&_nc_cid=0&_nc_ht=scontent.xx&oh=03_Q7cD1QE5r48cvM9pYrgwuQAPnp4-YYsvIngAq43zMeNc_7a1nw&oe=66825191			Bách	Duyệt		
2024-05-31	FP - Chuyện của Hà Nội	Phạm Khánh Huyền	"[HỖ TRỢ TÌM NGƯỜI THÂN]  Em: Phạm Quốc Hưng  Sinh năm 2003, đang sống và làm việc tại phố Nhổn - Hà Nội Em mất tích từ ngày 18/05/2024, gia đình không liên lạc được và đi tìm ở chỗ em hay qua lại không có tin tức gì. Em đã mất tích 13 ngày hiện tại gia đình rất lo lắng và sốt ruột.  Gia đình xin cảm ơn và hậu tạ ạ!
Ai nhìn thấy em ở đâu xin vui lòng báo cho gia đình theo SĐT 0335988570 - Em Lộc"	https://scontent.xx.fbcdn.net/v/t1.15752-9/442460654_339852155563961_7982753182253284374_n.jpg?stp=dst-jpg_s403x403&_nc_cat=107&ccb=1-7&_nc_sid=5f2048&_nc_eui2=AeG4Hs7fQK3xAYi9pOYhml7UbTpXLf9G9tttOlct_0b223_76fn7bFnCIS5F1x_tnaQBYidEVguK9Rj7X79vrHYZ&_nc_ohc=KLZezjJVoYgQ7kNvgFlRppL&_nc_ad=z-m&_nc_cid=0&_nc_ht=scontent.xx&oh=03_Q7cD1QHa3u-v8G7agyJijsfUaTZNDM3y0c46Wv4T1rvVueSLOA&oe=66826DC5			Bách	Duyệt		
2024-05-31	FP - Chuyện của Hà Nội	Đinh Tiến Tuấn	MONG CON YÊN NGHỈ     Sáng nay, lễ tang của cháu T.G.H. - cháu bé 5 tuổi bị bỏ quên trên xe đưa đón dẫn đến tuvong đã được tổ chức tại nhà tang lễ TP Thái Bình.   Sự ra đi quá đột ngột của H. khiến những người đến chia buồn với gia đình đều không kìm nỗi xót xa, thương cảm. Mẹ của H. liên tục ngất xỉu trước sự ra đi đột ngột của cậu con trai bé bỏng. Gia đình phải nhờ đến sự hỗ trợ của các nhân viên y tế   Xin được gửi lời chia buồn sâu sắc tới gia đình.   Theo: Phụ nữ Việt Nam	https://scontent.xx.fbcdn.net/v/t1.15752-9/441958595_1712921582844756_5760180295146734995_n.png?stp=dst-png_p403x403&_nc_cat=103&ccb=1-7&_nc_sid=5f2048&_nc_eui2=AeGYBG0kjygLwDnGklHOmibXrGmIEsRFbD-saYgSxEVsP18k_yuuaFyiTOP2EPpR7I__ZRClB4gnW_ZS5op1EBjM&_nc_ohc=WFmut16yBHUQ7kNvgFvlLIa&_nc_ad=z-m&_nc_cid=0&_nc_ht=scontent.xx&oh=03_Q7cD1QERG1lPv66DwNF0vLcnUgJgppedGv1d5lfSsKM-VorhDA&oe=668262BB			Đạt	Duyệt		
2024-05-31	FP - Chuyện của Hà Nội	Hoàng Tuấn Anh	"Không mất tiền thuê nhà và chỉ có nguồn thu duy nhất, N. Hà tìm cách sống tiết kiệm với ba triệu đồng mỗi tháng, tối giản các nhu cầu giải trí.  - Tiền điện nước: 500.000 đồng - Vé xe buýt: 300.000 đồng - Điện thoại: 90.000 đồng - Tiền ăn (bữa sáng, tối): 1.500.000 đồng - Nhu cầu giải trí, làm đẹp, quần áo: 600.000 đồng  Cô lý giải về việc đặt ngân sách ba triệu đồng cho một tháng sinh sống tại Hà Nội: ""Mình hiện chỉ có một nguồn thu duy nhất, là mức lương cơ bản đối với nhân viên văn phòng tại thành phố lớn. Nên nếu mình không tiết kiệm, tức là mình đang tự đặt bản thân vào thế bấp bênh. Hơn nữa, tuổi lao động của mình cũng có hạn, nên nếu không lên kế hoạch sớm, tuổi già sẽ rất bất an"".  Về các nhu cầu giải trí, giao lưu, Nghiêm Hà cảm thấy việc cắt giảm chúng không quá khó khăn bởi cô có vòng tròn mối quan hệ nhỏ. Bản thân cô cũng không phải ở trọ nên không phải chi khoản tiền này. Riêng tiền ăn trưa, công ty hỗ trợ nên cô tự nấu bữa sáng, tối, hạn chế ăn ngoài tiệm, thi thoảng về quê ăn cơm với ba mẹ. Theo Vnexpress"	https://scontent.xx.fbcdn.net/v/t1.15752-9/441511821_1407320603315092_583576384430218660_n.png?stp=dst-png_p403x403&_nc_cat=108&ccb=1-7&_nc_sid=5f2048&_nc_eui2=AeEoUb0G0pKnmwnj_N2f9g-6bwHOvB2G0FVvAc68HYbQVd4ezTAcyYxFpXJX3T1utjBZjKNKPtjQuW-5gvLcpVV6&_nc_ohc=ecmpKBBKHsEQ7kNvgF1aYJQ&_nc_ad=z-m&_nc_cid=0&_nc_ht=scontent.xx&oh=03_Q7cD1QG6bbYjs16brHyliKbsGgCFg1srXOCiWkSa44RXFiY5Aw&oe=66826E5F		https://ngoisao.vnexpress.net/co-gai-song-o-ha-noi-voi-ba-trieu-dong-moi-thang-4752225.html?fbclid=IwZXh0bgNhZW0CMTEAAR2wTnFNiyyZNe0__uNRt4roz4XW7DPZGTTgeO3u9aUcHku9OFveoVxyJVc_aem_AbKhJEGDvq8RP7gHrbDy7mozoZzGq_QULqlFSAuz8B8t1lSXigGnaWSuWLPb6iRUztyV0rEP2CkEML_uyF5ZJ86P	Đạt	Duyệt		
2024-05-31	FP - Chuyện của Hà Nội	Hoàng Tuấn Anh	mưa đến hết tuần nhưng Ngã Tư Sở vẫn đang quá nóng	https://scontent.xx.fbcdn.net/v/t1.15752-9/436710773_2434756823387137_6988945460309076498_n.png?_nc_cat=103&ccb=1-7&_nc_sid=5f2048&_nc_eui2=AeG2lsNeu3iB190-SVYvuAA4w1zLukpFE_HDXMu6SkUT8dCm0Al3acYmy2Xqp5SfBZOrWpJST73YKB3YV5V4kQe3&_nc_ohc=oJdZhZ9mbN0Q7kNvgGCE-G9&_nc_ad=z-m&_nc_cid=0&_nc_ht=scontent.xx&oh=03_Q7cD1QEuZ3XHDY19QNxJQzIvpCIK-kzAB821xRbBKWfsvM2czw&oe=66825D6A			Đạt	Duyệt		
2024-05-31	FP - Chuyện của Hà Nội	Hoàng Tuấn Anh	Người anh em Pha Lê của tôi có chỗ ngồi ưng phết nhỉ 🤭	https://scontent.xx.fbcdn.net/v/t1.15752-9/441819343_446609401347671_4594113021881984870_n.png?stp=dst-png_p403x403&_nc_cat=111&ccb=1-7&_nc_sid=5f2048&_nc_eui2=AeFnpwUoK2Xj92_J9--eYCK0X4KrXQa6yNdfgqtdBrrI17ro8z_Q_G_bZVbMK3MVO5XLP3AT0hoilrGncAgZagoZ&_nc_ohc=qg9joKLED50Q7kNvgHk9NC-&_nc_ad=z-m&_nc_cid=0&_nc_ht=scontent.xx&oh=03_Q7cD1QGo1dCfOx2CPjKWasizTvGOWNpKj4HFcpMxbsCCsM7zOA&oe=6682489B			Bách	Duyệt		
2024-05-31	FP - Chuyện của Hà Nội	Hoàng Tuấn Anh	Theo đại biểu Hiền, Việt Nam đang là quốc gia có tỷ lệ chênh lệch giới tính khi sinh cao thứ 3 khu vực sau Ấn Độ và Trung Quốc. Theo Tổng cục thống kê Việt Nam, nếu vấn đề này không được kiểm soát hiệu quả, dự báo Việt Nam có số lượng nam giới nhiều hơn nữ giới là 1,5 triệu người vào năm 2034, Việt Nam sẽ phải đối mặt với nhiều vấn đề như: thiếu hụt lao động nữ trong các ngành nghề phù hợp, tăng tình trạng độc thân không tự nguyện của nam giới, người già độc thân tăng gánh nặng cho an sinh xã hội, phá vỡ cấu trúc gia đình truyền thống,…  Đại biểu Thu Hiền cho rằng, cần nhận diện bình đẳng giới một cách thực chất hơn nữa, chênh lệch giới tính khi sinh tăng cao là biểu hiện rõ nhất của bất bình đẳng giới.				Đạt	Duyệt		
2024-05-31	FP - Chuyện của Hà Nội	Hoàng Tuấn Anh	Theo dự báo, năm 2034 số lượng nam giới tại nước ta nhiều hơn nữ giới là 1,5 triệu người. Việt Nam sẽ phải đối mặt với nhiều vấn đề như: thiếu hụt lao động nữ trong các ngành nghề phù hợp, tăng tình trạng độc thân không tự nguyện của nam giới…	https://scontent.xx.fbcdn.net/v/t1.15752-9/441511828_3912284815724577_461164171924023212_n.png?stp=dst-png_p403x403&_nc_cat=101&ccb=1-7&_nc_sid=5f2048&_nc_eui2=AeHRoYwX-X5TI-GXXgfqkj_zu18oP8Jdkm27Xyg_wl2SbQXkVTh0Bi9eeleeyUIK6aj0PKy4lDZdrIo0AeOGKuK4&_nc_ohc=QyVKkS1_V_gQ7kNvgF1Adyh&_nc_ad=z-m&_nc_cid=0&_nc_ht=scontent.xx&oh=03_Q7cD1QHTa7vFSA9gLqmBtDvxCJYXEfOLTeL5VDC_4AlRo1TDhQ&oe=668268B1			Đạt	Duyệt		
2024-05-31	FP - Chuyện của Hà Nội	Phạm Khánh Huyền	HÀ NỘI SAU CƠN MƯA SỚM  Để kể bạn nghe, về một Hà Nội trong veo sau mưa, thời tiết man mát, phố xá không còn oi bức nhiều, nhìn đâu cũng là sự dễ chịu.  Để nói bạn nghe, thời tiết này mà ngồi văn phòng thì thật là phí…  | Chốn	https://scontent.fhan2-5.fna.fbcdn.net/v/t1.15752-9/441956308_7759337470822531_1244027132770647648_n.jpg?_nc_cat=104&ccb=1-7&_nc_sid=5f2048&_nc_eui2=AeEv-RpoOKHqgmJ9P0_FV70nHE6WbK22B4UcTpZsrbYHhSmQ2AMRj3VCXERwxZbXmTEuGS8rRF8yg8gkqNeZMVDj&_nc_ohc=3sFfyXKUdHkQ7kNvgEjlWDZ&_nc_ht=scontent.fhan2-5.fna&oh=03_Q7cD1QGQDyzbBjVVhw0XOe0SEdD43P33oWoQH3kx0qfrNr_tRA&oe=6680BFAC,,https://scontent.fhan2-3.fna.fbcdn.net/v/t1.15752-9/436276619_2597555130425200_4731434367303414120_n.jpg?_nc_cat=111&ccb=1-7&_nc_sid=5f2048&_nc_eui2=AeGi1iQBFErs3iMh6yoOnOKP7IYIvaMjDWLshgi9oyMNYk_0fDzIXdy4GO0RAHf2bw3IR_3T37JmrPE5IWC8gi8Q&_nc_ohc=np3QcD0LotEQ7kNvgHQlN8x&_nc_ht=scontent.fhan2-3.fna&oh=03_Q7cD1QHGTf10zhpDo8BlcvH7gPDewJbWJ463QgoMv5MaUK5Xww&oe=6680A893,,https://scontent.fhan2-3.fna.fbcdn.net/v/t1.15752-9/441956356_1648534365898450_1673532708254132255_n.jpg?_nc_cat=101&ccb=1-7&_nc_sid=5f2048&_nc_eui2=AeHfeQTh9z5qK0klOURcMcVpNZxGX1IBePM1nEZfUgF480KwiCajQQWA4RifHpOcEbwsUkMCzS1svirO9pRC2mJY&_nc_ohc=aDBdWI7QLzkQ7kNvgGtYhHL&_nc_ht=scontent.fhan2-3.fna&oh=03_Q7cD1QEHAEH70ibg14pnHEUbABTO3r4pd2iAHSPnmlVzugrPew&oe=6680C3E0,,https://scontent.fhan2-3.fna.fbcdn.net/v/t1.15752-9/436117555_1009683190720792_2771489904636432088_n.jpg?_nc_cat=111&ccb=1-7&_nc_sid=5f2048&_nc_eui2=AeHk6UseHEptWa-XkW2UCbxE-_-Mv6MbEq77_4y_oxsSrv2LZSG-gBskLfndsSHJu-x39Z9nzODBWvBxpS6yEcIP&_nc_ohc=9S4hZeBY7Z4Q7kNvgHCpzbz&_nc_ht=scontent.fhan2-3.fna&oh=03_Q7cD1QFmfDMBEm4hzMCgOqdPo-yRVDe2rYHKBYHBW3N0YZTJNg&oe=6680A768,,			Đạt	Duyệt		
2024-05-31	FP - Chuyện của Hà Nội	Giáp Thị Thu Thảo	| 31 . 05 . 2024 - Tháng 5 chào ta bằng một sáng mưa, một trưa mát |   Ngày cuối cùng của tháng 5, Hà Nội tặng chúng ta một cơn mưa rào. Mưa xong, trời quang, mây thưa và gió mát. Cảm giác sung sướng là đã hơn mười giờ sáng, ngó nghía ra ngoài không thấy một giọt nắng vàng, khí trời như đang ở độ chớm thu.   Dòng xe tấp nập, tán cây khẽ đung đưa, lòng người cũng được thổi mát.   Ôi trời, Hà Nội thế mà cũng đến ngày để yêu. Vừa cuối tháng, vừa cuối tuần, tội gì mà không lên cái kèo bạn nhỉ?   | Thaor 📸: nguyễn mỹ linh	https://scontent.fhan2-5.fna.fbcdn.net/v/t1.15752-9/441505498_750486173940001_8267844421899613751_n.jpg?_nc_cat=107&ccb=1-7&_nc_sid=5f2048&_nc_eui2=AeFuLoJ8BIB9HcHk7AlCapzMLoW7ETOaZgIuhbsRM5pmAu1KTAGO_aN37QJOnVv_s4KhFoWVWTqv_6yeDCSvizJw&_nc_ohc=Lxf_TKwWmNwQ7kNvgHSPPxW&_nc_ht=scontent.fhan2-5.fna&oh=03_Q7cD1QGhGIoErP3MJBnp2bTCwKd0yqYRRMyzheBhseMcOG8Nfw&oe=6680A204,,https://scontent.fhan2-3.fna.fbcdn.net/v/t1.15752-9/441563467_804043918065796_7994028399820742121_n.jpg?_nc_cat=108&ccb=1-7&_nc_sid=5f2048&_nc_eui2=AeHhZU1rDyhWkyMkuvmF_oREsNC4eBQlnESw0Lh4FCWcRJLacADZFEWeyMsElZWRObbFTMCOaxEThiiH8T21yMIH&_nc_ohc=tUtExd7qctUQ7kNvgHnBxeJ&_nc_ht=scontent.fhan2-3.fna&oh=03_Q7cD1QFxywlHlasO3LoiMy2XLMgNq_3sJDqCbCFmp7ZXZRC9Hw&oe=6680D219,,https://scontent.fhan2-4.fna.fbcdn.net/v/t1.15752-9/446040225_834909355328398_7012201953285883457_n.jpg?_nc_cat=100&ccb=1-7&_nc_sid=5f2048&_nc_eui2=AeEtGSFmcTZD2DRMB3AJek5XjnOsy2k08-KOc6zLaTTz4sTDgQgUQb2Eoxc0XuZzozBvWtYB9nQqF_WTdGMK7yRs&_nc_ohc=gcD6B7SAwcwQ7kNvgFM9PaB&_nc_ht=scontent.fhan2-4.fna&oh=03_Q7cD1QFV77J35wy-0NbUD2v_2ocUQFk9q4pJ99umE1EkgAJKbA&oe=6680BD1E,,https://scontent.fhan2-4.fna.fbcdn.net/v/t1.15752-9/441891245_416608347935721_4540136349605998493_n.jpg?_nc_cat=110&ccb=1-7&_nc_sid=5f2048&_nc_eui2=AeEdNujOB2u_VWXek528DAUm3p6QyxF9H7LenpDLEX0fsl0YFoBxHueXy5OUDAGVJEj6WOYxWtGT86-1krIkln_4&_nc_ohc=SCrQmaMQ2Q8Q7kNvgGi6yDW&_nc_ht=scontent.fhan2-4.fna&oh=03_Q7cD1QE9Q5rj9P4uoDH2qNfKRPzmxTeDNMUcT4DtiVslLjhjng&oe=6680B2BA,,https://scontent.fhan20-1.fna.fbcdn.net/v/t1.15752-9/445374154_1649076599176755_4638032215334828479_n.jpg?_nc_cat=102&ccb=1-7&_nc_sid=5f2048&_nc_eui2=AeE7nGPCO9QjMFl6sEdGlS2IXYra9tLTZC1ditr20tNkLc08PtAP5a45QqSdFhp0bORs-qU0q5NNZsnBil7rR4Fd&_nc_ohc=vIMMK1359XIQ7kNvgHdmXl2&_nc_ht=scontent.fhan20-1.fna&oh=03_Q7cD1QGx3wf7iXPqoxVr0SARYeY085wFibgJEXHnHB6LKMNZ4Q&oe=6680D383,,https://scontent.fhan2-3.fna.fbcdn.net/v/t1.15752-9/441923963_472731782076739_3235806792549454700_n.jpg?_nc_cat=108&ccb=1-7&_nc_sid=5f2048&_nc_eui2=AeEvqWzO2ncSlRkPdZXbRCkzzarIvP3EV2nNqsi8_cRXafeodDe4jga7oFFROCemaGzsaBa6RMIPcpdBjXLR1Td8&_nc_ohc=255aVBCjjMQQ7kNvgFxhXwR&_nc_ht=scontent.fhan2-3.fna&oh=03_Q7cD1QEtOZXIx2ymgqVkW5vVd1VTPmW0LASCnHG9gVRyToPUxw&oe=6680AB12,,			Đạt	Duyệt		
2024-05-31	FP - Chuyện của Hà Nội	Đinh Tiến Tuấn	"Nguyễn Quang Vinh, học sinh trường THPT Trương Định chia sẻ, mẹ em kết bạn rất nhiều phụ huynh trong lớp trên các nền tảng mạng xã hội như Facebook, Zalo. Cứ đến mỗi kỳ tổng kết, mẹ gần như sẽ nắm được thành tích của các bạn trong lớp, thông qua những bài đăng của các bậc phụ huynh. “Nếu thành tích các bạn cao hơn, mẹ sẽ cằn nhằn, đặt câu hỏi vì sao các bạn làm được mà em lại không?”, Quang Vinh nói và cho hay bản thân đã thực sự cố gắng hết sức nhưng không thể có kết quả tốt hơn.  Nam sinh ước không có mạng xã hội, hay các bậc phụ huynh thôi không công khai thành tích, để không bị mẹ so sánh, cũng không cảm thấy tự ti về năng lực của bản thân, càng không bị áp lực đồng trang lứa đè nặng.  Bùi Phạm Xuân Minh cũng nhiều lần bày tỏ suy nghĩ không thích bố mẹ đưa điểm số của bản thân lên mạng xã hội. Mỗi khi mẹ đi họp phụ huynh, Xuân Minh đều đưa ra điều kiện không được đăng tải bảng điểm hay giấy khen để khoe. Có lần vì quá hãnh diện về kết quả học tập con trai đạt được, mẹ đã “bỏ quên” lời đề nghị của Minh mà đăng tải bảng điểm lên Facebook. “Khi ấy, em rất giận và không nói chuyện với mẹ 2 tuần”, Xuân Minh nói. Cậu học sinh không vui, thậm chí như đang chịu áp lực lớn trước sự kỳ vọng của bố mẹ là phải giỏi hơn theo năm tháng.  Dù có học lực tốt, thường đứng trong top đầu của lớp, nhưng mỗi khi bố mẹ đăng tải thành tích học tập lên mạng, Minh rất ngại với các bạn trong lớp. ""Các bạn cho rằng em khoe khoang, sĩ diện với thành tích bản thân. Em không muốn mình bị cô lập hay chủ đề của bàn tán trong lớp. Em càng không muốn vì bảng thành tích của mình mà các bạn khác bị bố mẹ mang ra so sánh"", nam sinh chia sẻ.  Theo VTCnews"	https://scontent.fhan20-1.fna.fbcdn.net/v/t1.15752-9/436486180_3729596193962181_5445110261400799673_n.jpg?_nc_cat=102&ccb=1-7&_nc_sid=5f2048&_nc_eui2=AeFIjPh_4RiLWRUpYjhEcokWkYNYLNWiIXmRg1gs1aIhebbKC9i1TjZF-HCEfE2xodHUh1EHH4JT-WercLxcX6JZ&_nc_ohc=3UaAJUxUK6cQ7kNvgF2ypD_&_nc_ht=scontent.fhan20-1.fna&oh=03_Q7cD1QEYeu6rDtkfB-f7GgFLjS-MmC-8JODiu2kcr-Tup0KuuA&oe=6680C775,,		https://vtcnews.vn/bo-me-cuong-khoe-thanh-tich-len-mang-xa-hoi-con-xau-ho-so-bi-ban-co-lap-ar873905.html?fbclid=IwZXh0bgNhZW0CMTAAAR2VcTSqJYFdLAN4ZIzCwi9T3oL1c1a4VHZz9DCN9CKts-SGbEHMzn1f1cU_aem_AceGyxllEw-vWRuFic_BuKtIaogNz6nXD98E1qxAFqf7_42gPRJYF-iiDopNNRjEuJg0q5O6UMbvHvLhJhrsij9L	Đạt	Duyệt		
2024-05-31	FP - Chuyện của Hà Nội	Đinh Tiến Tuấn	ĐÀN ÔNG VIỆT ĐÃ BỊ BẠO HÀNH VỀ KINH TẾ TỪ LÂU...    “Anh cần gì chỉ cần nói là em đưa”, các bà vợ thường ngon ngọt dỗ chồng như vậy, nhưng thực tế thì như các ông than thở, “vợ là cái nhà băng mà đưa tiền vào thì dễ, rút ra cực khó”. Nhiều chị em giữ thu nhập của chồng không chỉ vì sợ thất thoát, mà còn để kiểm soát hành vi của anh ta.   Không quý ông nào cam lòng để mất tự do như vậy, nên cái gọi là quỹ đen ra đời. Có điều, nhiều bà vợ rất cao tay, hầu như khoản quỹ đen nào của chồng sớm muộn cũng bị phát hiện. Mỗi lần như thế, ông chồng không chỉ bị “bần cùng hóa” mà còn phải chịu một trận bạo lực ngôn từ tối tăm mặt mũi.   Một kiểu bạo lực gia đình khác liên quan đến kinh tế mà rất nhiều đàn ông Việt đang phải chịu, đó là bị đay nghiến, xucpham thường xuyên vì không kiếm được nhiều tiền như chồng nhà người ta. Bất tài, vô dụng, lười biếng, không có chí tiến thủ… là những tính từ mà họ bị vợ “ném” vào mặt hết ngày này qua ngày khác, đến mức cảm thấy lòng tự trọng, tự tôn của mình đã hạ đến đáy.  Theo: VTC News	https://scontent.fhan2-5.fna.fbcdn.net/v/t1.15752-9/441575489_465060616101354_3984069494105982193_n.jpg?_nc_cat=107&ccb=1-7&_nc_sid=5f2048&_nc_eui2=AeFnubxSRs8Wo_GCTuPJ0MiE1Hn2GINuh8zUefYYg26HzIPNgaGO7UW5lTvZoReT3-o3f99uc1_s1Juy6WxI8-9N&_nc_ohc=yYMMK-Klk00Q7kNvgHTYS4P&_nc_ht=scontent.fhan2-5.fna&oh=03_Q7cD1QHULKClz2ZlH3SJPfznX2kdPoC1oHZnkrpmp4ReZLvOLg&oe=6680D1F4,,			Đạt	Duyệt		
2024-05-31	FP - Chuyện của Hà Nội	Đinh Tiến Tuấn	"ĐÚNG GIỜ ĐI LÀM THÌ MƯA TO 😭  ""Trăm triệu hạt mưa rơi, không hạt nào rơi nhầm chỗ"". Nhưng hình như hay nhầm giờ, vì cứ toàn giờ đi làm với tan tầm là lại mưa 🥲  Anh em đang trong chăn hay đang vắt chanh vào bát phở đó  Ảnh mem gửi về CCHN"	https://scontent.fhan20-1.fna.fbcdn.net/v/t1.15752-9/363934975_696979551938568_2026203771647185732_n.jpg?_nc_cat=102&ccb=1-7&_nc_sid=5f2048&_nc_eui2=AeHZWnu5WUp_mvDQSZL9iuwlB5OPVu7ww_0Hk49W7vDD_dcQIbA1ry3cIDbAIrJ_AOWPcsQGWRXCcA7jWMiZ8b7m&_nc_ohc=bvPx3ovupHUQ7kNvgHIqWB4&_nc_ht=scontent.fhan20-1.fna&oh=03_Q7cD1QFUFmLqI3Co2SbwrM3QF0z2J09SYW6uWakLaCkXQQNOoA&oe=6680A512,,https://scontent.fhan2-3.fna.fbcdn.net/v/t1.15752-9/436546813_839930614649164_5194866777075978194_n.jpg?_nc_cat=108&ccb=1-7&_nc_sid=5f2048&_nc_eui2=AeFo2v0K-CJYj-nzcLqS2trfQamFw-c8tJVBqYXD5zy0le_nBxYdc6GeSX5x8TzFLuEGCj-s8tKxwORBnaKEsuIS&_nc_ohc=5ipXa--3iTkQ7kNvgHvf_P8&_nc_ht=scontent.fhan2-3.fna&oh=03_Q7cD1QESe1ccQlN6rheZF85k3C8WFPaOPb4QC2MfM2wy6EhpIQ&oe=6680D568,,https://scontent.fhan2-5.fna.fbcdn.net/v/t1.15752-9/436447869_1906714569778903_3129184918332658428_n.jpg?_nc_cat=107&ccb=1-7&_nc_sid=5f2048&_nc_eui2=AeGrYUZzqqDJFIGH32FFhWtTrexegHrsL-Kt7F6Aeuwv4j2mFEv8J9_O3UfvqFfts0BXUUvhC03dpiKO7zsQmogc&_nc_ohc=ANb4crr-JXgQ7kNvgHbzx4V&_nc_ht=scontent.fhan2-5.fna&oh=03_Q7cD1QFEGrD_ygfTMzndL_kzb9o2rsC01YkQbUsA5mdbVVIzFg&oe=6680D3AA,,https://scontent.fhan20-1.fna.fbcdn.net/v/t1.15752-9/441083889_2631048750433957_6489571671886026269_n.jpg?_nc_cat=109&ccb=1-7&_nc_sid=5f2048&_nc_eui2=AeHyMC-G-LSklRZIrWBlQ3klhS5RI2vgI-KFLlEja-Aj4rZoW2CGPflo5rDybQBqu2RiQvPbjiC4B_ePCxy9kXt3&_nc_ohc=dXvICXZJrhEQ7kNvgF9Vw-u&_nc_ht=scontent.fhan20-1.fna&oh=03_Q7cD1QFyZ03VTHz5RcQvSqyD51_38YhlUsiXoYUAeo-5iYl8LQ&oe=6680CA5B,,			Bách	Duyệt		
2024-05-30	FP - Chuyện của Hà Nội	Giáp Thị Thu Thảo	CHÁ.Y LỚN Ở DỊCH VỌNG HẬU - CẦU GIẤY ‼️‼️‼️  Ảnh: Hà Nội News	https://scontent.fhan20-1.fna.fbcdn.net/v/t1.15752-9/441924923_1020881183017380_6935687319538347679_n.jpg?_nc_cat=109&ccb=1-7&_nc_sid=5f2048&_nc_eui2=AeGqCLQKRLJtnFYvfEIOhd52QTH6da9c3-1BMfp1r1zf7TR4yOWCY6nqek7PChd7c9AXipFvDD42n346ggFJ99yS&_nc_ohc=pSLtf9wzPYgQ7kNvgFs4q6_&_nc_ht=scontent.fhan20-1.fna&oh=03_Q7cD1QFYhckw0gRgKGvdvLjZ6-wDtu4CHbitUF30o8wtQFTAGg&oe=6680AB27,,https://scontent.fhan2-5.fna.fbcdn.net/v/t1.15752-9/438102084_467752002418291_2391462607859780798_n.jpg?_nc_cat=106&ccb=1-7&_nc_sid=5f2048&_nc_eui2=AeGq_dD9N7sX2EJjLxjMgvNX8v88rPBYjL7y_zys8FiMvjtjovz7AOVIYyGzzo-hn8Di_bjw_3l5Ihnv5uGX7KpT&_nc_ohc=8EtO-GdDB0AQ7kNvgGwEpoJ&_nc_ht=scontent.fhan2-5.fna&oh=03_Q7cD1QEJsP7P7cVtbDm6Zq6XnCPChy3xOh24RFs77xNkWpCy9A&oe=6680D406,,https://scontent.fhan2-5.fna.fbcdn.net/v/t1.15752-9/441888222_1161239331577051_4545433195435368933_n.jpg?_nc_cat=107&ccb=1-7&_nc_sid=5f2048&_nc_eui2=AeEFhggbthYEL4tXjUK30m1Awe-B-kCEeKfB74H6QIR4p31Vy7gm4xU1b_vfgBtkRxgB1smpVsC5jxMe10g4Ynsx&_nc_ohc=l3r48KnZSbwQ7kNvgFQPGc7&_nc_ht=scontent.fhan2-5.fna&oh=03_Q7cD1QEu7DUc_z4flguAZK13C2FHqJMKPg8V9k97ab_2f8C_5w&oe=6680AB64,,https://scontent.fhan2-5.fna.fbcdn.net/v/t1.15752-9/442694968_1217693269194633_975476442181180310_n.jpg?_nc_cat=107&ccb=1-7&_nc_sid=5f2048&_nc_eui2=AeEFkvO4SwJgeBGpm1wk_UFD2oo4ase58eDaijhqx7nx4D7U_joc_Ha5-zj4RKpevxuHBxKGfd-jmVLQjsCHEkP6&_nc_ohc=0_B0oFNSKQ8Q7kNvgExxqfe&_nc_ht=scontent.fhan2-5.fna&oh=03_Q7cD1QEW5iZ4cXSM9TsCRYl4xym0orFQ7eEXFIC9bju1YxsXjA&oe=6680A841,,			Bách	Duyệt		
2024-05-30	FP - Chuyện của Hà Nội	Giáp Thị Thu Thảo	Một điều Hà Nội làm bạn vui trong tháng 5:				Bách	Duyệt		
2024-05-30	FP - Chuyện của Hà Nội	Hoàng Tuấn Anh		https://scontent.fhan2-4.fna.fbcdn.net/v/t1.15752-9/441639198_441766095279917_8301018319226832253_n.png?_nc_cat=105&ccb=1-7&_nc_sid=5f2048&_nc_eui2=AeG9R_3oMHqxr7U5TVd7_G8p58Ph7VZTOlPnw-HtVlM6UyabE4woAHCsLLnIb7z5Ulc0O3jympAZtYocSfKWCJtK&_nc_ohc=2BVqI9-ZhoUQ7kNvgFktEV3&_nc_ht=scontent.fhan2-4.fna&oh=03_Q7cD1QFISU8hui2ikK6o3cAIjaVUXHeLosqhfAc_5mFHrvAr3w&oe=6680BA14,,			Bách	Duyệt		
2024-05-30	FP - Chuyện của Hà Nội	Phạm Khánh Huyền	Nếu ai ở Hà Nội và các vùng lân cận thấy em hoặc có thông tin gì liên quan xin báo cho cha mẹ em quan số điện thoại sau: 036 8350753( sđt mẹ) 037 7787772(sđt cha)				Bách	Duyệt		
2024-05-30	FP - Chuyện của Hà Nội	Phạm Khánh Huyền	[HỖ TRỢ TÌM NGƯỜI THÂN]  Chúng tôi tìm cháu trai tên là: Nguyễn Văn Ni, sinh năm 2003. Hộ khẩu thường trú tại Xóm 5, xã Cẩm Sơn, huyện Anh Sơn, tỉnh Nghệ An.  Đi khỏi nhà từ ngày 27/05/2024, từ ngày 27-28 gia đình có liên lạc được, nhưng từ đêm ngày 28 đến nay gia đình mất liên lạc.   Em có nói là ở Hà Nội. Em bị chậm phát triển hơn so với các bạn cùng tuổi, gia đình mong nhận được sự giúp đỡ của mọi người.	https://scontent.fhan2-5.fna.fbcdn.net/v/t1.15752-9/441995870_1888030824994179_6569649888652033800_n.jpg?_nc_cat=106&ccb=1-7&_nc_sid=5f2048&_nc_eui2=AeFLF6RNGdhnLO4YJ6cO8P9-uQkg87Esz1W5CSDzsSzPVeu6h9cGu3tHiwLYapiOagXUVlrEBIpxjFHjX9Pn3-BT&_nc_ohc=WbuocH8_vtsQ7kNvgF3FHKG&_nc_ht=scontent.fhan2-5.fna&oh=03_Q7cD1QEGw14JrJhlXvc9DxS9MilUVJnZgLihHAuKGS_sn1ZSeg&oe=6680D039,,			Bách	Duyệt		
2024-05-30	FP - Chuyện của Hà Nội	Giáp Thị Thu Thảo	Đây là cách bạn tôi tỏ ra quan tâm tôi sau trận mưa to đến lụt lội ở Hà Nội:	https://scontent.fhan2-4.fna.fbcdn.net/v/t1.15752-9/441906937_349388561161678_5744771876045709208_n.jpg?_nc_cat=100&ccb=1-7&_nc_sid=5f2048&_nc_eui2=AeEoAJDVtmnGyLvbSDtHwvXq1f6HsbT-0SfV_oextP7RJ6c1RwMmbYubnpp-lgJe_zzZpkGhEALsVMLRPLen87J1&_nc_ohc=gNy8WRudy_gQ7kNvgH-yhej&_nc_ht=scontent.fhan2-4.fna&oh=03_Q7cD1QED7BJq-WTpbRXfXEaCCsPLBRcWk9pW_fVc7Skw8DaftQ&oe=6680C8C7,,			Đạt	Duyệt		
2024-05-30	FP - Chuyện của Hà Nội	Hoàng Tuấn Anh	"[HỖ TRỢ TÌM NGƯỜI THÂN]  Anh Hà Duy Tùng, sinh năm 1991 có dấu hiệu mắc bệnh trầm cảm, bỏ nhà đi từ 9h20 sáng ngày 29/05/2024 từ toà nhà N01-T2, chung cư Ngoại Giao Đoàn, P.Xuân Tảo, Bắc Từ Liêm, Hà Nội về hướng đường Phạm Văn Đồng.  Đặc điểm nhận dạng: Cao 1m75, Nặng 75kg, da trắng, có răng khểnh, đeo kính cận.  Khi đi anh không mang theo giấy tờ tuỳ thân, không mang theo vật dụng cá nhân, trên người mặc áo sơ mi dài tay kẻ đỏ, bên trong áo ba lỗ màu nâu đất, quần dài, đi dép cross màu tím than.  Gia đình xin cảm ơn và hậu tạ!
Mọi người nhìn thấy anh ở đâu thì xin báo cho sđt này: 0944.783.768/ 0903.040.399"	https://scontent.fhan2-5.fna.fbcdn.net/v/t1.15752-9/441988669_990145222624877_672038823818977804_n.jpg?_nc_cat=106&ccb=1-7&_nc_sid=5f2048&_nc_eui2=AeGE_ZErtFS5qU97QZkMnBa8kg0K6hwH47aSDQrqHAfjtvu0iR7rmIIYSRwcnuA7GK8QueqnL4oSR-hjoc4R6OxP&_nc_ohc=lw6wazSsi7gQ7kNvgFclZvC&_nc_ht=scontent.fhan2-5.fna&oh=03_Q7cD1QFCK2yqK4Qdz7F55cEsDj34lWXyhLMZM_OI3T9pKaojFA&oe=6680D13B,,			Đạt	Duyệt		
2024-05-30	FP - Chuyện của Hà Nội	Hoàng Tuấn Anh		https://scontent.fhan20-1.fna.fbcdn.net/v/t1.15752-9/442004729_2111437435899682_734825549022132308_n.png?_nc_cat=102&ccb=1-7&_nc_sid=5f2048&_nc_eui2=AeH1gDouD61KAwAtwIxAEicJyZSAjl_cLg7JlICOX9wuDjCu3cmPb0wZK-pZbvGLnoW6V4s8Q4bnFsEfiUKCEaQ3&_nc_ohc=2huRyCCnDqwQ7kNvgGpa-vL&_nc_ht=scontent.fhan20-1.fna&oh=03_Q7cD1QEFn5_Gr1yXkoNZojv4UKGc4BhGR-7Qk3D4K7eWbLEQQg&oe=6680C43F,,			Đạt	Duyệt		
2024-05-30	FP - Chuyện của Hà Nội	Giáp Thị Thu Thảo		https://scontent.fhan2-3.fna.fbcdn.net/v/t1.15752-9/441546588_850971390246944_1646804071297836401_n.jpg?_nc_cat=108&ccb=1-7&_nc_sid=5f2048&_nc_eui2=AeHNc31RCoQNll8_X3jG1jVA_1YEUlDHEQb_VgRSUMcRBqtknOi-RW4chMteRlCvVDZRedrtCRI9V7UaWwmBWGvi&_nc_ohc=n045JJs99XEQ7kNvgEhZq6Y&_nc_ht=scontent.fhan2-3.fna&oh=03_Q7cD1QG51mx5LNgBkcXxqUmMyKIaDayYNIjAUrFB77x9GRzqIw&oe=6680B77F,,https://scontent.fhan2-4.fna.fbcdn.net/v/t1.15752-9/441879061_897930635433065_4924266497680944887_n.jpg?_nc_cat=100&ccb=1-7&_nc_sid=5f2048&_nc_eui2=AeHG2hj1F5X9bpzVCmXiIqb039od_njEFRrf2h3-eMQVGqwg2S2kQOwx76Km7pzgYNUvPd8VX2fsAW4JgJ0B51PA&_nc_ohc=xaJ4W0FNBpAQ7kNvgFzHDvX&_nc_ht=scontent.fhan2-4.fna&oh=03_Q7cD1QGLIXTtjKWmSzGWOAZK3zwPxnAuNrVDbXcPMULi50oLGA&oe=6680B668,,https://scontent.fhan2-5.fna.fbcdn.net/v/t1.15752-9/441877934_1515946242649936_3133123003353084655_n.jpg?_nc_cat=106&ccb=1-7&_nc_sid=5f2048&_nc_eui2=AeGRqhVUic4GDs-sA6ItnVXzMDuakLD-YVAwO5qQsP5hUPlUtjAIUaijdeIbrd8A3DxMHR0tU72COdj0I_5_r1Lj&_nc_ohc=9xTS0dN6pncQ7kNvgF48Dnl&_nc_ht=scontent.fhan2-5.fna&oh=03_Q7cD1QF8vaYmLgPgrKDIN3voJDdCScTUS1QmgyPEYA09nSOgiQ&oe=6680D020,,https://scontent.fhan2-5.fna.fbcdn.net/v/t1.15752-9/441572173_1652216482279991_3495520517331453856_n.jpg?_nc_cat=107&ccb=1-7&_nc_sid=5f2048&_nc_eui2=AeGsH7qmmLZrw1QwncMNpDasJy0FAEwsrzAnLQUATCyvMGuKjjbXHDcXN5ptv7vMAhloZDCjw-0cjsS5o9ljWpXi&_nc_ohc=XeUYwzhsBEEQ7kNvgF_FH5Z&_nc_ht=scontent.fhan2-5.fna&oh=03_Q7cD1QF66Ick0cWZT-fYzJbQRpogulQQQ_o7CeOxy3se7gnvyg&oe=6680A7BB,,https://scontent.fhan2-5.fna.fbcdn.net/v/t1.15752-9/445378669_1646713996178712_7396821822901243550_n.jpg?_nc_cat=107&ccb=1-7&_nc_sid=5f2048&_nc_eui2=AeHtx5LBaNZXiFTg-4M_irJVMPO_Pf9fe8gw8789_197yIqFkpYGmhICNXGig0ojcL4f5AxzNxO7y79VDkfSdxk8&_nc_ohc=r5vl5gHRHy4Q7kNvgFQua2c&_nc_ht=scontent.fhan2-5.fna&oh=03_Q7cD1QEm3OABQLNJjbiybQRd-V53aZyIlCm_CEm0UUywjvNCrQ&oe=6680C0D2,,			Đạt	Duyệt		
2024-05-30	FP - Chuyện của Hà Nội	Phạm Khánh Huyền	Vui lòng không ra đường tầm này 🫵	https://scontent.fhan20-1.fna.fbcdn.net/v/t1.15752-9/441988703_896279215589489_2353741540322533987_n.jpg?_nc_cat=103&ccb=1-7&_nc_sid=5f2048&_nc_eui2=AeHgTltTcwb2HOtYNpHsSfyv30WPv9D5NRffRY-_0Pk1FyaYyyUn-rWXpyBHsH8la5vx1jrIYjRZPDuBMwr2HZxM&_nc_ohc=CRDG3FzaMLkQ7kNvgGb8_In&_nc_ht=scontent.fhan20-1.fna&oh=03_Q7cD1QGrT5WurbwvimIOqh0xQc9_Wqj8w-Z9cjyPMA-xofKGMQ&oe=6680A171,,			Đạt	Duyệt		
2024-05-30	FP - Chuyện của Hà Nội	Giáp Thị Thu Thảo	Về nhanh thôi anh em ơi	https://scontent.fhan2-3.fna.fbcdn.net/v/t1.15752-9/441654436_435240035806184_1527133531249411625_n.jpg?_nc_cat=108&ccb=1-7&_nc_sid=5f2048&_nc_eui2=AeFb_ApvnZIQrSH7CuE18bZBa91SY-2lhppr3VJj7aWGmi_ih4M18W8xAXWXaTQRnXx4cqIol-HMEA29oiWCew1i&_nc_ohc=b72IXw21m3wQ7kNvgGGED2V&_nc_ht=scontent.fhan2-3.fna&oh=03_Q7cD1QHQRciDRPyQ5AlvNsGRQYO1WCgDGH_EVBOn0K6dI_e7qQ&oe=6680AC5A,,			Đạt	Duyệt		
2024-05-30	FP - Chuyện của Hà Nội	Hoàng Tuấn Anh	Mùa hè mà không đi biển thì thật có lỗi với mẹ thiên nhiên đó bạn gì à :(   Ảnh: Phương Tali, Hoang Anhh, Thu Quỳnh	https://scontent.fhan2-3.fna.fbcdn.net/v/t1.15752-9/441940186_1468397897383570_5137924726929757589_n.png?_nc_cat=111&ccb=1-7&_nc_sid=5f2048&_nc_eui2=AeHD3aPs49WytIjofK7a00V9BnteAvH95FoGe14C8f3kWlAjemk3TL7enXx4KawceR20NIWdeVYNQwqA7eXN2317&_nc_ohc=_ks1u04H40cQ7kNvgGFmSY2&_nc_ht=scontent.fhan2-3.fna&oh=03_Q7cD1QFt7ZJkFSPurt2KqJPnLz7zFv5Tqfg675wz328dqSPFuQ&oe=6680C873,,			Đạt	Duyệt		
2024-05-30	FP - Chuyện của Hà Nội	Hoàng Tuấn Anh	"Stalker: Tội Ác Hoàn Hảo (2024) - Tác phẩm giật gân tâm lý mới cho ai thích dòng phim nghẹt thở  Dành cho những ai thích dòng phim mà cứ phải nghĩ ngợi, lo lắng, bồn chồn rồi cuối phim bàng hoàng cùng các cú ""Đạo diễn, quay xe"".   Xoay quanh mối quan hệ đáng sợ giữa kẻ thích theo dõi và người cuồng lượt theo dõi. Ông anh thì có sở thích rình rập người khác, đột nhập vào nhà của nữ chính và phát hiện ra nhiều bí mật.   Nhịp phim nhanh, twist liên hồi. Đảm bảo không buồn ngủ vì bạn tôi xem rồi bảo tôi thế...  Còn tôi thì chờ phim chính thức ra rạp từ ngày 31.05.2024  | Chú Hew"	https://scontent.fhan2-3.fna.fbcdn.net/v/t1.15752-9/441489328_776818811260591_4476067226527296326_n.png?_nc_cat=108&ccb=1-7&_nc_sid=5f2048&_nc_eui2=AeGOw2DUaQxVi5VWyarpUVYl4PAJ3Ux7K6Hg8AndTHsrocxo4rhMsUHtZdg3E0zjWrQ6bFk7LM_r-0FzpzuG5weK&_nc_ohc=YRN2AdPMIgsQ7kNvgESiXXP&_nc_ht=scontent.fhan2-3.fna&oh=03_Q7cD1QEl7iNfoLbwvEBjPWvbaPA3ao9ZoGPGjIAZI602AMPyMg&oe=6680AF16,,			Đạt	Duyệt		
2024-05-30	FP - Chuyện của Hà Nội	Hoàng Tuấn Anh	"Người đàn ông dũng cảm cứu 2 người mắc kẹt trong vụ cháy tại quận Hà Đông  Anh Lẻng Văn Bằng - người leo tường cứu 2 người mắc kẹt trong đám cháy nhà trọ tại quận Hà Đông (Hà Nội) chia sẻ: ""Tôi suy nghĩ, đời người không dài cũng không ngắn nhưng làm việc tốt và cứu người thì khó thế nào cũng phải làm"".  Anh Bằng chia sẻ, lúc đó mọi người đứng theo dõi đông nhưng hoảng hốt, không ai dám trèo lên giải cứu nạn nhân. Thấy vậy, anh đã bám vào tường rồi leo lên mái tôn của nhà hàng xóm.  Cảm ơn anh vì sự dũng cảm cứu người. Rất mong chúng ta sẽ có nhiều người hùng và bớt đi những nguy hiểm trong cuộc sống <3"	https://scontent.fhan20-1.fna.fbcdn.net/v/t1.15752-9/441480693_780152357584688_2948032034920730056_n.png?_nc_cat=102&ccb=1-7&_nc_sid=5f2048&_nc_eui2=AeFKcq1ESML3pnkKCxdnEw2OAIb6Su5Z2F0AhvpK7lnYXb9r0xihD9_CdRzbGfgTkdNYHSY52lm82_jWuRU7rspj&_nc_ohc=-Pmi3cbeBmEQ7kNvgH36FIm&_nc_ht=scontent.fhan20-1.fna&oh=03_Q7cD1QE7ghd1S0mi06HZW3aXL9bFM8HUm89IuwFW3MBo9VbjbQ&oe=6680A575,,			Đạt	Duyệt	thêm nguồn	
2024-05-30	FP - Chuyện của Hà Nội	Hoàng Tuấn Anh	"Ngày 30/5, Công an TP Thái Bình cho biết, Cơ quan cảnh sát điều tra Công an TP đã thực hiện lệnh bắt khẩn cấp đối với một nữ nhân viên được giao nhiêm vụ đưa - đón trẻ của Trường mầm non Hồng Nhung cơ sở 2. Người này bị bắt để điều tra liên quan việc bé trai 5 tuổi tử vong trong xe đưa đón của trường. Đại diện Công an thành phố Thái Bình cho biết đã triển khai điều tra, khám nghiệm tử thi. Nhận định bước đầu: Cháu bé ở trên xe trong khoảng thời gian dài, dưới thời tiết nắng nóng và bị đói. Các yếu tố trên khiến sức lực cháu suy kiệt, kết hợp với không gian hẹp nên có thể cháu bị suy hô hấp. Trước đó, Cơ quan cảnh sát điều tra Công an TP Thái Bình đã ra quyết khởi tố vụ án ""vô ý làm chết người"" để tiến hành điều tra theo quy định. Bước đầu xác định, khoảng 6 giờ 20 ngày 29/5, anh N.V.L (sinh năm 1965, trú tại phường Quang Trung, thành phố Thái Bình) điều khiển xe ô tô 29 chỗ cùng một giáo viên Trường mầm non Hồng Nhung đón 10 học sinh đi học. Khi đến trường, anh L. mở cửa xe cho giáo viên và học sinh tự đi vào lớp. Sau đó, anh L. điều khiển xe ô tô đỗ ở cổng trường rồi ra về. Lúc 17 giờ 29/5, cậu ruột của cháu bé bị tử vong đến đón cháu nhưng không thấy trong lớp học nên báo nhà trường tìm kiếm cháu. Kiểm tra xe đưa đón học sinh của nhà trường, nhà trường phát hiện cháu trong tình trạng nguy kịch. Cháu bé được đưa đến Bệnh viện đa khoa tỉnh cấp cứu nhưng đã tử vong."				Bách	Duyệt		
2024-05-30	FP - Chuyện của Hà Nội	Hoàng Tuấn Anh	Vụ trẻ mầm non tử vong trên xe: Bắt khẩn cấp nữ nhân viên đưa đón trẻ				Đạt	Duyệt		
2024-05-30	FP - Chuyện của Hà Nội	Giáp Thị Thu Thảo	Bố xin lỗi mình, chỉ vì không về ăn cơm cùng mình...  Mình về nhà vội vội vàng vàng, được có 1 hôm, chưa kịp ăn cơm với bố buổi nào. Trưa nay bố bảo bố về ăn cơm với cả nhà, nhưng lại bận việc nên lỡ. Lúc mình lên xe khách, thấy bố gửi tin nhắn xin lỗi mà tâm trạng mình khựng lại. Bố ít nói lắm, có chuyện gì cũng im lặng, thế mà hôm nay bố lại xin lỗi mình vì một chuyện cỏn con như thế.    Mình biết rằng, tình yêu của bố dành cho mình luôn hiện hữu, chỉ là bố không nói ra.	https://scontent.fhan2-3.fna.fbcdn.net/v/t1.15752-9/441956734_486528727138509_691933609537142637_n.jpg?_nc_cat=108&ccb=1-7&_nc_sid=5f2048&_nc_eui2=AeHi_Ix0qVXMFEIwaT7AGJId-13-QACb3n37Xf5AAJvefXjON5RDXb1T8N2TClJ2GuiCaP4Gop8QOPXDVHGoQfDt&_nc_ohc=V--n8TTr0r0Q7kNvgFCBNTt&_nc_ht=scontent.fhan2-3.fna&oh=03_Q7cD1QGi6zSQXyv0W5CZYqLX2VOuK35kKqO1BWp3B5RPwR_kyg&oe=6680BB99,,			Đạt	Duyệt		
2024-05-30	FP - Chuyện của Hà Nội	Hoàng Tuấn Anh		https://scontent.fhan2-5.fna.fbcdn.net/v/t1.15752-9/446007094_963341865268959_1543188239008632564_n.png?_nc_cat=107&ccb=1-7&_nc_sid=5f2048&_nc_eui2=AeGRGIQcTWAscOhgH7w5Z_sygTdkW50bM2uBN2RbnRszazCPvu6eeFEZHrgDlOoO5HFLnJ8egNbsCE1aibmX7qxk&_nc_ohc=YR_C2M2T-4IQ7kNvgElyAd3&_nc_ht=scontent.fhan2-5.fna&oh=03_Q7cD1QFW_x-WVma8VU4ChT95weRjtJoV9MB62aCeAux9FHSzIg&oe=6680C9FA,,			Đạt	Duyệt		
2024-05-30	FP - Chuyện của Hà Nội	Đinh Tiến Tuấn	THỜI TIẾT HÀ NỘI KHIẾN NHIỀU NGƯỜI HẠ HUYẾT ÁP, KHÓ THỞ, ĐAU ĐẦU   Cầu Giấy mưa rào nhưng đi qua Nguyễn Chí Thanh lại nắng chang chang, đi qua Chùa Bộc lại nắng. Thời tiết Hà Nội đang rất khó hiểu, nhiều người mặc áo mưa chưa được 5 phút đã phải cởi ra vì quá ấm.  Trời đang cực oi, không biết đường nào mà lần.  -Z	https://scontent.fhan2-5.fna.fbcdn.net/v/t1.15752-9/441522087_1088019599708797_1398430168992405550_n.jpg?_nc_cat=107&ccb=1-7&_nc_sid=5f2048&_nc_eui2=AeGyOEXL0mJalmnuPPt7H2M8MKn9W-xF_Zswqf1b7EX9m7uXjy5UzQ2SaElrVKOz76dpYxvAgJfsR2TZgUps8CsZ&_nc_ohc=-F3p8RceOEAQ7kNvgFFz6xJ&_nc_ht=scontent.fhan2-5.fna&oh=03_Q7cD1QFBGAVN5eR9xvhd1Bukch7yh9jD0_nkyG2OkF8M92HrsA&oe=6680D5EB,,			Bách	Duyệt		
2024-05-30	FP - Chuyện của Hà Nội	Đinh Tiến Tuấn	"Tại nhà tang lễ TP Thái Bình, người thân và hàng xóm vẫn chưa hết bàng hoàng và đau đớn trước sự ra đi của cháu bé. Bà Đ.T.H (bà ngoại của cháu H.) đau đớn khóc nghẹn trước sự ra đi của H. Bà H. cho biết: ""Vào 6h20 hôm qua, tôi có dẫn cháu ra xe đưa đón của trường và thấy cháu đã ngồi vào hàng ghế thứ 2 (sau ghế lái xe), tôi mới yên tâm quay về nhà. Cháu tôi hay có thói quen ngồi hàng ghế này. Nó rất ngoan, nhanh nhẹn, hiểu chuyện và khỏe mạnh. Thường ngày, xe của trường sẽ đưa và đón trả về nhà cho phụ huynh nhưng vì hôm nay là lễ tổng kết năm học nên phụ huynh phải đến trường đón con. Vào chiều qua, 17h, cậu của cháu tên Đức Anh đã đến trường đón cháu nhưng tìm mãi không thấy cháu đâu, đã hỏi các cô giáo ở lớp thì mọi người nói ""Cháu H. hôm nay không đi học"". Thấy vậy, Đức Anh gọi về cho tôi và nói: ""Cô giáo bảo hôm nay H. không đi học"". Nghe thế, tôi còn quát ""Con đùa à? Chính mẹ sáng nay đưa cháu lên xe của trường. Sao lại bảo không đi học?"". Tôi liền gọi điện cho cô giáo đã đón cháu ở xe hỏi việc cháu H. thì cô động viên tôi: ""Bà đợi cháu kiểm tra lại"". Ai ngờ, lại tìm thấy cháu trên xe ô tô. Cháu tôi đã bị ch*t’ ngạt cả ngày trời mà không ai hay biết. Cháu ngồi hàng ghế trên mà sao khi xuống, không ai thèm quan tâm, để ý cháu để cháu mất oan uổng như thế này. Khi vào bệnh viện, nhìn cháu tôi đau lòng quá. Ghế ngồi trên xe nơi tìm thấy cháu bị cào xước như thể cháu đã cố gắng vùng vẫy mong được cứu. Toàn thân quần áo ướt sũng, bất tỉnh. Khi tôi thủ thỉ động viên để đánh thức cháu thì bất ngờ mũi cháu ộc ra…” Theo: Báo Sức khỏe & Đời sống"	https://scontent.fhan2-5.fna.fbcdn.net/v/t1.15752-9/441081848_415618524626113_6792872587012670103_n.jpg?_nc_cat=106&ccb=1-7&_nc_sid=5f2048&_nc_eui2=AeHmxm-IRUNa9jF9kdHWh45Sx1iUPu8vYv3HWJQ-7y9i_f2ALNLNMbvBoET4DQYiywh8bRgxBwUA_TcEcFfT7JNS&_nc_ohc=aou64TQM0S0Q7kNvgF8Q4NL&_nc_ht=scontent.fhan2-5.fna&oh=03_Q7cD1QG92ugnfe-OUHomAHom3gpln9ezWvvFP-IKW8VTjIHYrQ&oe=6680C4A9,,			Bách	Sửa/ xóa bài	"""Toàn thân quần áo ướt sũng, bất tỉnh. Khi tôi thủ thỉ động viên để đánh thức cháu thì bất ngờ mũi cháu ộc ra…”"	"Nội dung bạo lực và phản cảm"
2024-05-30	FP - Chuyện của Hà Nội	Giáp Thị Thu Thảo	Nguyễn Trãi mưa tầm mưa tã,  Nguyễn Chí Thanh nắng chói nắng chang.   May mà mặc cả hai áo đấy :))	https://scontent.fhan20-1.fna.fbcdn.net/v/t1.15752-9/441837346_1590091671846944_7825356766904808620_n.jpg?_nc_cat=103&ccb=1-7&_nc_sid=5f2048&_nc_eui2=AeEOfyeyl-79MSnZ3QTC8hwpCVzlt4dvk7QJXOW3h2-TtMXejbKmlCwPJJNvDTmLxVgL1JoQ6GJaf8GpMaCxy0jn&_nc_ohc=Ss9ByrCWcPkQ7kNvgEqGyAE&_nc_ht=scontent.fhan20-1.fna&oh=03_Q7cD1QFw1zT3_rmuUYOLIFU6JKxtdV8ontMnhXHP43bdhu3d8Q&oe=6680CCA0,,			Đạt	Duyệt		
2024-05-30	FP - Chuyện của Hà Nội	Phuong Thao	"🔻 THAM GIA MIỄN PHÍ | WORKSHOP CREATORS DATE #2: HIỂU LUẬT CHƠI, THẢNH THƠI KIẾM TIỀN TRÊN YOUTUBE 🔻  >>> Link đăng ký: https://mcn.tubrr.vn/CreatorsDate02  YouTube luôn được biết đến với những quy định chặt chẽ, đặt an toàn của người xem lên ưu tiên hàng đầu. Trước những những chính sách khắt khe được YouTube cập nhật thường xuyên, nhà sáng tạo cần chú ý những gì để vừa xây dựng nội dung tuân thủ tiêu chuẩn cộng đồng mà vẫn giữ được sự tăng trưởng trong doanh thu?  Đồng hành cùng các nhà sáng tạo trên hành trình xây dựng kênh, TUBRR Viet Nam tiếp tục tổ chức chuỗi Workshop ""Creators Date #2: Hiểu luật chơi - thảnh thơi kiếm tiền"" với sự tham gia của những vị diễn giả uy tín, sở hữu bề dày kiến thức và nhiều năm kinh nghiệm hoạt động trong lĩnh vực YouTube:  🔰 𝐌𝐫. 𝐏𝐞𝐭𝐞𝐫 𝐒𝐥𝐚́𝐝𝐞𝐜̌𝐞𝐤 - TUBRR Founder & CEO: Đối tác thân thiết, làm việc trực tiếp cùng YouTube, có hơn 10 năm kinh nghiệm hỗ trợ các nhà sáng tạo tại thị trường châu Âu.  🔰 𝐌𝐬. 𝐋𝐢𝐧𝐡 𝐓𝐫𝐚𝐧 - TUBRR Network Manager: Trực tiếp quản lý, kiểm duyệt hơn 1000 kênh nội dung YouTube, thành công đem về nút kim cương danh giá và nhiều nút vàng cho Network TUBRR.  🔰 𝐌𝐫. 𝐒𝐥𝐚𝐯𝐚 𝐊𝐮𝐳𝐧𝐞𝐭𝐬𝐨𝐯 - YouTube Strategic Partner Manager: Vị khách mời đặc biệt số #2 đến từ chính đội ngũ của YouTube. Với hơn 5 năm kinh nghiệm làm việc tại Google, YouTube, Mr. Slava Kuznetsov sẽ mang đến những chia sẻ thực tế nhất về nền tảng này cũng như Case Studies ông từng thực hiện.    Khi tham gia Workshop, bạn sẽ nhận được: 🔰 “Tất tần tật"" các chính sách mới nhất của YouTube để sáng tạo nội dung lành mạnh, yên tâm kiếm tiền trên nền tảng này. 🔰 Bí quyết thúc đẩy tương tác của người xem. 🔰 Cơ hội được các vị chuyên gia tư vấn trực tiếp trên kênh của mình.  —----------- THÔNG TIN CHI TIẾT 💡 Thứ Sáu, ngày 30/05/2024 ⏰ Thời gian: 15:00 - 17:00 💫 Hình thức: Online (thông qua Zoom) 👇 Link đăng ký: https://mcn.tubrr.vn/CreatorsDate02  Với lần quay trở lại này, “Creators Date #2” chắc chắn sẽ đem đến những chia sẻ vô cùng bổ ích từ các diễn giả, chung tay xây dựng cộng đồng YouTuber Việt Nam vững mạnh, lan tỏa giá trị trên toàn cầu.   👉 Hãy theo dõi TUBRR để cập nhật những thông tin mới nhất về workshop nhé!  🌟 GO VIRAL, EARN MORE 🌟 ——— TUBRR - Hệ thống quản lý các nhà sáng tạo nội dung Youtube toàn cầu ► TUBRR sẵn sàng 24/7 cho bất kì thắc mắc nào liên quan đến YouTube và Shorts ► Tham gia network cùng hơn 1000 YouTubers thành công khác tại: https://tubrr.vn/register"	https://scontent.fhan20-1.fna.fbcdn.net/v/t1.15752-9/441780014_1114305379802768_5500847995336468819_n.jpg?_nc_cat=103&ccb=1-7&_nc_sid=5f2048&_nc_eui2=AeF6u9GRYbDDZ6iEjV61R6Ehb_g3nMY4NtJv-Decxjg20v2NB5uoGs5a8NuH8hNmy6Gp-8P19E3Wms2uZlwf8k_R&_nc_ohc=EFmvSW0ST0wQ7kNvgEMj3u2&_nc_ht=scontent.fhan20-1.fna&oh=03_Q7cD1QEr3v9HFqnGjpoWgbqXtGQKmuwR1bMr_pcozvUsAdTGKA&oe=6680B4AF,,			Đạt	Duyệt		
2024-05-30	FP - Chuyện của Hà Nội	Hoàng Tuấn Anh		https://scontent.fhan2-5.fna.fbcdn.net/v/t1.15752-9/441556783_960064188905858_469936914472634734_n.png?_nc_cat=107&ccb=1-7&_nc_sid=5f2048&_nc_eui2=AeFS2_XWywEbsgjL2OYFB8slwiKrfMnGNlvCIqt8ycY2W9iHVHUHV34LWgnvnOYkZy9FTlCOH1udJHu95vLIRFc-&_nc_ohc=Ph3AF0ueoVgQ7kNvgHsFx51&_nc_ht=scontent.fhan2-5.fna&oh=03_Q7cD1QFhwQ3rGncpC6F83bk03DFFgcS-WbbiRsapOAJa4d2g8g&oe=6680D4E1,,			Bách	Duyệt		
2024-05-30	FP - Chuyện của Hà Nội	Hoàng Tuấn Anh		https://scontent.fhan2-3.fna.fbcdn.net/v/t1.15752-9/441582728_979186826996516_3004643676971556939_n.png?_nc_cat=101&ccb=1-7&_nc_sid=5f2048&_nc_eui2=AeEwuJ0EPg_ZyVvisOMk8XGv1ug0_s2YlzvW6DT-zZiXO-ALtbQLu1IfvAnjeE6H_V5q_kEsD2hWhmwuZ6DGwlzo&_nc_ohc=kwGZrZR3bD8Q7kNvgHv9fEI&_nc_ht=scontent.fhan2-3.fna&oh=03_Q7cD1QE52wrFcF9MSTKvxq9yoA7aqUmTG-oIfPSu4Fuy6tu7nQ&oe=6680CA0A,,			Đạt	Duyệt		
2024-05-30	FP - Chuyện của Hà Nội	Đinh Tiến Tuấn	"LẠI THÊM 1 ANH HÙNG  Là một trong những người đầu tiên phát hiện ra vụ cháy nhà trọ có địa chỉ số 7, tổ 1 (phường Phú Lương, quận Hà Đông, Hà Nội), ông Nguyễn Anh Nhân (85 tuổi, sống gần hiện trường vụ cháy) cho biết, bản thân đang ở trong nhà thì nghe thấy tiếng tri hô của các nạn nhân mắc kẹt. ""Khi lực lượng cứu hỏa đang đến, có 1 nam thanh niên mặc áo trắng nhanh chóng giải cứu các nạn nhân bị mắc kẹt ra bên ngoài"", ông Nhân nói.  Một người phụ nữ thuê trọ cạnh bên ngôi nhà bị cháy vẫn chưa hết hoảng hốt kể lại, lúc đó, chị vừa tri hô mọi người tìm cách giúp đỡ người còn mắc kẹt trong nhà cháy, vừa sơ tán 2 con nhỏ đi nơi khác. ""Tôi hoảng hốt gọi 2 con nhỏ dậy và đưa ra ngoài, đồng thời, lấy thang ở bên trong nhà để đưa cho mọi người leo lên cứu người mắc kẹt"", người phụ nữ kể.  Người phụ nữ này cũng cho biết, mọi việc lúc đó diễn ra rất nhanh, có 1 nam thanh niên mặc áo trắng bỏ xe máy ở đầu ngõ và chạy vào cứu các nạn nhân.  ""Cậu thanh niên này leo lên mái tôn của nhà số 9, dùng gạch đập vỡ con tiện xi măng ở ban công tầng 3 và cứu 2 bạn nữ ra ngoài. Tôi thấy anh ấy leo lên 3 lần, 1 lần đưa bạn nữ áo đen mắc kẹt trên tầng xuống, lần nữa thì cõng bạn nữ mặc áo trắng"", người phụ nữ kể lại.  Cũng theo người này, sau khi cứu các nạn nhân thì người thanh niên bị bỏng hai tay và đã rời đi ngay.  ""Những người trong ngõ không biết thanh niên này sống ở đâu, chỉ biết cậu ấy đang trên đường đi làm thì phát hiện sự việc nên dừng lại. Chúng tôi rất khâm phục hành động dũng cảm của thanh niên này"", người phụ nữ nói.  Theo Vietnamnet"	https://scontent.fhan20-1.fna.fbcdn.net/v/t1.15752-9/441099236_821713849383891_685928299411302323_n.jpg?_nc_cat=103&ccb=1-7&_nc_sid=5f2048&_nc_eui2=AeFYrxEGqNK-ahSBZHebpgz9gLt8O5r3XLiAu3w7mvdcuJeOue82dmouAxTQAVyCaL3RagStSMS6GbplSWrKn69W&_nc_ohc=bBrd_vKn1zEQ7kNvgFMymYs&_nc_ht=scontent.fhan20-1.fna&oh=03_Q7cD1QELuxolQNfmV8kUo_ZpJwIzwKxTptu07nYtSEnHZxvD1A&oe=6680AF6E,,			Đạt	Duyệt		
2024-05-30	FP - Chuyện của Hà Nội	Đinh Tiến Tuấn	XÓT XA BỨC THƯ BÉ GÁI LỚP 5 SAU KHI BỐ MẸ LY HÔN  Con ở với mẹ được đúng 1 tuần rồi mẹ mang vali về nhà ông bà ngoại. Sau đó bố mẹ ly hôn, người ta bảo mẹ đi kiếm tiền ở xa. Mẹ gọi điện về bảo kiếm tiền xây nhà, mua quần áo đẹp cho con ... Đã từ năm đó con chẳng được sống cùng mẹ.				Đạt	Duyệt		
2024-05-30	FP - Chuyện của Hà Nội	Phuong Thao	Phê La Tông Đản vào lúc sáng sớm. Yên tĩnh, nhẹ nhàng một cách lạ thường.  Video: @daotam1512		https://video.fhan2-3.fna.fbcdn.net/v/t42.3356-2/446407782_8151932251507921_4186955374445542483_n.mp4?_nc_cat=111&ccb=1-7&_nc_sid=4f86bc&_nc_eui2=AeG43j7hrK7am2PY6wj3K0S4AmAmmks2oN8CYCaaSzag36-X8192ZJeOV7-z6tcjk_A5ViRsYZt6QFWs0uWmxB6k&_nc_ohc=Xx_ZPlbG62MQ7kNvgEkMfBL&_nc_ht=video.fhan2-3.fna&oh=03_Q7cD1QG_gpcS6kXdPw9FTK_ahYWIVjm_3gksOibrBDSIuaYNbA&oe=665B3AF6&dl=1,,		Bách	Duyệt		
2024-05-30	FP - Chuyện của Hà Nội	Đinh Tiến Tuấn	❗HÀ ĐÔNG RẠNG SÁNG NAY: CHÁY NHÀ TRỌ, 9 NGƯỜI MAY MẮN THOÁT NẠN 😰  Lửa bùng lên từ tầng 1 ngôi nhà 3 tầng một tum ở quận Hà Đông. Sau ít phút, khói đen đậm đặc bao trùm ngôi nhà đang có 9 người ở. Toàn bộ số người trong nhà đều thoát nạn.    Theo Vietnamnet	https://scontent.fhan2-5.fna.fbcdn.net/v/t1.15752-9/445772375_1202378990926327_1857434508988984805_n.jpg?_nc_cat=107&ccb=1-7&_nc_sid=5f2048&_nc_eui2=AeFpbpMPg3K8YUVexnhyI2o8s9C33UCxAhGz0LfdQLECEUT-lsyQ4ngCbH_W9FLVQ7vJZncm67sMbVtAD0nghXTv&_nc_ohc=J6G8thznA18Q7kNvgHJjXVh&_nc_ht=scontent.fhan2-5.fna&oh=03_Q7cD1QEH9PFl5OEdoJNFB98WfUUb6Thiy_BWHVBfTHD6kBf6bg&oe=6680CEF5,,https://scontent.fhan2-4.fna.fbcdn.net/v/t1.15752-9/445810757_912800377202639_4366911003413665_n.jpg?_nc_cat=110&ccb=1-7&_nc_sid=5f2048&_nc_eui2=AeEtvnCM36SPK_yFBJNxJjaOVcWDfn24j4pVxYN-fbiPijdE_q7GUAlte4rA_rQJeDfEZ22P8olbK5WyRumAb86w&_nc_ohc=wqqcXDVI108Q7kNvgFRSp39&_nc_ht=scontent.fhan2-4.fna&oh=03_Q7cD1QFXL6SpPGXZYVUL3KaSDN6DJSKE6_0OHf_p9aXn9JSjuA&oe=6680D681,,https://scontent.fhan2-4.fna.fbcdn.net/v/t1.15752-9/445787682_1893404681124825_6483808030988165378_n.jpg?_nc_cat=100&ccb=1-7&_nc_sid=5f2048&_nc_eui2=AeFXyQGB0ppr5ujp26sCpQHYZmsKa7vOo_1mawpru86j_f0SB_FXGS17NlZZ-KPQyT4jdMtTpSuhKdWli4Ozvx-j&_nc_ohc=ujM9PXJfo50Q7kNvgEDO2QN&_nc_ht=scontent.fhan2-4.fna&oh=03_Q7cD1QHjaFsNJQrpvNGttVFNe1gAPazHFrsBFAj9Xtzjw9RQyw&oe=6680AC42,,https://scontent.fhan2-4.fna.fbcdn.net/v/t1.15752-9/445687146_480470624456651_5653132091501296726_n.jpg?_nc_cat=105&ccb=1-7&_nc_sid=5f2048&_nc_eui2=AeGylqLp13YgB1AVfjIeXzl5Q51ngNt35r9DnWeA23fmv-R9C3XUj0IHZkfko1u5zrncK8mNnYazp2zLDV7PZn7X&_nc_ohc=G-auqnsb9j4Q7kNvgEii5j_&_nc_ht=scontent.fhan2-4.fna&oh=03_Q7cD1QHT2doiap6y8DnGZqaAV4j7U7s9Apa8bdTnQDAo2q9HOw&oe=6680D2EE,,			Đạt	Duyệt		
2024-05-30	FP - Chuyện của Hà Nội	Phuong Thao	Thái Bình: Một trẻ mầm non tử vong nghi do bị để quên trên xe ô tô				Bách	Duyệt		
2024-05-30	FP - Chuyện của Hà Nội	Giáp Thị Thu Thảo	"| 30 . 05 . 2025 - Lại có thêm một mùa hoa mới |   Tháng sáu dần về, đất trời lại cho ta thêm một mùa hoa mới. Thật chẳng sai khi trong ""Hà Nội 12 mùa hoa"", tác giả viết: ""Hồ Tây ngát hương, mùa sen tháng sáu"".  Tháng sáu dần về, ta dễ bắt gặp những bông sen dọc khắp phố phường Hà Nội, như cách để đánh dấu mùa hạ đang ở độ chín mọng nhất của năm.   Nụ sen chúm chím, cánh sen mỏng như tờ, mùi sen thơm nhẹ. Sen mang một nét đẹp truyền thống, lạ kỳ, khó diễn tả lắm, nhưng lại rất Việt Nam.   Bạn ơi, hẹn một ngày hồ Tây mát mẻ, chúng mình xúng xính đi tìm những bức hình xinh, được chứ?  | Thaor 📸: Cao Anh Tuan | Chuyện của Hà Nội group"	https://scontent.fhan2-4.fna.fbcdn.net/v/t1.15752-9/441940168_955760786031919_78191232593369549_n.jpg?_nc_cat=105&ccb=1-7&_nc_sid=5f2048&_nc_eui2=AeH6CFt32eU5cjCBpEysyK2gx4TNX-Pt-N3HhM1f4-343flSJODh_dkJOBQwG5oXZijY2RXRZkeNWqvoEY2BFnR9&_nc_ohc=tvcBUTFjWioQ7kNvgHv0DgK&_nc_ht=scontent.fhan2-4.fna&oh=03_Q7cD1QF-oG19GXO1cUXMTjnMRpJodrq69K0Tv4P6-xuOkt3kqA&oe=6680AB2A,,https://scontent.fhan2-3.fna.fbcdn.net/v/t1.15752-9/445991891_484177047325325_3127558038341463033_n.jpg?_nc_cat=111&ccb=1-7&_nc_sid=5f2048&_nc_eui2=AeE67OnzviuN0wAGB-tJ42TK-VVXUBtkuX_5VVdQG2S5f1iSTd9YRkCF5R-cWd2ifZ-3tGJEU77MIm0fZe_zrnDj&_nc_ohc=P2VxUu_9n_wQ7kNvgG_TeOs&_nc_ht=scontent.fhan2-3.fna&oh=03_Q7cD1QFTtYZxJE0veWLbjMA18VtpAScnvpkoeqYpRzRNmMq6Qg&oe=6680AD12,,https://scontent.fhan2-4.fna.fbcdn.net/v/t1.15752-9/441894963_1387687805258148_8372438147523215165_n.jpg?_nc_cat=105&ccb=1-7&_nc_sid=5f2048&_nc_eui2=AeFEPnojaLSIZ6WQU_1PQKuoMi1m2AQaDfIyLWbYBBoN8lf-muSxZ0KetncbHTLvX71mQDCYlJp8NIT7Dl0E9kUo&_nc_ohc=u9Vde-xGo1EQ7kNvgGtLEiM&_nc_ht=scontent.fhan2-4.fna&oh=03_Q7cD1QFJUB9F7my9iL6lunHGjqlcXLn8ZIS0NUd1IgnVNcGOHA&oe=6680B2F2,,https://scontent.fhan20-1.fna.fbcdn.net/v/t1.15752-9/441558261_481553644212730_2528686472648119760_n.jpg?_nc_cat=102&ccb=1-7&_nc_sid=5f2048&_nc_eui2=AeGR8NjQM0371Q6WWeokiQx1PEtFFv-Y0ZU8S0UW_5jRlSC5OIF3m-GUZEsI2i7uxHAYhkamQPTR6pOsFehwF_V2&_nc_ohc=MsnK5_gaxnQQ7kNvgEUgLaY&_nc_ht=scontent.fhan20-1.fna&oh=03_Q7cD1QHWD4Li4acA47YV1tvt9f1q7XQ0JrEiESLlcceVJIJsHw&oe=6680CE3E,,https://scontent.fhan2-4.fna.fbcdn.net/v/t1.15752-9/441482144_990920502682724_8617165321180620712_n.jpg?_nc_cat=105&ccb=1-7&_nc_sid=5f2048&_nc_eui2=AeEZ3ebBQBQgzvvVoh-ZvZG8AIkVRhwqhI0AiRVGHCqEjc2NyAi8Ro3tmb3tdbK3WDH9Hjz-wmvYcQ8va4pQsGmq&_nc_ohc=k6Q8AT9f1u4Q7kNvgGyMWDd&_nc_ht=scontent.fhan2-4.fna&oh=03_Q7cD1QGuOZB7QdwZFLu7ff-Ni77PNK1jPYrCvI2l_s7Fwe_qiw&oe=6680BF65,,			Bách	Duyệt		
2024-05-29	FP - Chuyện của Hà Nội	Phạm Khánh Huyền	Mình thích những cái nắm tay thật khẽ.  Hôm trước ngồi cà phê, mình để ý thấy hai anh chị bàn bên nắm tay nhau suốt cả buổi. Anh chị ngồi đối diện nhau, chẳng nói câu nào, suốt 2 tiếng chỉ yên lặng nắm tay, yên lặng nhìn đối phương.  Chẳng có điều gì lãng mạn hơn một cái chạm nhẹ, và chẳng lời nào cần thiết khi mình đã bên cạnh nhau dịu dàng như thế.  Tay của bạn, đã có ai nắm lấy chưa?	https://scontent.fhan2-4.fna.fbcdn.net/v/t1.15752-9/441991945_7567601649982459_6616017752376547712_n.jpg?_nc_cat=100&ccb=1-7&_nc_sid=5f2048&_nc_eui2=AeF_UxPl5F_F2FkmTywIE1VmMEqJAYe6xRMwSokBh7rFExJ_eH0dnpevndA0yrPZ-ihPbqN3cevnM-Lx6VEZ_9WC&_nc_ohc=EWuN0rv_ck8Q7kNvgFgvpBS&_nc_ht=scontent.fhan2-4.fna&oh=03_Q7cD1QF61aSTB4M0TbIRvwm9cCB59FqtQzZ7KHlO4E4Oz2aELg&oe=6680B668,,			Bách	Duyệt		
2024-05-29	FP - Chuyện của Hà Nội	Giáp Thị Thu Thảo	Một giới hạn nhất định phải đặt ra trong tình yêu là gì?				Bách	Duyệt		
2024-05-29	FP - Chuyện của Hà Nội	Giáp Thị Thu Thảo	Ước mơ của con đơn giản lắm. Con muốn được sống với ông bà, bố mẹ và nhà mình cả đời ❤️ Con yêu gia đình của mình lắm lắm!   | Thaor 📸: Hương Giang				Bách	Duyệt		
2024-05-29	FP - Chuyện của Hà Nội	Giáp Thị Thu Thảo	"Ông không có tiền, nhưng ông sẽ vẫn dành dụm để cho cháu ❤️  Mình đi học Đại học, thỉnh thoảng mới về nhà. Đợt này mình về đúng mùa vụ, cả nhà ai cũng vất vả lắm. Hôm nay, trước khi mình đi, ông nội sang gọi mình, bảo: ""đợi ông tí, ông về ông lấy cái này"". Áo quần ông ướt đẫm mồ hôi vì nắng nóng, chân không đi dép hay giày. Ông mang hai tờ tiền sang, nói là: ""đây ông cho đi học"". Mình bảo mình không lấy đâu, ông già rồi, cũng chẳng có của ăn của để gì, ông giữ lấy còn mua thuốc. Nhất định ông không cầm.   Mình thấy mình được thương quá. Bao gánh nặng nhẹ đi muôn phần, vì vẫn còn gia đình ở đó.   | Thaor"				Bách	Duyệt		
2024-05-29	FP - Chuyện của Hà Nội	Giáp Thị Thu Thảo		https://scontent.fhan2-5.fna.fbcdn.net/v/t1.15752-9/441873091_4325659310906291_8434018613110976663_n.jpg?_nc_cat=104&ccb=1-7&_nc_sid=5f2048&_nc_eui2=AeH6fP7aNgdsc8ewspLpoc1l5_IIrXmc_vzn8giteZz-_D43EOb7myJEKZhfgu2DDYWFXmduoc8cVAtmss6b0Npx&_nc_ohc=cUWdCPpHEikQ7kNvgE1kyCR&_nc_ht=scontent.fhan2-5.fna&oh=03_Q7cD1QE2cEqNoUvxnwtEN_363uKT-bkTEu9dKWsrPykLDmtk3Q&oe=6680BE5F,,https://scontent.fhan2-5.fna.fbcdn.net/v/t1.15752-9/441564740_1555327128370448_5137062948956214383_n.jpg?_nc_cat=107&ccb=1-7&_nc_sid=5f2048&_nc_eui2=AeEUzKCMiYaFv7On5VaVwqRmgNuJbuPFI4mA24lu48UjieZs0DU3_3-ul8D8MX3iHNL46UPSau8KqUMVN0t9xLLL&_nc_ohc=2hUeRTPd9A0Q7kNvgGKM7ux&_nc_ht=scontent.fhan2-5.fna&oh=03_Q7cD1QFn3jS2l5djUXYmzIjejEPSH42qtx7uspBTGB-oBi9Y8Q&oe=6680D695,,https://scontent.fhan2-3.fna.fbcdn.net/v/t1.15752-9/431283921_316257438127242_1702057631793254003_n.jpg?_nc_cat=101&ccb=1-7&_nc_sid=5f2048&_nc_eui2=AeH7B3ekz_lCzSXeCRiCJakyJnKdR_8aI9Mmcp1H_xoj0xeK4BcHUn2Wk-9tplhbVMed8xBI2k-TgcD9hovOivWH&_nc_ohc=wTJq8TBGvXoQ7kNvgEW4kfh&_nc_ht=scontent.fhan2-3.fna&oh=03_Q7cD1QGYFf9c1TTSEePj0rZVskS2J8zTUprd73SY8BINoZNrig&oe=6680C136,,https://scontent.fhan2-4.fna.fbcdn.net/v/t1.15752-9/441532692_3422524151224850_8361883174664079841_n.jpg?_nc_cat=100&ccb=1-7&_nc_sid=5f2048&_nc_eui2=AeHyLBvbsABFji4nlbivDCZK2ntxtEieHOnae3G0SJ4c6UZT_J1h-KM_RQqSSuj9F2VKRq9jAG4cI8rO93XMuOhZ&_nc_ohc=gigf1lXGqYAQ7kNvgG4lWxV&_nc_ht=scontent.fhan2-4.fna&oh=03_Q7cD1QHUoKnUrclGgjPYHsyVJ45sIR6xXYc2Zt1QrWqPkX0BUQ&oe=6680A228,,			Đạt	Duyệt		
2024-05-29	FP - Chuyện của Hà Nội	Giáp Thị Thu Thảo	"| 29 . 05 . 2024 - Vẫn là hồ Tây, nhưng mỗi ngày một vẻ |   Hoàng hôn hồ Tây chẳng ngày nào giống ngày nào. Mỗi khoảnh khắc lại có cái đẹp, cái hay riêng, mà khoảnh khắc nào cũng khiến mình nao lòng khó tả.   Hoàng hôn hồ Tây đã từng có mình, có cậu, có những câu chuyện tuổi trẻ với nhiều hoài bão, ước mơ, nhiều niềm vui, hy vọng, nhiều bực dọc, nước mắt nữa.   Dẫu hoàng hôn hôm nay đã chia một người một ngả, nhưng mình không buồn.  Hoàng hôn vẫn đẹp, lòng mình vẫn tươi, mình vẫn sống đời mình.  Và, ""để mà nói về độ đẹp trai thì Hồ Tây thứ hai không ai đầu bảng"". Chưa có người yêu thì mình ngắm tạm hồ Tây cũng được!   | Thaor  📸: rainie_rub"	https://scontent.fhan2-5.fna.fbcdn.net/v/t1.15752-9/441473798_469134229020074_6650764600288138781_n.jpg?_nc_cat=107&ccb=1-7&_nc_sid=5f2048&_nc_eui2=AeHb5VSgrdKhhJViWnhP2pqXYQ3JjngR02xhDcmOeBHTbEoL7B3HZHT-2esPR0l8Tm24OIMNcXiZScQaGu1X7V09&_nc_ohc=RJe2enjwrgEQ7kNvgGFDABW&_nc_ht=scontent.fhan2-5.fna&oh=03_Q7cD1QGCjIulU1UonlyOGlM1KnC20eUfoxPynbSlMrv2tJTXrA&oe=6680AB02,,https://scontent.fhan2-5.fna.fbcdn.net/v/t1.15752-9/441895024_1118546129256650_2424076153211026179_n.jpg?_nc_cat=106&ccb=1-7&_nc_sid=5f2048&_nc_eui2=AeG4vQvxcJvWHek_vgT5Q_O_1L2b9SjKuYjUvZv1KMq5iCUzQqv5h5UV0mJm1O3dNtQByhewdweaVTWOE9fwkuQS&_nc_ohc=n2POTCatI6AQ7kNvgFO904S&_nc_ht=scontent.fhan2-5.fna&oh=03_Q7cD1QGpXT2RwlyhDaEAqBlJX2LezirulMJUBQdqrfKKIxOYOw&oe=6680AD66,,https://scontent.fhan2-5.fna.fbcdn.net/v/t1.15752-9/441945382_492196293237195_1713579066786161911_n.jpg?_nc_cat=107&ccb=1-7&_nc_sid=5f2048&_nc_eui2=AeEtyX93UOH0s95hMNgbuvSVWG1hdkgLviVYbWF2SAu-Je6oO0pDw64cvzo8f7YRmAylSmDAMfm47g5XMxIhWNcc&_nc_ohc=pB0Q0l-oa8IQ7kNvgEdT_O9&_nc_ht=scontent.fhan2-5.fna&oh=03_Q7cD1QEq-_vuyFS6BKv1FE_lca2xUet8m7_TqWCHbTtHfCAJYg&oe=6680CD97,,https://scontent.fhan2-5.fna.fbcdn.net/v/t1.15752-9/441909987_1018439503615806_6503704442024761967_n.jpg?_nc_cat=106&ccb=1-7&_nc_sid=5f2048&_nc_eui2=AeFt9OodaVgQOJugAiBnTe7VIGrSsLeYGyMgatKwt5gbI3vx6nwJ8zgpqBbVJztsjgO1G6HeLF_bQxv771BcsvoZ&_nc_ohc=JQkV7cIZVukQ7kNvgGN238D&_nc_ht=scontent.fhan2-5.fna&oh=03_Q7cD1QHqNWxnie4mkrd1HhGh3F_8x7NuXe3kg07TRf6YyHO-Qw&oe=6680D4E1,,https://scontent.fhan2-4.fna.fbcdn.net/v/t1.15752-9/442007379_1522367058687957_7057499053587281763_n.jpg?_nc_cat=105&ccb=1-7&_nc_sid=5f2048&_nc_eui2=AeF8gEgkouJMdBm9JStj6A85EWGc3i8c0kcRYZzeLxzSR0SVohNDfxY1Ki31w8309ca6cU_7f5mk1Ske5B-LlisO&_nc_ohc=XEzuH9NUog8Q7kNvgFOa4Li&_nc_ht=scontent.fhan2-4.fna&oh=03_Q7cD1QHVm5ie9E6ARuxYozz6cFio4EcL8_44-rVsv4F5yJmsEw&oe=6680D3CC,,https://scontent.fhan2-3.fna.fbcdn.net/v/t1.15752-9/441991900_475013108530772_5833261756673791034_n.jpg?_nc_cat=101&ccb=1-7&_nc_sid=5f2048&_nc_eui2=AeFNtKFdrDjeCNb1Xmvla-cC6JfDngLIGFzol8OeAsgYXCRIpfnIYqebNPi06h7SLjzTVkvwpJVx-anllWmsV2Ls&_nc_ohc=c2xuC7Eqvo4Q7kNvgFpTuZy&_nc_ht=scontent.fhan2-3.fna&oh=03_Q7cD1QFpyJtcX6rfxhw8QfTdJzCwCNjOguWMjKrSuggawd01Vg&oe=6680CB3C,,https://scontent.fhan2-5.fna.fbcdn.net/v/t1.15752-9/442004722_857355152879940_2440949364508731562_n.jpg?_nc_cat=107&ccb=1-7&_nc_sid=5f2048&_nc_eui2=AeHeQI6JboCF-Uexu5yjb6F5-Fh4qaFdoXT4WHipoV2hdA4PrkrVgTh77jwR-y2dSDkQcReZ5E8cbAL837LLoe43&_nc_ohc=DffqT-cUPZMQ7kNvgHMIgQE&_nc_ht=scontent.fhan2-5.fna&oh=03_Q7cD1QFCWkTBoiGvP0RgmE7i58ZVNuy1FVHM3C8DrlHiBzLIeA&oe=6680BAAD,,https://scontent.fhan2-5.fna.fbcdn.net/v/t1.15752-9/442004729_956924469241886_4197823700196562457_n.jpg?_nc_cat=107&ccb=1-7&_nc_sid=5f2048&_nc_eui2=AeGWAIiSGMp0h7nMp-_jH1koKpbL_oF7hRQqlsv-gXuFFAJ7JB-oGWv6Hv8dcPm_ifXUIHaWJE4nTDJ0f7TsJTil&_nc_ohc=cr_Eqgn2q2IQ7kNvgGyzN0R&_nc_ht=scontent.fhan2-5.fna&oh=03_Q7cD1QFPr3xjYfFtAqbdb9lfqm6mNkLL6QXzrvVG9550DV1zUg&oe=6680C959,,			Đạt	Duyệt		
2024-05-29	FP - Chuyện của Hà Nội	Phuong Thao	Tôi nghĩ chúng ta đang ở độ tuổi khát khao: 📸: @nthunwg	https://scontent.fhan2-3.fna.fbcdn.net/v/t1.15752-9/434928364_781234973974948_1863559067911880888_n.jpg?_nc_cat=101&ccb=1-7&_nc_sid=5f2048&_nc_eui2=AeG5S4uXbxqAAnv41Mk0WNsLHXPAgiybunAdc8CCLJu6cI9Qme75o9eqhr6lyUx9BXylaWVh0EzM3PEjTUMRBakK&_nc_ohc=pqKLNgeoo00Q7kNvgFdsBBu&_nc_ht=scontent.fhan2-3.fna&oh=03_Q7cD1QG9kBoOPpFK_jceC05pi2MHRRUnQ_SKyxP-FxXa3v9-sQ&oe=6680CE18,,			Bách	Duyệt		
2024-05-29	FP - Chuyện của Hà Nội	Hoàng Tuấn Anh	"Chung cư Kim Văn - Kim Lũ giá rẻ từ 15tr đã gấp đôi giá sau 10 năm   Giá chung cư ngày càng tăng mặc dù mức độ quan tâm của các anh em muốn thay đổi ""chỗ ăn cơm vợ nấu"" giảm 30% trong tháng 4.   Đáng chú ý hơn cả là khu chung cư KVKL này. So với thời điểm các anh em đặt cái giường đầu tiên vào nhà vào tầm chục năm trước thì nay giá đã x2, thậm chí x2,5 luôn.   Nhiều anh em bảo chờ giá chung cư giảm nhưng với tình hình tôi đợi từ trước Tết đến giờ chỉ thấy tăng. Thế này thì khó mà lấy vợ rồi :("	https://scontent.fhan20-1.fna.fbcdn.net/v/t1.15752-9/441580529_957987599124933_6152283593459958944_n.png?_nc_cat=109&ccb=1-7&_nc_sid=5f2048&_nc_eui2=AeGCJZuTzXphb7V3ioXV2l5cPuTIvo1vd5w-5Mi-jW93nF9P1ULZQv6b86wE-mONc5MIxQeqoyguYR7HXyqoopaL&_nc_ohc=nLjlWQ41wCYQ7kNvgEtn_su&_nc_ht=scontent.fhan20-1.fna&oh=03_Q7cD1QEFeJhDQznOpPcm4X1istbB6Oj5BUEzB6rmZTUMkUAYTw&oe=6680BF4C,,		https://cafebiz.vn/chung-cu-gia-re-cua-ong-le-thanh-than-mot-thoi-chi-15-trieu-dong-m2-nay-da-tang-gap-doi-sau-10-nam-su-dung-176240529144033321.chn?fbclid=IwZXh0bgNhZW0CMTEAAR1wdOwQLHuvecoBRrv1DlUAQ39c9ldFL9G7vmrZH44Xpcm7zcvVu1lV58M_aem_AbXnMyIMg-okKxKel8Jq5T6ac2jGlRbIQG2gccwQxPCucu34itcg4T7RyYh93hscTIXAUljRJ-s6NwKdMc5pTvXW	Bách	Duyệt		
2024-05-29	FP - Chuyện của Hà Nội	Phuong Thao	NINH BÌNH MÙA LÚA CHÍN   Mùa lúa chín Ninh Bình thường sẽ diễn ra từ tháng 5 đến tháng 6 hằng năm, đây là khoảng thời gian người dân nơi đây bắt đầu thu hoạch lúa. Khi đó, khách du lịch có thể chiêm ngưỡng khung cảnh những cánh đồng lúa trải dài như một tấm thảm vàng óng khổng lồ.   Nếu bạn muốn ngắm được trọn vẹn vẻ đẹp của thôn quê Việt Nam, của các đồng lúa thì chắc chắn không thể bỏ qua Ninh Bình trong thời điểm này.   Xách balo đi ngay Ninh Bình thui nào  Ảnh: Tuyên Parafu	https://scontent.fhan2-4.fna.fbcdn.net/v/t1.15752-9/435633334_749295484069298_5161462256878445836_n.jpg?_nc_cat=110&ccb=1-7&_nc_sid=5f2048&_nc_eui2=AeHRR-EKmncbsLFjhUqISPEOqqy9I4ip_nSqrL0jiKn-dF1ItLBKHJOFCfzgK9V_F0yb2rcG_RcpghobU2Tx12TF&_nc_ohc=lpWemkdeK20Q7kNvgH6kVNB&_nc_ht=scontent.fhan2-4.fna&oh=03_Q7cD1QGEZwqFUqTCPRiukmU_zGwgHLfnf02L2j1e66Zgds0lBQ&oe=6680BE52,,https://scontent.fhan2-5.fna.fbcdn.net/v/t1.15752-9/435683716_784062323392793_824387020480441092_n.jpg?_nc_cat=107&ccb=1-7&_nc_sid=5f2048&_nc_eui2=AeHsvxzUquRkmr09FsKoP0YBMNZ58wX0gcQw1nnzBfSBxLrJ9mbjKnLg6XLAw6SffO2Itk_3kYzSa3CbKeNoxokZ&_nc_ohc=1GWbuVA2qJcQ7kNvgH8sUlT&_nc_ht=scontent.fhan2-5.fna&oh=03_Q7cD1QHanyicmGQZO7tLCxWZycIbTYNHablBHw3GSrNfsQ34qw&oe=6680C368,,https://scontent.fhan2-5.fna.fbcdn.net/v/t1.15752-9/435731409_799131978311481_3038917867986736834_n.jpg?_nc_cat=107&ccb=1-7&_nc_sid=5f2048&_nc_eui2=AeECMrrg603OjVE-lbRuubJoTbxMUaB5jcNNvExRoHmNwzVvvPs4rgIxpGx9El8M-SPSn3WHfoKwRnBnOBFYHoP8&_nc_ohc=Rw8V8qyjD64Q7kNvgG47n6X&_nc_ht=scontent.fhan2-5.fna&oh=03_Q7cD1QFIuDEzpVjxbL3iUcuZh__5-8pgxcq0Q3-uwzOS7aNhaA&oe=6680CAEF,,https://scontent.fhan2-4.fna.fbcdn.net/v/t1.15752-9/436468034_1116986229348011_7881516853837242882_n.jpg?_nc_cat=110&ccb=1-7&_nc_sid=5f2048&_nc_eui2=AeEGwq-ry7aM0IlwFo_RypfiEB3XlpLtzGUQHdeWku3MZWbb9qTiY_c3pRN8DervmF11RzpPFssKK46GRaDK3Wwp&_nc_ohc=vfdXJFd64vsQ7kNvgFgxhJL&_nc_ht=scontent.fhan2-4.fna&oh=03_Q7cD1QFXkLNjX8Y508G7-MZvn8SrnTqcPT7DgbHg6AwNGpNxog&oe=6680D0ED,,https://scontent.fhan2-4.fna.fbcdn.net/v/t1.15752-9/435646770_1893266387798587_7682604883727149667_n.jpg?_nc_cat=105&ccb=1-7&_nc_sid=5f2048&_nc_eui2=AeFUJZ0QHd91cXIDTkyMI3q2nlCetwz9TDCeUJ63DP1MMOsHsjbXfnwRO_goWlzWt2e0i267zcq0Rt44ViTQpVH4&_nc_ohc=BP-ZxFBmL1wQ7kNvgExfM8G&_nc_ht=scontent.fhan2-4.fna&oh=03_Q7cD1QGeBwQzAwG8gmdfSVQ-n6qd0GxhlU7T-7h3qyAejjaUuw&oe=6680A854,,			Bách	Duyệt		
2024-05-29	FP - Chuyện của Hà Nội	Giáp Thị Thu Thảo	| 29 . 05 . 2024 - Nắng mùa hạ |   Thủ đô dưới nắng đẹp thật, cậu ạ. Nhìn đâu cũng trong veo, xanh ngắt, vàng ươm, nhiều sức sống.   Hình như mùa hạ làm cho đất trời, cỏ cây xinh đẹp hơn nhiều cậu nhỉ?   Cậu đã đi qua mấy mùa nắng vàng của thủ đô rồi, cậu ơi?   | Thaor 📸: nguyễn mỹ linh	https://scontent.fhan2-5.fna.fbcdn.net/v/t1.15752-9/441940568_1171213344234017_7386465399587169568_n.jpg?_nc_cat=107&ccb=1-7&_nc_sid=5f2048&_nc_eui2=AeH2Hn8NIS5rrOVm18mtBgPhX6Wz-OamY0hfpbP45qZjSKnhe-tNziTcABE3rfjUt-7-Ve3_Yt5itsZwF4sUlOfS&_nc_ohc=u6Q0_AHIJE0Q7kNvgE-yqP-&_nc_ht=scontent.fhan2-5.fna&oh=03_Q7cD1QFcIkJyW0uGkMGnp9-kuJ8bq2iLj-9XibzcsvM3w0ciew&oe=6680CBBC,,https://scontent.fhan2-5.fna.fbcdn.net/v/t1.15752-9/441940211_858218879679219_950244831966181326_n.jpg?_nc_cat=104&ccb=1-7&_nc_sid=5f2048&_nc_eui2=AeF3A5mYVaZIGKErRDe5Fo00oA_SoH0NzoWgD9KgfQ3OhTf3thkF8Rpr-I3iNPvUA47gnkrw28TrMu9H4ceMTrUe&_nc_ohc=dZrfl5zybzMQ7kNvgEQGlkm&_nc_ht=scontent.fhan2-5.fna&oh=03_Q7cD1QEXqPfzmPTi-g48ke34X71ocaQtlqt-Fy37r5tClvxJbw&oe=6680BEEF,,https://scontent.fhan2-4.fna.fbcdn.net/v/t1.15752-9/441604013_802971581505741_5906937833432478590_n.jpg?_nc_cat=100&ccb=1-7&_nc_sid=5f2048&_nc_eui2=AeFZtg19Ax9uSNfjFL1yN8GTsWZ9W-6Q22OxZn1b7pDbY9zqaVRjuuj_gNliHXhz7uFbINW3O3WzBYFKLHnxPWO1&_nc_ohc=7qRUySE06OgQ7kNvgHsIXk9&_nc_ht=scontent.fhan2-4.fna&oh=03_Q7cD1QEAi-vQJ4w0oqK2kO_xzDlGDvx-tvs7YfjMKkwtuXI6eg&oe=6680A854,,https://scontent.fhan2-3.fna.fbcdn.net/v/t1.15752-9/441873147_2404059329788269_5296523553056868565_n.jpg?_nc_cat=108&ccb=1-7&_nc_sid=5f2048&_nc_eui2=AeE7JcHOIDFXeATtpl33z-RSH4EHCgmt7J8fgQcKCa3sn3Jx4WDqQTgl1iG2PWHMFwniyoUv-39y4j9SFO0qsvdV&_nc_ohc=m1QK1M0rU8EQ7kNvgHpJSg0&_nc_ht=scontent.fhan2-3.fna&oh=03_Q7cD1QHfcgVInDLyWP8w5oBxXnlwGhPHWRSuctJ7DF__X_gchA&oe=6680AE1F,,https://scontent.fhan2-3.fna.fbcdn.net/v/t1.15752-9/442014553_3802560160026136_7938586642277347587_n.jpg?_nc_cat=111&ccb=1-7&_nc_sid=5f2048&_nc_eui2=AeFeBCDDHFnveQDYh7LMeQVeav7Vl5eJ2gxq_tWXl4naDNvQopWUL7g0anyy3sYYKGf9J2_v1CDMdfInFvJmyjoE&_nc_ohc=YLbqlApKs94Q7kNvgHAKH6U&_nc_ht=scontent.fhan2-3.fna&oh=03_Q7cD1QGKfmk0Gx68NTuEdo-e0k5yzkre4uFs9D6H81XGqRpMkQ&oe=6680A63D,,https://scontent.fhan2-4.fna.fbcdn.net/v/t1.15752-9/441425003_3718391335098156_1217908324460811398_n.jpg?_nc_cat=110&ccb=1-7&_nc_sid=5f2048&_nc_eui2=AeEcK7UYuic-_sz4OcpNbS8btckWJNnaNcu1yRYk2do1yxiLKWqVR92m9XFy0zX1c_50WmQFB1kzzqXpXhAexxQ5&_nc_ohc=PVAJcXVoJMsQ7kNvgEP1DdP&_nc_ht=scontent.fhan2-4.fna&oh=03_Q7cD1QHS4WEwAL7nMTtxlXAK_n05g2xDAUDlb2Niu6E2GQ_sYQ&oe=6680B1D9,,https://scontent.fhan2-5.fna.fbcdn.net/v/t1.15752-9/441694101_1206262970753303_5487378988077846808_n.jpg?_nc_cat=106&ccb=1-7&_nc_sid=5f2048&_nc_eui2=AeHUI3yIqdBaerWHz_PDk7wOc-VyiBtuLUZz5XKIG24tRscXoEkjNjelJ5I9Ly8CM-zj25Eahl2jNuXJ4L4v2BnK&_nc_ohc=l3u-Oa7NMCIQ7kNvgGGZ3_L&_nc_ht=scontent.fhan2-5.fna&oh=03_Q7cD1QFabh2XlUFgsequWEahyi4WGr8gvkcb5yivQZwfdkvcuA&oe=6680BF3E,,https://scontent.fhan2-4.fna.fbcdn.net/v/t1.15752-9/441604013_822489675970198_2785063502704177013_n.jpg?_nc_cat=105&ccb=1-7&_nc_sid=5f2048&_nc_eui2=AeGXo_V83BRH-vcUG4X4GaRcT-o4rLXeZGxP6jistd5kbJgwy1Maivz_NEs9JDjnZvPA5V_PD4EUxuMOVK2XWMRx&_nc_ohc=7pt3afkLTygQ7kNvgEMl-2v&_nc_ht=scontent.fhan2-4.fna&oh=03_Q7cD1QGGeKw9LIn21TBM__CACEYNGswfLKCyygQO2-_Akc4jcg&oe=6680BEB7,,https://scontent.fhan2-5.fna.fbcdn.net/v/t1.15752-9/438159138_1174093993595367_8098249846800547021_n.jpg?_nc_cat=106&ccb=1-7&_nc_sid=5f2048&_nc_eui2=AeFCmmdLBvsErEixNvkLtc6rFWAl1PyHNSkVYCXU_Ic1KeVGhhYLMCPgbwoJsSMNbW7HHohQ8JCTRR72cOB98WSR&_nc_ohc=uuBxdKDcgFIQ7kNvgHEy7vg&_nc_ht=scontent.fhan2-5.fna&oh=03_Q7cD1QEsvIl5yGW7RgC3y4m1AK6rN8kAkK8ouRq28GQ0Q9dNZg&oe=6680B22E,,			Đạt	Duyệt		
2024-05-29	FP - Chuyện của Hà Nội	Hoàng Tuấn Anh		https://scontent.fhan2-5.fna.fbcdn.net/v/t1.15752-9/445979085_329293433541937_5744982333108787059_n.png?_nc_cat=106&ccb=1-7&_nc_sid=5f2048&_nc_eui2=AeGDBKEIHsfN2nD2aHz9M62PdkO1QvysQdJ2Q7VC_KxB0ue9mffUlRji8DsSFvBQXGvlY4urM6aWYqXjv4HD1wMF&_nc_ohc=pyDhyD9nQmkQ7kNvgFbn1da&_nc_ht=scontent.fhan2-5.fna&oh=03_Q7cD1QFIut1T-YE657ZtDowMq16SBvKQTu9GZnFoPFqjZyRmkg&oe=6680B933,,			Bách	Duyệt		
2024-05-29	FP - Chuyện của Hà Nội	Hoàng Tuấn Anh	Từ 3/6/2024: Bốn ngân hàng Vietcombank, VietinBank, BIDV, Agribank sẽ trực tiếp bán vàng tới người dân			https://www.facebook.com/tintucvtv24/posts/pfbid0fD8YbsEpek7Cveu3rzLdgu1x24tGw8cr4V4G5h8s2TezviT61CBmMbyyTgnHgnMtl	Bách	Duyệt		
2024-05-29	FP - Chuyện của Hà Nội	Hoàng Tuấn Anh	💡Miêu tả cái nóng Hà Nội bằng một bài hát?				Đạt	Duyệt		
2024-05-29	FP - Chuyện của Hà Nội	Đinh Tiến Tuấn	Ông nội ơi! Ông cho con diễn hết vai được không😆		https://video.fhan2-5.fna.fbcdn.net/v/t42.3356-2/442509452_7047330145367296_4787032289090955085_n.mp4?_nc_cat=106&ccb=1-7&_nc_sid=4f86bc&_nc_eui2=AeEjP_ZVjEty4DJnjdD227Et4LNTnhiIeVzgs1OeGIh5XBoeGfUDx5t8rTUCmXCT9W8B-TnCZOruSo8G0SMlh82p&_nc_ohc=48npWLdhUMIQ7kNvgHbZl0i&_nc_ht=video.fhan2-5.fna&oh=03_Q7cD1QHA7gFkEY4iV7byaAtUX5pFrmg9PIi6zcRS3qNfNyl4AQ&oe=665B17BD&dl=1,,		Bách	Duyệt		
2024-05-29	FP - Chuyện của Hà Nội	Phuong Thao	Những điều tôi tiếc nuối khi đi du học Top 1: Đồ ăn Việt Nam, cụ thể những đồ ăn vỉa hè Hà Nội	https://scontent.fhan2-3.fna.fbcdn.net/v/t1.15752-9/436769999_481109114341167_3081051251651567277_n.jpg?_nc_cat=101&ccb=1-7&_nc_sid=5f2048&_nc_eui2=AeHWAVrmlRFtjNUD2KOqfA77ke8kLVuONVmR7yQtW441WaLvW91R4Zn6BV4GibopzmijBn-wDS5-aVLIXV-njypW&_nc_ohc=B6ZtutpSJEgQ7kNvgGcBBPP&_nc_ht=scontent.fhan2-3.fna&oh=03_Q7cD1QHDiqXLOlYSwxjKRDZ3PY28s8z7U5MWRfLGsJfnf7C-Ww&oe=6680C28D,,https://scontent.fhan2-5.fna.fbcdn.net/v/t1.15752-9/441041136_752461363723330_6509118333594156633_n.jpg?_nc_cat=106&ccb=1-7&_nc_sid=5f2048&_nc_eui2=AeGC01mvullVDdjLGLD0ch6Ezs6sLsYBxGPOzqwuxgHEY3p63H-QqDJMMLnePK0b0Yc7Tor9aRwOLgOlFj8xUo4_&_nc_ohc=P7IA6Quu-mYQ7kNvgFrWYeF&_nc_ht=scontent.fhan2-5.fna&oh=03_Q7cD1QE7Tb8TOwULCjRrreWoaohs1ROXmwfNWBvU1CPwoGTVRw&oe=6680BFBF,,https://scontent.fhan2-3.fna.fbcdn.net/v/t1.15752-9/441095488_956674919526868_5876053748700188463_n.jpg?_nc_cat=108&ccb=1-7&_nc_sid=5f2048&_nc_eui2=AeHDqZrs440q0el9vtIvuFSIHvlhhqCJzHMe-WGGoInMc7kk3BtRbBpczThhD3tjhMLCqSbDNvfSkiUZWESu8GdT&_nc_ohc=727GfrCfSy8Q7kNvgHNOLwj&_nc_ht=scontent.fhan2-3.fna&oh=03_Q7cD1QFUmxUsXzS9fRH08gYk1VAms7DCHVtnZ6v6KNPxXP5aJA&oe=6680B6DE,,https://scontent.fhan2-3.fna.fbcdn.net/v/t1.15752-9/441783814_1000548891593692_8653314576451446277_n.jpg?_nc_cat=101&ccb=1-7&_nc_sid=5f2048&_nc_eui2=AeEo6UGv7OO3xZKNABnaW-OdyyqO_qDX7EzLKo7-oNfsTHOmP2K3eg3m_PQP0Q0Z3-Tqg9LKKSMMGW94mHUvyutR&_nc_ohc=2OSZo3i8_I8Q7kNvgGw-kDU&_nc_ht=scontent.fhan2-3.fna&oh=03_Q7cD1QHNHGjHRI7eUizOXMMVbzJkRg9PDLtOkxl_o7XXfWDIDg&oe=6680AE36,,https://scontent.fhan20-1.fna.fbcdn.net/v/t1.15752-9/441015351_1135056744311419_455232865766327305_n.jpg?_nc_cat=109&ccb=1-7&_nc_sid=5f2048&_nc_eui2=AeE3k8TEDMGC1TgP2Kvh-Cls0lRz7YqFOP7SVHPtioU4_m6W1g2E3eR6Hpp3LIgfBEEdqk6SSaWfj5xLoPo-xkVx&_nc_ohc=ZgU_-fB_e5kQ7kNvgGVoNWL&_nc_ht=scontent.fhan20-1.fna&oh=03_Q7cD1QGUMC0lH2fp4acunU5kMt7jYpxnno1gpqE_q4noraU--Q&oe=6680B90C,,https://scontent.fhan2-5.fna.fbcdn.net/v/t1.15752-9/436690457_1197669678068395_1083068934412276349_n.jpg?_nc_cat=106&ccb=1-7&_nc_sid=5f2048&_nc_eui2=AeGWu_l01_UNqp9cEAFh4WvSBODUsD_aalAE4NSwP9pqUNt3OIBwQAijUykQtLpjonJB2A6RKlB0BCQVm7ciXSpP&_nc_ohc=jZa10nuODzcQ7kNvgGK4ny_&_nc_ht=scontent.fhan2-5.fna&oh=03_Q7cD1QGS91yh8Fi-S6qKUbFsourPCPvbfNlKUGcuZ2M1Rzbkmw&oe=6680D28F,,https://scontent.fhan2-5.fna.fbcdn.net/v/t1.15752-9/441940189_504828368543564_1209837520835699665_n.jpg?_nc_cat=107&ccb=1-7&_nc_sid=5f2048&_nc_eui2=AeGvgx0dMFT76rAfkYwXx6rwIzG_Q0jmNTwjMb9DSOY1PMWi4ZBIFcA2cybku0HCi-j3tTVsijQ46qHQdwXZsalS&_nc_ohc=cl0ZH6kDaJMQ7kNvgFz2Fea&_nc_ht=scontent.fhan2-5.fna&oh=03_Q7cD1QHddBOQGZF-2_kofnwq-HDBjQm6aLAv-VU09f7zjPzeWw&oe=6680D6AC,,https://scontent.fhan2-4.fna.fbcdn.net/v/t1.15752-9/435913982_358753970153570_793842274696936483_n.jpg?_nc_cat=105&ccb=1-7&_nc_sid=5f2048&_nc_eui2=AeFJzQlUu1OUCGZv9VZaX4oEm_-SDem_gTub_5IN6b-BOxvjh5Rm_BzX8gwDyvYUQHoEvLNc_dBGl9QqOxffsE5I&_nc_ohc=K-a8n_4ZkpUQ7kNvgEv6kN1&_nc_ht=scontent.fhan2-4.fna&oh=03_Q7cD1QFPvY9Pd6GSlrqgDaWvu4Bemf-D8joQ1v3HpZ6Z2-9mbQ&oe=6680AE38,,https://scontent.fhan20-1.fna.fbcdn.net/v/t1.15752-9/441619811_330881296531536_2429368542390907607_n.jpg?_nc_cat=103&ccb=1-7&_nc_sid=5f2048&_nc_eui2=AeHe2PnGnoW9ObUgvz_tc5RD3izmYlwALYXeLOZiXAAthWyDyp-Sn3sQ721750G-iD2CynjKiM_amhK6fEMC2EIt&_nc_ohc=S4ze3ks8VP0Q7kNvgEmwBKt&_nc_ht=scontent.fhan20-1.fna&oh=03_Q7cD1QHXTq7PNFeKnUQckOyRIuDhQNzS3n3Qqe5mSr6LUXUsBw&oe=6680AB29,,			Đạt	Duyệt		
2024-05-29	FP - Chuyện của Hà Nội	Giáp Thị Thu Thảo	Tình cảm bạn bè nồng thắm: Phải tha nhau lên Hà Nội lúc 2 giờ chiều, 40 độ mới chịu cơ. Lúc mát mà đi là tình cảm giảm độ nồng choáy rồi 😔	https://scontent.fhan2-5.fna.fbcdn.net/v/t1.15752-9/445380685_1136819354250346_5421240538861168317_n.jpg?_nc_cat=106&ccb=1-7&_nc_sid=5f2048&_nc_eui2=AeHtHxMwzFbPNU8jvaM30TUgndDWTVapz0Od0NZNVqnPQx-KxrP-NKBWL45RRxPnlZ7aWqlu1S1WB6qDGwoHFN4k&_nc_ohc=hwN62OHz4IUQ7kNvgHeGyEb&_nc_ht=scontent.fhan2-5.fna&oh=03_Q7cD1QGksMkv3GWYsr3omXHb6UC7Z_RTXYIMjU-JG2Xjba3qgw&oe=6680C4FA,,			Bách	Duyệt		
2024-05-29	FP - Chuyện của Hà Nội	Đinh Tiến Tuấn	phận đàn ông 13 bến nước	https://scontent.fhan2-5.fna.fbcdn.net/v/t1.15752-9/441097318_1219494872794137_5262590126413208664_n.png?_nc_cat=104&ccb=1-7&_nc_sid=5f2048&_nc_eui2=AeHMle8vInIKq1pcJFYY4irmWWouPcbuymRZai49xu7KZOJ268XFTtx2Aqd9uVJec0MKlZLcqgdCWgCYsS8j13Rs&_nc_ohc=xK-t-yZznucQ7kNvgHjNlmi&_nc_ht=scontent.fhan2-5.fna&oh=03_Q7cD1QG-m6B5_9CTUlWyc4REU5vk2KzSXUHJauscbpp2N_VlWg&oe=6680B2D0,,			Bách	Duyệt		
2024-05-29	FP - Chuyện của Hà Nội	Phạm Khánh Huyền	40 ĐỘ, TÔI MUỐN TẮT NẮNG ĐI 🥵	https://scontent.fhan2-5.fna.fbcdn.net/v/t1.15752-9/442493844_3743165535914083_4900418660406256789_n.jpg?_nc_cat=104&ccb=1-7&_nc_sid=5f2048&_nc_eui2=AeHrOiyYM2sOS9YsJ3O37PWRJv_ASFR97WIm_8BIVH3tYnNqSnJQYB984dMqW9Pzr_WsCB4gOZ3UC3nUP4JY53M2&_nc_ohc=HdolWer-nUwQ7kNvgGOjbNJ&_nc_ht=scontent.fhan2-5.fna&oh=03_Q7cD1QGuOqbbHNJ-nvC6NUc0kns3AzRtZ-QylZpDATY1q9XlLw&oe=6680C7D4,,https://scontent.fhan20-1.fna.fbcdn.net/v/t1.15752-9/440707524_1165035041186976_8690273907969506269_n.jpg?_nc_cat=103&ccb=1-7&_nc_sid=5f2048&_nc_eui2=AeFejMBRBpuWu5hnq9ieUGl9dpkaNoJuq3F2mRo2gm6rcZ3r65vPt0LWj1olJrQ_u3pi-weaBachJ7mF5GgQ7YN8&_nc_ohc=TpMlYdQh2_4Q7kNvgHWgajX&_nc_ht=scontent.fhan20-1.fna&oh=03_Q7cD1QEqQzC0skTdYZ4y8lsK_8o4NpGtQ2OKEmlRPJlhWU7guA&oe=6680A983,,https://scontent.fhan20-1.fna.fbcdn.net/v/t1.15752-9/442667831_966540945167411_2190218537308973228_n.jpg?_nc_cat=109&ccb=1-7&_nc_sid=5f2048&_nc_eui2=AeHCZFhuQvzeXR-E_SQzQXXJExSnNDFFaGUTFKc0MUVoZUUQWNMAqOk3iljfMtClEfQVEQ93SNuaOeqUPWF2ztU0&_nc_ohc=WvsbDew6SfsQ7kNvgF2QIP4&_nc_ht=scontent.fhan20-1.fna&oh=03_Q7cD1QFIcxJvm4p-X_v-HRCoik2M4tj9rhDRnBVitk7EfPTmOQ&oe=6680D4A7,,https://scontent.fhan2-3.fna.fbcdn.net/v/t1.15752-9/442006996_1252339119112019_5086871304105585196_n.jpg?_nc_cat=111&ccb=1-7&_nc_sid=5f2048&_nc_eui2=AeEvmkIRvBezUlFaBW21p4oIWtZ4D_pj5Zha1ngP-mPlmAVM7qB97beGFUAUKb8KSKmb1lIHeieG5HKw1xBRFU-F&_nc_ohc=ZdZxRYJOvH8Q7kNvgEaYFcZ&_nc_ht=scontent.fhan2-3.fna&oh=03_Q7cD1QFsnuaXOUUlcW4FrZLhByo4AqQS7QRHRyszu2pbMFdm-A&oe=6680A9FC,,			Đạt	Duyệt		
2024-05-29	FP - Chuyện của Hà Nội	Giáp Thị Thu Thảo	Trung bình một gia đình tại Bắc Giang mùa này:	https://scontent.fhan2-5.fna.fbcdn.net/v/t1.15752-9/441606407_1121658732429383_1714421167787901752_n.jpg?_nc_cat=104&ccb=1-7&_nc_sid=5f2048&_nc_eui2=AeFLe3fAkxAbsYI9bD25LSVQdfJ6AZ9Coq118noBn0KirfYYBKjXzLYKHA96BwJn0uSC4Qp-UgUQCf6HxRNk2PkL&_nc_ohc=t3yJI7p62AAQ7kNvgEtTOkH&_nc_ht=scontent.fhan2-5.fna&oh=03_Q7cD1QFZ1wThysCe9A46U9fR5UvgW4w6JnvwBS6HnEI4BUmXqg&oe=6680C425,,			Đạt	Duyệt		
2024-05-29	FP - Chuyện của Hà Nội	Phuong Thao	Ý là muốn tăng tương tác phải không?	https://scontent.fhan20-1.fna.fbcdn.net/v/t1.15752-9/436730568_1176981643474447_4040657149159028969_n.jpg?_nc_cat=102&ccb=1-7&_nc_sid=5f2048&_nc_eui2=AeFnghAwp_0uxc8rl75NjjL6Dd8ZGc85vEIN3xkZzzm8Qq_bY0DZkFjWx-SLu12REi87vgh6CuxAHyjNTFe-xdFz&_nc_ohc=EeT6owOPPAUQ7kNvgHB4rIo&_nc_ht=scontent.fhan20-1.fna&oh=03_Q7cD1QGI-AwR5rH8QJMX2QsY20E4iF-RtCTqe4nDMBAvcfSIJg&oe=6680C502,,			Bách	Duyệt		
2024-05-29	FP - Chuyện của Hà Nội	Giáp Thị Thu Thảo	Cư dân Bắc Giang đi cân vải, nhầm xem là chuyện bình thường 👍🏻	https://scontent.fhan2-4.fna.fbcdn.net/v/t1.15752-9/441879054_763501372643238_6807957244962228859_n.jpg?_nc_cat=105&ccb=1-7&_nc_sid=5f2048&_nc_eui2=AeH4AR0Mv4b_yWO__PmctmGcCtq2TYwEnO4K2rZNjASc7u7XMNTOeTrqX6nOuNMn1q0SEcy3dNrzHbZjccdPwoFy&_nc_ohc=66fGqGc_cj4Q7kNvgE1ZZxV&_nc_ht=scontent.fhan2-4.fna&oh=03_Q7cD1QFVoc-ljiOtMUVtubSoEjiTAPYrIDyVvG6euipy3riSQg&oe=6680BB95,,			Bách	Duyệt		
2024-05-29	FP - Chuyện của Hà Nội	Hoàng Tuấn Anh	"Gia Tài Của Ngoại (2024) - Khóc trôi rạp cùng ký ức tuổi thơ mà hầu như ai cũng có đang gây bão rạp tại Thái Lan  Bộ phim kể về chàng trai (do Billkin thủ vai) đang thất nghiệp và quyết định trở về chăm sóc người bà sắp mất. Nhưng hóa ra, mục đích của chàng trai chính là ""lấy lòng"" để được thừa kế hàng triệu USD của bà.   Để rồi, những phút giây cuối cùng bên bà giúp M nhận ra có thứ còn quý giá hơn cả khối tài sản kia.   Phim ra rạp vào 07.06.2024. Phim rất phù hợp để cùng gia đình, bạn bè, ng iu xem cùng nhau đóoo."	https://scontent.fhan20-1.fna.fbcdn.net/v/t1.15752-9/441534167_1156575172429749_600992762725677992_n.png?_nc_cat=103&ccb=1-7&_nc_sid=5f2048&_nc_eui2=AeGXmf2Fargx698BzgBhJUV6gyF6c6F44NWDIXpzoXjg1SbQhvdpGh44JYijevefKfkIxyHh8zorYNUjvC-sXYTV&_nc_ohc=c7RR9SvuemwQ7kNvgF5JOYJ&_nc_ht=scontent.fhan20-1.fna&oh=03_Q7cD1QGoVARmRCxHdL5fzkbY0uiPq2Q_WhY-mwqnXxo4i-96QA&oe=6680A894,,			Bách	Duyệt		
2024-05-29	FP - Chuyện của Hà Nội	Hoàng Tuấn Anh	Loại nhạc có hiệu quả nhất cho bệnh nhân mất trí nhớ có nhịp độ từ 80-120 BPM.   Không chỉ yêu đời hơn mà tình trạng mất trí nhớ còn được cải thiện.  Ảnh: VTV24	https://scontent.fhan20-1.fna.fbcdn.net/v/t1.15752-9/441491169_702701958592596_3884659459664239932_n.png?_nc_cat=103&ccb=1-7&_nc_sid=5f2048&_nc_eui2=AeEVhpVtvrdM9abyE75tgYV3A60CrrL9k3YDrQKusv2Tdl6ORrccM95hE8oAQOFMitaufIE27nEXLeRKiqSGQxeg&_nc_ohc=ErdAAOFKx2kQ7kNvgFqT23G&_nc_ht=scontent.fhan20-1.fna&oh=03_Q7cD1QEkEo4DEJUXNFGJsn7R3BcBWDIrj10XWz5zLFWdGs9eXA&oe=6680C7F4,,			Đạt	Duyệt		
2024-05-29	FP - Chuyện của Hà Nội	Hoàng Tuấn Anh		https://scontent.fhan2-3.fna.fbcdn.net/v/t1.15752-9/441501353_1004207581710505_7456833633285124129_n.png?_nc_cat=101&ccb=1-7&_nc_sid=5f2048&_nc_eui2=AeGOFOexBA9mb9qpoEuFo9xqYZrbi7lVe4hhmtuLuVV7iHnNkbvoSwdY5q4h8WRJxwoyI4JbEl65y1OrFEo4289B&_nc_ohc=jnR2KSZVnloQ7kNvgFN8xg-&_nc_ht=scontent.fhan2-3.fna&oh=03_Q7cD1QGdHwnubadsu8zgDwuf2jFwwBvme6qxnxgpT53cp9xiLQ&oe=6680AB55,,			Đạt	Duyệt		
2024-05-29	FP - Chuyện của Hà Nội	Hoàng Tuấn Anh	"""Bro Đào Tuấn"" đã trừ của bạn 1 điểm chuyên cần"	https://scontent.fhan2-3.fna.fbcdn.net/v/t1.15752-9/441366261_1484470562454042_7644539397597456243_n.png?_nc_cat=101&ccb=1-7&_nc_sid=5f2048&_nc_eui2=AeFMXvcG-PDON-JKOUn8SPudLyev4Zm5lI0vJ6_hmbmUjYg9Tq0y-rdmcie5PBlPQo-7HW9kJdj3dc8T_TrFmPTz&_nc_ohc=egCJkG_IhYkQ7kNvgH0uJDx&_nc_ht=scontent.fhan2-3.fna&oh=03_Q7cD1QEOLp1FRo4uy1hLoAhyLreut_lcw8Svpwy9OyfEy7N69A&oe=6680C582,,			Đạt	Duyệt		
2024-05-29	FP - Chuyện của Hà Nội	Hoàng Tuấn Anh	Gửi các em 2k5:	https://scontent.fhan20-1.fna.fbcdn.net/v/t1.15752-9/441729023_465303435894299_2953737948524216908_n.jpg?_nc_cat=102&ccb=1-7&_nc_sid=5f2048&_nc_eui2=AeHiSVkJ4dF9uNmni7MSyTk_rzpKm959rT2vOkqb3n2tPSRNw0gPaoAfMvV5y61pcwDQN-s16sLCpJMerfgQwAVt&_nc_ohc=m0m_OIlS7roQ7kNvgEApmfT&_nc_ht=scontent.fhan20-1.fna&oh=03_Q7cD1QHQdod96cH_urHjJNCQjjU5XR-dRVFXNgiNfDmZbsIv_Q&oe=6680C954,,			Đạt	Duyệt		
2024-05-29	FP - Chuyện của Hà Nội	Hoàng Tuấn Anh	Ai rủ mình đi chơi hay định tỏ tình mình thì đợi gió mùa về nhé...	https://scontent.fhan20-1.fna.fbcdn.net/v/t1.15752-9/441892120_999349185122631_3523818681063885583_n.png?_nc_cat=102&ccb=1-7&_nc_sid=5f2048&_nc_eui2=AeEccQ_497IzdTTQp9RTzrFMZkORXHzXKRdmQ5FcfNcpF2-8Iv4tUDlLvW3HXQzZZMzjXRp-9SljXMO-6wVl191_&_nc_ohc=iTGLhAkuIOwQ7kNvgF8NzBR&_nc_ht=scontent.fhan20-1.fna&oh=03_Q7cD1QFXXRqgz-GIO1qNyNEZVR4S4K0DZpxBnJCAa3ppbrXIzw&oe=6680D5E1,,			Bách	Duyệt		
2024-05-29	FP - Chuyện của Hà Nội	Phuong Thao	Ê mấy hôm trước mình kêu thời tiết Hà Nội đáng yêu. Thôi nay rút lại nhé, thấy thời tiết đáng gớm ấy!				Bách	Duyệt		
2024-05-29	FP - Chuyện của Hà Nội	Đinh Tiến Tuấn	PHỐ LÒ SŨ ĐÊM QUA ‼️‼️  Khi mặt trời đã lặn, lúc mọi người cũng vào chăn bật điều hòa bật quạt thì các nàng ther vẫn miệt mài đi thả dáng.   11h đêm thì đã có bạn đứng sau bật flash hộ, Xingtu, Foody 7749 app làm đẹp khác trợ lực. Quá nể các nàng.  Ảnh: Đức Nguyễn	https://scontent.fhan2-4.fna.fbcdn.net/v/t1.15752-9/441081846_1007111604267346_3771491894929155953_n.jpg?_nc_cat=100&ccb=1-7&_nc_sid=5f2048&_nc_eui2=AeHgRcpCExE08CP_aLbh_p-a8mL1_S599dPyYvX9Ln310_HaHuavWT83xIW6LJINvFL7Ec8-UIUG15WVJEv4ujXO&_nc_ohc=6ndbyezp-tUQ7kNvgGI4Ta6&_nc_ht=scontent.fhan2-4.fna&oh=03_Q7cD1QG3SVTr9-MoKUWKHj8lB8ueqq44jXY1bijsg5tCP6_4Tg&oe=6680C8E2,,https://scontent.fhan20-1.fna.fbcdn.net/v/t1.15752-9/441526620_2235836863424510_4082604578407641214_n.jpg?_nc_cat=109&ccb=1-7&_nc_sid=5f2048&_nc_eui2=AeGW3wvpQ-mKfEvBK4cd0ArzfGJtbUS4Z158Ym1tRLhnXtJf6CGuUuhzamnFo8yho63fXoZJrFjmj0c3iVOM5qdk&_nc_ohc=560RT-cjeLcQ7kNvgG5kc7m&_nc_ht=scontent.fhan20-1.fna&oh=03_Q7cD1QHxQnTP4IeUNuuqw0KIJA6W9XiGjnAel5yp67iJXmOTog&oe=6680B353,,https://scontent.fhan2-4.fna.fbcdn.net/v/t1.15752-9/444783198_1244916013149179_4658485268531616778_n.jpg?_nc_cat=100&ccb=1-7&_nc_sid=5f2048&_nc_eui2=AeEqrdMpIx6nSeJkEV96eHzx-79nnCKmQH_7v2ecIqZAfy2f8NXsaBl6UjS0l86O-CMZY_TSz6sm60Z2iNDRu0LD&_nc_ohc=QwhNZvqjVNEQ7kNvgEY8A6h&_nc_ht=scontent.fhan2-4.fna&oh=03_Q7cD1QFHFkXJzHG1bqyAVw5HkFRAepBJoH7oo2JbsTDvIdtStA&oe=6680AF96,,			Đạt	Duyệt		
2024-05-29	FP - Chuyện của Hà Nội	Đinh Tiến Tuấn	CHỒNG UẤT ỨC KỂ KHỔ SAU 8 NĂM Ở NHÀ NỘI TRỢ CHO VỢ ĐI KIẾM TIỀN, NGƯỜI ĐÀN ÔNG CẢM THẤY MÌNH ĐÃ LÃNG PHÍ CẢ THANH XUÂN. THẾ MỚI THẤY PHỤ NỮ Ở NHÀ NỘI TRỢ CŨNG KHÔNG PHẢI DỄ DÀNG ĐÂU ‼ Mới đây, một người đàn ông lên mạng xã hội chia sẻ hình ảnh làm việc nhà của mình. Anh than vãn mình quá mệt mỏi, muốn gục ngã khi suốt 8 năm phải làm việc nhà cho vợ đi làm công sở. Khối lượng công việc đồ sộ khiến anh không thở nổi.  Người đàn ông cho biết, mình phục vụ trong quân đội nhiều năm sau đó xin phục viên về quê. Anh quyết định ở lại quê vợ làm ăn. Nhưng vì không quen với nơi này nên anh không thể xin được việc làm.  Con gái anh lúc đó mới hơn 1 tuổi. Vợ đang có công việc ổn định, không muốn ở nhà chăm con. Anh lại lo lắng, không yên tâm khi giao con cho người giúp việc.  Vì vậy, người đàn ông quyết định ở nhà chăm con để vợ toàn tâm toàn ý lo công việc. Anh đợi con lớn hơn, đi học mầm non sẽ lại đi xin việc Nhưng mọi chuyện không đơn giản như anh nghĩ. Từ ngày ở nhà nội trợ, anh cảm thấy vất vả vô cùng. Mỗi ngày, người đàn ông phải dậy từ 5h để làm bữa sáng cho vợ. Sau khi vợ đi làm, anh bắt đầu chăm sóc con gái, giúp con ăn sáng, đưa con đi dạo và mua đồ.  Sau khi con gái ngủ, ông bố trẻ dọn dẹp nhà cửa và nấu bữa trưa. Đợi con ngủ dậy, anh lại chơi với con, chăm con.  Mỗi ngày anh đều xoay quanh chuyện con cái, bếp núc, không giao tiếp xã hội, không giải trí, không bạn bè. Ngày nào anh cũng mong vợ về để trò chuyện với cô, nghe cô kể về công việc. Cuối cùng anh cũng chờ được đến ngày con đi học mẫu giáo. Anh nghĩ mình sắp được tự do thì vợ lại thông báo có bầu. Anh không dám bày tỏ ý kiến với vợ và phải nghe lời cô ấy mọi việc.  Kết quả là suốt 8 năm người đàn ông phải ở nhà nội trợ. Mỗi ngày công việc đổ lên đầu không đếm xuể. Cuối tuần muốn ngủ nướng nhưng không được, anh phải đưa vợ con đi mua sắm và đi chơi.  Càng ở nhà lâu anh càng bối rối, cảm thấy ân hận. Dù không vui, nhưng anh không dám bộc lộ cảm xúc cho vợ biết. Anh hiểu vì sao những người phụ nữ ở nhà chăm con lâu ngày sinh bệnh trầm cảm. Anh cũng gần rơi vào trạng thái đó.  Mặc dù anh vất vả mỗi ngày, nhưng người ngoài đâu nghĩ như vậy. Họ cho rằng anh chỉ ở nhà, vui sướng, còn vợ anh nai lưng kiếm tiền. Cộng đồng mạng thông cảm với chia sẻ của anh. Một số người cho rằng, tất cả đàn ông nên nhìn hoàn cảnh của ông bố trẻ này để hiểu cho những người phụ nữ. Ở nhà chăm con không phải dễ dàng, nên cánh đàn ông đừng cho rằng vợ ở nhà chăm con là nhàn rỗi, chỉ ăn bám chồng.	https://scontent.fhan2-3.fna.fbcdn.net/v/t1.15752-9/441892073_870853221469381_8873476431015729005_n.jpg?_nc_cat=111&ccb=1-7&_nc_sid=5f2048&_nc_eui2=AeHknCjkqWT25YAEZCDsJ8hI09MV9vboNBDT0xX29ug0EGR2W6gHIudk6emXJKe_xI0Q_qF0fTSzha_aCWhQQOyk&_nc_ohc=z0BHHALg74AQ7kNvgHasRnn&_nc_ht=scontent.fhan2-3.fna&oh=03_Q7cD1QGdxgcarhF7dS1OMhByCmFDHiF09nN9okgqXcZyTbSkXQ&oe=6680CCCF,,			Bách	Duyệt		
2024-05-29	FP - Chuyện của Hà Nội	Đinh Tiến Tuấn	Mới đây, anh M.S. (quản lý nhà hàng của khách sạn 5 sao tại Hà Nội) chia sẻ bài viết về việc cô gái xinh đẹp, mặc váy trắng tới nhà hàng của một khách sạn sang trọng gọi những món đắt tiền.   “Khi mới vào, cô ấy ăn mặc sang trọng, nói chuyện lịch sự”, anh S. chia sẻ. Khi cửa hàng đến giờ chuẩn bị đóng cửa, nhân viên in hóa đơn tính tiền thì cô gái này “tỏ ra ngây ngô, không mang bất kỳ giấy tờ cá nhân nào”.   Công an phường Cống Vị (quận Ba Đình, Hà Nội) đã xác nhận sự việc trên. Công an xác định cô gái trên thường xuyên đi ăn không trả tiền và có “tâm lý không bình thường”. Sau đó, nhà hàng không yêu cầu xử lý vụ việc và cô gái này đã rời đi.  Menu cô gái đã gọi:  01: bò wagyu nhật A5 , (300gr) 01 : con Tôm hùm nguyên con , ( 1kg) 01 chai rượu vang Đức Ăn xong 3 món chính trên cô ta order gọi món thêm 01: đĩa hoa quả 01: đĩa bánh 01: oliuver 01 : ly cocktail + 1 chai nước    Theo VTCnews	https://scontent.fhan20-1.fna.fbcdn.net/v/t1.15752-9/438154528_428100363339814_8973085413924390731_n.jpg?_nc_cat=103&ccb=1-7&_nc_sid=5f2048&_nc_eui2=AeFvTilSdNdgAr5tiEJR3fQ1T7Vx7oa_usVPtXHuhr-6xT6MU8SUTeUGHR2blRQhH-IotcP8NsRPbUpz2af7u3j5&_nc_ohc=eDUbRh6uZw8Q7kNvgG-lgK-&_nc_ht=scontent.fhan20-1.fna&oh=03_Q7cD1QEaRP0fpge1B0JrYIiAHM69UgmdCFj3x-peY_yeOBaI5w&oe=66809FD0,,			Bách	Duyệt		
2024-05-29	FP - Chuyện của Hà Nội	Giáp Thị Thu Thảo	⚠️ Nhiều người sáng dậy có hiện tượng ngáp ngắn ngáp dài và đầu chỉ nghĩ đến việc ngủ thêm				Đạt	Duyệt		
2024-05-29	FP - Chuyện của Hà Nội	Giáp Thị Thu Thảo		https://scontent.fhan20-1.fna.fbcdn.net/v/t1.15752-9/441901015_859052176268604_5227553968729654875_n.jpg?_nc_cat=102&ccb=1-7&_nc_sid=5f2048&_nc_eui2=AeFBU6b39YbTnl_e6bFQeeS-P834d4n8byA_zfh3ifxvII1WJn2eP9kIonGHVBsF_EcGOBuhT9TjyHvOf7OY0xwK&_nc_ohc=dxABvrU8oBMQ7kNvgEme9wS&_nc_ht=scontent.fhan20-1.fna&oh=03_Q7cD1QFpJSKHkTXxop420NfTJYsE47KZI8u5K0qxNAqBd_hd0Q&oe=6680C8D4,,https://scontent.fhan2-3.fna.fbcdn.net/v/t1.15752-9/441534163_818522343121556_5958930442810799373_n.jpg?_nc_cat=108&ccb=1-7&_nc_sid=5f2048&_nc_eui2=AeHHyX9Mi9R6Wc3lAemKsyE4htgGQILD49qG2AZAgsPj2uiD9wZb0RJeoBlpV6ueLq4C9GDLN-CMcNhpjVZ36hpP&_nc_ohc=pwysWov_ASkQ7kNvgFPxknB&_nc_ht=scontent.fhan2-3.fna&oh=03_Q7cD1QHzwrInA8bi2Pe2_RDSmDOb27uqyct2_Ubc0dQpcKy6Ew&oe=6680A3D4,,https://scontent.fhan2-5.fna.fbcdn.net/v/t1.15752-9/441888224_764506809195105_347398388457604964_n.jpg?_nc_cat=107&ccb=1-7&_nc_sid=5f2048&_nc_eui2=AeHD4WI_TYu0hRBi62OaWuC8z27VT-vNut3PbtVP68263Zj2VwSUckAL1FybUmwusMZsJrUxZK9L1S8VbSV8gmmd&_nc_ohc=fCxJ9ZmSN_oQ7kNvgECIe0d&_nc_ht=scontent.fhan2-5.fna&oh=03_Q7cD1QGw5p9xECKpGYjRCMTz1eCM1QWWeHwxqCHaFtaoZj1rlw&oe=6680BF74,,https://scontent.fhan2-5.fna.fbcdn.net/v/t1.15752-9/438159150_800768058663009_4178574650812525277_n.jpg?_nc_cat=104&ccb=1-7&_nc_sid=5f2048&_nc_eui2=AeHvDFEhG64NtdGslwkC0EGpdniDR6EKKAV2eINHoQooBU_iQSMjd6oA1TpjhNGNetBcairWrEbm12nDZ60-mphO&_nc_ohc=JpvDRY5asuYQ7kNvgFPVPGH&_nc_ht=scontent.fhan2-5.fna&oh=03_Q7cD1QE6zy6UrQ3_1DxGils9mEupUcDUPIoYerTc1MlVVs-e2A&oe=6680D3C9,,https://scontent.fhan2-3.fna.fbcdn.net/v/t1.15752-9/441546588_838243914787944_1126063378799287575_n.jpg?_nc_cat=108&ccb=1-7&_nc_sid=5f2048&_nc_eui2=AeEaMyDpk12MOleN9W_0Fqxlz3xgUMRwTCHPfGBQxHBMIUsNPviEb-SriQXy6vHPi66_EpdUPfv-wYHI5D7hBWmQ&_nc_ohc=7n_UMwjdsEwQ7kNvgHQjAMh&_nc_ht=scontent.fhan2-3.fna&oh=03_Q7cD1QFI2ErokoyEhGq8j60WYi4IjKvz9Ib-noRNEwL7KoXf2w&oe=6680A243,,https://scontent.fhan2-4.fna.fbcdn.net/v/t1.15752-9/438137568_911553940659351_6872105530029117236_n.jpg?_nc_cat=105&ccb=1-7&_nc_sid=5f2048&_nc_eui2=AeHKxoq-Rlp2s4SaWY3IRMb_PVNrE57dr6Q9U2sTnt2vpJ6zniEh8nKTTopsIROa48j21MymCI8o7raq_HmGytNQ&_nc_ohc=P5JHHKnBCpoQ7kNvgGYe9iy&_nc_ht=scontent.fhan2-4.fna&oh=03_Q7cD1QGguS738FFJ8s-9kVXAhqIsd1mgZybgaqm1qL_dv4w5FQ&oe=6680D772,,https://scontent.fhan2-4.fna.fbcdn.net/v/t1.15752-9/438171624_1510682053159123_1451260223223326920_n.jpg?_nc_cat=110&ccb=1-7&_nc_sid=5f2048&_nc_eui2=AeFJmBHzA98Jp24_83hpTfYrAtRwv-N_CJYC1HC_438IlnLGL8KMiR3mpzw-tx3VScpgtl4ke2NVorL0v7VdhetH&_nc_ohc=Xg4TzxkL1gwQ7kNvgFjxYiy&_nc_ht=scontent.fhan2-4.fna&oh=03_Q7cD1QEK_YEAJQiPqG8L3PbLQ4pAzhEz_q6qpxltwEiBfoiXxg&oe=6680CC2C,,https://scontent.fhan20-1.fna.fbcdn.net/v/t1.15752-9/441494902_1262201674760995_4695699134880280061_n.jpg?_nc_cat=109&ccb=1-7&_nc_sid=5f2048&_nc_eui2=AeHGU6C5pgXg4z9XoAu4ilVVO6s3XFVezo87qzdcVV7Oj4Z70MQ3Iw7MV5-ef5GgjZH8UBV7tv6KG6dJeHef3khm&_nc_ohc=T70iLotuI78Q7kNvgFS-sl4&_nc_ht=scontent.fhan20-1.fna&oh=03_Q7cD1QE-atQpp77durOJsXG_BTiHjf3CE57admm2wOmYD6TCZQ&oe=6680BEFA,,https://scontent.fhan20-1.fna.fbcdn.net/v/t1.15752-9/441675154_1879153055896122_905968013146519889_n.jpg?_nc_cat=109&ccb=1-7&_nc_sid=5f2048&_nc_eui2=AeG9l9NwgAMXl1BRTxj09gSywIrRJpa4nX3AitEmlridfTZk6LC_C9I-L1VtHbrTbwd_rC7KxSpOxtftV1SSOKq5&_nc_ohc=YQEVDLiF1TsQ7kNvgG59_Xh&_nc_ht=scontent.fhan20-1.fna&oh=03_Q7cD1QHDrfVqZuWUatYuyB6b3vlY3RigCOASt2MAFvdODtwuNQ&oe=6680C91A,,https://scontent.fhan20-1.fna.fbcdn.net/v/t1.15752-9/440932862_478519074553421_7890600628239190014_n.jpg?_nc_cat=103&ccb=1-7&_nc_sid=5f2048&_nc_eui2=AeHj5I5kxWS08tZ_dar0keXkaD-dA_p2I9JoP50D-nYj0ibfnmrzKh2zh6Stl5ZHhLUdmtYJ28n1iwYSzWAIo8c6&_nc_ohc=Qr_kkCDx3cEQ7kNvgHg_iNh&_nc_ht=scontent.fhan20-1.fna&oh=03_Q7cD1QG6QeOVnaKzV3UUjz7zX6AyfyXUZ8KejLFs5bvnLA3rIQ&oe=6680BF60,,https://scontent.fhan2-5.fna.fbcdn.net/v/t1.15752-9/438137400_366717779754328_4935131416785378857_n.jpg?_nc_cat=104&ccb=1-7&_nc_sid=5f2048&_nc_eui2=AeGL4d1JvqevHFOvSzxddlBj_GwvKfhcE0L8bC8p-FwTQgYVYdnwIbumcsr5BiUDRlrTcoX24MlaYB9zPP2qQkDe&_nc_ohc=Bnd6cRX99O4Q7kNvgE5c7EN&_nc_ht=scontent.fhan2-5.fna&oh=03_Q7cD1QEw_zaMhx3eTog5TGBKRxlkS70RrEYTuW1pvQ_IoP5F6A&oe=6680C91A,,https://scontent.fhan2-3.fna.fbcdn.net/v/t1.15752-9/436636067_2235463233465713_1372696509751359181_n.jpg?_nc_cat=111&ccb=1-7&_nc_sid=5f2048&_nc_eui2=AeGevkA38KlRTklucWEvHjiEnhe5J0ijUGWeF7knSKNQZe3EenwLn2bG8cZnXkaGrZTUqkkHFvrtLJvrwEo_OWyC&_nc_ohc=mVj0lRTFrUoQ7kNvgGd3N5q&_nc_ht=scontent.fhan2-3.fna&oh=03_Q7cD1QHvfQsH8cGB-K2dWQAAzhAu-rFWoxk4ffZgpA804EGbqA&oe=6680A350,,			Đạt	Duyệt		
2024-05-29	FP - Chuyện của Hà Nội	Giáp Thị Thu Thảo	| 29 . 05 . 2024 - Yêu Hà Nội cũng như yêu một người, vì yêu mà chấp nhận thiếu sót, không phải vì yêu mà mong cầu hoàn hảo |   Chẳng phải lúc nào Hà Nội cũng đáng yêu đâu. Đầy lúc Hà Nội xấu xí. Hà Nội có phải lúc nào cũng làm mình vui, cười, hạnh phúc? Không phải, vì lắm khi Hà Nội làm mình buồn.  Hà Nội không phải góc nào cũng đẹp. Hà Nội vào giờ cao điểm tắc đường lắm. Trời nóng và dòng xe cứ chật ních, không nhúc nhích được, làm sao có thể yêu mến đây?   Nhưng Hà Nội vẫn luôn có những thanh âm rất khác...   Hà Nội là thủ đô mà,  Có nhà thờ lớn, có hồ Tây, có lăng Bác, có cả những đoạn đường mà mùa nào mùa nấy tình như mơ,...   Hà Nội cổ kính,  Có những gánh hàng rong níu giữ bao điều, có tháp rùa sừng sững giữa trời xanh, có những ngôi nhà gấp cả mười lần tuổi mình,...   Thạch Lam nói rằng: “Người Pháp có Paris, người Anh có London, người Tàu có Thượng Hải. Trong các sách vở, trên các báo chí, họ nói đến thành phố của họ một cách tha thiết, mến yêu”. Và chúng ta có Hà Nội, một Hà Nội tươi đẹp mà chúng ta vẫn luôn tha thiết mến yêu ấy.  Yêu Hà Nội cũng như yêu một người, vì yêu mà chấp nhận thiếu sót, không phải vì yêu mà mong cầu hoàn hảo.   Vì trên đời, những thứ đẹp đẽ xuất phát từ sự cảm thông của trái tim. Ta đối với Hà Nội cũng vậy.   | Thaor 📸: D. Phạm Tú | Chuyện của Hà Nội group	https://scontent.fhan20-1.fna.fbcdn.net/v/t1.15752-9/438137582_1628129464706847_6454221326691941076_n.jpg?_nc_cat=102&ccb=1-7&_nc_sid=5f2048&_nc_eui2=AeHm3-BOdyi7k6h1eDU8uXuWdchRDZPq_P11yFENk-r8_aGcnI5AyEMFyPzUntB-to6DwjZkkE9z0ZGcB8Lk7jbZ&_nc_ohc=ruCUEEqIYncQ7kNvgEeNlDf&_nc_ht=scontent.fhan20-1.fna&oh=03_Q7cD1QHHGD92SCpvCRRstxk0S6Z8oStij-SpSHuG6OoKFqo7mg&oe=6680D666,,			Đạt	Duyệt		
2024-05-29	FP - Chuyện của Hà Nội	Giáp Thị Thu Thảo	| 29 . 05 . 2024 - Một sớm tháng 5 |   Hà Nội buổi sớm không đông đúc chút nào. Sáng sớm, Hà Nội yên ả, thanh bình và vắng vẻ lắm. Mình thích thanh âm này của Hà Nội, không huyên náo, không tấp nập, nhưng vẫn vang nhẹ tiếng đập của nhịp sống.   Bạn ơi, mời bạn ngắm nghía thủ đô lúc mặt trời chưa mọc của chúng mình 🌿  | Thaor 📸: Mưa Lưa Thưa	https://scontent.fhan2-3.fna.fbcdn.net/v/t1.15752-9/441995306_383598487411231_6702972368905608254_n.jpg?_nc_cat=111&ccb=1-7&_nc_sid=5f2048&_nc_eui2=AeGkuMt1DRdhw0CN-uSqCbo0V8sbjyemawFXyxuPJ6ZrAXjIUffnHg2ojqKDwtHczi3jMhFx-9Cb4Ikf8ZqNznba&_nc_ohc=9ed0KWcYgLkQ7kNvgELGY5c&_nc_ht=scontent.fhan2-3.fna&oh=03_Q7cD1QElESyoDsPqYMk6REL2rA5hn7UUN9X_0t5uqXiGddtUxg&oe=6680A4A4,,https://scontent.fhan20-1.fna.fbcdn.net/v/t1.15752-9/441906823_2639402262904297_8385926963679409908_n.jpg?_nc_cat=102&ccb=1-7&_nc_sid=5f2048&_nc_eui2=AeFMxCQZFO4AMZM6OXloYvZptCf0GeOd7VC0J_QZ453tUMWqtVlRfmpnnTsIYzSZi7qN2NL8Er3_9_K0aa_tPtpO&_nc_ohc=iVxcipb_pXoQ7kNvgFFgSCX&_nc_ht=scontent.fhan20-1.fna&oh=03_Q7cD1QEoRycrVQmtyqUuLfU24DxHCNPY2yMgtJgcLb4j4jXuTA&oe=6680CCD1,,https://scontent.fhan2-4.fna.fbcdn.net/v/t1.15752-9/436730579_752463590109449_9029046664066573094_n.jpg?_nc_cat=100&ccb=1-7&_nc_sid=5f2048&_nc_eui2=AeGpENfgh6Nil7Megi9CGnagD44Hod5NhrcPjgeh3k2Gt0P1AjXl-QrbA9SfpgNEJJw2Y1zgkQW5mFQXO8rvnyNl&_nc_ohc=vn5vWtjaEvsQ7kNvgEo_psH&_nc_ht=scontent.fhan2-4.fna&oh=03_Q7cD1QElQboJ8e82np5nhunB46RoXEZDRQIThaDb8wbWDVr2aA&oe=6680B2FE,,https://scontent.fhan20-1.fna.fbcdn.net/v/t1.15752-9/442531608_761872182670099_9183113655594423024_n.jpg?_nc_cat=102&ccb=1-7&_nc_sid=5f2048&_nc_eui2=AeFvU6p6xiggmM0LsjBofQICYtS2ZARxf_Vi1LZkBHF_9QwyWl8YwayrsVcGm0WHXFlQ0zEhzhu-epPCnW7gXMZD&_nc_ohc=Wa_mdOc_JFQQ7kNvgFCRgks&_nc_ht=scontent.fhan20-1.fna&oh=03_Q7cD1QFugkyWJL4TP8VjjkpDcXZuWDjFigHJeaFHm42uaw483Q&oe=6680C6EB,,https://scontent.fhan2-4.fna.fbcdn.net/v/t1.15752-9/441088108_428307710158802_6227857516735372042_n.jpg?_nc_cat=100&ccb=1-7&_nc_sid=5f2048&_nc_eui2=AeHtUZuI-s2VkInYHMrONSyzE6TT2hrFzdITpNPaGsXN0lGONMtYHVitzQ0tGJOmLfb_I4SWkQyy6wpFm0Ft9fSF&_nc_ohc=lOvgWCjZ7AwQ7kNvgG-fMGs&_nc_ht=scontent.fhan2-4.fna&oh=03_Q7cD1QFtwFd7tbbKvRXP-LM5slUa9eWTRxhu-g_58JZtVfHFjg&oe=6680AF25,,https://scontent.fhan2-3.fna.fbcdn.net/v/t1.15752-9/441900984_1944422255972136_3779717094012786083_n.jpg?_nc_cat=101&ccb=1-7&_nc_sid=5f2048&_nc_eui2=AeEslGUcEgKKw0WhvJ_ZCU23PxJezPsiyT4_El7M-yLJPn_D9s-EtecjhtktP-ON1aoGnCZwHy5mP3FDNgfdRb_N&_nc_ohc=dw9EbrOZHwQQ7kNvgEaMTcw&_nc_ht=scontent.fhan2-3.fna&oh=03_Q7cD1QHJ0J3lqZs7OzBw96Ne9FpN7HIrDt39jdbeTPtFkTtw2w&oe=6680BDD5,,			Đạt	Duyệt		
2024-05-29	FP - Chuyện của Hà Nội	Đinh Tiến Tuấn	☀️Hôm nay Hà Nội tiếp tục oi bức, nắng nóng, nhiệt độ cao nhất từ 33-35 độ				Đạt	Duyệt		
2024-05-28	FP - Chuyện của Hà Nội	Giáp Thị Thu Thảo	Khổ, bạn tôi ở thành phố lần đầu được về quê, nguyện hát karaoke đến 11h đêm	https://scontent.fhan2-3.fna.fbcdn.net/v/t1.15752-9/441469053_1503886657193003_8268818068921622362_n.jpg?_nc_cat=101&ccb=1-7&_nc_sid=5f2048&_nc_eui2=AeFZwbJ7NOkpDclzQonBUPlMD5XZLKL87Q8PldksovztD01i9gxjb152hOf_LMLVKVvZ0_7_ywVe1rkezkhjcauU&_nc_ohc=gvEr7ohNrxsQ7kNvgGWeLNL&_nc_ht=scontent.fhan2-3.fna&oh=03_Q7cD1QGSflALHC3YWVa4PwyCCErmqZcydwG3hvHumALh2ETipQ&oe=6680BB83,,			Đạt	Duyệt		
2024-05-28	FP - Chuyện của Hà Nội	Phạm Khánh Huyền	Tôi nằm đợi tới khi tôi thật sự giàu có và không phải đi làm mỗi sáng nữa:	https://scontent.fhan20-1.fna.fbcdn.net/v/t1.15752-9/442385320_854616543366130_7999335612474722523_n.jpg?_nc_cat=102&ccb=1-7&_nc_sid=5f2048&_nc_eui2=AeFOG5X59Ukh86Te8r6AJLZPJJEjbAEBGIokkSNsAQEYiu9RgtwS-nb0YOtrHFGesT6Yf4QEH-YOcAyN4LdtatJP&_nc_ohc=kbmfOEzMqiQQ7kNvgFhAu34&_nc_ht=scontent.fhan20-1.fna&oh=03_Q7cD1QGNtRpR8gEh_c4mS9r5Jz8vPtaPCwQpBiZiXySNT3MEEw&oe=6680C28A,,			Bách	Duyệt		
2024-05-28	FP - Chuyện của Hà Nội	Giáp Thị Thu Thảo	Về quê, 10h đêm muốn đi mua bim bim mà đi khắp 10 km không có một quán nào mở cửa :((				Bách	Duyệt		
2024-05-28	FP - Chuyện của Hà Nội	Hoàng Tuấn Anh	https://www.facebook.com/ChuyencuaHaNoi/posts/pfbid0FLLv2dMwtQtpFPg8S2b4fAVPcMgC2X11Hkex2MS9v4BFw1ehjPcccdNdZivAErQHl?__cft__[0]=AZU_XoWQWC-wjkRkLoP7GMGINn0MpC2e0pPus-qG51Y9fPylT31np_k9XCJvXVz69SzVkuvneQcZH57e2zr5sOz6Q2b-8xWGPqqIBrMOIz96YD6JN9CULH6uhQ1BZkJvoZXbRB5J8Pcm2WgRR618tkYr4ku7-hazOyyTljXEmxdOfg&__tn__=%2CO%2CP-R			https://www.facebook.com/ChuyencuaHaNoi/posts/pfbid0Ez2uSLpUFWPwSvgJjnoR5AupSzTDPRnbf7oYUCBXtNzseh7xovtXsNTsvT9TB6Pyl	Bách	Duyệt		
2024-05-28	FP - Chuyện của Hà Nội	Giáp Thị Thu Thảo	Cách đi du lịch khi hết tiền: VỀ NHÀ BẠN 🤡	https://scontent.fhan2-3.fna.fbcdn.net/v/t1.15752-9/441900954_978887133459929_462048219682089252_n.jpg?_nc_cat=108&ccb=1-7&_nc_sid=5f2048&_nc_eui2=AeGVI4ib0OpFTJlwvc5OP4htVz2xZHWb94ZXPbFkdZv3hsyOvdfmAAyoq4Zbd_g2OKHDFGlE2nXnYFFMafvHHSyW&_nc_ohc=7ZCVmugPE6UQ7kNvgHl_KD2&_nc_ht=scontent.fhan2-3.fna&oh=03_Q7cD1QEYz661rss_GzuLpYMI61M-3QS2GR_3ZBShsGvLOlZEdw&oe=6680B237,,			Bách	Duyệt		
2024-05-28	FP - Chuyện của Hà Nội	Phạm Khánh Huyền	| 28 . 05 . 2024 - Tan tầm, đã về nhà chưa thế? |  Một ngày lại kết thúc, đến giờ tan tầm, giờ hoàng hôn buông, giờ lại được thả lỏng trở về nhà.  Thành phố chiều tan tầm phủ màu bàng bạc của nắng nhạt, đổ bóng người xuống từng con đường quen. Thời tiết oi nóng, đường về còn đông đúc, chẳng biết hôm nay công việc của bạn có nhiều không? Có áp lực và mệt quá không? Có bị thời tiết làm cho khó chịu nhiều?  Đã bận rộn cả ngày dài rồi, về nhà tắm rửa và cơm nước đầy đủ, bật điều hoà mà tận hươngt nốt bộ phim yêu thích đi thôi. Cuối ngày rồi, nhớ chiều mình thêm một chút!  | Chốn 📸: nguyễn mỹ linh	https://scontent.fhan20-1.fna.fbcdn.net/v/t1.15752-9/436306707_416838551238869_3122486066030432060_n.jpg?_nc_cat=103&ccb=1-7&_nc_sid=5f2048&_nc_eui2=AeEtV_IvHlkOAN3iaDvI_2T3gIAbS93CeoKAgBtL3cJ6ghmyO8xCqfAVZNewC5wyL6Z3R5HOXL4Mw5r7gGXrkKlr&_nc_ohc=m_CVbst6jD8Q7kNvgEfqeMs&_nc_ht=scontent.fhan20-1.fna&oh=03_Q7cD1QGE9QVhFYC3cjurfJpKCnFClbwynnoFEe0M84Mi_tv1sg&oe=6680BE3C,,https://scontent.fhan2-5.fna.fbcdn.net/v/t1.15752-9/442579085_989703582739948_2204235869319876966_n.jpg?_nc_cat=107&ccb=1-7&_nc_sid=5f2048&_nc_eui2=AeEpAmHdeie-dNyxNmYL1iGb6Vg0K4_CznHpWDQrj8LOcXOK2X4XiGURNZnBxR9B_Kyik99cX4k5evtnckYyxrfn&_nc_ohc=FjbzbMqaSiYQ7kNvgGgxpw7&_nc_ht=scontent.fhan2-5.fna&oh=03_Q7cD1QGPQTlazKyS9CCsbHtxwv6suCcJwfGJT0XcZ_SFtVHfbw&oe=6680A7EC,,https://scontent.fhan20-1.fna.fbcdn.net/v/t1.15752-9/436130023_713280157491786_4175101167511873941_n.jpg?_nc_cat=103&ccb=1-7&_nc_sid=5f2048&_nc_eui2=AeHyQwApMIB-6wqigdALpdc8Zx9_hYn4JxBnH3-FifgnENpwsaRZiWKSzxNprMQpIEtALZyfEkpsbLavnU5N7nF1&_nc_ohc=5Jeq1s_PbjUQ7kNvgG0t974&_nc_ht=scontent.fhan20-1.fna&oh=03_Q7cD1QE5aSQbKY0VCmQs9W6uFZBwx8P9z2BNu3aivadQ4Dsyvg&oe=6680B66C,,https://scontent.fhan2-3.fna.fbcdn.net/v/t1.15752-9/442493842_467888439250459_2765171263482117133_n.jpg?_nc_cat=108&ccb=1-7&_nc_sid=5f2048&_nc_eui2=AeFIrSFd0VzEPP5OOc0na6xCvU_KbUr8rLu9T8ptSvysu_7LqyUNgET6mHpbj7Uklu19FhQjfinWnMLNLdsnaeWB&_nc_ohc=Ectj4RY6Ch4Q7kNvgGeYaWc&_nc_ht=scontent.fhan2-3.fna&oh=03_Q7cD1QGIgpWlD8rHwwoQp5yGEJnd-yp0bbD1PBSmm84A9ReUgg&oe=6680D2F1,,https://scontent.fhan2-4.fna.fbcdn.net/v/t1.15752-9/436709279_984278116539564_800253861552412424_n.jpg?_nc_cat=100&ccb=1-7&_nc_sid=5f2048&_nc_eui2=AeGOG9gMD4teVhlMPfxPXTgsnl2fhYpMuDKeXZ-Fiky4Mh5cTVyeC8b4NOs5wcimInxO_6ynvthYbv0zXLbnGnUv&_nc_ohc=kmKrDAhngB8Q7kNvgGY37H5&_nc_ht=scontent.fhan2-4.fna&oh=03_Q7cD1QHN8rJMf1FU0IRUjlgy_gg2UDFz85CRQZ8XCiK6nZBimw&oe=6680C0FF,,https://scontent.fhan20-1.fna.fbcdn.net/v/t1.15752-9/436636049_1458479678331203_7395641636761647409_n.jpg?_nc_cat=109&ccb=1-7&_nc_sid=5f2048&_nc_eui2=AeEPBYVxETUz-99bNxrAuaowhv9gm2GcYDKG_2CbYZxgMnzs8sfvEl9YxgW1zwFnsgHJbaXQngcYnFl8m4rnnCsb&_nc_ohc=RN-uHwn1jXQQ7kNvgH4Bmy_&_nc_ht=scontent.fhan20-1.fna&oh=03_Q7cD1QGqHb1j7eSl1KHAQlUj9shuLXJ2POG9WSjRmLRaNWiyrA&oe=66809FEC,,https://scontent.fhan20-1.fna.fbcdn.net/v/t1.15752-9/436340976_471143738829087_7015831579705770096_n.jpg?_nc_cat=102&ccb=1-7&_nc_sid=5f2048&_nc_eui2=AeEhIqutlaNM0aY9VRMRblIk5vvtGCXO5KTm--0YJc7kpAVrzkYZ7Q5M2T28-kxeVimAMyHBVZq7Czq0T19AonXv&_nc_ohc=u8Vh3RiEf4sQ7kNvgFNq2Zb&_nc_ht=scontent.fhan20-1.fna&oh=03_Q7cD1QHoz75JVITmYW0Qlo5FnvAF2Qh0pc7dhakpuBptAPDV5Q&oe=6680BA3D,,https://scontent.fhan20-1.fna.fbcdn.net/v/t1.15752-9/436276631_469000889031678_1391536026582839760_n.jpg?_nc_cat=102&ccb=1-7&_nc_sid=5f2048&_nc_eui2=AeFGDNgWxnohqHHBk3P1O7xNUEfuZCiX-tJQR-5kKJf60kbLJLHHUqW5hElnEJOxZ3QIUoQ9BfhFbZaQoCNq2bgX&_nc_ohc=adg5zVRzYPUQ7kNvgGzPoBG&_nc_ht=scontent.fhan20-1.fna&oh=03_Q7cD1QGQ2TJ_oE4J39gLJ1QiVWDsO7uuhpHKwn6q90hm8hSeGQ&oe=6680CB57,,				Duyệt		
2024-05-28	FP - Chuyện của Hà Nội	Giáp Thị Thu Thảo	| 28 . 05 . 2024 - Chút nắng, chút xanh, chút hoàng hôn |   Mùa hoàng hôn mang đến cho mình thật nhiều cảm xúc. Những chiều tà buông thõng công việc và mệt nhoài, đến bên bờ hồ Tây, nhìn trời, nhìn đất, thả hồn vào mây, vào gió, mình thấy yêu đời hơn nhiều.   Hoàng hôn hôm nay chẳng cần ai nắm tay,  Mình vẫn thấy cuộc đời thật đáng sống!   Hoàng hôn hôm nay, có chút nắng, có chút xanh,  Cậu có gì?   📸: Lan Anh	https://scontent.fhan2-3.fna.fbcdn.net/v/t1.15752-9/442004741_1382122942332282_9189466582844643586_n.jpg?_nc_cat=111&ccb=1-7&_nc_sid=5f2048&_nc_eui2=AeF6_cc0K_obKzeJZqe7bbVccg2LKaP4OahyDYspo_g5qEhceprLZ7hbkuKnHeTknmsm-864ngoMrtjJ72MROYuQ&_nc_ohc=LD7NLiSKZzMQ7kNvgFKAIJX&_nc_ht=scontent.fhan2-3.fna&oh=03_Q7cD1QE5fS4zaQOUF9y6cJI2L70KlUh-5ed3s07qYkPkaIywSw&oe=6680BE1A,,https://scontent.fhan2-4.fna.fbcdn.net/v/t1.15752-9/438246303_3478283779093690_4285414641741237052_n.jpg?_nc_cat=110&ccb=1-7&_nc_sid=5f2048&_nc_eui2=AeFza-yQxFGyvPdoa3hiN-ACnrmvDtFoVyCeua8O0WhXICqKA_QF-fgYSfiEmlEBg1XbPWqn1BhAm9aOCyjS1AVr&_nc_ohc=S5i8ESR1eWUQ7kNvgEa5Pdl&_nc_ht=scontent.fhan2-4.fna&oh=03_Q7cD1QFB1o-8Bz1xq5il3QBKbp94WtCMe0fIIRM2GPutKbjW9g&oe=6680A8AE,,https://scontent.fhan2-3.fna.fbcdn.net/v/t1.15752-9/441091466_7648260695259660_4274850567221867722_n.jpg?_nc_cat=108&ccb=1-7&_nc_sid=5f2048&_nc_eui2=AeHZb1blTRUitSJfuv1f8SwvMRS6R2F8KwAxFLpHYXwrAMORgelFFu383J6dDGHBvskyX6hAXrELdx5mYwO50WOX&_nc_ohc=gMsZ0_7NNzUQ7kNvgEDsE2o&_nc_ht=scontent.fhan2-3.fna&oh=03_Q7cD1QHw9Vy6Dr9QtTw3jZHyWONbZGEHVLmqfTYHDV5upx3nxg&oe=6680C32B,,https://scontent.fhan20-1.fna.fbcdn.net/v/t1.15752-9/441623552_1595160974610566_3472692534472718308_n.jpg?_nc_cat=102&ccb=1-7&_nc_sid=5f2048&_nc_eui2=AeFY9Hu8skTs0myEhioKkCK8HdMkydFeJOId0yTJ0V4k4iPLU8I0dvzpOxLavTU0868l9xfH4g6SKbHk3U2yL5vB&_nc_ohc=hEzFXG0lnqYQ7kNvgHVasoS&_nc_ht=scontent.fhan20-1.fna&oh=03_Q7cD1QGV9w7FR68nrREsleC7rUOu3ZmNvTEMIffM8ZOhcT7GQQ&oe=6680C7FA,,https://scontent.fhan2-5.fna.fbcdn.net/v/t1.15752-9/441327332_1854627515052252_8626595091425829006_n.jpg?_nc_cat=106&ccb=1-7&_nc_sid=5f2048&_nc_eui2=AeG0kj9WoDFxRKuPsfmExAs9eZq_FCZx6gR5mr8UJnHqBALtYntNq0AIdRr3Dly839VFUV1VrupPza1_cvrWUYcs&_nc_ohc=AKkafdxd7LQQ7kNvgGgxtRB&_nc_ht=scontent.fhan2-5.fna&oh=03_Q7cD1QGjKE-AJPyH4SXdcVfS1ChvEYKeaPTsz9PCcPeGIAaALQ&oe=6680AC33,,https://scontent.fhan2-5.fna.fbcdn.net/v/t1.15752-9/438246303_7594390867276263_2185192574310183886_n.jpg?_nc_cat=104&ccb=1-7&_nc_sid=5f2048&_nc_eui2=AeGmaOEQQ2ONEC5CxewTqxkvSeoVFMzfdKxJ6hUUzN90rDDtDJLbl3qTtnKQ3t1zzUhAXgJt3T1UjCDIVE5oJPo-&_nc_ohc=QtRy8vSa3OgQ7kNvgH8FiP9&_nc_ht=scontent.fhan2-5.fna&oh=03_Q7cD1QH7JYqtymfFs8ePUSfq79kPIveWRTHn7c2JEQ8mGUB-3g&oe=6680A792,,https://scontent.fhan2-3.fna.fbcdn.net/v/t1.15752-9/441945383_431313289512615_1829949642498384580_n.jpg?_nc_cat=101&ccb=1-7&_nc_sid=5f2048&_nc_eui2=AeHEJy5JdcaH5j9QXYKseDbTlOjKfZ_DRoKU6Mp9n8NGgmrxcGkn3evsNimPSpo3_PIfEzToKMOqH3aFM4OXgpMg&_nc_ohc=5_1syOtGJH4Q7kNvgE9yWp7&_nc_ht=scontent.fhan2-3.fna&oh=03_Q7cD1QEnJVKYxC_k1v30UqpExgWZBB8b0UTBaMT8L_24DdxPiQ&oe=6680C444,,				Duyệt		
2024-05-28	FP - Chuyện của Hà Nội	Phuong Thao		https://scontent.fhan2-3.fna.fbcdn.net/v/t1.15752-9/441025591_1521514858781196_6842281198138794723_n.jpg?_nc_cat=111&ccb=1-7&_nc_sid=5f2048&_nc_eui2=AeFD1kDa_lb-nTXR0VPtZRmnZNQ6IdsobaZk1Doh2yhtpt9LE8L_fc_UcWLNgv9qKBZS1JC-LuM3Jk54sFoHMKmU&_nc_ohc=aFl2a8MS6XoQ7kNvgGD5W7A&_nc_ht=scontent.fhan2-3.fna&oh=03_Q7cD1QFak1o0KbSivTFYAGQhZxVdIEPfmlXbNToS439_FLQrrA&oe=6680A452,,			Đạt	Duyệt		
2024-05-28	FP - Chuyện của Hà Nội	Phuong Thao	Mong sao tất cả những ai lương thiện trên đời đều được quý trọng ngưỡng mộ. Và cũng mong cho tất cả mọi người, có đôi mắt tinh tường để nhìn thấu được hết sự thật thà, cả lừa lọc của thế gian.	https://scontent.fhan2-4.fna.fbcdn.net/v/t1.15752-9/441619936_1112163100039431_4138571116540950741_n.jpg?_nc_cat=105&ccb=1-7&_nc_sid=5f2048&_nc_eui2=AeHEmG-E9i_udhuDhavLmKnmjWwHWr-xcd6NbAdav7Fx3hKVVuXg4T2408AMGUaxL8juJ36_qpmsm8C7GOxaNbIV&_nc_ohc=1PUjbsuCndcQ7kNvgHgTv36&_nc_ht=scontent.fhan2-4.fna&oh=03_Q7cD1QF6Tsqu_04eV4Gg5fbpvWMmHcEeQ5fxM8noMbxSz32fJg&oe=6680D7FD,,https://scontent.fhan2-5.fna.fbcdn.net/v/t1.15752-9/350243565_638798031085393_1375118253219292013_n.jpg?_nc_cat=104&ccb=1-7&_nc_sid=5f2048&_nc_eui2=AeFn9dw5VHNqMbshMkwwSS__hpO8yAGEKEuGk7zIAYQoS5iFY3G3PxkWPxWUshng7gSPnQH_O8j845IyYypA3JZO&_nc_ohc=zuZsgvqhdOsQ7kNvgHn-94E&_nc_ht=scontent.fhan2-5.fna&oh=03_Q7cD1QH6EBDw7wE6WBiBEjaz8yVXkXgw9gw8vbQGUp7_-XCinQ&oe=6680C362,,			Đạt	Duyệt		
2024-05-28	FP - Chuyện của Hà Nội	Hoàng Tuấn Anh	khóc trong điều hòa vẫn sướng hơn là cười giữa mặt đường Nguyễn Trãi	https://scontent.fhan2-5.fna.fbcdn.net/v/t1.15752-9/441658013_823968252943885_2690328166506058335_n.png?_nc_cat=106&ccb=1-7&_nc_sid=5f2048&_nc_eui2=AeF4gAjouSiCslSquT6ujcWfmGuf1q2qnnyYa5_WraqefEWFusKEv3YewAmYpYvb6j0HaCsNvjTdmLEmE1UZVNhl&_nc_ohc=RCbW6nCQoCgQ7kNvgFjaQFS&_nc_ht=scontent.fhan2-5.fna&oh=03_Q7cD1QErI4h7lQcIWfk_dMKoMOyYTQ85opVGk7v-VV-uXuAt-w&oe=6680BB6C,,			Đạt	Duyệt		
2024-05-28	FP - Chuyện của Hà Nội	Hoàng Tuấn Anh	Oke bạn đi chơi vui vẻ đừng rủ tui nha	https://scontent.fhan2-4.fna.fbcdn.net/v/t1.15752-9/445822782_1476406459631101_1598774390358657206_n.jpg?_nc_cat=105&ccb=1-7&_nc_sid=5f2048&_nc_eui2=AeGrbwVm6beEZHucL0nDWVI3CDIijpt87BkIMiKOm3zsGcHjNY3MIoaowe7zwHExpPJshQf3PzP2Yndof6Zj2PpW&_nc_ohc=yq687bx0UKAQ7kNvgF6o_cv&_nc_ht=scontent.fhan2-4.fna&oh=03_Q7cD1QE26irbVp5NlNzmoEbI6J-B9Xh2VfML-1WlyntYf0Yidg&oe=6680C1DE,,			Bách	Duyệt		
2024-05-28	FP - Chuyện của Hà Nội	Hoàng Tuấn Anh	Quá nónggggggg	https://scontent.fhan20-1.fna.fbcdn.net/v/t1.15752-9/441575355_7282170065239073_2260686855990358513_n.png?_nc_cat=109&ccb=1-7&_nc_sid=5f2048&_nc_eui2=AeGmxR-BC6hvAO3cX5gBZsr1q1q47yzRFvirWrjvLNEW-Coq3H2FiiJ02D6508_d8AEg8xk4JXn9WLZ74UibWxsm&_nc_ohc=yU5ZmGoB1-EQ7kNvgGeczqs&_nc_ht=scontent.fhan20-1.fna&oh=03_Q7cD1QG3C0olDLVaZe4KirvurOIeFU-blTzaXbsPLwBcI94ugA&oe=6680BAAC,,			Bách	Duyệt		
2024-05-28	FP - Chuyện của Hà Nội	Hoàng Tuấn Anh	Trong các sản phẩm thuốc lá điện tử, thuốc lá nung nóng đều có nicotine và các hóa chất độc hại, ảnh hưởng tới não bộ, làm tăng nhịp tim và huyết áp, tăng đường máu. Nicotine đã được chứng minh làm suy yếu sự trưởng thành não bộ của thanh thiếu niên với những hậu quả ngắn hạn và hậu quả lâu dài nghiêm trọng đó là nghiện, rối loạn nhận thức và cảm xúc, giảm khả năng học tập và rối loạn tâm thần. Nghiện nicotine lâu dài gây xơ vữa động mạch, các bệnh về tim mạch, tiểu đường. Sử dụng nicotine quá liều lượng gây nguy hiểm cho sức khỏe, đồng thời glycol là một hóa chất độc hại được sử dụng trong chất chống đông, có khả năng gây ung thư cũng có trong thuốc lá điện tử.   Bên cạnh đó, việc sử dụng các chất tạo hương vị hoa quả, kẹo trong dung dịch thuốc lá điện tử với cách quảng cáo về sự sành điệu rất dễ dàng lôi kéo các bạn trẻ thử thuốc lá điện tử. Các sản phẩm thuốc lá điện tử, thuốc lá nung nóng có nguy cơ cao tiềm ẩn và phát sinh các tệ nạn xã hội, nhất là sử dụng ma túy và các chất gây nghiện, đồng thời cũng làm tăng nguy cơ dẫn tới sử dụng thuốc lá điếu thông thường ở người trẻ.	https://scontent.fhan2-4.fna.fbcdn.net/v/t1.15752-9/441555167_424126600440802_5707587065426730206_n.png?_nc_cat=110&ccb=1-7&_nc_sid=5f2048&_nc_eui2=AeE-sV0qpz9t8RzMp7kq-z6vWXk6rK065-lZeTqsrTrn6Rmeps22masg19dhJAVPWozCL96DCh4EJNMNgKlJfPfB&_nc_ohc=ObyXWS0QVGkQ7kNvgHd8Xyw&_nc_ht=scontent.fhan2-4.fna&oh=03_Q7cD1QHNQeRbgpcTdLf--Bp5nV5EUptVfZFpIlRLfYqD88EUuA&oe=6680A43C,,		https://vtv.vn/suc-khoe/noi-khong-voi-cac-loai-thuoc-la-truyen-thong-dien-tu-va-nung-nong-20240526110126736.htm#:~:text=Nicotine%20%C4%91%C3%A3%20%C4%91%C6%B0%E1%BB%A3c%20ch%E1%BB%A9ng%20minh,v%E1%BB%81%20tim%20m%E1%BA%A1ch%2C%20ti%E1%BB%83u%20%C4%91%C6%B0%E1%BB%9Dng.	Bách	Duyệt		
2024-05-28	FP - Chuyện của Hà Nội	Phạm Khánh Huyền	Top những món đồ bếp vô tri vô dụng mà tôi mua về Top 1: Khay đựng trứng 3 tầng 😀  📸: Group Nghiện Sạch	https://scontent.fhan2-4.fna.fbcdn.net/v/t1.15752-9/436729141_822755566385062_7165774494336900438_n.jpg?_nc_cat=100&ccb=1-7&_nc_sid=5f2048&_nc_eui2=AeGU4SS0P3y6QhTuMlbPEO4qCaL-b5FNH5MJov5vkU0fkygjUqd_FpWkE-ikY4csh_xYcfzSGc6Wk4NE28heFBW-&_nc_ohc=xdFGjtz9M1AQ7kNvgGSuINr&_nc_ht=scontent.fhan2-4.fna&oh=03_Q7cD1QGfOn5a-_exJgPTQa3pEvwb5Rq5NeMLE28lh8CJmQv4DA&oe=6680B9EA,,			Đạt	Duyệt		
2024-05-28	FP - Chuyện của Hà Nội	Phuong Thao		https://scontent.fhan2-4.fna.fbcdn.net/v/t1.15752-9/436427725_1023346522541915_1358930689071007503_n.png?stp=dst-png_s2048x2048&_nc_cat=110&ccb=1-7&_nc_sid=5f2048&_nc_eui2=AeEkWcbSt8qyblW3EbGtuyu-VtGVJDlKwTNW0ZUkOUrBM1l88mG3ZqIlxzL6P-B1oNsMld463Wc_iHDfRvmMOJJY&_nc_ohc=9zlHi-dwwmEQ7kNvgFfxt1C&_nc_ht=scontent.fhan2-4.fna&oh=03_Q7cD1QGQtY6BAmkiBazEVxP1zMGtfUt-6Cfu2quSnwYKfTWs1Q&oe=6680B2AD,,			Bách	Duyệt		
2024-05-28	FP - Chuyện của Hà Nội	Phuong Thao	Đằng ấy: Chú không uống chén này là chú không nể anh rồi Đằng kia: ❌ Em không uống được. Em phải lái xe... ✅ Em không nể!	https://scontent.fhan20-1.fna.fbcdn.net/v/t1.15752-9/441022550_1485722332293413_8843758409976956522_n.png?_nc_cat=103&ccb=1-7&_nc_sid=5f2048&_nc_eui2=AeH2Jti9tfSTl_ICwLQR6UbWKA8BAOFu2oooDwEA4W7aiuf5vC8H_wV_n-JES-oavEmTl1AVo15-XshbzInlxoov&_nc_ohc=y0nv61ZZS_YQ7kNvgG6D5xT&_nc_ht=scontent.fhan20-1.fna&oh=03_Q7cD1QHuCbivYN_rZfro29DDBlrpQ1LEWy-Lw7RZGWLcIi91jg&oe=6680C054,,			Bách	Duyệt		
2024-05-28	FP - Chuyện của Hà Nội	Phạm Khánh Huyền	Một giải pháp khác cho cả nhà là tìm hiểu thêm cách thức book hiệu quả qua webinar “Đừng Để Tiển Rơi” này nhaa, webinar có sự tham gia của khách mời đặc biệt là anh Long Chun cùng chị Thanh Quý - Giám đốc giải pháp truyền thông BEAT Network.  📍Thời gian: 14:00 - 15:00, Thứ 5 ngày 30/05/2024 📍Hình thức: Online qua Zoom ❗ LƯU Ý: Chỉ dành cho 300 người đăng ký tham gia nhanh nhất!  Đăng ký ngay thôi: https://bit.ly/44VI7Zk	https://drive.google.com/thumbnail?id=e		https://docs.google.com/forms/d/e/1FAIpQLSfL2s9drV6gGq2KNZLfBnKFO6pXWo9-ip_Vi8aSjwivvh6IGg/viewform?usp=embed_facebook	Đạt	Duyệt		
2024-05-28	FP - Chuyện của Hà Nội	Phạm Khánh Huyền	Nhưng thật sự là không phải book nhiều KOLs KOCs là sẽ hiệu quả đâu sếp TT Book cần sự phù hợp và mục tiêu của chiến dịch nữa đóa. Và đôi khi nhiều views nhưng không có sự engage hay đúng tệp TA thì cũng không hiệu quả nữa 🙁	https://scontent.fhan2-3.fna.fbcdn.net/v/t1.15752-9/436486144_419272344269683_4193586236552016639_n.png?_nc_cat=108&ccb=1-7&_nc_sid=5f2048&_nc_eui2=AeHlOk_ZnQPQx0kSw17K5WsojSsU2QxFz3KNKxTZDEXPcqtTeh4TBEew2Lnh5sEqBiEzxHHU5W1xsOzv-_bOpEMc&_nc_ohc=LQ-5rxzrD-8Q7kNvgG67sLU&_nc_ht=scontent.fhan2-3.fna&oh=03_Q7cD1QG7NgSpNBRwO6rZSc2ui_P9UR8hu8GykhjpeoionBC4ww&oe=6680A871,,			Đạt	Duyệt		
2024-05-28	FP - Chuyện của Hà Nội	Phạm Khánh Huyền	Ngày bé bố mẹ dặn không được để ai áp đặt, lớn lên đi làm account bị sếp dí book 10 KOLs với budget 50 củ:				Đạt	Duyệt		
2024-05-28	FP - Chuyện của Hà Nội	Đinh Tiến Tuấn	"MỘT BỘ PHẬN GIỚI TRẺ CHỌN NUÔI THÚ CƯNG ""CHỮA LÀNH""   Nguyễn Trường An (31 tuổi, Long Biên, Hà Nội) chưa có ý định kết hôn. Anh sống cùng 3 chú chó được 7 năm. Anh dành toàn bộ thời gian rảnh để chăm sóc “các con”. Đi chợ hàng ngày, nấu đồ ăn, đưa chúng đi dạo công viên, thay bỉm... cho 3 ""đứa con"" khiến anh bận rộn như một người cha thực sự.  Sở dĩ Trường An phải mặc bỉm cho chúng vì thói quen đi “vệ sinh đánh dấu lãnh thổ” của loài chó. “Nhiều lúc hàng xóm tưởng mình là bố đơn thân vì thấy mình quanh năm tay xách, nách mang hàng tá bỉm mà không thấy vợ đâu"", Trường An cười nói.  Dù gia đình liên tục “giục"" kết hôn, nhưng An vẫn kiên định với việc ở một mình. “Mình chỉ muốn ở cùng với 3 đứa, vì tụi nó sẽ không phản bội mình. Giờ nghĩ đến việc tìm người hẹn hò, tán tỉnh nhau rồi ghen tuông, giận dỗi mình thấy rất nản”.  Anh chia sẻ, nếu kết hôn anh cũng phải cân nhắc rất kỹ về bạn đời của mình, liệu cô ấy có yêu thương động vật hay cùng mình chăm sóc 3 chú chó hay không.  Sống cùng nhau được hơn 2 năm, Ngọc Thắng (Đông Hưng, Thái Bình) cưng chú mèo của mình như một người thân trong gia đình. Thắng còn chuẩn bị sẵn 3-4 loại thức ăn như hạt khô, pate và thịt sấy để chiều lòng chú mèo khó tính. Súp thưởng, viên ngậm hay kem đánh răng cho mèo cũng là một khoản chi. Thắng phải dành dụm từ thu nhập của mình để chăm sóc “con trai"".    Đầu tư thời gian và tiền bạc cho thú cưng của mình, cả Trường An và Ngọc Thắng đều nhận lại những giây phút yên bình, “chữa lành"" sau 8 tiếng làm việc nơi công sở. Họ coi những chú chó, chú mèo như những người bạn để tâm tình, giãi bày những nỗi niềm không thể kể cho ai.  Theo Vietnamnet"	https://scontent.fhan2-3.fna.fbcdn.net/v/t1.15752-9/442002502_1211633020007139_124308485709674322_n.jpg?_nc_cat=101&ccb=1-7&_nc_sid=5f2048&_nc_eui2=AeF3vuHIdjAIq-F9eBKYPouPCl18ws5o96kKXXzCzmj3qVb3p26ExV9U7Jhe1yNyYQTaMRYtR18RaJz7yKtD8QDG&_nc_ohc=2bMh9jgv5xQQ7kNvgH8rKS0&_nc_ht=scontent.fhan2-3.fna&oh=03_Q7cD1QGnrHZWvQ-_PC22R9eiY8PiqgwRvETezj36P-1YFghvoA&oe=6680CCA9,,		https://vietnamnet.vn/nguoi-tre-song-mot-minh-cung-thu-cung-thang-chi-tien-trieu-dua-di-spa-du-lich-2283917.html?utm_source=fb&utm_medium=fp&utm_campaign=v&fbclid=IwZXh0bgNhZW0CMTAAAR0rOSRfWtaiY0USY76eLwsdxHkgXh1B10nTZhIXQux2krxb1_RoS_zgq8Y_aem_Ab1K-HVMnL-sj70RdOcCieBhHOUJ9wZoQGm--h-ycP3eoUhmwFyhvCtveeCzHxgBf1Rtf_iBx06Rl7BqvSWBd56i	Đạt	Duyệt		
2024-05-28	FP - Chuyện của Hà Nội	Đinh Tiến Tuấn	BẠCH MAI: LÁT VỈA HÈ XONG RỒI DÙNG MÁY ĐỤC XỚI TUNG ĐỂ HẠ NGẦM ỐNG NƯỚC  Những ngày qua, nhiều nhóm công nhân dùng máy khoan đục phá vỉa hè được lát đồng bộ trên phố Bạch Mai (quận Hai Bà Trưng, Hà Nội) để hạ ngầm đường ống nước.   Việc này khiến nhiều người băn khoăn, bởi theo quy định của thành phố Hà Nội, chỉ những tuyến phố đã hạ ngầm đồng bộ mới tiến hành chỉnh trang, cải tạo vỉa hè để tránh lãng phí. Việc tuyến phố vừa cải tạo, lát vỉa hè hoàn thiện đã bị cày xới, đào lên để hạ ngầm đường ống nước gây lãng phí lớn.   Theo Tiền Phong	https://scontent.fhan2-4.fna.fbcdn.net/v/t1.15752-9/436688167_900929758505997_3086656295887818088_n.jpg?_nc_cat=100&ccb=1-7&_nc_sid=5f2048&_nc_eui2=AeF6Ly6mx5UoehAmxrh6jOKDKUAUIkvLVIcpQBQiS8tUh0no5U91BbTz-Dvgq4ovkTYMRvN3QTR9ZCxkbIM6slrq&_nc_ohc=daMnZiS3-DYQ7kNvgGcdDij&_nc_ht=scontent.fhan2-4.fna&oh=03_Q7cD1QGfxp1QZw6tdYEBOpIlr0zOWeGeqpFcFpHNVVGx1Zb0yw&oe=6680B78E,,https://scontent.fhan2-3.fna.fbcdn.net/v/t1.15752-9/441393870_378301571912005_5927633573820370144_n.jpg?_nc_cat=108&ccb=1-7&_nc_sid=5f2048&_nc_eui2=AeHtkIltaL2zoVFX79EBJOVt0-Nw7axkFpnT43DtrGQWmYl6SNCQHlXW02igzURimLXbptMedbt3btT4n8sR9GTf&_nc_ohc=u825SUD7GYMQ7kNvgFRn38g&_nc_ht=scontent.fhan2-3.fna&oh=03_Q7cD1QH3XzzCM2O3gWP65Ly3ksLZTaaPn6inoXxXltiM9-wVqg&oe=6680CFC8,,https://scontent.fhan2-5.fna.fbcdn.net/v/t1.15752-9/438158309_821461862764108_5507239267251743353_n.jpg?_nc_cat=106&ccb=1-7&_nc_sid=5f2048&_nc_eui2=AeEt_lIJFn-p0w_thpRdwzbkYMr60K219sNgyvrQrbX2w77Q6SMPPtNdVMEeQCXcyWLKZJtyKHSqRhzLUjbzxzJ9&_nc_ohc=faCn0jScNYEQ7kNvgEADlU-&_nc_ht=scontent.fhan2-5.fna&oh=03_Q7cD1QGAlx8f-5b4BDObtQGIGC_SK_ZeiKIxT9mBuDTHhdjYXA&oe=6680AA27,,https://scontent.fhan2-5.fna.fbcdn.net/v/t1.15752-9/444759919_333765116218089_1954324806319861022_n.jpg?_nc_cat=107&ccb=1-7&_nc_sid=5f2048&_nc_eui2=AeHLWHlH1SmXqe2qQG3IljjGlZlzQe6TA12VmXNB7pMDXUhkFCASAsoYHsG2BFRs65xDjJVYExFyJDk3lXodGFp0&_nc_ohc=QqCJ-GR1ANkQ7kNvgGvqJeY&_nc_ht=scontent.fhan2-5.fna&oh=03_Q7cD1QHDz1fmZOaewymAXLwdz89Hg1FoFzP8nw31fzm7gWjn7w&oe=6680B522,,			Đạt	Duyệt		
2024-05-28	FP - Chuyện của Hà Nội	Giáp Thị Thu Thảo	Một ngày khó khăn trôi qua, mình vẫn đường hoàng bước, sáng mai vẫn thức dậy kiên cường.				Đạt	Duyệt		
2024-05-27	FP - Chuyện của Hà Nội	Giáp Thị Thu Thảo	Đây là hình ảnh bố mẹ mình lục đục chuẩn bị đồ lúc 2 rưỡi sáng, để mình kịp lên thành phố trước 7 giờ. Cảm động phát khóc, huhu.   | Chia sẻ của Vân Anh	https://scontent.fhan20-1.fna.fbcdn.net/v/t1.15752-9/445375949_1009574207194292_2058974936345246470_n.jpg?_nc_cat=102&ccb=1-7&_nc_sid=5f2048&_nc_eui2=AeHc9r43SLdAPJUIZUNWfz8sQ62fOulFmVFDrZ866UWZUXEMyKStfLCc5PY13ZCEqAq3EWpdJyNo-pQ3bNmUpfP4&_nc_ohc=34SNGIKg09MQ7kNvgEIgtBl&_nc_ht=scontent.fhan20-1.fna&oh=03_Q7cD1QFrfcMbVDdGvCwObsHNdS_ssqQ_nDW-prgD1MaYpv74Zw&oe=6680C63F,,https://scontent.fhan2-3.fna.fbcdn.net/v/t1.15752-9/438171626_1505244880107363_8767839541676025819_n.jpg?_nc_cat=108&ccb=1-7&_nc_sid=5f2048&_nc_eui2=AeFMjg3VsBZgQgEcvDbjTSHl4u1iZEx4oq3i7WJkTHiircszSm-1yqZKNFyDSY7BC6gjb8tn_mPIGZoNoKo8Is3w&_nc_ohc=NpQ15wHllRkQ7kNvgEZ8dR6&_nc_ht=scontent.fhan2-3.fna&oh=03_Q7cD1QGSEKwZAZUBmEtOy7c4_VIJ5DodlRllNIRug8WKrVVa3Q&oe=6680BF33,,https://scontent.fhan20-1.fna.fbcdn.net/v/t1.15752-9/441995867_1360330197977713_774917029917062457_n.jpg?_nc_cat=109&ccb=1-7&_nc_sid=5f2048&_nc_eui2=AeEDtX44I_jO1kMDYAmns6-7F8yL6k4xtI4XzIvqTjG0jmSUu8isPe2idbu7PhpLyMp501cnd3lprk6sZvcLB6PS&_nc_ohc=0Vro3iaWFgYQ7kNvgG53PdO&_nc_ht=scontent.fhan20-1.fna&oh=03_Q7cD1QFJ8kI2OvMnhaaPvmCVCVEb2Di-8L4sin1guFuETYR7-A&oe=6680C7E8,,			Đạt	Duyệt		
2024-05-27	FP - Chuyện của Hà Nội	Giáp Thị Thu Thảo	| 27 . 05 . 2024 - Gia đình là nơi mình được yêu thương nhất, cho dù bất kì chuyện gì xảy ra |   Mẹ có thể viết không đẹp, đôi khi có thể sai chính tả, mẹ có thể không biết những kiến thức mình biết, không đến những nơi mình từng thăm. Mẹ chỉ ở nhà, loanh quanh bên sân thềm, ruộng vườn, và cùng lắm thì đi được ra ngoài thị trấn.   Nửa đời người mẹ mới lên Hà Nội một lần, là lúc mẹ đi khám ở bệnh viện, rồi lại về ngay. Mẹ chẳng biết thủ đô có gì đẹp, cũng chưa từng được thưởng thức món gì ngon ở đây.   Nhưng mẹ thương mình lắm. Mẹ nấu cho mình từng bữa cơm, nuôi mình lớn, cho mình theo đuổi ước mơ.   Mỗi tội, mẹ chẳng cần gì.   | Thaor.  📸: Vân Chi	https://scontent.fhan2-3.fna.fbcdn.net/v/t1.15752-9/441511825_1004895671019208_1194410685817500593_n.jpg?_nc_cat=101&ccb=1-7&_nc_sid=5f2048&_nc_eui2=AeEphMDbhv-VhfdM8I88HpGuByS8SKhjnesHJLxIqGOd68UykeraJehKAR9bNKWwObbSgg7BVtg4RUGIWsySAfQL&_nc_ohc=SfflNLoxV7MQ7kNvgH5f7xn&_nc_ht=scontent.fhan2-3.fna&oh=03_Q7cD1QEvqy1-DE18suJ6A6TziH8SWKptFBeObQhM6yKZ1_EiyQ&oe=6680A3D9,,			Đạt	Duyệt		
2024-05-27	FP - Chuyện của Hà Nội	Phuong Thao	Sau 8h là phải xách xe ra đường đi chơi ấy. Chứ mình ở nhà mình mắc bệnh trong người, kiểu mình tự dưng mệt mỏi, xuất hiện các triệu chứng như là mê sảng, xuất huyết não, chân tay bủn rủn…				Đạt	Duyệt		
2024-05-27	FP - Chuyện của Hà Nội	Giáp Thị Thu Thảo	Dau 1 năm ba mất, mình đã vỡ oà khi nhìn thấy tờ note mà ba nhờ mình ghi được cất ngay ngắn trong ví qua bao năm tháng, ba không nói lời nào là yêu nhưng tất cả đều là yêu.   Cảm ơn ba đã cố gắng nhìn con lớn.   | Chia sẻ của @_ling.13	https://scontent.fhan2-3.fna.fbcdn.net/v/t1.15752-9/441534157_7600748263349400_7091047843231877492_n.jpg?_nc_cat=108&ccb=1-7&_nc_sid=5f2048&_nc_eui2=AeHgaW3N_biZpR-9J7lHRxbzYbs9Occ2RoJhuz05xzZGgnIzh1wbauTPP46MgFpuVmY-1xLVLLqybkecRmlOY2OT&_nc_ohc=YnbdbdesyA8Q7kNvgH_jXlS&_nc_ht=scontent.fhan2-3.fna&oh=03_Q7cD1QFezvMqHw6K1iEOWB_sZa2Px0DBm8vZc-V2QBOVGaADfw&oe=6680BEAA,,			Đạt	Duyệt		
2024-05-27	FP - Chuyện của Hà Nội	Giáp Thị Thu Thảo	Tuổi tác có phải là vấn đề trong tình yêu?				Bách	Duyệt		
2024-05-27	FP - Chuyện của Hà Nội	Giáp Thị Thu Thảo	| 27 . 05 . 2024 - Đã bao giờ bạn dám lắng nghe trái tim của mình? |  Trái tim thì rung động rồi, cảm xúc vẫn vẹn nguyên như ngày đầu mới gặp, hạnh phúc vẫn là những gì trải qua cùng người ta. Thế mà... lại bỏ lỡ.   Đã bao giờ bạn dám lắng nghe trái tim của mình?   Bạn mình bảo, mình nhút nhát tới mức chẳng dám tiến đến với người mình yêu. Có những thứ chỉ đến một lần, có những người cũng chỉ gặp một lần duy nhất, có những cảm xúc đến rồi sẽ đổi thay, nếu không trân trọng thì sẽ mất, và mất hết. Mình đã từng mất hết rồi này.   Người tốt với mình không nhiều, người thương mình ở thời điểm đó cũng chỉ có một mà thôi.   Bỏ lỡ, là lỡ cả đời rồi.  Thế là, đời mình mất đi rất nhiều yêu thương.	https://scontent.fhan2-3.fna.fbcdn.net/v/t1.15752-9/438171644_965071228430313_1662286155371014442_n.jpg?_nc_cat=101&ccb=1-7&_nc_sid=5f2048&_nc_eui2=AeHPlfmgyNU91PfrZFD9x5tVqd1wzTRrP26p3XDNNGs_bm9wIeVszf8npyfwING3T7eEt90X-1JXm7QhokHgZsac&_nc_ohc=8ByVmCskluAQ7kNvgE_rL1B&_nc_ht=scontent.fhan2-3.fna&oh=03_Q7cD1QEO8Va3lTdqJzB4nCyQlpxMVFvbM3eKwjnS9bAugDAQiQ&oe=6680B07E,,			Bách	Duyệt		
2024-05-27	FP - Chuyện của Hà Nội	Giáp Thị Thu Thảo	| 27 . 05 . 2024 - Cơm nhà ngon vì sao thế? |  Ừm, ai cũng bảo cơm nhà ngon, cậu ạ. Tớ cũng thấy thế. Cơm bố mẹ tớ nấu có vị gì mà lạ lắm, tớ tự mình nấu cũng không được như vậy.   Một bữa bữa cơm gia đình giản dị, có vài ba món dễ nấu, dễ làm, bên những người mình yêu, đôi khi lại là một điều xa xỉ.   | Thaor.  📸: m_phng.113	https://scontent.fhan2-4.fna.fbcdn.net/v/t1.15752-9/436551269_1566713613892063_1512178996936494443_n.jpg?_nc_cat=105&ccb=1-7&_nc_sid=5f2048&_nc_eui2=AeFRLWRFVecCioBbguchMzLbj4ALFxvWisiPgAsXG9aKyCza1oCA7tzmsNqo1mE58FHCe32dq52nWWzeXNQKTxS6&_nc_ohc=QSPnILZilsEQ7kNvgFqewbO&_nc_ht=scontent.fhan2-4.fna&oh=03_Q7cD1QHHKuYagoCEsTgVEiGVnpE2CmnTkyWK4SVmEZHA1VNgNw&oe=6680B104,,			Bách	Duyệt		
2024-05-27	FP - Chuyện của Hà Nội	Phạm Khánh Huyền	Đừng quên là cổng nhận demo vẫn đang mở đến hết 3/6 các bác ơiii:  B1: Nộp bài dự thi gồm 1 demo, 1 video giới thiệu (tối đa 2 phút) đến cổng mail: demo@spacespeakers.vn B2: Đăng tải demo lên tài khoản Tiktok cá nhân, sử dụng filter <link>. Demo có lượt view+tương tác cao nhất sẽ giành giải People Choice’s   TOP 10 chung cuộc bao gồm: 9 demo được tuyển chọn bởi dàn mentor SpaceSpeakers và 1 demo giành giải People Choice's - Demo có lượt view + tương tác cao nhất tính trên bài đăng tại tài khoản Tiktok cá nhân của thí sinh.				Đạt	Duyệt		
2024-05-27	FP - Chuyện của Hà Nội	Phạm Khánh Huyền	CƠ HỘI ĐƯỢC PHÙ THỦY  M NHẠC TOULIVER SẢN XUẤT MV HOÀN CHỈNH MÀ KHÔNG MẤT MỘT ĐỒNG NÀO ⁉️  Cơ hội có 1-0-2 dành cho các bạn trẻ đam mê với âm nhạc đây! PEPSI x ‘55RADAR hiện đang nhận bản demo âm nhạc từ các thí sinh trên cả nước, 10 bản demo xuất sắc nhất được Touliver cùng BTC sản xuất thành 1 MV hoàn chỉnh.  Chưa bao giờ ước mơ tỏa sáng cùng âm nhạc lại đến gần đến thế, hạn cuối gửi demo là 3/6/2024, mau mau kẻo bỏ lỡ nha các bác ơiiii  #Pepsix55RADAR	https://scontent.fhan2-4.fna.fbcdn.net/v/t1.15752-9/445681691_496857689441805_527896600487192893_n.png?_nc_cat=105&ccb=1-7&_nc_sid=5f2048&_nc_eui2=AeFL6ALcqFKcLC1SCy6HSkoDXpWGZn39n8pelYZmff2fyqDR1p6w_iCle_cCOBGkLy0UA353-oRZt7MphqjI9QnP&_nc_ohc=zxjh4dzmZpUQ7kNvgE8mWBF&_nc_ht=scontent.fhan2-4.fna&oh=03_Q7cD1QE7UFlZJkLB5AOhYcLNTFK_d10FxPIOeaeIxH_Yi4smQg&oe=6680C2D0,,				Duyệt		
2024-05-27	FP - Chuyện của Hà Nội	Giáp Thị Thu Thảo	| 26 . 05 . 2024 - Lời cảm ơn |  Vậy là hành trình của dự án Nghề ngẫm - ngẫm về nghề đã đi đến hồi kết. Chúng mình vô cùng hạnh phúc và cảm thấy biết ơn khi nhận được sự quan tâm và ủng hộ của tất cả mọi người.   Đi hết một chặng đường Nghề ngẫm để ngẫm về các ngành nghề đặc trưng của Hà Nội, theo từng đặc điểm và giai đoạn khác nhau vốn không phải chuyện dễ dàng. Sau tất cả, Nghề ngẫm đã tìm thấy để tôn vinh những ngành nghề cùng những con người vẫn ngày ngày thầm lặng cống hiến cho đời.   Cảm ơn sự tồn tại của nghề truyền thống cho ta quay ngược thời gian nhìn lại những nét xưa giữa lòng thành phố hiện đại   Cảm ơn những nghề lao động chân tay để ta thêm trân quý hơn những gì mình đang có   Cảm ơn nghề cũ nơi phố quen gợi ra một Hà Nội đầy thăng trầm của lịch sử và thời gian   Cảm ơn những con người vẫn đang hằng ngày “giữ lửa” cho món nghề dần phai nhạt   Cuối cùng, cảm ơn vì tất cả, con người Hà Nội, cảnh vật Hà Nội, văn hóa Hà Nội,.. đã góp phần tạo nên một Hà Nội tươi đẹp, có chiều sâu cả về không gian và thời gian!  | Nghề ngẫm - ngẫm về nghề	https://scontent.fhan2-5.fna.fbcdn.net/v/t1.15752-9/436421235_762458329416871_5198898359328997692_n.png?stp=dst-png_p1080x2048&_nc_cat=107&ccb=1-7&_nc_sid=5f2048&_nc_eui2=AeGTveHxRJPjngRXsAuLRFwRCmyRB5kS0toKbJEHmRLS2liU_rwoA0l4-cy-vOfqe9hzPcOah_k2P_D-acsBMAyM&_nc_ohc=IkcaVbVZBnUQ7kNvgHFaZWz&_nc_ht=scontent.fhan2-5.fna&oh=03_Q7cD1QGxRfzbd4PLl67W9gEPLPO28T7Lg8J7EA51FTGbdHmjUg&oe=6680A36B,,https://scontent.fhan20-1.fna.fbcdn.net/v/t1.15752-9/436659256_855886016561816_8952284267920881372_n.png?stp=dst-png_p1080x2048&_nc_cat=103&ccb=1-7&_nc_sid=5f2048&_nc_eui2=AeEe67IL-5AWAGUtekHXu9YTBanRjszc19IFqdGOzNzX0pkEOXvd-Qjfi9pfzwXfa66uByEeUuao0PycPNsNN5QT&_nc_ohc=TFqd4YSnb8UQ7kNvgErgYY7&_nc_ht=scontent.fhan20-1.fna&oh=03_Q7cD1QEEePHCNSRujzGmruE9MsuCxP2VjYu_hwmbBPuIS8mn3Q&oe=6680B0B2,,https://scontent.fhan20-1.fna.fbcdn.net/v/t1.15752-9/436354535_468753852478505_6748428226113833186_n.png?stp=dst-png_p1080x2048&_nc_cat=102&ccb=1-7&_nc_sid=5f2048&_nc_eui2=AeHk5jAQ57u3t4xPVGYoZrM3LWVdu76grawtZV27vqCtrLzvVjMoaMjH94lKpVzQTiVN6lJx1rg-6UWOEu1vmLQm&_nc_ohc=-yVXU9pA-fkQ7kNvgG4a2BM&_nc_ht=scontent.fhan20-1.fna&oh=03_Q7cD1QHkMctTUppysEm-v--sOOmsOsDTqVtYVMOy_SClPeCipw&oe=6680BC50,,https://scontent.fhan2-4.fna.fbcdn.net/v/t1.15752-9/436343409_1186006115755916_6170028710212120083_n.png?stp=dst-png_p1080x2048&_nc_cat=110&ccb=1-7&_nc_sid=5f2048&_nc_eui2=AeEsWWOYRAmW7DqlZeDOmpNAk1rfMqq0SGiTWt8yqrRIaH2zecSiCdtrSEC8fzt2OaUm7fiV_TDPXgtS5-zhEOUp&_nc_ohc=faz6oeqykIcQ7kNvgFDB-Tt&_nc_ht=scontent.fhan2-4.fna&oh=03_Q7cD1QHx1Xq-U0zUkBmYOoFP5g_KQKwT90ijaFN4wH3uA1Ns1Q&oe=6680B580,,			Đạt	Duyệt		
2024-05-27	FP - Chuyện của Hà Nội	Hoàng Tuấn Anh		https://scontent.fhan2-4.fna.fbcdn.net/v/t1.15752-9/441581685_1198594754843247_7129004581814375320_n.png?_nc_cat=110&ccb=1-7&_nc_sid=5f2048&_nc_eui2=AeFG2LkHNKlWSVh-MsILYe-IPvPgQtoOEVg-8-BC2g4RWFMBAaMzPSbvhlKywmtgdUpYBbfPkNfxu6pXazvvZz05&_nc_ohc=0cExSKxkcIIQ7kNvgHvnY2w&_nc_ht=scontent.fhan2-4.fna&oh=03_Q7cD1QFW82nFrjtEBuLA7sDRYDJ5LhOuI9wXIDzZtz1nLt06AA&oe=6680CB53,,		https://vtcnews.vn/an-uong-vo-do-nu-sinh-20-tuoi-nhap-vien-tam-than-ar872197.html	Bách	Duyệt		
2024-05-27	FP - Chuyện của Hà Nội	Hoàng Tuấn Anh	https://vtcnews.vn/bi-vo-can-nhan-den-muc-tram-cam-ar873456.html	https://scontent.fhan2-4.fna.fbcdn.net/v/t1.15752-9/441473793_988741242840989_384328329901875530_n.png?_nc_cat=110&ccb=1-7&_nc_sid=5f2048&_nc_eui2=AeH_en0pV6AX6S6ccqFAQPTeM47Z-E1-8JYzjtn4TX7wlr9YkVhcSiY5P1owcPPf1S-FPHREz8m2BZereD9mU8JK&_nc_ohc=DDaipM-7rMgQ7kNvgEdehAN&_nc_ht=scontent.fhan2-4.fna&oh=03_Q7cD1QFE4hrfN4g-lYczmqrYjwk7DHDmJ2Rbnxh2psJQaRjGmQ&oe=6680CA0B,,			Đạt	Duyệt		
2024-05-27	FP - Chuyện của Hà Nội	Hoàng Tuấn Anh	tự lên phần này cap lại phần nội dung mới nhất				Đạt	Duyệt		
2024-05-27	FP - Chuyện của Hà Nội	Phuong Thao	Các bảnh hãy quên Bumble, Tinder, Facebook Dating đi. Giờ chúng ta có VNExpress Dating uy tín như này cơ mà!!!!  Nguồn: hv_thang.03	https://scontent.fhan2-3.fna.fbcdn.net/v/t1.15752-9/441909980_767790058805357_8906281690384305155_n.jpg?_nc_cat=101&ccb=1-7&_nc_sid=5f2048&_nc_eui2=AeEQZcJ_IOANdDfCWTFqRxI-VbYuE9W0n_hVti4T1bSf-AAR1PvKCxRQLOHPYLtqftYoqSvNl_3GS8gFqB6Vr0RK&_nc_ohc=Zm2ngGF5H2cQ7kNvgE-loYx&_nc_ht=scontent.fhan2-3.fna&oh=03_Q7cD1QG80g2r5dgtmfXI4Ik_2roXpl5gGBa6HT5Ug1Bv0TYYqg&oe=6680BA5D,,			Đạt	Duyệt		
2024-05-27	FP - Chuyện của Hà Nội	Hoàng Tuấn Anh		https://scontent.fhan2-5.fna.fbcdn.net/v/t1.15752-9/441497278_1361974611135637_67177551790081637_n.png?_nc_cat=104&ccb=1-7&_nc_sid=5f2048&_nc_eui2=AeFdGcH6BBoJl6wkFpK9d8Gez-8Z2nvdLY3P7xnae90tjQ785uCo0LVqFWsxBk38H5rVwDWfeML-i9eGJRMBZS1o&_nc_ohc=BxAfnIJhgU0Q7kNvgHWZcNn&_nc_ht=scontent.fhan2-5.fna&oh=03_Q7cD1QHVafaQmjG68E-AeEcIBoTTXSje68jfrTtvK_6kV8twbg&oe=6680B269,,			Bách	Duyệt		
2024-05-27	FP - Chuyện của Hà Nội	Hoàng Tuấn Anh	Mong là ngắn vào ngày thứ 2, còn từ thứ 3 đến Chủ Nhật nó bình thường Tiêu điểm: Bẫy làm đẹp (VTV24)	https://scontent.xx.fbcdn.net/v/t1.15752-9/441551951_344365278668877_5483007946132915983_n.png?stp=dst-png_p403x403&_nc_cat=100&ccb=1-7&_nc_sid=5f2048&_nc_eui2=AeFX3qVM1UczM7qJ0v5QHVFd1QVxe79l_DDVBXF7v2X8MCsI-2lB87U455G0aA1exY59bQClz90PTDil8wQnGhpk&_nc_ohc=lBoyaXX_KHsQ7kNvgE6Tc_B&_nc_ad=z-m&_nc_cid=0&_nc_ht=scontent.xx&oh=03_Q7cD1QFhDsCSCtkSLx6CpN3O_Si_Oa1eXfV2e-zrTskJgQSM4A&oe=6682867B			Bách	Sửa/ xóa bài	Bị dính bắt nạt	"Bắt nạt và quấy rối"
2024-05-27	FP - Chuyện của Hà Nội	Phạm Khánh Huyền	Đợi mùa đông rồi tính tiếp :)	https://scontent.fhan20-1.fna.fbcdn.net/v/t1.15752-9/445382841_964138941879693_7903200153452194194_n.png?_nc_cat=109&ccb=1-7&_nc_sid=5f2048&_nc_eui2=AeFZR1kBbtar8tIvpDJoReNfChnCHORDPowKGcIc5EM-jMJyC1gyiSvBvv55V3yYRzMj8CKdvQKrpF47Y6SwZv_b&_nc_ohc=WUmFVXb-prUQ7kNvgFT_kqr&_nc_ht=scontent.fhan20-1.fna&oh=03_Q7cD1QFsNTcsAj3wkS2JjKeZYKw34Ig1G_-_J_UVGBKKjMxEYg&oe=6680ABD2,,			Bách	Duyệt		
2024-05-27	FP - Chuyện của Hà Nội	Hoàng Tuấn Anh	"Sập bẫy ""nâng cấp cậu nhỏ - tăng kích thước"", ""cả to, cả dài, cả lâu"" lại còn được trả góp cùng mọi cam kết uy tín, nhiều anh em làm xong vẫn y nguyên...   Tiêu điểm: Bẫy làm đẹp (VTV24)"	https://scontent.fhan2-4.fna.fbcdn.net/v/t1.15752-9/441519448_2504025579793596_4546001262824204189_n.png?_nc_cat=100&ccb=1-7&_nc_sid=5f2048&_nc_eui2=AeEAROl6HqH5DKw8zvdELuZfi5v85BPzw4uLm_zkE_PDizuX1SH5PWrr8SzXs07fM5vQwOfWSRWM49Sux1AYjE13&_nc_ohc=NQKBWltsje4Q7kNvgFQG8HR&_nc_ht=scontent.fhan2-4.fna&oh=03_Q7cD1QENoDVo-gHCms-kjUamwBH4K7nEK9PBipYVPkSoUsc-3Q&oe=6680C0B0,,https://scontent.fhan20-1.fna.fbcdn.net/v/t1.15752-9/441513680_2144460149255368_1711266598847437932_n.png?_nc_cat=102&ccb=1-7&_nc_sid=5f2048&_nc_eui2=AeEBj9DTvje2sDcEr7Pi_4gXIAs9uaVgJAggCz25pWAkCHZg3nbNd0oR_AHVmBn_zkbgEZHWlR73dAAXlg5FhSr_&_nc_ohc=ulQ1Zuop1AsQ7kNvgFhaWj1&_nc_ht=scontent.fhan20-1.fna&oh=03_Q7cD1QEfJRm6ij0TR4TdqdkehvMTun5LaPqhcsZ5v4cfkRYODA&oe=6680A306,,https://scontent.fhan2-4.fna.fbcdn.net/v/t1.15752-9/441551951_344365278668877_5483007946132915983_n.png?_nc_cat=100&ccb=1-7&_nc_sid=5f2048&_nc_eui2=AeFX3qVM1UczM7qJ0v5QHVFd1QVxe79l_DDVBXF7v2X8MCsI-2lB87U455G0aA1exY59bQClz90PTDil8wQnGhpk&_nc_ohc=RgOBM74Fqc8Q7kNvgG6ZbS7&_nc_ht=scontent.fhan2-4.fna&oh=03_Q7cD1QEJ73zWbHMPsZCQgv18-1vlC1MkSzwYnuITJI0hULnX3A&oe=6680C47B,,https://scontent.fhan2-4.fna.fbcdn.net/v/t1.15752-9/441451133_471715778718172_2140483045767417155_n.png?_nc_cat=110&ccb=1-7&_nc_sid=5f2048&_nc_eui2=AeHbElL_Tu11vYES3Orz1DHySGBxxm2FUqNIYHHGbYVSo9rxsNEb10KGpUE0ibIOBKYxxNdf01XdX6wflwcTkd2N&_nc_ohc=opxVeSCFXZMQ7kNvgEufVs1&_nc_ht=scontent.fhan2-4.fna&oh=03_Q7cD1QHucOL3zvsatbNLZ4-KaTtjnIw9uN8FR8Wr1Eh58UPO_w&oe=6680D3C8,,https://scontent.fhan2-3.fna.fbcdn.net/v/t1.15752-9/441499400_437890275843996_2162198647894623006_n.png?_nc_cat=101&ccb=1-7&_nc_sid=5f2048&_nc_eui2=AeGqA35A-wehT4jPOAtD-_QNvshMYX6nhTO-yExhfqeFM4TDQMMWGz9GzEF2_arKLeyaF5yMVP6DKmeSp5W0l68w&_nc_ohc=OYyduSfd04YQ7kNvgHyh8_q&_nc_ht=scontent.fhan2-3.fna&oh=03_Q7cD1QHWASuwBswVG6fYj6kjZc98436WL0UKOYPO0jicKFa69g&oe=6680CFA4,,https://scontent.fhan2-5.fna.fbcdn.net/v/t1.15752-9/441675366_451520277574642_4561488273273816784_n.png?_nc_cat=104&ccb=1-7&_nc_sid=5f2048&_nc_eui2=AeFmWZ0rh6A0do-vdO2u18gBpU2RNbjgGeWlTZE1uOAZ5cnGXs_wXvDTX2u0Oi1tuL7AJwBYEKxDrzUxiQ80-A2C&_nc_ohc=gfj5l3booFQQ7kNvgFl0noG&_nc_ht=scontent.fhan2-5.fna&oh=03_Q7cD1QGI3VTrLlzLESuwLg3I687WIBBm2PaEuQ_UR-7WyYC8dA&oe=6680B0F4,,https://scontent.fhan2-4.fna.fbcdn.net/v/t1.15752-9/441529562_753083123707794_1883723793600819609_n.png?_nc_cat=105&ccb=1-7&_nc_sid=5f2048&_nc_eui2=AeFulJfwLIUEtPlXSwjmMBEURwvGI3-YSbRHC8Yjf5hJtO7Qd6nkomhc7TATOIP5fSOtnRh3mMXs6wEBB08khc4O&_nc_ohc=YfK0Av5DXnYQ7kNvgEOikw9&_nc_ht=scontent.fhan2-4.fna&oh=03_Q7cD1QHAQqOn9aHbZC-k05Vq4zbOwhTelx-CGSmPzziJXM7Iug&oe=6680CA4C,,			Đạt	Duyệt		
2024-05-27	FP - Chuyện của Hà Nội	Giáp Thị Thu Thảo	"| 27 . 05 . 2024 - Bế giảng |   Chào quyết thắng, các ""đồng chí"" của mùa hè 2024!   📸: Thành Long"	https://scontent.fhan20-1.fna.fbcdn.net/v/t1.15752-9/441879052_358655563895864_7006286780445766682_n.jpg?_nc_cat=103&ccb=1-7&_nc_sid=5f2048&_nc_eui2=AeGKYPOnhtUyqn4416qVnwWqdL5J2OyOoxN0vknY7I6jE40ixTkcQ7_iWHj7TBZeQV0Lp7JcRLNz7oAUaBb5mT4Q&_nc_ohc=uogeKLS6wl4Q7kNvgHYXS3E&_nc_ht=scontent.fhan20-1.fna&oh=03_Q7cD1QGa77SvOBiG5Umb-oWl3QMP0UdlmXj59mmZFOiw9eNEeg&oe=6680CD5E,,https://scontent.fhan2-3.fna.fbcdn.net/v/t1.15752-9/441477849_786509920125224_8998467716032460445_n.jpg?_nc_cat=111&ccb=1-7&_nc_sid=5f2048&_nc_eui2=AeEjRWkKFjyCzYPMOSfcxlxH0PWiA3aOlvzQ9aIDdo6W_M4b5h6onea6fv78AAdQb9IlGp8mNsBvNIor6ZYiqk07&_nc_ohc=i8-nmQ0sUz4Q7kNvgFpiSrf&_nc_ht=scontent.fhan2-3.fna&oh=03_Q7cD1QHlmWruDv19sNH07WF4oyxrT-9n-kGEtzQWgvB_aUpeRA&oe=6680A884,,https://scontent.fhan2-4.fna.fbcdn.net/v/t1.15752-9/441541097_1867932610353170_2308249827220794302_n.jpg?_nc_cat=110&ccb=1-7&_nc_sid=5f2048&_nc_eui2=AeGD4cgx0taA9ye6Xeb4ibVxMW95PJl6D5Exb3k8mXoPkXml8uwNhOAnvEg2XR_hTKg6C2JH7zzTkVcTg1Owjp6s&_nc_ohc=jc5MHUJgJw8Q7kNvgHWvidq&_nc_ht=scontent.fhan2-4.fna&oh=03_Q7cD1QFpQkpb0BYFRMRUwXHO2H7sc9iWf5JsgAE8QRYUGf0DZQ&oe=6680AF55,,https://scontent.fhan20-1.fna.fbcdn.net/v/t1.15752-9/441674757_779558283947832_1578920646361870791_n.jpg?_nc_cat=103&ccb=1-7&_nc_sid=5f2048&_nc_eui2=AeHyG7ttI75iC8aPEba1Iqk2yc-MFMFri-rJz4wUwWuL6ktEs3_XEGYFcHlYtkh8x3w50LE2pbF9SNmLaERKtr_D&_nc_ohc=O42HBGlxKRoQ7kNvgHizBy-&_nc_ht=scontent.fhan20-1.fna&oh=03_Q7cD1QGqXUmZQmkbs9RWWJ5E7jj2-OQx5T0OC2nNxAOWpY8W3Q&oe=6680D7D8,,https://scontent.fhan20-1.fna.fbcdn.net/v/t1.15752-9/441603858_940030854568494_4970894582706038815_n.jpg?_nc_cat=109&ccb=1-7&_nc_sid=5f2048&_nc_eui2=AeHGUOdsMR7SOXk-8jSlINrjZmo8a-7XgKdmajxr7teAp_OCtY49zNCipIX11I-R6OWv6lLSTdtBpCLimW4EFaNE&_nc_ohc=6D7JL_swubEQ7kNvgEvoFhd&_nc_ht=scontent.fhan20-1.fna&oh=03_Q7cD1QH0TJNpyTs-r7ANGeyRbqNWStBv99m5Uf-qtdgcTg3PvQ&oe=6680CC0D,,https://scontent.fhan2-4.fna.fbcdn.net/v/t1.15752-9/436360377_336122099512827_4346165669701867107_n.jpg?_nc_cat=105&ccb=1-7&_nc_sid=5f2048&_nc_eui2=AeFq-Y2gFaYv7r4WDEhtbl_mBs9wEtiu6-kGz3AS2K7r6Qr40HnldSqD1XtEGXXetLFOa7ocpS5aQlLfMDo_3PP8&_nc_ohc=vpBlEgz1CaoQ7kNvgFSCkf7&_nc_ht=scontent.fhan2-4.fna&oh=03_Q7cD1QFi4nuAVZBYSVA9v2QKlDemoO6WIaUyqGyyXXuvJgKnYQ&oe=6680BCD3,,			Bách	Duyệt		
2024-05-27	FP - Chuyện của Hà Nội	Hoàng Tuấn Anh		https://scontent.fhan20-1.fna.fbcdn.net/v/t1.15752-9/441878660_291831830668582_6131616641873979186_n.png?_nc_cat=109&ccb=1-7&_nc_sid=5f2048&_nc_eui2=AeHa2no97tRk7jN_L-ymOBcl3lrpQVUL4L7eWulBVQvgvuB6i1cFXHcKwURVpUH_MY889jI0kGmxTpH4SfNn8Cpt&_nc_ohc=SKCyWq5K82UQ7kNvgGZv4sw&_nc_ht=scontent.fhan20-1.fna&oh=03_Q7cD1QFuRFOXaKxDI2L59OM-96PMbG5v6jvkUeeUoLx3yvTPjA&oe=6680A670,,			Đạt	Duyệt		
2024-05-27	FP - Chuyện của Hà Nội	Giáp Thị Thu Thảo	| 27 . 05 . 2024 - Hạ về trên những góc phố quen |   Hạ đã tràn về với Hà Nội. Những dòng nắng chói chang trải dài khắp ngõ. Đâu đâu cũng thấy những vệt nắng vàng.   Nóng thì có thể khiến mình khó chịu, nhưng ngắm nắng thì chưa bao giờ thấy hết yêu. Thành phố dưới những thước nắng chảy - lấp lánh, đẹp tươi hơn bao giờ hết.   Hà Nội mùa này nhiều sức sống...   📸: Đức Nguyễn	https://scontent.fhan2-5.fna.fbcdn.net/v/t1.15752-9/438171739_2784103711736741_5521136018905452859_n.jpg?_nc_cat=106&ccb=1-7&_nc_sid=5f2048&_nc_eui2=AeGQ875JZ2wQsL_DJbf4O5qqbLEkx6NC85xssSTHo0LznKWyPoANnzc3kndRyGgWI33ECd1g33ce-V0k-8ZE-kdZ&_nc_ohc=s0vgek9qf60Q7kNvgGK45Xg&_nc_ht=scontent.fhan2-5.fna&oh=03_Q7cD1QGh7xEi7B3n_VmIhb_iDGEq18VDyqFQp6UsVeirWn4T5w&oe=6680A544,,https://scontent.fhan2-3.fna.fbcdn.net/v/t1.15752-9/441564727_3344633442509130_2475147641716611356_n.jpg?_nc_cat=101&ccb=1-7&_nc_sid=5f2048&_nc_eui2=AeFgmAuTaSLMUn6fS_i_bFSoTC1olLBMbJ5MLWiUsExsnmnY2RXi2GqkChpVc8ApiXuR-d5v-OiXYH-lIKkWpOl-&_nc_ohc=hjbGtBumJqkQ7kNvgEHFNrt&_nc_ht=scontent.fhan2-3.fna&oh=03_Q7cD1QHDiHWa2dT3mhcL1sQsDNX5aYRph9MWFE4N4HZQE-uGKw&oe=6680C576,,https://scontent.fhan2-4.fna.fbcdn.net/v/t1.15752-9/438171639_472161268613470_6219116517781471707_n.jpg?_nc_cat=105&ccb=1-7&_nc_sid=5f2048&_nc_eui2=AeFkhM1c-F9zKeqA8vtYdBRZZN-21EeK5hpk37bUR4rmGkpA0ImtSDPO1VS_XiftKu1ngDQUb3IaUP3Hl-wqUodv&_nc_ohc=QmcmCqHKfb0Q7kNvgHCf8zL&_nc_ht=scontent.fhan2-4.fna&oh=03_Q7cD1QEQikYjPQ7WI27C31pyGFHjlNcMT9-XeCZa6eYLjQDD4A&oe=6680CCC8,,https://scontent.fhan20-1.fna.fbcdn.net/v/t1.15752-9/436406336_254804231060985_7234260770542750801_n.jpg?_nc_cat=109&ccb=1-7&_nc_sid=5f2048&_nc_eui2=AeFGQqUUUdGR_tyNylxPhCaI86Ep0keOYffzoSnSR45h9605IcKy0Vz3ZP8WDekucq3QMvRLGiGtMVMFGk_CxLlF&_nc_ohc=gjExQiv34_kQ7kNvgEBIuDD&_nc_ht=scontent.fhan20-1.fna&oh=03_Q7cD1QGM0tv-thwcp-jX3wJXzLbGt1k45-vYaz39gh68B8x9Kw&oe=6680D401,,			Đạt	Duyệt		
2024-05-27	FP - Chuyện của Hà Nội	Phuong Thao	lần đầu ra Hà Nội.  hôm qua tớ vừa được ra hà nội để xin visa, tiện thể đi chơi đây đó cho biết hà nội như thế nào. chả hiểu đi bao nhiêu là nước rồi nhưng thủ đô của nước mình lại chưa đi, nên lần này háo hức cực kỳ vì nghe đồn hà nội đẹp lắm!!!  ĐÚNG THẬT, ĐẸP MÊ LY ẤY! lần đầu tớ thấy những thứ trước giờ chỉ thấy qua tv, tớ đc đi văn miếu, dạo hồ gươm, ăn kem tràng tiền, ăn bánh đa và miến lươn trộn. cứ đi một quãng là lại cầm máy chụp, đẹp kinh khủng, đẹp dã man, đẹp rung động ấy hà nội ơii.	https://scontent.fhan2-5.fna.fbcdn.net/v/t1.15752-9/436382184_420825667386376_6448264880560628788_n.jpg?_nc_cat=104&ccb=1-7&_nc_sid=5f2048&_nc_eui2=AeExuj4JUqfPx1q15Dee7bKSq9e_Gwzr_h2r178bDOv-HTfZrQ91aUPPaJ7xq4cqtfKeox8ABjLOUA8pen6PyTtj&_nc_ohc=Z_pxlyoBKzcQ7kNvgEAjrIT&_nc_ht=scontent.fhan2-5.fna&oh=03_Q7cD1QF5Vub3VuH7GhlzmdgV8467aaEF6cila3udUcjtkSACbg&oe=6680BF06,,https://scontent.fhan2-4.fna.fbcdn.net/v/t1.15752-9/441712428_461496219626066_4661541685616090550_n.jpg?_nc_cat=100&ccb=1-7&_nc_sid=5f2048&_nc_eui2=AeEd1bLt1QQ2YYjLzFfTkH6-zSQfKYcGyRzNJB8phwbJHHlmaBo8YvLFw_fhLdfK5fL952NxWUtnVaepFrP79nir&_nc_ohc=xYl7-5DPTKsQ7kNvgHjmZIw&_nc_ht=scontent.fhan2-4.fna&oh=03_Q7cD1QFXzQE5RiMyujWqbtb7NHqC8NatZ9N3Fl41ejm9qIE4Kg&oe=6680D086,,https://scontent.fhan2-3.fna.fbcdn.net/v/t1.15752-9/436344616_254080851109082_1116470674091017162_n.jpg?_nc_cat=108&ccb=1-7&_nc_sid=5f2048&_nc_eui2=AeEuIiJLnoXfg5mE0TruLRwJh8Zai_j8E2qHxlqL-PwTao7RBKg-PuQv95f5Pia8mxzspUjek500_faXuYSbQzHx&_nc_ohc=mqPss2nO6qAQ7kNvgGg8YEt&_nc_ht=scontent.fhan2-3.fna&oh=03_Q7cD1QF3spgTt-JWYEbOPa-9ghoC5z5xV-w-EMdU1eE07YgjeA&oe=6680D62D,,https://scontent.fhan2-4.fna.fbcdn.net/v/t1.15752-9/441728070_1832935633885039_5501486455211310507_n.jpg?_nc_cat=105&ccb=1-7&_nc_sid=5f2048&_nc_eui2=AeG7Qh9EN2IOFRQoa9n_pXQaYs4praFO1dRizimtoU7V1JbNlqfTrq7wT6nK0_XprOqpmIOjBPCoCk-oKbngAY_k&_nc_ohc=RMZAQxUZgj8Q7kNvgHwkX3P&_nc_ht=scontent.fhan2-4.fna&oh=03_Q7cD1QFSdOu6pG0yqlNCrlhqpgtayjLfIACX4IS2Rm85FGhqZQ&oe=6680C5C5,,https://scontent.fhan2-3.fna.fbcdn.net/v/t1.15752-9/441443169_1123280492078108_1405590502146417626_n.jpg?_nc_cat=108&ccb=1-7&_nc_sid=5f2048&_nc_eui2=AeGD9g0czF6zXTNpW5h__SjuofGb9wChCa-h8Zv3AKEJr_21ssE6-WotKieJu4Rfjue9gF14A6UEDJp9_1KDm4LF&_nc_ohc=DDhFVYQYFf4Q7kNvgHIFBGx&_nc_ht=scontent.fhan2-3.fna&oh=03_Q7cD1QFK-ubEbVIcJuL10cxydp-p1UiKyJjhIGipby67C19cJg&oe=6680B9FA,,https://scontent.fhan2-5.fna.fbcdn.net/v/t1.15752-9/441308279_799044132193677_4225550167265557717_n.jpg?_nc_cat=106&ccb=1-7&_nc_sid=5f2048&_nc_eui2=AeFjCtYkCrGwpPCBkugaVEY6bjOlO-ZlautuM6U75mVq6wa3SsnPqoq-VM-loFMvJgSVX8qCGZYJCExTRbo2TzKi&_nc_ohc=EYz50Hw6QXcQ7kNvgHf_NdP&_nc_ht=scontent.fhan2-5.fna&oh=03_Q7cD1QE7owTiKv9DHgToQM1eitYazi2KsHl7HnZP0Fd2OIDAzg&oe=6680A4A1,,https://scontent.fhan2-5.fna.fbcdn.net/v/t1.15752-9/441030200_827149682768204_7284487016535674979_n.jpg?_nc_cat=104&ccb=1-7&_nc_sid=5f2048&_nc_eui2=AeGyATLy6ZwYb8lU6yR-TXXQhNOaUb14EQ2E05pRvXgRDbVAK-vNHqSH0ZNQXaUBXTNwbVpN5sSFa4cmZSh-iYe5&_nc_ohc=yQDT3KUkon8Q7kNvgE5GTuA&_nc_ht=scontent.fhan2-5.fna&oh=03_Q7cD1QEEkK5BdCuHtvQEb5mEeFDkZx6bKGU49defXREAJAfD8w&oe=6680CB09,,https://scontent.fhan20-1.fna.fbcdn.net/v/t1.15752-9/436406335_384048300682047_3673054173077234676_n.jpg?_nc_cat=109&ccb=1-7&_nc_sid=5f2048&_nc_eui2=AeER3Nx4wd5WjwuX9qYBcPvAvi2olG3y-hq-LaiUbfL6GkeGqz_cyfUO8Je2wwXKGbsjcKmvu5JdBs8z7cwxf2Z7&_nc_ohc=Dgbbor7lEV4Q7kNvgHnBdbN&_nc_ht=scontent.fhan20-1.fna&oh=03_Q7cD1QGG734I-aTIJBJAKxeTPyotbO3kCwuthwnwxiYHZosEEQ&oe=6680CC1A,,https://scontent.fhan2-4.fna.fbcdn.net/v/t1.15752-9/441906791_1137899923921301_1277614736440111591_n.jpg?_nc_cat=100&ccb=1-7&_nc_sid=5f2048&_nc_eui2=AeHao0clsTxSEGjyLK3vriy14lSEt8F1FLziVIS3wXUUvFrGZGAOLyquUPQGH57Lio2Aozh27a9jn7wM7L18SYR_&_nc_ohc=BlndQIoJrO4Q7kNvgEwtBWO&_nc_ht=scontent.fhan2-4.fna&oh=03_Q7cD1QG0aeVtL-86OKh6n-8TCx4mETDA1Kuc1KgcgOCFfi14GQ&oe=6680C313,,			Bách	Duyệt		
2024-05-27	FP - Chuyện của Hà Nội	Phuong Thao	Cách cư xử của ba mẹ có sức ảnh hưởng lớn thế nào đến con cái?  Trong tập mới nhất của Mẹ Vắng Nhà - Ba Là Siêu Nhân, cô elm năng động hề hước mà chúng ta biết đã có khoảnh khắc gục mặt yên lặng vì ba đã vô tình để em chơi một mình rất lâu.  Không quấy khóc, la ó elm chỉ gục xuống im lặng, khi ba đến và xin lỗi, em cũng ôm ba thật chặt và chôn mặt vào vai ba. Hoàn cảnh đúng là có sức ảnh hưởng không hề nhỏ nhưng thứ lớn nhất tác động đến tính cách một đứa trẻ vẫn là sự giáo dục từ ba mẹ, đây là phương pháp trực tiếp. Cách ba mẹ yêu thương nhau sẽ gián tiếp định hình một đứa bé cũng biết yêu thương và hoà nhã với mọi người.  Khi người đàn ông trở thành cha, thành chồng của ai đó xin hãy nghĩ về trách nhiệm, sự san sẻ, tình yêu thương và sự tôn trọng. Câu chuyện gia đình không đơn giản dừng lại ở việc người đàn ông chỉ kiếm tiền, người vợ chỉ chăm con, nội trợ!  Nguồn: Showbeat	https://scontent.fhan2-3.fna.fbcdn.net/v/t1.15752-9/445574435_809157351207735_1203698669054725202_n.jpg?_nc_cat=111&ccb=1-7&_nc_sid=5f2048&_nc_eui2=AeFtDlzjEK23GHVojA8-RtSCULAGYTaAFsxQsAZhNoAWzPPiEy0r5ejbiJhPaVBmpXHfIhncNsnklb58-1o4odU0&_nc_ohc=pY2OPorccXsQ7kNvgE1lbKK&_nc_ht=scontent.fhan2-3.fna&oh=03_Q7cD1QE9ncENFzm5ajHXsRcQa1AAJR_EoZ1NbIPgs992IG3Psg&oe=6680A330,,https://scontent.fhan2-5.fna.fbcdn.net/v/t1.15752-9/442004760_1479157302691396_3481955662751404872_n.jpg?_nc_cat=104&ccb=1-7&_nc_sid=5f2048&_nc_eui2=AeFNzTK_rq_THKolNwakiuVlpcY7Ork9KFClxjs6uT0oUGlku2BdCVQ7qT8NnzodlQy4T-qF01dxGi7V3jNT6tmD&_nc_ohc=43KFNeih5tAQ7kNvgFhcvII&_nc_ht=scontent.fhan2-5.fna&oh=03_Q7cD1QElzWZ_uy48bi1DBDGVZbUzI0KZMRPokv_YUomFDDAftw&oe=6680B2A4,,https://scontent.fhan2-3.fna.fbcdn.net/v/t1.15752-9/441019901_951191153423652_4604473937504769599_n.jpg?_nc_cat=108&ccb=1-7&_nc_sid=5f2048&_nc_eui2=AeHbGBiJqD6A5KIi7rbCRIaZ7LHz0KuV77LssfPQq5XvstyCubGA7MUcjzsL5C-eeultEWdkNOg9H21eObIdryW2&_nc_ohc=ZrE0VZsrIpsQ7kNvgGWVnOR&_nc_ht=scontent.fhan2-3.fna&oh=03_Q7cD1QEAwhzaNluEkD12qoCdbGmDEX7q2OMSW6QuRqGEjPGAYA&oe=6680C60D,,https://scontent.fhan20-1.fna.fbcdn.net/v/t1.15752-9/436406313_444040551665390_5220898035072966562_n.jpg?_nc_cat=102&ccb=1-7&_nc_sid=5f2048&_nc_eui2=AeHj3UGj2VUbdCJrJzZM36CJvyV1F17SGiO_JXUXXtIaI90t_CbaobKimazzP5mrDHp6FsYd4kzL3LYQvKdM6oUk&_nc_ohc=yb_y2dBAGkgQ7kNvgGNwRPm&_nc_ht=scontent.fhan20-1.fna&oh=03_Q7cD1QHGRQJgLQ62-OuyE47T7duW3e3Rz5bbRm35YlDPog8Daw&oe=6680BF1C,,https://scontent.fhan2-5.fna.fbcdn.net/v/t1.15752-9/441990935_1136808070939101_1230773022052761072_n.jpg?_nc_cat=106&ccb=1-7&_nc_sid=5f2048&_nc_eui2=AeF-aBCMahYJxT1B7VLfzGKGbXWCQ24Gv0ltdYJDbga_SfZUvKdM_0fRcOqG161hET4UgpZfReWK3Yd-Mru9epG1&_nc_ohc=5KtGDtVGl0UQ7kNvgH1yQDv&_nc_ht=scontent.fhan2-5.fna&oh=03_Q7cD1QEZLVbZrYxrc7aG1ghh3hslB5xSuLwfavL_5rmJnZSdcQ&oe=6680AF6B,,			Đạt	Duyệt		
2024-05-27	FP - Chuyện của Hà Nội	Hoàng Tuấn Anh		https://scontent.fhan2-3.fna.fbcdn.net/v/t1.15752-9/441837336_769733548668235_7419151638567645713_n.png?_nc_cat=111&ccb=1-7&_nc_sid=5f2048&_nc_eui2=AeFeC1Lobi41vkDYgyF_AZsrBSYf7R-8vaEFJh_tH7y9oVDAnM1sXJd_mEJj8zhsb46l_H3Oeiejg5HIwTpTIn0L&_nc_ohc=sRLkM-y9FwEQ7kNvgFbwhpV&_nc_ht=scontent.fhan2-3.fna&oh=03_Q7cD1QFUReFj9LcTZBl6ferh_3A0CoBDsjQq9fUtEc5M2z-84g&oe=6680C6D8,,			Đạt	Duyệt		
2024-05-27	FP - Chuyện của Hà Nội	Đinh Tiến Tuấn	CẢNH BÁO   TỪ ĐÊM NAY MIỀN BẮC VÀO ĐỢT MƯA DÔNG      Do ảnh hưởng của rãnh áp thấp sau đó kết hợp với hội tụ gió trên cao nên từ  đêm nay 27/5, miền Bắc bước vào một đợt mưa dông mới kéo dài nhiều ngày. Mưa tập trung về tối và đêm, cục bộ mưa lớn đi kèm nguy cơ lốc, sét, mưa đá và gió giật mạnh. Tình trạng này duy trì hết ngày 1/6.  Hic, đau đầu ho cả tuần nay rồi đấy, thaaaa  Theo: Sức Khoẻ & Đời Sống	https://scontent.fhan2-4.fna.fbcdn.net/v/t1.15752-9/441046808_429157496615571_1990363782182891682_n.jpg?_nc_cat=110&ccb=1-7&_nc_sid=5f2048&_nc_eui2=AeHuPLqSqXIuV1ozFGWW5mZAePoNJ3vDCFB4-g0ne8MIUMc6PHiLUiiCdZwH2B5fD94jTSODfx3lJB99MDJ-OalC&_nc_ohc=WO1azEe1hPMQ7kNvgEyG038&_nc_ht=scontent.fhan2-4.fna&oh=03_Q7cD1QGb90xUohAeWGKVIuX-ouFBB3Skm6iH5jjgu9EjbHdBcw&oe=6680B5B9,,https://scontent.fhan2-4.fna.fbcdn.net/v/t1.15752-9/438158881_1655536198528118_4315341303493790136_n.jpg?_nc_cat=100&ccb=1-7&_nc_sid=5f2048&_nc_eui2=AeENj3wzM9Tn1lK2Bs4xFwGKZcBuw8CHGUJlwG7DwIcZQr1BisIkEmuhm6oejM_jPPUf3fzke-Pg9QYYkOuwJaMK&_nc_ohc=yTjkQDSn56oQ7kNvgG-Bn0l&_nc_ht=scontent.fhan2-4.fna&oh=03_Q7cD1QHiWMGyWAs-6HN4oY3Adn1TLhDz63rQY4FO6I0829XJCw&oe=6680A813,,https://scontent.fhan2-3.fna.fbcdn.net/v/t1.15752-9/441889358_435840176048290_1049369975307220772_n.jpg?_nc_cat=108&ccb=1-7&_nc_sid=5f2048&_nc_eui2=AeGoz4guxsnHdkmo83Z-fHFkfz1QxYY1Ct1_PVDFhjUK3XJXo414O0rcKy56W52LTYApwVZGz9Fv01DCtl2v32Fe&_nc_ohc=zNaLBJn1LYsQ7kNvgHmlkxo&_nc_ht=scontent.fhan2-3.fna&oh=03_Q7cD1QHNQb0yQEd2SiAXCxhkhN0CUm-mV5PzwZQRhPLT32_SCw&oe=6680B2E5,,https://scontent.fhan2-5.fna.fbcdn.net/v/t1.15752-9/441073578_446625111400697_9205193851736010617_n.jpg?_nc_cat=107&ccb=1-7&_nc_sid=5f2048&_nc_eui2=AeF1OJX3PJAFo6xk17zzBhKqxrc_RC4aChXGtz9ELhoKFbTuXsYTr8wtXp-eCdgZ66d84pzf-Z8GkGs6KlpiJCKH&_nc_ohc=zy-gc3gqOgEQ7kNvgGZjV_2&_nc_ht=scontent.fhan2-5.fna&oh=03_Q7cD1QHxgmdf-z8OJdQJn4cal374COjzyedT-I6b3yA9Ox2IPw&oe=6680C987,,https://scontent.fhan2-3.fna.fbcdn.net/v/t1.15752-9/438171639_974401737493420_7650365080560357084_n.jpg?_nc_cat=101&ccb=1-7&_nc_sid=5f2048&_nc_eui2=AeHaFRzFNPkzEu47i2sVon4KKp3DLU0JWnUqncMtTQladcdQW0cCLKHm_VhMSF3Vc53Ez9NZ_omIEW2uyw8lPSdL&_nc_ohc=abhZW5JJqCYQ7kNvgHQL-5l&_nc_ht=scontent.fhan2-3.fna&oh=03_Q7cD1QFltg3MNc1Yuam2U5WVKCBs9_q1hRazTPz4deR3eAvg8A&oe=6680D6F5,,			Đạt	Duyệt		
2024-05-27	FP - Chuyện của Hà Nội	Đinh Tiến Tuấn	Sáng nay đi chợ ghé mua thịt bò. Chị bán hàng kêu e ơi mua cái này về ăn ngon lắm giòn giòn sựt sựt...đúng gu của e thích ăn kiểu gân guốc liền mua về ăn thử. Bắt bếp cuộn lại luộc vì nó dài gần 2 gang, đang đứng nấu ăn tự nhiên nó bật một phát thẳng đứng bay cả vung ra ngoài  .   Giật bắn người .Em lại phải lôi nó ra cắt ra làm 2 khúc luộc tiếp  Nghiên cứu ko hiểu tại sao nó có sức bật mạnh vậy? lúc e mua nó mềm như cục thịt trông bé bé đáng yêu lắm nhưng mà lạ thật!!!  Hoá ra khi nước đủ nhiệt thì nó cứng lại, thiệt chứ cắt ko đứt, nhai ko được, ko biết cho vào mồm kiểu gì, nhai kiểu này khéo kéo dài 30-40p.   Chị em có cách nào khác nấu cái này không    Bạn Trang Tròn thắc mắc	https://scontent.fhan20-1.fna.fbcdn.net/v/t1.15752-9/441885543_1622822898549543_2997827827105210833_n.jpg?_nc_cat=109&ccb=1-7&_nc_sid=5f2048&_nc_eui2=AeHKwcTo2Uy0r4wGe_LsVbbibjKIe5nn_ERuMoh7mef8RJvKx9olg06N0j4__0ai9eMxO1UioKjva6DiYrBR9AiU&_nc_ohc=HgzHSPesQYUQ7kNvgHtyHjq&_nc_ht=scontent.fhan20-1.fna&oh=03_Q7cD1QHIH2Kh97cRox_eJ2gf7r7gBiZBKGn05VcWjkGRdTroKw&oe=6680D887,,https://scontent.fhan2-3.fna.fbcdn.net/v/t1.15752-9/441945368_467852609102189_2097642568578121129_n.jpg?_nc_cat=101&ccb=1-7&_nc_sid=5f2048&_nc_eui2=AeFg862vDnuFdUSzyEXUBgU8Z3ftcycywQNnd-1zJzLBA9JgPrRKRb8Oz9QbgBAWiNMaL1a1-3ttx8XEdlvJiXPj&_nc_ohc=BJqzoeRWM40Q7kNvgFmtJnQ&_nc_ht=scontent.fhan2-3.fna&oh=03_Q7cD1QEqHkvr3GT3zqAApXJ_CedkFuVcqdrVn5tSgKoa9N5xKA&oe=6680C14F,,https://scontent.fhan20-1.fna.fbcdn.net/v/t1.15752-9/441053015_1199913521167660_9048609385488963227_n.jpg?_nc_cat=109&ccb=1-7&_nc_sid=5f2048&_nc_eui2=AeGuolc8mIqyv7sy-LzTdAt7B1t_HptKNKUHW38em0o0paKyyTU1y16n30_iopBFo5IDWXTiE7xxF2e_qg596OfM&_nc_ohc=fHZkszJfdgUQ7kNvgEIocRQ&_nc_ht=scontent.fhan20-1.fna&oh=03_Q7cD1QG0ZTfTM2wywvHc1Gft8bbCYEdsO-rhFm-8huFU0P1Ozg&oe=6680C5EE,,			Bách	Duyệt		
2024-05-27	FP - Chuyện của Hà Nội	Hoàng Tuấn Anh		https://scontent.fhan20-1.fna.fbcdn.net/v/t1.15752-9/441466479_958880772640145_391647170517134721_n.jpg?_nc_cat=102&ccb=1-7&_nc_sid=5f2048&_nc_eui2=AeF_-jbqSs6w-WHOlt6H5JOeNM0Q9OkCMfs0zRD06QIx-z0aXHB-oJaJcXeArwu7ppPr7G2GtqOqXOQwPooaXtth&_nc_ohc=RzS05Mxib5IQ7kNvgHfqWvB&_nc_ht=scontent.fhan20-1.fna&oh=03_Q7cD1QF0o30sW7fmKAIPwMfWsszM2bLSiPTBtjivQ_E7Bjgdmw&oe=6680C362,,			Bách	Duyệt		
2024-05-27	FP - Chuyện của Hà Nội	Giáp Thị Thu Thảo	Thứ 2 là ngày đầu tuần 💃🏻💃🏻💃🏻				Bách	Duyệt		
2024-05-31	FP - Cao Thủ	Nguyễn Bá Dũng	Mua khoai về khởi nghiệp, đi du lịch 1 tuần về thì thấy cảnh này. Giờ làm như nào cả nhà 🥲🥲	https://scontent.fhan2-4.fna.fbcdn.net/v/t1.15752-9/436242488_426070456971962_7538080491490044542_n.png?_nc_cat=105&ccb=1-7&_nc_sid=5f2048&_nc_eui2=AeHtcpHdEH02PYtS0LQ5YzwMolsqsPimvEOiWyqw-Ka8QySnVehJO1F5oWMV7FS1U2r_fb9D1AreeUilrs_MWbi2&_nc_ohc=blp9GDqy4okQ7kNvgEk6uCM&_nc_ht=scontent.fhan2-4.fna&oh=03_Q7cD1QFVkAWt5KqevNgm6Jlls5W3tRo47vNTGf08yBuSiWbsPw&oe=6682060B,,https://scontent.fhan20-1.fna.fbcdn.net/v/t1.15752-9/441959927_1031447081919998_7607395140561698141_n.png?_nc_cat=109&ccb=1-7&_nc_sid=5f2048&_nc_eui2=AeHsE16nqGuhlIRkFHpzHzOkrOmQV6PQ6Aes6ZBXo9DoB-ElRXJIRB5ywzZOoZUmch2kgO0hjh6vDyAKVcfswODU&_nc_ohc=U55_7R8jSO4Q7kNvgFfyjAE&_nc_ht=scontent.fhan20-1.fna&oh=03_Q7cD1QHi2wAXjf7qRwrhaa3CQ0tnvCYYN4sNKvkIFR8XZJg6Dw&oe=66820AE1,,https://scontent.fhan20-1.fna.fbcdn.net/v/t1.15752-9/445730515_1379587089375502_1752161833169279398_n.png?_nc_cat=109&ccb=1-7&_nc_sid=5f2048&_nc_eui2=AeEm8V6sBai3vIoJaRZpdhPTftc1CFe5sMd-1zUIV7mwx3nNDbxKCAhNEr4koOb_VvMNecXkj1TuTyWz_QGDENc-&_nc_ohc=SiLlj57u4asQ7kNvgGpLxlh&_nc_ht=scontent.fhan20-1.fna&oh=03_Q7cD1QGKBvXIGhgmQQVIeVAnbpd3bHsh9e6r9L5uod0Vfcxjkg&oe=66820076,,			Đạt	Duyệt		
2024-05-31	FP - Cao Thủ	Nguyễn Bá Dũng	Gì zậy trời ???	https://scontent.fhan2-4.fna.fbcdn.net/v/t1.15752-9/446051750_1381775189882847_600366691670601617_n.png?_nc_cat=110&ccb=1-7&_nc_sid=5f2048&_nc_eui2=AeHYpEg0Y1AGv3NJl15mZrVrkM-S45zgL_uQz5LjnOAv-6SRxwC3waSrz8oZ7VLENXfG_A0Us240LCxk4EH-hSPt&_nc_ohc=lCwQIKQ6EhYQ7kNvgEb9OM7&_nc_ht=scontent.fhan2-4.fna&oh=03_Q7cD1QEusO288aCdBU0NLuumaj28-in9SvpvVHrsDu-ucQ6qWA&oe=6681FE24,,			Đạt	Duyệt		
2024-05-31	FP - Cao Thủ	Nguyễn Bá Dũng	Quá nhanh: Người phụ nữ đốt vàng mã ở khu tập thể Phường Thành Công, quận Ba Đình vừa được các chú công anh mời lên phường uống nước chè và đóng phạt 4 triệu đồng  Theo: Lao động thủ đô	https://scontent.fhan2-5.fna.fbcdn.net/v/t1.15752-9/445533335_852278060254579_8091583264796151669_n.png?_nc_cat=106&ccb=1-7&_nc_sid=5f2048&_nc_eui2=AeG7HbImJRRPDU9YPDqyistJJOHp5bPhnKMk4enls-Gco5dBpi5qL3DSTUfpioDQ68I6TfswQhVRTtX995ezkVEm&_nc_ohc=bzw1XkFkRM0Q7kNvgFx5Z_w&_nc_ht=scontent.fhan2-5.fna&oh=03_Q7cD1QHiFWCOFS81t1wnFDsSgI601MmiCtvXe3wmqPb7TQiAOA&oe=668209E3,,https://scontent.fhan2-3.fna.fbcdn.net/v/t1.15752-9/441532689_484191217504612_4239903842466358192_n.png?_nc_cat=101&ccb=1-7&_nc_sid=5f2048&_nc_eui2=AeExW9P2EfrwdFQJZNBHUS4dPHkgP_8MGMY8eSA__wwYxrcFOFzHfybx5mq8QusG5mgk_08hcSNE31MDISgphOEu&_nc_ohc=lzYSWaLrIj4Q7kNvgH3CDF-&_nc_ht=scontent.fhan2-3.fna&oh=03_Q7cD1QGzncSQ4LlV1jH3kaeb6eE1SY7fXtvn1auYrvjxLw-EMg&oe=66821504,,https://scontent.fhan2-3.fna.fbcdn.net/v/t1.15752-9/445607463_3690248541224100_5444058980106767026_n.png?_nc_cat=111&ccb=1-7&_nc_sid=5f2048&_nc_eui2=AeHBix7_y013Vl_DPgIuNHPTEuJmGclEKfkS4mYZyUQp-cZrqnOOGeNhayZMyIkMP7sd9P8ci4oBKG6PoJNlNfmj&_nc_ohc=WRAFxACbVgIQ7kNvgH2mCYt&_nc_ht=scontent.fhan2-3.fna&oh=03_Q7cD1QFgtNWugR7-yemZTP4A7jFbuD4Lhd6z1MLMDncvPgz1FA&oe=6681F0CC,,			Đạt	Duyệt		
2024-05-31	FP - Cao Thủ	Nguyễn Bá Dũng	Suy nghĩ tích cực lên 😂	https://scontent.fhan2-3.fna.fbcdn.net/v/t1.15752-9/445782513_424393063824988_5109806910225180499_n.png?_nc_cat=108&ccb=1-7&_nc_sid=5f2048&_nc_eui2=AeHUyg-5UycXQ_DG4H57O4RYenD_XjnoKup6cP9eOegq6u61JWGhwO_K-0NFO4FePE_37wpBSKm5LwXKQwiu7M6M&_nc_ohc=XgtTdBT77Y8Q7kNvgEPUL8a&_nc_ht=scontent.fhan2-3.fna&oh=03_Q7cD1QFnqSvAQczCP0kmAFDK4MK8SEBqHmd4RihkwZl8L9zwMA&oe=66820321,,			Đạt	Duyệt		
2024-05-31	FP - Cao Thủ	Nguyễn Bá Dũng	KHEN THƯỞNG ĐỘT XUẤT ANH NGƯỜI NHỆN LEO TƯỜNG CỨU 3 NGƯỜI 👏  Cứu người xong anh vội đi làm luôn không cho ai biết thông tin và nay anh được mời lên nhận giấy khen cho hành động dũng cảm của mình.  Xin đc vinh danh a là SuperMan. Cảm ơn cuộc sống này vẫn xuất hiện những anh hùng quên thân  cre: Vietnamnet	https://scontent.fhan2-3.fna.fbcdn.net/v/t1.15752-9/441532689_1915610158852366_1951483032572546464_n.png?_nc_cat=111&ccb=1-7&_nc_sid=5f2048&_nc_eui2=AeHS80g759mvDeN51E4msnJIu96deo_k01C73p16j-TTUPiDEfV31QkZV7AvJ8D7ctOS3uNaQGflkuRZRqbibpTa&_nc_ohc=Ef6lWIkmXLgQ7kNvgFDfpby&_nc_ht=scontent.fhan2-3.fna&oh=03_Q7cD1QGfVbp3IYwT89AM0hhgMHH0tjPWPPUx_8tNNKLcq0pkSg&oe=6681ED66,,https://scontent.fhan20-1.fna.fbcdn.net/v/t1.15752-9/445662578_1547124742505975_86253220436585698_n.png?_nc_cat=109&ccb=1-7&_nc_sid=5f2048&_nc_eui2=AeF7hF4SBu4dgmd32CXrZqtiL7tX3Lliq-4vu1fcuWKr7vnzuvnEaf2T1NMKqALrZZb54Mr-ZWS6QJZNnBrSIkax&_nc_ohc=NfmbJFENjJ0Q7kNvgGkspRr&_nc_ht=scontent.fhan20-1.fna&oh=03_Q7cD1QHe6honr1UarP6cCzvt3R1ydVz9Go6Jj86HM5_Ixx7sYg&oe=6681F510,,https://scontent.fhan2-4.fna.fbcdn.net/v/t1.15752-9/445573794_770178584925852_2832856229115166439_n.png?_nc_cat=100&ccb=1-7&_nc_sid=5f2048&_nc_eui2=AeFnFm5ixuCgy3EJ5Su6Y6BjObZrMsM8-zI5tmsywzz7MuSAyHrWC_NBAcM59M_0RfYP0xwAGKqmoA3f1QvMjke5&_nc_ohc=DCpnTkZ2P_MQ7kNvgGgwPn0&_nc_ht=scontent.fhan2-4.fna&oh=03_Q7cD1QFRVVheaDwmxg0SM8mMvIe28sD-4SpH16BiI82Au2piVg&oe=6681FBF3,,			Đạt	Duyệt		
2024-05-31	FP - Cao Thủ	Nguyễn Bá Dũng	Không ăn mẹ cho chú kia ăn giờ =))))	https://scontent.fhan2-5.fna.fbcdn.net/v/t1.15752-9/442476719_1177816556866802_1102068976849396968_n.png?_nc_cat=104&ccb=1-7&_nc_sid=5f2048&_nc_eui2=AeF8urDR_oC5-Rpgox3rvU_VlhrChFynzoOWGsKEXKfOgxRfqQnxYo1rdmYd0nkvaifL6HgcivJ3a1yrxgJvVL_q&_nc_ohc=l_ciT5olMGMQ7kNvgErgNQe&_nc_ht=scontent.fhan2-5.fna&oh=03_Q7cD1QH5Vvbr6VcMQVPTT6A0A9esRlWAtaoKzRCL5SHuhN7AEg&oe=6681FF49,,			Đạt	Duyệt		
2024-05-31	FP - Cao Thủ	Hoàng Khánh Duy	Chat nhanh nhất có thể :))	https://scontent.fhan20-1.fna.fbcdn.net/v/t1.15752-9/441546582_1445443889414963_2933588570954853579_n.png?_nc_cat=109&ccb=1-7&_nc_sid=5f2048&_nc_eui2=AeGfImAMogiAKmD8l73PKb0VZ5QQJwahQJ9nlBAnBqFAn3evd16nq7fHkXE0sW7Kmm5DgkazH0frwx4kiKOiFXLj&_nc_ohc=_bNRnnVn98MQ7kNvgGYRFMw&_nc_ht=scontent.fhan20-1.fna&oh=03_Q7cD1QExs_Pis4XwXy1BHGioU6y9F9PFysHPcq1Yfy2FZHThkA&oe=66822379,,			Đạt	Duyệt		
2024-05-31	FP - Cao Thủ	Hồ Quang Huy	Thốn hộ luôn á trời 😪		https://video.fhan20-1.fna.fbcdn.net/v/t42.3356-2/446832465_7540426136038467_1506595234752889462_n.mp4?_nc_cat=109&ccb=1-7&_nc_sid=4f86bc&_nc_eui2=AeHk6MVEgmmmBJryFEGfDX9WXKKoHYdV6Dxcoqgdh1XoPDZN2FrgMmwQxzKzYOUFIaj0qhXbvZNXjykL2c-ND5jo&_nc_ohc=hTflzMD4UNoQ7kNvgHAke37&_nc_ht=video.fhan20-1.fna&oh=03_Q7cD1QEVLmdjKvtiOdCCrCEFDrKBPNiEhtP7QiH6wPwUa2RDLw&oe=665C63D8&dl=1,,		Bách	Duyệt		
2024-05-31	FP - Cao Thủ	Hoàng Khánh Duy	Giải pháp khi iphone hết dung lượng 😀 cứu tinh của mấy đứa (32 - 64GB) nhưng không muốn lên đời đây rồi =))  Cao Thủ Rì Viu	https://scontent.fhan2-3.fna.fbcdn.net/v/t1.15752-9/441551959_395898863448874_2069135744925992674_n.png?_nc_cat=108&ccb=1-7&_nc_sid=5f2048&_nc_eui2=AeFiQePfU6Z08CYwngUmYIggzUZMplqWcenNRkymWpZx6YifhggW8wgRyFzQqRrn7rkyovbZRPBtehl9oUHF-IGM&_nc_ohc=u5SNLjwtN74Q7kNvgF6LaU1&_nc_ht=scontent.fhan2-3.fna&oh=03_Q7cD1QHYMQYOwl16bHBE4ka45PSGezXEbUFRCGihMtbf9Jg3wA&oe=6681FC0C,,https://scontent.fhan20-1.fna.fbcdn.net/v/t1.15752-9/441511827_696440712569737_7515632385960261388_n.png?_nc_cat=102&ccb=1-7&_nc_sid=5f2048&_nc_eui2=AeFPsgonDBVoiVq3-mHfUU8hxw7a6Yp_4HXHDtrpin_gdQCpWBMt6N2kAf3aUub7litVW3nWX1SzT6zPcCL0j6K3&_nc_ohc=EBOtNMgNXacQ7kNvgF9lSHK&_nc_ht=scontent.fhan20-1.fna&oh=03_Q7cD1QGdCNfc53CgaL9rUkG0Q3wGf2Cpsi4AquVtZHLz0Mok3w&oe=6681FE09,,			Đạt	Duyệt		
2024-05-31	FP - Cao Thủ	Hồ Quang Huy	Giác ngộ luôn 👌  📸: nhabaochuloan		https://video.fhan2-5.fna.fbcdn.net/v/t42.3356-2/446389645_7671048099654868_7634068471545937465_n.mp4?_nc_cat=106&ccb=1-7&_nc_sid=4f86bc&_nc_eui2=AeEbv1DDQU196zYbCVXngMaIu52SA_pGF_m7nZID-kYX-QFGombb-9KQDgd7hdR2KXogEfoGPkMLAEXvCgUBg6ZY&_nc_ohc=8tUhuGPG3JwQ7kNvgFsJEsq&_nc_ht=video.fhan2-5.fna&oh=03_Q7cD1QEJh5vxEAlbPWSsZ7teoeQJdkXirywp3jGzKNRDt7i4RA&oe=665C8278&dl=1,,		Bách	Duyệt		
2024-05-31	FP - Cao Thủ	Hoàng Khánh Duy	UPDATE HLE Ở VIỆT NAM !  Tin chấn động: Peanut tham quan sông Mê Kông cõng Viper trên cổ🤡	https://scontent.fhan20-1.fna.fbcdn.net/v/t1.15752-9/442719741_474313075058898_4949042856035084586_n.png?_nc_cat=109&ccb=1-7&_nc_sid=5f2048&_nc_eui2=AeFwp06xqaFk4ZPJxqxBY_hAj2XLH50JC4GPZcsfnQkLgVEsWkalqVJhDBZvyuj9iqtK_F5NV0H30TSuDBAVEPSZ&_nc_ohc=pGak0xq9EvwQ7kNvgFoTkWx&_nc_ht=scontent.fhan20-1.fna&oh=03_Q7cD1QH5NOQ3eT_TLpBtUmTGVKHb4_-9GGkP2i2BXlVFAw8SQw&oe=6682185E,,https://scontent.fhan2-4.fna.fbcdn.net/v/t1.15752-9/441877889_1435016174047214_7290770133522113241_n.png?_nc_cat=100&ccb=1-7&_nc_sid=5f2048&_nc_eui2=AeGks62uzP0PP52vcjFtnLgT6BrHUab1rtboGsdRpvWu1gWQvK3oruaaBcfUUTcFERNPvMvjOg27stFnn30Wkxaa&_nc_ohc=4_k3nIVzj_EQ7kNvgGpgt_6&_nc_ht=scontent.fhan2-4.fna&oh=03_Q7cD1QFKTjcmvY-hfgf6Sxd2QCmFbKEiy_pO10WewSfrv6XxoQ&oe=668207BC,,			Bách	Duyệt		
2024-05-31	FP - Cao Thủ	Hoàng Khánh Duy	Comment:  Đây mới chỉ là bản cover có 1 -0-2  đầu tiên thôi, còn mấy bản nữa ae vô đây xem nhé cười không ngậm được mồm 🤣👇 https://youtu.be/cyd58m8vVNM?si=V_5Yi4_qxBdBql6G		https://video.fhan2-3.fna.fbcdn.net/v/t42.3356-2/446372993_1003611705105131_5751493282927456878_n.mp4?_nc_cat=101&ccb=1-7&_nc_sid=4f86bc&_nc_eui2=AeH21XowF8Cdn_MBPUZXsvZ7iH1OwxGbgo6IfU7DEZuCjlSkFRlU8kgoM9q54I7OhNKpPw5DLkQ9--7FvrmiXvn4&_nc_ohc=GDEgsw2BJnoQ7kNvgEkVytb&_nc_ht=video.fhan2-3.fna&oh=03_Q7cD1QGFc-aBPQQXy7qpPR56iWhOHfRcq1tTUEJwRifnWdOJvQ&oe=665C7B94&dl=1,,	https://www.youtube.com/watch?v=cyd58m8vVNM	Đạt	Duyệt		
2024-05-31	FP - Cao Thủ	Hoàng Khánh Duy	"Group Cao Thủ Hóng Tính flex nhạc của zợ iu cho anh em nghe mà ai ngờ auto tune vô cái nhìn thấy luôn tối nay ra sofa ngủ 1 mình :))  Anh em đi ""Gặp nhau cuối tuần"" mà sau quả này chắc ""gặp nhau lần cuối"" thật rồi 😂"				Đạt	Duyệt		
2024-05-31	FP - Cao Thủ	Hồ Quang Huy	Jack cả làng đóm tự hào khi bất ngờ xuất hiện trong đề thi Tiếng Anh 😮  📸: Troll Cả SB	https://scontent.fhan2-4.fna.fbcdn.net/v/t1.15752-9/441534167_1447136602615554_1085907035435855744_n.jpg?_nc_cat=100&ccb=1-7&_nc_sid=5f2048&_nc_eui2=AeFgawpN0o7t_srEYelbg8gHcGw6ZrQ82KlwbDpmtDzYqdzvE3BXoRA04IxiETZzL_iH8JpFuRlKsECI_rypf8Mj&_nc_ohc=ar0blRgTawYQ7kNvgGDKG3K&_nc_ht=scontent.fhan2-4.fna&oh=03_Q7cD1QFACJ4ZlKhUNtcAnwjrJXsJZGmLGg1umKlOJxSz79fBeQ&oe=6681EDD5,,https://scontent.fhan20-1.fna.fbcdn.net/v/t1.15752-9/441507718_414042381601148_6177000940324836704_n.jpg?_nc_cat=102&ccb=1-7&_nc_sid=5f2048&_nc_eui2=AeFpiCutKD44AQgXW7W3hYMXazWX343GIChrNZffjcYgKJESG8TXKyIrVMNsumvWUWoB4RUdeDyzcHcvxiRmZqGz&_nc_ohc=WVoueQxj2pYQ7kNvgFGQl9t&_nc_ht=scontent.fhan20-1.fna&oh=03_Q7cD1QGAHjuy1CcrsssJ1RxEgJLUdQIZUKQ-qu88B99zzsqxZg&oe=6681F0D2,,			Bách	Duyệt		
2024-05-31	FP - Cao Thủ	Hồ Quang Huy	Theo video thì gia đình năm nào cũng hóa vàng ở đây và lần hóa vàng gần 30p khiến khói mù mịt khu tập thể nên có người xuống nhắc 😐	https://scontent.fhan2-4.fna.fbcdn.net/v/t1.15752-9/436409166_982009910317748_5111142194721831230_n.png?_nc_cat=100&ccb=1-7&_nc_sid=5f2048&_nc_eui2=AeGXRZbR3BvsBxLG9De9bHcgIrJxPsl35X4isnE-yXflfhMw6Z0cZDalGHhmjRjxKTIKV1vH12UhyMWuwT2WHZni&_nc_ohc=c5n6BFmNT80Q7kNvgHEaeZn&_nc_ht=scontent.fhan2-4.fna&oh=03_Q7cD1QHjf2URlTQKpU_SNzIoZr7uFMfMJpHgr9s1nsMvhMAz9Q&oe=6682214D,,			Đạt	Duyệt		
2024-05-31	FP - Cao Thủ	Hồ Quang Huy	Tất cả chỉ vì mưu sinh :( Xem mà lạnh cả người 😢	https://scontent.fhan2-5.fna.fbcdn.net/v/t1.15752-9/441908742_1149370116264858_7229086888446326177_n.png?_nc_cat=104&ccb=1-7&_nc_sid=5f2048&_nc_eui2=AeGWR1U8r9CDnQxHrozrKlmV8XrlZs5DbefxeuVmzkNt543sZM_yuNL_8uIWNzNkS3v2VWz0LpoAjtVdvkT4oqWb&_nc_ohc=1u1UM5XAmY8Q7kNvgH_KoUo&_nc_ht=scontent.fhan2-5.fna&oh=03_Q7cD1QH8Da2BmqSqZr1J2h7u36i1iDasnELMuwMbFQ4udDfZrQ&oe=66820A72,,			Đạt	Duyệt		
2024-05-31	FP - Cao Thủ	Hồ Quang Huy	Em bé mới có quà :3	https://scontent.fhan2-3.fna.fbcdn.net/v/t1.15752-9/441281242_7980224732008483_7726791262410867165_n.png?_nc_cat=111&ccb=1-7&_nc_sid=5f2048&_nc_eui2=AeFC70lvA4xOntmepeu9kLD4jyD5gMUueOSPIPmAxS545Ng3OSu5glOoJxuK0blHnjS8SjEmnVmzB0yEQMKlTtT7&_nc_ohc=opcb7e0g_j0Q7kNvgH4ZnwG&_nc_ht=scontent.fhan2-3.fna&oh=03_Q7cD1QF1Z3zqb_TE46LFiDSlfbVGVRdS3W3AMXSAJwJ-eAinNQ&oe=66822142,,			Bách	Duyệt		
2024-05-31	FP - Cao Thủ	Hồ Quang Huy	Trong lúc quay vì kịch bản của MV khá mạo hiểm nên đã gặp sự cố ngoài ý muốn.	https://scontent.xx.fbcdn.net/v/t1.15752-9/441519461_1550274665703603_6089930119602262210_n.png?stp=dst-png_p403x403&_nc_cat=107&ccb=1-7&_nc_sid=5f2048&_nc_eui2=AeHvNErxxfL9yo59RCTbA7bW_3kmuReVZcP_eSa5F5VlwzJcI1ugwWXb9DBZZWsW0Smmr5geE3ZMcyT3Vw8FlGuC&_nc_ohc=fIGyuNsGyd4Q7kNvgF3eeM1&_nc_ad=z-m&_nc_cid=0&_nc_ht=scontent.xx&oh=03_Q7cD1QGl4MgeK24qyFlmN80omrOhdg75IwzTpdM5-8YtyxornQ&oe=66825B08			Đạt	Duyệt		
2024-05-31	FP - Cao Thủ	Hồ Quang Huy	CÓ NHỮNG MẢNH ĐỜI THẬT ĐÁNG THƯƠNG :(  Được biết, bố mẹ còn chưa bình phục thì trong lần đi khám sức khỏe gần đây để chuẩn bị hồ sơ du học Nhật Bản, L T My (18 tuổi) đứng người khi được chẩn đoán mắc bệnh suy thận giai đoạn cuối.  Từ cô gái trẻ xinh đẹp, giỏi giang, My ngày càng tiều tụy, gầy gò, xanh xao, cô gái gần 50kg bây giờ chỉ còn 36kg. Chứng kiến em gái đang cận kề cửa tử, chị gái ruột của My xin được hiến thận để cứu sống em, nhưng số tiền để thực hiện chi phí phẫu thuật quá lớn nên vẫn chưa thế tiến hành. Còn gì đau đớn bằng biết mình có thể cứu em gái mình nhưng vì tài chính không đủ mà phải đứng nhìn em gái v:ật lộn với bệnh tật... :(  Theo: VTC News	https://scontent.xx.fbcdn.net/v/t1.15752-9/440935340_1135330644465069_8165537651787786533_n.png?stp=dst-png_p403x403&_nc_cat=111&ccb=1-7&_nc_sid=5f2048&_nc_eui2=AeEIkOh1wNYL70c60YpGMfHnisF0M0NC7MSKwXQzQ0LsxEzDzjivzX9OJdyOinVOwGE3cMFvytfM0YypGn7kV-x2&_nc_ohc=16mILvr9v5IQ7kNvgHVNQoQ&_nc_ad=z-m&_nc_cid=0&_nc_ht=scontent.xx&oh=03_Q7cD1QHG69pUCymrzjR-gSu7-T43JCG8quyPRiEc_CqeY1jLTw&oe=668277DB		https://vtcnews.vn/chi-hien-than-cuu-em-gai-18-tuoi-nhung-gia-dinh-khong-con-mot-dong-de-ghep-ar872027.html	Đạt	Duyệt		
2024-05-31	FP - Cao Thủ	Hoàng Khánh Duy	NGHỆ AN: 2 THẦY CÔ VÀO NHÀ NGHỈ NHƯNG BẤT NGỜ THẦY GIÁO LẠI QUA ĐỜI ‼  Chiều hôm qua 30/5, hai giáo viên một trường tiểu học ở Nghệ An thuê nhà nghỉ để nghỉ trưa, sau buổi liên hoan tổng kết năm của trường vào hồi sáng. Chỉ sau một thời gian ngắn nhận phòng, cô giáo hoảng hốt chạy ra gọi lễ tân kêu cấp cứu, nhưng thầy giáo đã không qua khỏi.   N.ạn nhân sinh năm 1980, còn cô giáo sinh năm 1978. Cả hai đều đã có gia đình.  Theo: Laodong	https://scontent.xx.fbcdn.net/v/t1.15752-9/445792883_413237251604588_3063634609631784036_n.png?stp=dst-png_s480x480&_nc_cat=111&ccb=1-7&_nc_sid=5f2048&_nc_eui2=AeHezC-agrpG9jgvrJu-67ZYtDvvUC-j-2u0O-9QL6P7a30Aw4LmBeX50tv-jur0rW4qczeqSpPayhECLRBzaw7_&_nc_ohc=rWqYjweqwy8Q7kNvgHpHwee&_nc_ad=z-m&_nc_cid=0&_nc_ht=scontent.xx&oh=03_Q7cD1QEiE36Y2DRTHyCdrSBeecEBWK_JGfKko0K5XqU9J1Zp6g&oe=66828BEB			Bách	Duyệt		
2024-05-31	FP - Cao Thủ	Hồ Quang Huy	Chủ quán tên LIÊM!	https://scontent.xx.fbcdn.net/v/t1.15752-9/441604009_1433544314191164_3725410297903005106_n.jpg?stp=dst-jpg_p180x540&_nc_cat=107&ccb=1-7&_nc_sid=5f2048&_nc_eui2=AeG7SveOOIqEH2tgwp8axDqr-rZuhYnFOB_6tm6FicU4Hzu_sioSWf0Fcdzo2vFOJ-4us4piBOU3eMa-T5UDHHtW&_nc_ohc=ObqLufghyIcQ7kNvgGc5j7g&_nc_ad=z-m&_nc_cid=0&_nc_ht=scontent.xx&oh=03_Q7cD1QESg7FIYEGy2bQR1hNACjq9eNFMi-pRJhuG-zoJCshV5w&oe=66827AFE			Đạt	Duyệt		
2024-05-31	FP - Cao Thủ	Hồ Quang Huy	Bạn thân có khác, nói câu nào thấm câu đó 😬	https://scontent.xx.fbcdn.net/v/t1.15752-9/441477847_1917592408710670_3935900581928348291_n.png?stp=dst-png_s403x403&_nc_cat=104&ccb=1-7&_nc_sid=5f2048&_nc_eui2=AeEhw0TkLPjtHpFmSr4O71jZkQEtHQpfWpaRAS0dCl9aln52bQw-_7FXKH0kk7OSN5YASGt_nHitPnNzMvf9JCwL&_nc_ohc=F4MhNO-L4FkQ7kNvgGjNOnU&_nc_ad=z-m&_nc_cid=0&_nc_ht=scontent.xx&oh=03_Q7cD1QGF-PgsNmNRu6yLWz4RypgzajH6_JyHZ8nP-vAqxP6OIw&oe=668268CE			Bách	Duyệt		
2024-05-31	FP - Cao Thủ	Hoàng Khánh Duy	Bố đi làm xa bất ngờ về đón con tan học, phản ứng của bé gái thật đáng yêu và hài hước. Khi thấy bố, bé gái ban đầu ngỡ ngàng, sau đó mắt sáng lên và chạy tới tâm sự với ông rất nhiều. Niềm vui mừng hiện rõ trên khuôn mặt bé, khiến ai cũng thấy thương và buồn cười. Những khoảnh khắc này thật đáng trân trọng, thể hiện tình cảm gia đình ấm áp và tình yêu thương vô bờ bến giữa cha và con <3		,		Bách	Duyệt		
2024-05-31	FP - Cao Thủ	Hồ Quang Huy	Mời anh VT ra đón là hợp lý =)))	https://scontent.xx.fbcdn.net/v/t1.15752-9/441531159_993131265144150_2098794744782206216_n.png?stp=dst-png_p403x403&_nc_cat=111&ccb=1-7&_nc_sid=5f2048&_nc_eui2=AeGTIzBPtP7JmvlGgY7K8DHYPAbZRoFJwsU8BtlGgUnCxVm3UMZN7MhPPzjeF7gUgo_iD7_lsFTdz2swzolgy4QU&_nc_ohc=mzqNYv5mcs8Q7kNvgE0MPDf&_nc_ad=z-m&_nc_cid=0&_nc_ht=scontent.xx&oh=03_Q7cD1QGzFQbiXP7IvIb70TuFV6Ar_Bj_hC575I4B3MElvo4qaw&oe=6682806F			Bách	Duyệt		
2024-05-31	FP - Cao Thủ	Hoàng Khánh Duy	KHI MẸ VỀ VỚI EM, MẸ GỌI LỚN LẮM NHƯNG KHÔNG THẤY EM TRẢ LỜI ĐƯỢC NỮA 😔  Khoảng đến chiều tối ngày hôm qua 30/5, mẹ cháu H. do đi làm xa nên đến thời điểm này mới có thể về đến nhà t.ang lễ Bệnh viện tỉnh Thái Bình nhận thithe con trai. Người mẹ khóc nghẹn không nói lên câu khi lâu ngày mới được gặp đứa con trai yêu quý bé bỏng, mà lại trong hoàn cảnh mẹ con li biệt thế này...thật xót xa làm sao.  Sao cái éo le nó cứ rơi vào những hoàn cảnh khó khăn vậy trời, xin chia buồn cùng gia đình.😞  Nguồn: PhunuVietNam	https://scontent.fhan2-4.fna.fbcdn.net/v/t1.15752-9/441510687_2424855861048794_6903746510716112214_n.png?_nc_cat=110&ccb=1-7&_nc_sid=5f2048&_nc_eui2=AeG_W2vEXsnzV1jRnhG6EZWsk_MR4noAg7aT8xHiegCDtkU_1RAzCFkmAbwAkSnwEh5YceIb3Sz24lyrsiZvmQMy&_nc_ohc=DKk4kdV1ek8Q7kNvgGYV7dD&_nc_ht=scontent.fhan2-4.fna&oh=03_Q7cD1QHQ-_Kz7NLfyp2F7p2vdFNON3n2RXmAScs3U7VsGJfBhA&oe=6680B86D,,			Đạt	Duyệt		
2024-05-31	FP - Cao Thủ	Hồ Quang Huy	Sao mà đỡ được =)))	https://scontent.fhan2-3.fna.fbcdn.net/v/t1.15752-9/440983461_472025618534295_3369153903774736613_n.png?_nc_cat=108&ccb=1-7&_nc_sid=5f2048&_nc_eui2=AeEp1gKAfSBkNEzXrwzF0jz2P2xK1x1Ds44_bErXHUOzjlwJn1zZD8gRpeA2T4TVcqVq3ePI_bA2Iek1C5Ari1GL&_nc_ohc=C1lYyDjtfTIQ7kNvgGJwGvB&_nc_ht=scontent.fhan2-3.fna&oh=03_Q7cD1QHyZeA2ML-ZAfY1O2RsOFodXLoxkPhbJUvfMD9GRVw2tA&oe=6680C410,,			Đạt	Duyệt		
2024-05-31	FP - Cao Thủ	Hoàng Khánh Duy	"MỒM BẢO KHÔNG NHƯNG TRONG TIỀM THỨC NÓI CÓ 🥲  Kelly Knipes, 42 tuổi, người Anh, đã chi (hơn 3.800 USD ~ hơn 96.748.000 VNĐ) trong khi ngủ do mắc chứng Parasomnias, một rối l.oạn giấc ngủ khiến cô thực hiện các hành vi không mong muốn mà không nhận thức được. Được chẩn đoán vào năm 2018, cô thường mua sắm trong giấc ngủ mà không nhớ gì. Kelly đã đặt mua nhiều món đồ kỳ lạ như sân bóng rổ bằng nhựa, hộp sơn, sách, lọ muối, hạt tiêu, nhà đồ chơi, tủ lạnh, bàn và hàng trăm viên kẹo.  Cô chia sẻ: ""Tôi đang nợ chồng chất khắp nơi.""  Và bên cạnh đó ở VN có những trường hợp chưa xác định được bệnh gì: khi mà vẫn đang mua những món ""không hiểu vì sao mua"" dù vẫn đang thức, hoàn toàn tỉnh táo 😀  Nguồn: VTV24"	https://scontent.fhan20-1.fna.fbcdn.net/v/t1.15752-9/441503644_973262707430245_6430566581069936979_n.png?_nc_cat=103&ccb=1-7&_nc_sid=5f2048&_nc_eui2=AeEMspr5BK4rdHxKvxxQHpeDuLeOKJCKrQO4t44okIqtA8PJnwljtAWV8eX8ZQi4v-yU-LSj7Q2JEhIXI9MVpKpj&_nc_ohc=AAJAKNfa5-gQ7kNvgH0HLX-&_nc_ht=scontent.fhan20-1.fna&oh=03_Q7cD1QE0aL8HRcjFCefINZntJkg4Ph8rLTDyl4dFy_K46d8mLA&oe=6680D2E6,,			Đạt	Duyệt		
2024-05-31	FP - Cao Thủ	Hồ Quang Huy	Lúc đi hết mình lúc về hết hồn =))))	https://scontent.fhan2-4.fna.fbcdn.net/v/t1.15752-9/440993321_966812228517811_5465090258420723095_n.png?_nc_cat=100&ccb=1-7&_nc_sid=5f2048&_nc_eui2=AeFs1eBQjlnfRdV1W-pw0S2sWG8xLBU5iZ5YbzEsFTmJns4H18m5t8FJjBCAb6hqRXyjrqMOGKApA-iXx-fa-m1Q&_nc_ohc=f2rOe4Y828kQ7kNvgHLScn0&_nc_ht=scontent.fhan2-4.fna&oh=03_Q7cD1QGBg6zCcjrjYzVpRcvHsmGxErr7Y1A8N2RUT2OGq0oHLw&oe=6680BDC7,,			Đạt	Duyệt		
2024-05-31	FP - Cao Thủ	Hoàng Khánh Duy	Cách khắc chế phụ huynh dí khi bạn muốn chơi game đến 12h đêm  Top 1:	https://scontent.fhan2-5.fna.fbcdn.net/v/t1.15752-9/436600178_773072311295614_955239491279976155_n.png?_nc_cat=104&ccb=1-7&_nc_sid=5f2048&_nc_eui2=AeG2UAqjlmuKaFLtIFw3rB_j5GKymIM6KkPkYrKYgzoqQ215JDWdDo3rhj9nkTZUFeOH3At0j_UETGazPCYwjDiq&_nc_ohc=oCFtHxlvu1YQ7kNvgGxvew-&_nc_ht=scontent.fhan2-5.fna&oh=03_Q7cD1QHnsiBpAfljLycjtAZUAVdvyh994bKjizLx3jmhI3_4Wg&oe=6680C14F,,			Đạt	Duyệt		
2024-05-31	FP - Cao Thủ	Hoàng Khánh Duy	Nghệ cả vườn :))	https://scontent.fhan2-3.fna.fbcdn.net/v/t1.15752-9/441492984_998827448440317_681329889795160782_n.png?_nc_cat=108&ccb=1-7&_nc_sid=5f2048&_nc_eui2=AeG1C-JDu89eaOiSDsJ_ynKLTwpSdIYn3IBPClJ0hifcgBxmg0jgXyJT1j2U9kQGUngo3sveGL6bS5fBevGugi8Q&_nc_ohc=I4V5bxaJAbkQ7kNvgHjJC7W&_nc_ht=scontent.fhan2-3.fna&oh=03_Q7cD1QG0oQxpj3L8iTFALPgARd-MIuqu8QxsUxgVDNhPiabBdg&oe=6680C86C,,			Bách	Duyệt		
2024-05-31	FP - Cao Thủ	Hoàng Khánh Duy	Ý trời là muốn nghỉ làm đây mà :v	https://scontent.fhan2-4.fna.fbcdn.net/v/t1.15752-9/441870415_1169955994028347_1734047923575205807_n.png?_nc_cat=100&ccb=1-7&_nc_sid=5f2048&_nc_eui2=AeEi23KZiixdopTcSn2Ahzh0nDZH-jHALyacNkf6McAvJnB3KmdTWN3ayZFIbVRNLRXUXhcWmC9Rxdf4baimjCdU&_nc_ohc=4y0iKKt4ZeYQ7kNvgEo6UzX&_nc_ht=scontent.fhan2-4.fna&oh=03_Q7cD1QEJHRjLmLEqy432odf4mUP7RBA1FPYmkjPK3cbzocQKgA&oe=6680CF8B,,			Đạt	Duyệt		
2024-05-30	FP - Cao Thủ	Hoàng Khánh Duy		https://scontent.fhan2-3.fna.fbcdn.net/v/t1.15752-9/441579479_785584813708089_4260972435490360991_n.jpg?_nc_cat=111&ccb=1-7&_nc_sid=5f2048&_nc_eui2=AeF-XGn2ZYsoV1hpkB4uTFzySNEWEa0TPM1I0RYRrRM8zb-mDoJOOnagDKXhdwT9h7-IkdkhCUG0qlNCWu9-8Ot4&_nc_ohc=11yXV5JXU80Q7kNvgHD511X&_nc_ht=scontent.fhan2-3.fna&oh=03_Q7cD1QEf8XWfos3URd1DsT6rb8ZhxdZlTlmwnr5lvGb5aaAq4Q&oe=6680A4D2,,https://scontent.fhan2-4.fna.fbcdn.net/v/t1.15752-9/441891256_1115225599776224_1312813320449476203_n.jpg?_nc_cat=105&ccb=1-7&_nc_sid=5f2048&_nc_eui2=AeElflk2-kuddRnMQaW60zEb8T5RgrdhsOLxPlGCt2Gw4iYbhPG74Mj0JD-fykXvFaeg9-uBbD3heiAxWfSNEOtq&_nc_ohc=fRbJHD1kFjAQ7kNvgHp9Urk&_nc_ht=scontent.fhan2-4.fna&oh=03_Q7cD1QG2_EyeHrhL0a-91zglTxYsa2atROFXajfCSXkkjYNn6A&oe=6680C5AB,,https://scontent.fhan2-4.fna.fbcdn.net/v/t1.15752-9/441517417_445288628115162_9217002302096594974_n.jpg?_nc_cat=105&ccb=1-7&_nc_sid=5f2048&_nc_eui2=AeFKfE25Ab6yi_I-wIhYc4GygD-PPlWRXpmAP48-VZFembmSBtbI1ufdehrsASVQxm7QBCqvN1mi_mEHnIzPKks_&_nc_ohc=ugOAxYmaD2sQ7kNvgEOBQVZ&_nc_ht=scontent.fhan2-4.fna&oh=03_Q7cD1QFs1vwkUJlLvuSeTcA7qTtSVqdKfoZGR_Hon2nhysfnCA&oe=6680A0BE,,https://scontent.fhan2-4.fna.fbcdn.net/v/t1.15752-9/436639982_1132277844557624_6160678541830077832_n.jpg?_nc_cat=110&ccb=1-7&_nc_sid=5f2048&_nc_eui2=AeGqc9ph3LzMm5SFfNSDBWjsNohRT3zPH3A2iFFPfM8fcDlkJjvZUxIfEnK4ZeAz3PbbdY-e9f1zt6YzITNtcDgh&_nc_ohc=0Y9btcCKjroQ7kNvgHgx4Vv&_nc_ht=scontent.fhan2-4.fna&oh=03_Q7cD1QEOBVw287DQjO5YOlFXY6PZT23nUpDaNKViQ84vDHZxeg&oe=6680CC86,,https://scontent.fhan2-4.fna.fbcdn.net/v/t1.15752-9/441492986_823525795865541_2503516559039306712_n.jpg?_nc_cat=110&ccb=1-7&_nc_sid=5f2048&_nc_eui2=AeFO4wniGygwN2-ksYoZny4WOXYCHlZQqqQ5dgIeVlCqpG8ykLi1U3n-MhlMhjOZ_PYG4FW4ANZbJR1_S0cBzGLB&_nc_ohc=cbGe_NpWX8YQ7kNvgFYzg3i&_nc_ht=scontent.fhan2-4.fna&oh=03_Q7cD1QEctW_WajiD9bLF59vn-rvFUlc9Y9QSvHsEQr-IbN-uug&oe=6680CDE7,,			Bách	Duyệt		
2024-05-30	FP - Cao Thủ	Nguyễn Bá Dũng	DÒNG TIN NHẮN LÚC TUYỆT VỌNG NHẤT CỦA 2 BẠN MAY MẮN THOÁT NẠN TRONG VỤ CH.ÁY TRUNG KÍNH NGÀY 24/5  Thật lòng mà nói sẽ không có đứa con nào muốn nhắn tin thông báo việc mình bị nạn cho bố mẹ vào lúc đêm khuya cả.  Vừa mới mấy tiếng trước, mình còn ngồi buôn với mẹ, mẹ bảo hôm qua mẹ cứ bị bóng đè không ngủ được, lòng mẹ cứ bộn rộn không yên, mình thì chỉ nghĩ như bình thường bảo mẹ ngủ sớm giữ gìn sức khỏe. Đã thế còn khoe mẹ cái ảnh buồn cười của em trai mình hồi bé ôm cún ngủ. Mọi thứ vẫn diễn ra hằng ngày, vẫn rất bình thường mà.  Cho đến lúc mình được chồng lay dậy báo cháy... mình đã hét rất to vì tuyệt vọng rồi. Lúc ấy mình đã tưởng cuộc sống của mình sẽ chấm dứt tại đây, ngay bây giờ.  Sau khi vào được nhà tắm, mình chỉ biết răm rắp nghe lời chồng, không la hét, bình tĩnh ngồi bệt xuống, thấm chặt khăn ướt, rút giấy vệ sinh lia lịa bịt miệng mồm cho chặt.  Những giây đầu tiên ở trong nhà tắm, mình nghe rõ tiếng lửa bùng lên dữ dội như thế nào, nghe thấy những âm thanh kêu cứu hỗn loạn xung quanh. Càng nghe thấy tiếng bập bùng lửa cháy càng gần, mình càng cảm thấy tuyệt vọng. Và đó là lúc mình quyết định nhắn tin thông báo cho mẹ.  Tin nhắn báo nhận ngay sau đó nhưng không thấy ai gọi lại mình đoán mẹ để điện thoại sạc ở ngoài và quên tắt wifi, có lẽ sáng mai bố mẹ sẽ biết để còn ra Hà Nội đón mình về. Lúc ấy chỉ nghĩ được như vậy thôi.  Khoảng 3h mình được đưa đi cấp cứu tại bệnh viện GTVT, mình nhờ bác sĩ gọi điện cho bố để thông báo chúng mình đã an toàn, vì mình sợ mẹ mình đọc tin nhắn kia sẽ không chịu nổi nữa. Bố mình lúc đầu nghe điện còn sợ bị lừa đảo, gọi cho em trai mình cách đó hơn chục cây đến xác minh, còn bố thuê taxi ra bệnh viện luôn.  Lúc thấy 2 người thân của mình ở đó, thấy chồng mình nằm thở bên giường bệnh bên cạnh, mình mới thực sự cảm thấy MÌNH ĐANG SỐNG. Chúng mình luôn biết ơn vì đã được cứu sống, may mắn hơn những người khác.  Chúng mình cũng rất đau lòng khi biết những người hàng xóm còn lại không được may mắn như thế. Mong cho họ sớm được bình yên ở một thế giới mới, sống một cuộc sống hạnh phúc ở đó.  Nguồn: Chuyện chúng mình 10.6	https://scontent.fhan2-5.fna.fbcdn.net/v/t1.15752-9/445538905_1397208057654559_982256622045436963_n.png?_nc_cat=106&ccb=1-7&_nc_sid=5f2048&_nc_eui2=AeGOc2mKd0isK3K082F0MkwRxV5w9I8zwqrFXnD0jzPCqtEbNo50QQe1XQkoX379G3G41t5CF2IaeCWNmwb1eBUw&_nc_ohc=PWf5KEWhVc4Q7kNvgEeTJTp&_nc_ht=scontent.fhan2-5.fna&oh=03_Q7cD1QFGz_1KiLx3-jnB94dHbi6SDs3eYPUb2ozTN_83GHUPog&oe=6680A261,,			Bách	Duyệt		
2024-05-30	FP - Cao Thủ	Nguyễn Bá Dũng	Anh Lèng Văn Bằng (39 tuổi, quê ở Điện Biên) - người leo tường cứu 2 người m.ắc k.ẹt trong đám ch.áy nhà trọ tại quận Hà Đông (Hà Nội)  Khi vừa kết thúc công việc của mình, tranh thủ giờ nghỉ trưa để gặp phóng viên, anh vẫn mặc nguyên bộ quần áo lấm lem muội than.  Thật đáng khâm phục với hành động của anh 😊😊  Theo: Vietnamnet	https://scontent.fhan2-4.fna.fbcdn.net/v/t1.15752-9/445772369_1015636219964544_3819115768031100615_n.png?_nc_cat=105&ccb=1-7&_nc_sid=5f2048&_nc_eui2=AeF_EZz6N9JTt0mNThyI06sKHCKxQX4PC9ocIrFBfg8L2gqq8G70yeKEueTGWMHaf4zlcFEx3UDGZixRkI9KaRsC&_nc_ohc=GaDWj_XV0_cQ7kNvgHAAw-h&_nc_ht=scontent.fhan2-4.fna&oh=03_Q7cD1QF8jys-HAD_V_LOZqvDCyF1MJ1sxXAbsaL5-pLd1JjMwQ&oe=6680AB53,,			Bách	Duyệt		
2024-05-30	FP - Cao Thủ	Nguyễn Bá Dũng	Không c.ãi được 🤣🤣🤣	https://scontent.fhan20-1.fna.fbcdn.net/v/t1.15752-9/445594136_446846324738367_6242947123367457758_n.png?_nc_cat=109&ccb=1-7&_nc_sid=5f2048&_nc_eui2=AeFsivpWoGUV77xGpGm5y4U1AqGPeXkOJ3sCoY95eQ4ne-5qiLxrKAbVb-6AtujKUaZLJ6-DtoF9PPBzT8SI1XaT&_nc_ohc=gg7EkAQB9fgQ7kNvgEWlOIa&_nc_ht=scontent.fhan20-1.fna&oh=03_Q7cD1QEEDAUSmDF76EzbCveoden34czb5UTpJut6xo8UgnIc3Q&oe=6680C355,,			Bách	Duyệt		
2024-05-30	FP - Cao Thủ	Nguyễn Bá Dũng	CON GÁI ĐI LẤY CHỒNG BỐ DẶN ĐI DẶN LẠI CON RỂ CẢ NHẮN TIN CẢ NÓI TRỰC TIẾP LÀ PHẢI YÊU QUÝ, KHÔNG ĐƯỢC Đ.ÁNH CON GÁI BỐ <3  Dù thường ngày bố rất nóng tính nhưng khi con gái đi lấy chồng thì chỉ mong con rể luôn nhẹ nhàng với con gái mình, bố nhắc con rể từ zalo, fb rồi nói trức tiếp là không được đá.nh con gái bố.  Đúng là khi người đàn ông có con gái đi lấy chồng mới thấu hiểu được tấm lòng thương con của họ như thế nào. Ba là người đàn ông duy nhất thương con bao dung cho con vô điều kiện <3  cre: dinhaltis	https://scontent.fhan2-3.fna.fbcdn.net/v/t1.15752-9/445771907_956082609630059_8855695307054787059_n.png?_nc_cat=101&ccb=1-7&_nc_sid=5f2048&_nc_eui2=AeHFhhvZbaundvI3jeW5wjXhnN9imWN5xhOc32KZY3nGE0F9Mf5ornEjw7cVJo7unhoGYbSwnNaAll8GwqnrpH_R&_nc_ohc=xgqFtsZfgtAQ7kNvgGV_NTV&_nc_ht=scontent.fhan2-3.fna&oh=03_Q7cD1QEcSC7Gz67vt0nIF6iiSV5LQdhunENO0hVXpnb7FlEV1w&oe=6680B840,,https://scontent.fhan2-3.fna.fbcdn.net/v/t1.15752-9/445649193_491457779929234_1341431399886988664_n.png?_nc_cat=108&ccb=1-7&_nc_sid=5f2048&_nc_eui2=AeF1dk39dFHiUYYAk_hKDIOa5dOf-K3Dmafl05_4rcOZp3IsO3UAraLZWdIj9BAcxfH6akTrysE5tAM1K8VfsXrd&_nc_ohc=WLuGQlY8iqwQ7kNvgHwRLzc&_nc_ht=scontent.fhan2-3.fna&oh=03_Q7cD1QGZkOo83Rql7JQjHjV_iE2a52TVLKc5ekzi8krcNVHIoQ&oe=6680B238,,https://scontent.fhan2-3.fna.fbcdn.net/v/t1.15752-9/445838704_1856308798184571_2377677551518478080_n.png?_nc_cat=108&ccb=1-7&_nc_sid=5f2048&_nc_eui2=AeFkGhGNh5bsLKM6oBRChellsCyo_RhWkWywLKj9GFaRbF259AyerFElQ_P9UEC2D5oCkpcJAHW3r6lFUNxEzQGY&_nc_ohc=rpACPqdx0W8Q7kNvgFAzpYO&_nc_ht=scontent.fhan2-3.fna&oh=03_Q7cD1QFmsizHlnkhMMDOv11MAh0GM9QTaajnSJwhe_t6qXIW8g&oe=6680A7D2,,			Bách	Duyệt		
2024-05-30	FP - Cao Thủ	Nguyễn Bá Dũng	NÓNG: NGƯỜI ĐÀN ÔNG ĐI BỘ THEO ÔNG THÍCH MINH TUỆ ĐÃ RA ĐI MÃI MÃI DO S.O.C NHIỆT :(  Sau khi được đưa vào bệnh viện, dù các y bác sĩ nỗ lực cấp cứu tuy nhiên bệnh nhân L.T.S - người tự nguyện đi theo đoàn ông Thích Minh Tuệ đã ra đi mãi mãi.  Được biết người này vừa từ Mỹ về Việt Nam được 4 ngày. Đi theo “thầy” Minh Tuệ được 3 ngày.  Theo: Sức Khoẻ & Đời Sống	https://scontent.fhan2-4.fna.fbcdn.net/v/t1.15752-9/445569609_987657109537699_6989570698959606303_n.png?_nc_cat=105&ccb=1-7&_nc_sid=5f2048&_nc_eui2=AeGHixeXyzSN7OgxFxh-DHhBnB221JMxq4ScHbbUkzGrhP8yQtE7J_l0eayVI45iiGdQKPaTNptBKihXGLR0dMU1&_nc_ohc=ZHyo_Wh49UoQ7kNvgGiy41R&_nc_ht=scontent.fhan2-4.fna&oh=03_Q7cD1QGKzCL7bOeMH2-3dug-QrOiTauBkzOJofKDDRe5dn2irw&oe=6680CE60,,			Bách	Duyệt		
2024-05-30	FP - Cao Thủ	Nguyễn Bá Dũng	GIA CẢNH BÉ TRAI 5 TUỔI RA ĐI MÃI MÃI TRÊN XE ĐƯA ĐÓN: RẤT KHÓ KHĂN, MẸ EM LÀ MẸ ĐƠN THÂN 😔  Hoàn cảnh 2 mẹ con rất khó khăn, là mẹ đơn thân, chị phải gửi cháu cho bà ngoại chăm sóc để đi nước ngoài lao động. Mẹ bé trai 5 tuổi đau thắt lòng khi biết sự việc xảy ra với con trai  Xin chia buồn với gia đình :(  Theo: Kênh14	https://scontent.fhan20-1.fna.fbcdn.net/v/t1.15752-9/445608345_435785622500693_5742685829128347033_n.png?_nc_cat=109&ccb=1-7&_nc_sid=5f2048&_nc_eui2=AeEaIzV73qK85BOqAc-nZobJMmuYy99GAx0ya5jL30YDHRd7h8nttqbk0-m9NxD8pANFJYi1yIePHWl9GWU9nxVv&_nc_ohc=fFwsJkw7J-wQ7kNvgEonng1&_nc_ht=scontent.fhan20-1.fna&oh=03_Q7cD1QHrX2Ejh-MewImGtbhR46rzM1iKkokMdbuAbCYxloI0oQ&oe=6680C98E,,			Đạt	Duyệt		
2024-05-30	FP - Cao Thủ	Nguyễn Bá Dũng	TÂM SỰ CỦA MỘT NGƯỜI LÁI XE ĐƯA ĐÓN HỌC SINH LÂU NĂM  Phải tạo thói quen mới làm được nghề này, và phải thật lòng yêu trẻ nữa. Trước đó đã có sự việc đau lòng xảy ra rồi vậy mà bây giờ sự việc thương tâm đó lại xảy ra tiếp. Làm nghề gì cũng phải có tâm, có trách nhiệm với công việc. Sự cẩu thả trong bất cứ nghề gì cũng là một sự bất lương...  Giá ai cũng có tâm như chú!!!	https://scontent.fhan2-5.fna.fbcdn.net/v/t1.15752-9/445591124_1182026753156169_3363047313092240497_n.png?_nc_cat=107&ccb=1-7&_nc_sid=5f2048&_nc_eui2=AeEH6SJFE6fBGzAU2WTyURpcSKiF3rl7SwxIqIXeuXtLDCLvhF9ERbCBO_0IEMP9k3_88tSUISRcsiFwYP54GyBC&_nc_ohc=aiNKV319gbQQ7kNvgF4KdQl&_nc_ht=scontent.fhan2-5.fna&oh=03_Q7cD1QF9T-KgXaUkSXAyyZpCXXRhb4ua0ERZMnx45yX6WPQEBQ&oe=6680B1D2,,			Đạt	Duyệt		
2024-05-30	FP - Cao Thủ	Linh Nguen	BỐ ƠI ! NAY CON CÓ GIẤY KHEN NÀY ❤️ Hạnh phúc của một người bố đơn thân… Cuộc sống của con chính là động lực là tinh thần để bố cố gắng ❤️ Vid: Bocuasusu		https://video.fhan2-4.fna.fbcdn.net/v/t42.3356-2/447118641_7681194018584972_9010875280612051848_n.mp4?_nc_cat=110&ccb=1-7&_nc_sid=4f86bc&_nc_eui2=AeGGRdNyzCGuqGNtnLew8auzYBY9W5KJWi1gFj1bkolaLXeELixNrvBtGsliD5L_RHULihc_M7Ukya9Z_lm1AMRK&_nc_ohc=qliCxCD1eToQ7kNvgEml96f&_nc_ht=video.fhan2-4.fna&oh=03_Q7cD1QF5A3XOHoaJk1D66_lmhIYsbTa8n7UD9Wl81udhbvASCA&oe=665B189C&dl=1,,		Đạt	Duyệt		
2024-05-30	FP - Cao Thủ	Hoàng Khánh Duy	Update tình hình Hà Nội: Khi bạn tan làm nhưng ông trời không cho về 🤣🤣		https://video.fhan20-1.fna.fbcdn.net/v/t42.3356-2/446317225_7750740584947222_8157806498962595273_n.mp4?_nc_cat=103&ccb=1-7&_nc_sid=4f86bc&_nc_eui2=AeEdRHbenKG68hAJ6PDrmhV4l0GguVbZsJ6XQaC5VtmwngiU0TjWF_UQp9GT9PzwHaEQFnqTxYfNS74e7vDD7f40&_nc_ohc=MLmkTWAitF8Q7kNvgEB5yO7&_nc_ht=video.fhan20-1.fna&oh=03_Q7cD1QGLIa13RQY6w79GD0kBJEEa8G2Fp0o53WP77rYvqVGDEQ&oe=665B1792&dl=1,,		Đạt	Duyệt		
2024-05-30	FP - Cao Thủ	Hồ Quang Huy	Khô người 1 nắng =))))))))))		https://video.fhan20-1.fna.fbcdn.net/v/t42.3356-2/446844645_7409157532467165_751962881066122354_n.mp4?_nc_cat=103&ccb=1-7&_nc_sid=4f86bc&_nc_eui2=AeFbvbFoJ3L4tLOWtcKvH1waisFOwK1ONvSKwU7ArU429B8Q8uD8IR2EdHXBkK1Jj3FLtycFiwH8U2Z2K_X6q5_w&_nc_ohc=GpM1eclz1oEQ7kNvgG8byvv&_nc_ht=video.fhan20-1.fna&oh=03_Q7cD1QExM6yF1Aw8xdiNnK3a1G-NEFHAFgCiXnKXbJusuyYUgA&oe=665B3F58&dl=1,,		Đạt	Duyệt		
2024-05-30	FP - Cao Thủ	Linh Nguen	"Mẹ mua được 5 quả mận. Mỗi quả con cắn đúng 1 miếng, in hình răng xong trả lại mẹ. -""Mẹ ơi, mận chua, mặn chua nắm"" 😌 Ảnh: Dương Huệ"	https://scontent.fhan2-4.fna.fbcdn.net/v/t1.15752-9/442457810_759233569406079_3939456239935191621_n.png?_nc_cat=105&ccb=1-7&_nc_sid=5f2048&_nc_eui2=AeFpB_nwoI75htN8SUk4MOxVzmrhykOWDU_OauHKQ5YNT3T9gOiWKPab1_WUp7lhLqrm9iqz4_i7twwAL5y5iwTq&_nc_ohc=R5_SLzfJ8SIQ7kNvgFf9Eb1&_nc_ht=scontent.fhan2-4.fna&oh=03_Q7cD1QEOHHEGCx1OpIW4djxRBPhkqgCtPranWK8RmQk6qACTeA&oe=6680CE5C,,			Đạt	Duyệt		
2024-05-30	FP - Cao Thủ	Linh Nguen	HÀ NỘI NGAY LÚC NÀY!!		https://video.fhan2-4.fna.fbcdn.net/v/t42.3356-2/446363319_25546053421706505_8454869931121300089_n.mp4?_nc_cat=105&ccb=1-7&_nc_sid=4f86bc&_nc_eui2=AeEgHNQdGcaRX0tF9uiSd4QqvDbHXYWWnl28NsddhZaeXVDxm7NdkJR5jqMDXSrhIT-5jW-Ew1s-qZ2LPIYJNUyp&_nc_ohc=AehZTV5cns0Q7kNvgFS8BeF&_nc_ht=video.fhan2-4.fna&oh=03_Q7cD1QG-0ldy72HzdGwHhc5es_ARUSuOIEB3QF5S6YOq4zEmqA&oe=665B351E&dl=1,,		Bách	Duyệt		
2024-05-30	FP - Cao Thủ	Hoàng Khánh Duy	BẦU TRỜI HÀ NỘI NGAY LÚC NÀY!!  Mát thì cũng mát thật đấy nhưng cúp làm về nhanh kẻo tý lại bơi :)	https://scontent.fhan2-3.fna.fbcdn.net/v/t1.15752-9/441534170_440167172296646_8858188153823261358_n.png?_nc_cat=101&ccb=1-7&_nc_sid=5f2048&_nc_eui2=AeG5V-kGU7M0zG4sq0oxSHM49PY8TU1GvKf09jxNTUa8pzanLoVgEvonQA1MFhzwXHslMBEGHEClxDGnJ6meDL0B&_nc_ohc=kUhq109Lfq8Q7kNvgHvj1mV&_nc_ht=scontent.fhan2-3.fna&oh=03_Q7cD1QFjycSi7Aj4kjmcM9GPeATwr4fS0ivGPwlPovJkoUZ3eQ&oe=6680B7F5,,https://scontent.fhan2-5.fna.fbcdn.net/v/t1.15752-9/442007368_824804292346994_6843848452981393816_n.png?_nc_cat=106&ccb=1-7&_nc_sid=5f2048&_nc_eui2=AeHHeNlt0Bt85iEVQktILrS0n0g_er8yTUOfSD96vzJNQ4EqTwwv39JZ62QDeQ0dSJrQYs0h0PiYZW0V5kfdxbHp&_nc_ohc=zS8KGErImm8Q7kNvgFy1oXV&_nc_ht=scontent.fhan2-5.fna&oh=03_Q7cD1QGPBUEPMVgZmy6K7fBDPcNoayWlloj3c-1PCSwyJED0KQ&oe=6680C833,,https://scontent.fhan2-3.fna.fbcdn.net/v/t1.15752-9/441466473_803242838156077_5298211727428889717_n.png?_nc_cat=111&ccb=1-7&_nc_sid=5f2048&_nc_eui2=AeFL-OQSi3M2d94_h0UEZExzauN4WHiliFJq43hYeKWIUkV6Ga1r_6PsfWK385OFvNU2Tr7LCWRFvXwVeOER4M8w&_nc_ohc=zboMwrR_GE4Q7kNvgEOYNkC&_nc_ht=scontent.fhan2-3.fna&oh=03_Q7cD1QGmMXfTbDibIAbjNz3QqvXlkyXLQrtD63gPfCgR145XjQ&oe=6680A351,,https://scontent.fhan2-5.fna.fbcdn.net/v/t1.15752-9/441995866_2511643815687781_8040608935240180535_n.png?_nc_cat=104&ccb=1-7&_nc_sid=5f2048&_nc_eui2=AeEdFqQf5dw3qwNDhfwefSLsKAwYE1YgNa8oDBgTViA1rxWTd_x8094yNYFTdT66Blpn77ZSKmMlHUksBSkjOgOR&_nc_ohc=0ldHzXqDeKUQ7kNvgG4Armt&_nc_ht=scontent.fhan2-5.fna&oh=03_Q7cD1QFFfnMigyy9IoYaNuLaD-ONxkcP5T7TKOjgXyOa6wvZ9g&oe=6680B6A4,,			Bách	Duyệt		
2024-05-30	FP - Cao Thủ	Hoàng Khánh Duy	Còn gì nữa đâu...	https://scontent.fhan2-5.fna.fbcdn.net/v/t1.15752-9/441454902_477150481439076_7744463438647493177_n.png?_nc_cat=107&ccb=1-7&_nc_sid=5f2048&_nc_eui2=AeHg3r2sy56SFwnGGqGUdIP-yKzyCBP0GirIrPIIE_QaKhdclx2YRx-znMOFNZj_VmyVs3-qWVMEwp3GpF8iOdAa&_nc_ohc=RmBavkqscAcQ7kNvgHZKJi3&_nc_ht=scontent.fhan2-5.fna&oh=03_Q7cD1QFy5h8_l36t3XxAouGAbWtcLhfoP9R3QTrC03TszidUAw&oe=6680B26C,,			Đạt	Duyệt		
2024-05-30	FP - Cao Thủ	Hồ Quang Huy	Thời của ae đã tới, không còn cần phải đợi ngày có lương 🤣		https://video.fhan2-3.fna.fbcdn.net/v/t42.3356-2/447133027_7725969994092962_2394164504334258758_n.mp4?_nc_cat=101&ccb=1-7&_nc_sid=4f86bc&_nc_eui2=AeH8G2kdE3JEWFUORxI9d7MXyhgqs_kc8hLKGCqz-RzyErIbNQUytNCAv2AsfhlpX5VC0wXcu3j9DC-RYsZI17CO&_nc_ohc=k7E3x721UkwQ7kNvgF98QCF&_nc_ht=video.fhan2-3.fna&oh=03_Q7cD1QEbLRe19uFFjBHCYU5IJ5RNuDjV1tjkd5zu0bGkrDB5Fw&oe=665B2352&dl=1,,		Đạt	Duyệt		
2024-05-30	FP - Cao Thủ	Hoàng Khánh Duy	Skin đỉnh cao thế giới và sáng kiến mới của thợ mỏ Rito🤯	https://scontent.fhan2-3.fna.fbcdn.net/v/t1.15752-9/441555557_3852201408439173_2083530896234488938_n.png?_nc_cat=111&ccb=1-7&_nc_sid=5f2048&_nc_eui2=AeGwsBH9tqM82k6EgumCtU7cag4f4kK6hVhqDh_iQrqFWAUk6DnjSVFHhPDo9iOBLbdS9tHXfzhCAm-fJeJpOst-&_nc_ohc=c0HHYqNoy3sQ7kNvgFp9kx2&_nc_ht=scontent.fhan2-3.fna&oh=03_Q7cD1QHku1swoFMHTd861AmtFebdCB9u9KXNzcZ7BwTqioM7Bg&oe=6680BBBA,,			Đạt	Duyệt		
2024-05-30	FP - Cao Thủ	Hồ Quang Huy	Tôi:	https://scontent.fhan2-4.fna.fbcdn.net/v/t1.15752-9/441002805_980105537178375_5178917524496441223_n.png?_nc_cat=100&ccb=1-7&_nc_sid=5f2048&_nc_eui2=AeEZExAoRnE_D-bNfHm2-D_scw42iZCTdI5zDjaJkJN0jlGzPWvCvbk26JEBM4yBXmPcMaS41N-4HQ8y4VoL6VQS&_nc_ohc=X0E8ePuUkKMQ7kNvgESpqWA&_nc_ht=scontent.fhan2-4.fna&oh=03_Q7cD1QEqQm3ihF5cGCo994W9Ksje2TQDWDdamzKbt4fhzLhdKQ&oe=6680B447,,			Bách	Duyệt		
2024-05-30	FP - Cao Thủ	Hoàng Khánh Duy	"Chân dung người hùng ""sơ mi trắng"" leo tường cứu 2 người trong vụ cháy sáng nay tại Hà Đông: anh Lèng Văn Bằng, 39 tuổi, quê ở Điện Biên, là người dân tộc Thái ❤  Anh chia sẻ thêm: """"Tôi suy nghĩ, đời người không dài cũng không ngắn nhưng làm việc tốt và cứu người thì khó thế nào cũng phải làm"".  Theo: Vietnamnet"	https://scontent.fhan2-4.fna.fbcdn.net/v/t1.15752-9/441513670_1936880943403119_7012929266118081060_n.png?_nc_cat=105&ccb=1-7&_nc_sid=5f2048&_nc_eui2=AeFyO91UndQyRGTivjYy4OCw8bzLZ28cSM3xvMtnbxxIzQU7zZwJgaBj0oja5kErB-HFn6GhWubPjPstxUg9CC-N&_nc_ohc=YueWAJ3BVhgQ7kNvgFtNwq-&_nc_ht=scontent.fhan2-4.fna&oh=03_Q7cD1QGTvez8Sh1PgdhRzIL8UF-X4NKOElcDuGT3ddDP8TEl_Q&oe=6680A974,,https://scontent.fhan2-3.fna.fbcdn.net/v/t1.15752-9/441539399_428585293358268_2532124971124951609_n.png?_nc_cat=101&ccb=1-7&_nc_sid=5f2048&_nc_eui2=AeFdvpaX2nV1RfMvm7GaEIQ306OI_4pZ6ePTo4j_ilnp4-vXqtWWjQm3aMLwngs_o1BGLzuO83-6RDIzMPJheSV_&_nc_ohc=KhlQOLK9CewQ7kNvgHKaWe_&_nc_ht=scontent.fhan2-3.fna&oh=03_Q7cD1QGg9VTP9xdW6yxZNFGUOOsUxXiyOTr0nTlRv73LFVWUxg&oe=6680D050,,https://scontent.fhan20-1.fna.fbcdn.net/v/t1.15752-9/436421715_1166196824567728_6064894889536092138_n.png?_nc_cat=103&ccb=1-7&_nc_sid=5f2048&_nc_eui2=AeFpGWBgAJZSnYcM6afrD20IJSs_BWyoOn8lKz8FbKg6fznx98TwLB40-otS7xqwuIZCRi75dPAsMH2jRsFTMqW3&_nc_ohc=YPDUhb2MqRkQ7kNvgGerCSX&_nc_ht=scontent.fhan20-1.fna&oh=03_Q7cD1QHmTSc1jv5h4mO9l0SYnXdm3rtC0jSeKtnrPn99uUip8A&oe=6680C121,,https://scontent.fhan2-3.fna.fbcdn.net/v/t1.15752-9/441492986_330193503277542_288315286078039352_n.png?_nc_cat=111&ccb=1-7&_nc_sid=5f2048&_nc_eui2=AeEVzgFWTdtFblwiAhkwUDxIIx3h7E-Dvb0jHeHsT4O9vd7-TrWzhHH_cp8n722HOumpCeb6ry3rQ1pkKfkdJtIC&_nc_ohc=cNcJ5jtLPooQ7kNvgE1aePB&_nc_ht=scontent.fhan2-3.fna&oh=03_Q7cD1QHvEgjVBXutSJFdTC8GClo7Wu9T0rwdW8hDaPkgG1-mPA&oe=6680C913,,			Bách	Duyệt		
2024-05-30	FP - Cao Thủ	Hoàng Khánh Duy	https://phunuvietnam.vn/vu-be-5-tuoi-tu-vong-vi-bi-bo-quen-tren-xe-dua-don-o-thai-binh-bat-giu-khan-cap-co-giao-dam-nhiem-viec-don-tre-2024053013470871.htm	https://scontent.fhan2-5.fna.fbcdn.net/v/t1.15752-9/436198747_778444570946445_7973353758488070490_n.png?_nc_cat=104&ccb=1-7&_nc_sid=5f2048&_nc_eui2=AeGKHq7_Y4hbWBfReiw44aG48fI9zB929ATx8j3MH3b0BExqDSsRWREjoiD6AsPMM6ia8T_aFmPIb1-1ZhqYzDU0&_nc_ohc=C7uoGH2cNGIQ7kNvgH1TJnB&_nc_ht=scontent.fhan2-5.fna&oh=03_Q7cD1QGiLXpCS9eA4r03PHmJ5emG0j4lcvnoV4NNKmdGSvtgrA&oe=6680AD49,,			Đạt	Duyệt		
2024-05-30	FP - Cao Thủ	Hoàng Khánh Duy	BẮT GIỮ KHẨN CẤP CÔ GIÁO PHỤ TRÁCH ĐƯA ĐÓN‼  Sau khi Viện KSND TP Thái Bình phê chuẩn, ngay lập tức Cơ quan Cảnh sát điều tra - Công an TP.Thái Bình đã ra lệnh tạm giữ người liên quan trong vụ việc và lệnh bắt người trong trường hợp khẩn cấp đối với cô giáo đưa đón học sinh từ nhà đến trường.  Hiện tại, phía C.A đã ra quyết định khởi t.ố vụ á.n để tiến hành điều tra theo quy định.  Nguồn: PhunuVietNam				Đạt	Duyệt		
2024-05-30	FP - Cao Thủ	Hoàng Khánh Duy	Căn phòng ước mơ của mấy thanh niên lương tháng 5 củ 😌	https://scontent.fhan2-5.fna.fbcdn.net/v/t1.15752-9/370063915_1486599508863512_6515812894627663864_n.png?_nc_cat=106&ccb=1-7&_nc_sid=5f2048&_nc_eui2=AeFCefeOqYN7l3OWVr2n-GdAZ6eiP8e62yVnp6I_x7rbJWKhgtg9PrYFdTt1Y1AFVWzYg39DwKoMAdIKTEbAtoKO&_nc_ohc=X4nCqOo751sQ7kNvgHiVlgl&_nc_ht=scontent.fhan2-5.fna&oh=03_Q7cD1QFocHwuYOeVhMH4Pz9L3HJHTgYifSavYysTRaH_FCNmuw&oe=6680B29A,,			Đạt	Duyệt		
2024-05-30	FP - Cao Thủ	Hoàng Khánh Duy	‼ NHỜ CỘNG ĐỒNG CAO THỦ TÌM GIÚP ‼  Anh Hà Duy Tùng (sinh năm 1991) có dấu trầm cảm, ra khỏi nhà đi từ 9h20 sáng ngày 29/05/2024, từ tòa nhà N01-T2, chung cư Ngoại Giao Đoàn, P. Xuân Tảo, Bắc Từ Liêm, Hà Nội về hướng về phía Phạm Văn Đồng.  Đặc điểm nhận dạng: Cao 1m75, nặng 75kg, da trắng, có răng khểnh, đeo kính cận. Mặc áo sơ mi dài tay kẻ đỏ, áo ba lỗ màu nâu đất bên trong, quần dài, dép Crocs màu tím than  Anh không mang theo giấy tờ tùy thân và vật dụng cá nhân. Gia đình đã tìm kiếm nhưng chưa tìm thấy. Ai có thông tin xin liên hệ: 0855631289 .  Rất mong CĐM chia sẻ hỗ trợ gia đình tìm kiếm người thân!	https://scontent.fhan2-3.fna.fbcdn.net/v/t1.15752-9/441567176_1449058539058897_5607920078186675261_n.png?_nc_cat=108&ccb=1-7&_nc_sid=5f2048&_nc_eui2=AeE53oxRFsV9L-nBBLwakwX7oIj9soBlhWegiP2ygGWFZxbSWbf52D254f5CCgmRGVzHskFSnSu5gxCNE6U66Nw7&_nc_ohc=A1EK78qFQ6cQ7kNvgH1aTjz&_nc_ht=scontent.fhan2-3.fna&oh=03_Q7cD1QHZfcKeI2UEPoXI53bq8uObEOEvX9tBrw5FbPZq3jdpdg&oe=6680BE28,,https://scontent.fhan2-3.fna.fbcdn.net/v/t1.15752-9/441869242_846070257337220_1187333717897688703_n.png?_nc_cat=101&ccb=1-7&_nc_sid=5f2048&_nc_eui2=AeFiWF3nGYM92FgvGT6OcncEVr0SIe_RTP9WvRIh79FM_48TpyQmSCvB3Yqnd8gE2rHpCGZqSVbWPWHYk9jB6nfR&_nc_ohc=sQ0_-5hYNEIQ7kNvgFv62DP&_nc_ht=scontent.fhan2-3.fna&oh=03_Q7cD1QFCN_ziBNJOSNBEBwVqeN_yPRQ05BiV0JbxhHNwHUHEVA&oe=6680B345,,https://scontent.fhan2-4.fna.fbcdn.net/v/t1.15752-9/436526962_466289399209770_2861888220214411447_n.png?_nc_cat=100&ccb=1-7&_nc_sid=5f2048&_nc_eui2=AeFL55fLZMGFYgokrKg80O735OoV-MbirjDk6hX4xuKuMGlRS3MrZGeOjEX0818ovIF21su9BCN888_DYtX2fTnt&_nc_ohc=OB-SJPWTWHoQ7kNvgGoXGy9&_nc_ht=scontent.fhan2-4.fna&oh=03_Q7cD1QEdhwkOxXAb0C0ETK_C5-rkwDnfVrVU5y01M8o86Y82vg&oe=6680BE8A,,			Đạt	Duyệt		
2024-05-30	FP - Cao Thủ	Hoàng Khánh Duy	🆘 Căng đét: Sau gần 10 năm chờ đợi, sáng nay Lệ Cay 3 bản remix đã chính thức khởi động.   Du Thiên vẫn giữ nguyên mái tóc bạch kim và phong cách cực chiến như ngày nào. Đặc biệt, MV lần này sẽ có sự xuất hiện của nhiều gương mặt mới, bao gồm cả các thần tượng TikTok, zanghồ mạng và zanghồ thực thụ. Du Thiên tiết lộ rằng MV remix Lệ Cày 3 sẽ quy tụ khoảng 100 diễn viên 😀  MV dự kiến ​​ra mắt vào 21h ngày 8/6, trùng lặp với ngày Sơn Tùng phát hành MV Đừng làm trái tim anh đau. CĐM đang tỏ ra hết sức bối rối khi không biết cày view cho idol nào 😵‍💫	https://scontent.fhan2-3.fna.fbcdn.net/v/t1.15752-9/441909978_1793550321133477_6058292706791057256_n.png?_nc_cat=111&ccb=1-7&_nc_sid=5f2048&_nc_eui2=AeFpBXvEaLwXy9iDw4lai8jABbxBYddd6PUFvEFh113o9cgnaIGrwrMJu-uOyeTLLwiluu6rXZzGxyphQ99I-h9e&_nc_ohc=ssbyPoHaJtQQ7kNvgGcaxOh&_nc_ht=scontent.fhan2-3.fna&oh=03_Q7cD1QE4J__fvO8wQbl9bIp516HuV0LtzWYfSQ-STwKqpHtpbA&oe=6680B23B,,https://scontent.fhan2-5.fna.fbcdn.net/v/t1.15752-9/442694537_424156813795377_3264028054771420487_n.png?_nc_cat=104&ccb=1-7&_nc_sid=5f2048&_nc_eui2=AeG-uwO_j_Sa5ZDb5fW0vkjAQHXJc5S79GpAdclzlLv0aoq5nm4kLkREcerQC4cLm8ndsuwCaIEtArpDg1qfJd2V&_nc_ohc=N-hKWelZ-ysQ7kNvgFbvjCJ&_nc_ht=scontent.fhan2-5.fna&oh=03_Q7cD1QEam0RM39nqoPniYJMYBJni8XaPd7hmbTH7nA9tI9A_VQ&oe=6680AE15,,https://scontent.fhan20-1.fna.fbcdn.net/v/t1.15752-9/436620809_809139541173847_8439285628288770778_n.png?_nc_cat=103&ccb=1-7&_nc_sid=5f2048&_nc_eui2=AeEplonZ7aKJcatmtLjCg9g55JuW9YnybkDkm5b1ifJuQPc1kOba30AlSfNjk-POJcyztwMm-XJIrU9O7Vt-HUnZ&_nc_ohc=12GegZyfbg8Q7kNvgHGp0dQ&_nc_ht=scontent.fhan20-1.fna&oh=03_Q7cD1QHJ30EhkVphQ7oIsa77E7Tk76yLTPPBGpTQ62Zz6TYbew&oe=6680A13D,,			Đạt	Duyệt		
2024-05-30	FP - Cao Thủ	Hồ Quang Huy	"XÓT XA...  Tiếng than khóc tại nhà tang lễ TP Thái Bình khiến ai nghe thấy cũng quặn lòng.  ""Vào 6h20 hôm qua, tôi có dẫn cháu ra xe đưa đón của trường và thấy cháu đã ngồi vào hàng ghế thứ 2 (sau ghế lái xe), tôi mới yên tâm quay về nhà. Cháu tôi hay có thói quen ngồi hàng ghế này. Nó rất ngoan, nhanh nhẹn, hiểu chuyện và khỏe mạnh""  Cháu ngồi hàng ghế trên mà sao khi xuống, không ai thèm quan tâm, để ý cháu để cháu mất oan uổng như thế này. Khi vào bệnh viện, nhìn cháu tôi đau lòng quá. Ghế ngồi trên xe nơi tìm thấy cháu bị c:ào xước như thể cháu đã cố gắng vùng vẫy mong được cứu.”  Theo Sức Khỏe & Đời Sống"	https://scontent.fhan2-3.fna.fbcdn.net/v/t1.15752-9/441575495_365027643252049_8693027059501072612_n.png?_nc_cat=101&ccb=1-7&_nc_sid=5f2048&_nc_eui2=AeFQwJ5WTECWm3KRNYxMLB8qWwsWpSOEtLhbCxalI4S0uLQPZ-M1c97OuwjS5bOEXlSgRiCG27eCwgAZ3kWbSBLF&_nc_ohc=Kb55iItnGjwQ7kNvgFwId9T&_nc_ht=scontent.fhan2-3.fna&oh=03_Q7cD1QEEYEGa-EOG0CX1Df4mxVS9j0CDumV0e3ZyDlX2AjDCpg&oe=6680B3A3,,			Đạt	Sửa/ xóa bài	che biển xe	"Vi phạm quyền riêng tư"
2024-05-30	FP - Cao Thủ	Hồ Quang Huy	2022: UwU 2024: Au uiii	https://scontent.fhan20-1.fna.fbcdn.net/v/t1.15752-9/441892064_819283453061862_2270106666275432679_n.png?_nc_cat=102&ccb=1-7&_nc_sid=5f2048&_nc_eui2=AeEmA7Mfqeh_4RGOGTbe43gjkuCYep9vineS4Jh6n2-Kd3yHGQkzzdAcEeil6W5oRlkp2RmmcUkcP9YuvPO2scDp&_nc_ohc=CgYqUWI-nK0Q7kNvgGS_wpk&_nc_ht=scontent.fhan20-1.fna&oh=03_Q7cD1QHJQAtwx6LQr4ERqE0FgK5jAXpYhHbt2bXXFGUqvm0TXA&oe=6680A7CE,,			Đạt	Duyệt		
2024-05-30	FP - Cao Thủ	Hồ Quang Huy	Còn đẻ là còn kiếm =)))	https://scontent.fhan2-5.fna.fbcdn.net/v/t1.15752-9/441501526_1504711303801307_1154675139313144103_n.png?_nc_cat=107&ccb=1-7&_nc_sid=5f2048&_nc_eui2=AeEm4J3KJNUeBB2lw8NKcp46qph5efoYtSeqmHl5-hi1J4hhN8LnZJ3YbicmjbknKS2o6RHuDi7k3MEBX1sqaqb4&_nc_ohc=T58vsLdqQs8Q7kNvgGb8eUs&_nc_ht=scontent.fhan2-5.fna&oh=03_Q7cD1QEyshKmxg2WiTZdrocndlrvwUfvt4P8UQjDLoRePouBLw&oe=6680A551,,			Bách	Duyệt		
2024-05-30	FP - Cao Thủ	Hồ Quang Huy	Hà Nội LÚC NÀY ❗️❗️CHỖ NẮNG TO, CHỖ MƯA TO ❗️  Người mặc áo nắng, người mặc áo mưa nhìn chả biết đường nào mà lần 🤣🤣	https://scontent.fhan2-5.fna.fbcdn.net/v/t1.15752-9/440997731_1112520649864984_4318450980670408580_n.png?_nc_cat=106&ccb=1-7&_nc_sid=5f2048&_nc_eui2=AeGYL7L-zV7dXVpFLp7fVz6aiP2lzZ49HsaI_aXNnj0expl1Z-4T9LISPcHZAXjpJJuDCm92zkCXiqYj1nLobcJj&_nc_ohc=_bMFnEP4QzkQ7kNvgEV8uMV&_nc_ht=scontent.fhan2-5.fna&oh=03_Q7cD1QGGSAHodeKQVgeMBem6NuoQEhAYkldGFH2XfCKR5dioGw&oe=6680B974,,https://scontent.fhan2-5.fna.fbcdn.net/v/t1.15752-9/441879084_1206619404100479_784850693185505842_n.jpg?_nc_cat=106&ccb=1-7&_nc_sid=5f2048&_nc_eui2=AeEG300M35EHEtHyI_mL3vdAKrT1F6g37XoqtPUXqDftevpBiI6xiZDiQTisoGsjjiI_3dA4U1I09c_xiHYgPi3H&_nc_ohc=UJh_d_xKGygQ7kNvgH11-2Z&_nc_ht=scontent.fhan2-5.fna&oh=03_Q7cD1QFnF-_ZK4H4isFI_nZpREMW-e3KxP8ZoyQ6trGmAlL0ew&oe=6680B230,,			Đạt	Duyệt		
2024-05-30	FP - Cao Thủ	Hồ Quang Huy	Yêu người nhỏ tuổi:	https://scontent.fhan20-1.fna.fbcdn.net/v/t1.15752-9/441494907_925062336047671_9043841229450325247_n.png?_nc_cat=102&ccb=1-7&_nc_sid=5f2048&_nc_eui2=AeFmRPEcOz7dlT_6ON8d387VpAmu3dAwoLmkCa7d0DCguUrgSUmJnpOlmCa8-zQ4GFgBHodA948cJiQJuX9qVur9&_nc_ohc=rR2JgdafTvMQ7kNvgHGZpdS&_nc_ht=scontent.fhan20-1.fna&oh=03_Q7cD1QGahUMjv9BQ8-ilQ6dg2QoEwuk_uCacjo9UHp9ss6Rk8Q&oe=6680B6A5,,			Bách	Duyệt		
2024-05-30	FP - Cao Thủ	Hồ Quang Huy	Một anh hùng thầm lặng <3  Chắc do anh không muốn lộ danh tính nhưng cũng cảm ơn anh, vị anh hùng thầm lặng. Mong tay anh mau khỏi và gặp nhiều may mắn!	https://scontent.fhan20-1.fna.fbcdn.net/v/t1.15752-9/441333025_441031638629565_8440897631763184446_n.png?_nc_cat=103&ccb=1-7&_nc_sid=5f2048&_nc_eui2=AeGehpZo8mj4WG1p8rWIW04TK0lLZqDnjGorSUtmoOeMaiOQg7VZ7xek2vmNEfzz1FDIqlDg6QqxZkefP3MR7Yfh&_nc_ohc=MQbrcJX2kPEQ7kNvgHwkM8b&_nc_ht=scontent.fhan20-1.fna&oh=03_Q7cD1QGWYEMxEEVaxAqjAjSRzvVEkAHAGaPyA6AgTIWpPJjzTw&oe=6680D3E7,,			Bách	Duyệt		
2024-05-30	FP - Cao Thủ	Hồ Quang Huy	"NẾU CÓ TRÁCH NHIỆM CHÚT THÌ MỌI CHUYỆN ĐÃ KHÁC...  Được biết khi mọi người xuống xe đến trường, giáo viên và người quản lý đã chụp ảnh điểm danh và phát hiện thiếu 1 bé nhưng lại không thông báo, gọi điện hỏi gia đình xem bé có tới lớp không.  ""Sáng bé đi học còn vui vẻ. Chiều cậu đến đón, bé đã gặp n:ạn. Giá như cô giáo không thấy trẻ vào lớp, gọi báo cho gia đình để kịp thời phát hiện vụ việc thì nào đâu đến nỗi"", Bà của cháu bé nức nở chia sẻ :(  Theo VietNamNet"	https://scontent.fhan2-3.fna.fbcdn.net/v/t1.15752-9/441565961_977502780432220_5431810037253456033_n.png?_nc_cat=111&ccb=1-7&_nc_sid=5f2048&_nc_eui2=AeG1v7yMvZJVn94L7FKomu0Gdcp6oEAQXGp1ynqgQBBcagj0fg8j655SU-rxFadgSzFRDYKAqc0N06Z780ed9zwp&_nc_ohc=MHFJM7xFdsQQ7kNvgHN8BJx&_nc_ht=scontent.fhan2-3.fna&oh=03_Q7cD1QHX5PO4jMgy5L-PqjUcFeIr9biByRj9bJT_zcd4t88liQ&oe=6680C9CF,,			Bách	Duyệt		
2024-05-30	FP - Cao Thủ	Hồ Quang Huy	Hé lộ tạo hình mới của Conan liveaction =)))) Nghe nói cô nan này không gây m:ê bằng kim mà bằng 🤜 :v	https://scontent.fhan2-5.fna.fbcdn.net/v/t1.15752-9/441044824_2457643481252083_2640698392403601766_n.jpg?_nc_cat=107&ccb=1-7&_nc_sid=5f2048&_nc_eui2=AeFPN5ZzC_Uravryw20QSd2cyrA3mPM89ELKsDeY8zz0QuF4Gp752yaGOth9m3WIjrxLwHUapTZkXgHODX58kJJC&_nc_ohc=B_mA7lkSX3wQ7kNvgErx03h&_nc_ht=scontent.fhan2-5.fna&oh=03_Q7cD1QHDVQaihyMWbrYCI2ti14YPgiLQyovNN2ptovmYqE7bDA&oe=6680CE0D,,			Đạt	Duyệt		
2024-05-30	FP - Cao Thủ	Hồ Quang Huy	CẢNH BÁO ‼️ YÊU QUÁI ĐẾN ‼️  10h sáng tại Hà Nội nhưng bóng tối đã bao trùm, yêu quái sắp đến ai không có người yêu nhớ về nhà sớm nhé :v	https://scontent.fhan2-3.fna.fbcdn.net/v/t1.15752-9/441489338_1492118455012039_620418922795583249_n.jpg?_nc_cat=111&ccb=1-7&_nc_sid=5f2048&_nc_eui2=AeEGkugZ75lkHnkIRuyrJu2wqWkvcumQDR-paS9y6ZANHwdWNbGd7NPukbg3gKJyWW5HMsvNZJXsGCUmKguPI0At&_nc_ohc=NfSZc4j_rvsQ7kNvgF21jP9&_nc_ht=scontent.fhan2-3.fna&oh=03_Q7cD1QFFHXGRFPKMxAgqGdREZmwqUkLWPkP-NzC3R8N6qCUMDg&oe=6680D05A,,https://scontent.fhan2-5.fna.fbcdn.net/v/t1.15752-9/441456932_430913863138048_2252518643168088387_n.jpg?_nc_cat=107&ccb=1-7&_nc_sid=5f2048&_nc_eui2=AeGRC2iLLC1BYdRRvSbPzYI2Be26DQZjERUF7boNBmMRFVED-Nv8WIEOu_nXBPzOh5TA11WzCYB0y8OJfg4bwxdu&_nc_ohc=IxvIy5viWQcQ7kNvgHJmLsM&_nc_ht=scontent.fhan2-5.fna&oh=03_Q7cD1QElnSNzsODsgYGrDueHo5FFDua5w1TyxSZNnratyurAIA&oe=6680A1D0,,			Đạt	Duyệt		
2024-05-30	FP - Cao Thủ	Hồ Quang Huy	Cho các chàng trai đến giờ vẫn chưa có mảnh tình vắt vai thì đây là 'đèn xanh' nhé 🟢🏃‍♂️	https://scontent.fhan2-5.fna.fbcdn.net/v/t1.15752-9/440729600_830209915628630_5906840768471143512_n.png?_nc_cat=107&ccb=1-7&_nc_sid=5f2048&_nc_eui2=AeEu3qcnfKXrfvr7aO7MxlILB9LWOQeXHsYH0tY5B5cexsQrbperMICzOTLsts9O9Z5l9AGkxDJr77-ZfCZmZNZE&_nc_ohc=AYtK2HaB8U0Q7kNvgEqFL0y&_nc_ht=scontent.fhan2-5.fna&oh=03_Q7cD1QF6ymEJ6RGtQRnsRqTWa_rNF8u35AZptIqWtXKVZ7St3w&oe=6680C12B,,			Đạt	Duyệt		
2024-05-30	FP - Cao Thủ	Hồ Quang Huy	Hình ảnh ghi lại cảnh người đàn ông bất chấp 🔥 to vẫn trèo tường vào căn nhà cho thuê trọ cứu người <3  Nhờ hành động này của anh mà rất nhiều người đã được cứu sống. Và cả 9 người của khu trọ đều may mắn thoát nạn 😍		https://video.fhan20-1.fna.fbcdn.net/v/t42.3356-2/446477148_7585158861572648_5352644338928206564_n.mp4?_nc_cat=103&ccb=1-7&_nc_sid=4f86bc&_nc_eui2=AeEO95m03EFN2T3ieBdJv6HY2fF4p46jvPPZ8XinjqO889s-JsbkDhA-4sz_4M3j1O-WI4346qjIbLoVWwE89Oid&_nc_ohc=b2-fV6EJWKcQ7kNvgF2A1GR&_nc_ht=video.fhan20-1.fna&oh=03_Q7cD1QHiZdHKYQ8oIWzKO1jxoh8a7pCDcsUobMXTmrlv22VCSw&oe=665B3CB4&dl=1,,		Đạt	Duyệt		
2024-05-29	FP - Cao Thủ	Nguyễn Bá Dũng	Ở TRONG XE VỚI CÁI THỜI TIẾT NẮNG 36-37 ĐỘ VÀ CHÁU Ở TRONG ĐẤY KHOẢNG 10 TIẾNG ĐỒNG :(  Theo thông tin ban đầu, ngày 29/5, cô giáo Q.A có nhiệm vụ đưa đón trẻ mầm non từ nhà đến Trường mầm non Hồng Nhung 2, trong đó có bé T.G.H (sinh năm 2019, trú tại huyện Vũ Thư, tỉnh Thái Bình). Chiều cùng ngày, người thân của bé H đến đón, không thấy cháu nên đã báo cho nhà trường; đồng thời tìm kiếm cháu H và phát hiện cháu H vẫn ở trên xe ô tô đưa đón của nhà trường. Mặc dù được đưa tới cấp cứu Bệnh viện Đa khoa tỉnh Thái Bình nhưng cháu H đã ra đi mãi mãi  Lãnh đạo UBND xã Phú Xuân cho biết, mẹ cháu H đi lao động ở nước ngoài, cháu hiện ở với bà ngoại. Hiện các cơ quan chức năng tỉnh Thái Bình đang tiếp tục xác minh, điều tra, làm rõ vụ việc  Theo: Báo Tuổi Trẻ	https://scontent.fhan2-3.fna.fbcdn.net/v/t1.15752-9/445822035_1013592153754023_4935930798062829953_n.png?_nc_cat=101&ccb=1-7&_nc_sid=5f2048&_nc_eui2=AeELFjRtrV4QK9R-1D2fZU1rRPzFIcM_GN1E_MUhwz8Y3e2dBMTmfs8agI0KTfzrbEC0DvsLhi0PE5EjKIczVajp&_nc_ohc=cXRfJDkuWT8Q7kNvgEgZH1L&_nc_ht=scontent.fhan2-3.fna&oh=03_Q7cD1QEWwQyCLVA0IY0NGcYDcKFIsKBPlBij1rmCcU7eVy4mWg&oe=6680B7CF,,			Bách	Duyệt		
2024-05-29	FP - Cao Thủ	Nguyễn Bá Dũng	Thương cháu quá :(((	https://scontent.fhan20-1.fna.fbcdn.net/v/t1.15752-9/445586374_416686641341867_6615234704560869101_n.png?_nc_cat=103&ccb=1-7&_nc_sid=5f2048&_nc_eui2=AeGdtoJSvBv8wnS0vJ2xHrsVU01a5LaOTthTTVrkto5O2NAid1g_NGUpN5EKYxHo1nM8Jm6jgs6H9HGlJZ9JOIY6&_nc_ohc=qDxid7XkOX8Q7kNvgHH84Cz&_nc_ht=scontent.fhan20-1.fna&oh=03_Q7cD1QH1jdHQhPNZ2zBVYk_t3VRH59a-lZwtT56t8y8PQbGqJA&oe=6680B36F,,			Bách	Duyệt		
2024-05-29	FP - Cao Thủ	Nguyễn Bá Dũng	ACE nào đặt Be mà không có tài nào nhận thì đây nhé. Các anh đang đứng chụp kỉ yếu :v	https://scontent.fhan2-5.fna.fbcdn.net/v/t1.15752-9/436610315_1177228879937066_6729761450127810561_n.png?_nc_cat=106&ccb=1-7&_nc_sid=5f2048&_nc_eui2=AeFfKcbBHDG3bMEu9acbTp3bQOeMSY6xIg9A54xJjrEiD5Eoe2bVLfYaF0FN78S0QUryLww2pnTl5lqx6Qe17acT&_nc_ohc=QrGGhkFsCd8Q7kNvgG6R1N3&_nc_ht=scontent.fhan2-5.fna&oh=03_Q7cD1QGbKIphE-DAjK9j_tHKTzMFEP-70PnLFzWo7oF4F-OrXQ&oe=6680C354,,			Bách	Duyệt		
2024-05-29	FP - Cao Thủ	Nguyễn Bá Dũng	Hot: CĐM đã tìm ra nữ chính trong MV của Sơn Tùng là diễn viên Thái Lan Pimtha. Vậy là Hải Tú không còn là nàng thơ của Sếp nữa rồi	https://scontent.fhan20-1.fna.fbcdn.net/v/t1.15752-9/445735781_425616963673620_8924540578060624329_n.png?_nc_cat=103&ccb=1-7&_nc_sid=5f2048&_nc_eui2=AeHRNhiD8AjlHlP0UvznRqH3dukm3Me-lrV26Sbcx76WtaFDzb7XGaSkoGQiFcEpwnhXBbIbKF1NCS6iVjsJRres&_nc_ohc=qHO_QRmlZiYQ7kNvgHBPULL&_nc_ht=scontent.fhan20-1.fna&oh=03_Q7cD1QFY_O9pyYap3IcQaJuekg9AinMxc9UqdMJa9TaZqEof2g&oe=6680B948,,https://scontent.fhan2-5.fna.fbcdn.net/v/t1.15752-9/445579819_1092075585226687_4680483406765150728_n.png?_nc_cat=104&ccb=1-7&_nc_sid=5f2048&_nc_eui2=AeHJrhxsJrK9cor99bZdaR4qUIjFm86Lya9QiMWbzovJr18nATTbHkdHN2s0q7B6QsqLaOD3eAZngcJ3gEN3xvcv&_nc_ohc=qlTLndwAKZkQ7kNvgGUD6yS&_nc_ht=scontent.fhan2-5.fna&oh=03_Q7cD1QHp-UQEQH2lHtArZpE3gxcf8icR1wR6UPpVXgjc5wtOrQ&oe=6680A087,,https://scontent.fhan2-3.fna.fbcdn.net/v/t1.15752-9/445804920_464760162776725_484712042989049064_n.png?_nc_cat=101&ccb=1-7&_nc_sid=5f2048&_nc_eui2=AeF4hknG5dYdkSIjXx8piiX8w6xyMLNizGvDrHIws2LMa6Rtl6n9_3oM1Pt8myhpe3RSkUISePP73YzztgbyQewQ&_nc_ohc=GaOnCILWMnQQ7kNvgE1rp73&_nc_ht=scontent.fhan2-3.fna&oh=03_Q7cD1QHRmg-s40Hp-nF_9Yz59YhuL_uPCAj5r0L9R2rtvE2v6Q&oe=6680CA40,,https://scontent.fhan20-1.fna.fbcdn.net/v/t1.15752-9/445822038_934385941758365_8637076479399446182_n.png?_nc_cat=102&ccb=1-7&_nc_sid=5f2048&_nc_eui2=AeFIbsnCnJkL6iMO19hCQYBeP02UcjtlkDY_TZRyO2WQNj23qaHYyJq0LXDqRN7ADXOljFn6ZRJLPz4YXsm62q5H&_nc_ohc=BuSGndqSjzUQ7kNvgG3ITBT&_nc_ht=scontent.fhan20-1.fna&oh=03_Q7cD1QHAFA1Jjpgw-IWjN5Lj2gQaqIUHO12R1_GuGvHA3344Cw&oe=6680B151,,https://scontent.fhan2-4.fna.fbcdn.net/v/t1.15752-9/445810195_1901498196968202_6137444440289783868_n.png?_nc_cat=100&ccb=1-7&_nc_sid=5f2048&_nc_eui2=AeE_tgfZVR_qofgUglG6Hk1zrzbniUBNnwCvNueJQE2fAN1BOqzNbBcbEc_C9i7KU15Skg68brj2TyAhZKs1MSIh&_nc_ohc=2dHWLiu1VyUQ7kNvgEzCq4p&_nc_ht=scontent.fhan2-4.fna&oh=03_Q7cD1QHxt5rtoLnTEw6TZXjglxyEDQK890Ggwy-HDLIEJDSGgw&oe=6680C365,,			Bách	Duyệt		
2024-05-29	FP - Cao Thủ	Nguyễn Bá Dũng	"Tóm tắt nguyên nhân mà tôi nghe bà bán trà đá kể: 1 Be 37 khoe thu nhập với 1 Be 18. Sau đó 2 bên lời qua tiếng lại.  Be 37 liền cất giọng ""Thế mày có tin tao gọi 1 cuộc 200 ae 37 đến innovar không?""  Thế là Be 18 cũng không ngần ngại mà đồng ý. Cả 2 đội hẹn nhau giao lưu tại Nghĩa Trang Mai Dịch - HN"	https://scontent.fhan2-3.fna.fbcdn.net/v/t1.15752-9/441433439_2185672321776721_7392806129384821040_n.png?_nc_cat=108&ccb=1-7&_nc_sid=5f2048&_nc_eui2=AeE7lT5mkMAa7bLkpIJvf0j3MG_oNhJdGuswb-g2El0a6-Trez70yajnJornTcB9tH4JYT5uGjB_9bqc3O63Fu-T&_nc_ohc=I8KPC8wn77QQ7kNvgEX_Bw7&_nc_ht=scontent.fhan2-3.fna&oh=03_Q7cD1QH9Bg3WHtdY_gwfdty1ZNgxuBuh0WdDtkIxAqGXf3DHuw&oe=6680C7A6,,			Bách	Duyệt		
2024-05-29	FP - Cao Thủ	Nguyễn Bá Dũng	Mỹ Đình - Hà Nội: Rất nhiều tài xế công nghệ tập trung kéo nhau ra Nghĩa trang Mai Dịch, hiện chưa rõ mục đích để làm gì 😬	https://scontent.fhan20-1.fna.fbcdn.net/v/t1.15752-9/445567855_3250818565061694_5025395148704367137_n.png?_nc_cat=102&ccb=1-7&_nc_sid=5f2048&_nc_eui2=AeGo620rMDTpFBEQBGq5E2ddCQLcremJOOMJAtyt6Yk446dsRQukJkufR1tg_DCdKKFzogbqaxwPZ4yJ5znEsA5S&_nc_ohc=2oJGD3UsbZ4Q7kNvgF88PEY&_nc_ht=scontent.fhan20-1.fna&oh=03_Q7cD1QE83emi3qPrzLaKtl2OujnAmK2uJeZFAjKXDlpVT08fSg&oe=6680A1D8,,https://scontent.fhan2-5.fna.fbcdn.net/v/t1.15752-9/445586371_1264779844505333_6257892652775283937_n.png?_nc_cat=104&ccb=1-7&_nc_sid=5f2048&_nc_eui2=AeF67obtrRS3_oZHfS0axr9WThm15v7L7XFOGbXm_svtcQq39REjnBdCO0935KV2z_4GOeUk1-HX8FoAC0Yuvrya&_nc_ohc=L3pTwJFNKVMQ7kNvgEaBA4K&_nc_ht=scontent.fhan2-5.fna&oh=03_Q7cD1QEdKxouHoIioz3kVa-EYOoyZsoFn-8JaJi0atjUt7lP-Q&oe=6680B445,,https://scontent.fhan2-3.fna.fbcdn.net/v/t1.15752-9/441991898_1128205434900064_5264427457296079427_n.png?_nc_cat=108&ccb=1-7&_nc_sid=5f2048&_nc_eui2=AeEEAsLNGtqsJnzivSmMPuKzKrR6VUOOSoEqtHpVQ45KgQ97aS6q1WFy02Xg5QUWVvtyemtVzmBwC8hlGtkeIJ7g&_nc_ohc=0nvfFtENy-cQ7kNvgEyY892&_nc_ht=scontent.fhan2-3.fna&oh=03_Q7cD1QFkpL2kcRJTp2sH9kKAvqz9DMrJWqY7l-cI0_BGJvWdbQ&oe=6680A5E2,,https://scontent.fhan2-3.fna.fbcdn.net/v/t1.15752-9/445767397_959832182357022_3260839724591434558_n.png?_nc_cat=111&ccb=1-7&_nc_sid=5f2048&_nc_eui2=AeEjkJc6UbdaOxQymbhgbGt5WLF3MDiDTi9YsXcwOINOL9USprRIHe3Wmg78h9vPCRsEgDWeQGzO0yM0aOgBGSRx&_nc_ohc=8oT_UOOhA6oQ7kNvgFF4Ifd&_nc_ht=scontent.fhan2-3.fna&oh=03_Q7cD1QHQ4Ic7md4hzCJMDDVsB4qOZrtQJL5Am-S-Cr8I1-WOMg&oe=6680CBE9,,			Bách	Duyệt		
2024-05-29	FP - Cao Thủ	Nguyễn Bá Dũng	THÁI BÌNH: 1 CHÁU BÉ ĐANG HỌC MẦM NON 5 TUỔI BỊ BỎ QUÊN TRÊN XE ĐƯA ĐÓN, HIỆN CHÁU ĐÃ RA ĐI MÃI MÃI :(  Cháu bị bỏ quên từ sáng, phải đến hơn 18h được người dân cứu ra khỏi xe và đưa đi bệnh viện. Hiện giờ cháu đã ra đi mãi mãi   Theo: Tuổi trẻ	https://scontent.fhan2-3.fna.fbcdn.net/v/t1.15752-9/445766664_478263231536359_2302349310041676679_n.png?_nc_cat=111&ccb=1-7&_nc_sid=5f2048&_nc_eui2=AeFEJY97Gb3IeK866-UhPuvQg5GE78FuBt-DkYTvwW4G3wrP6mJA8Zf7cM8ks5UzRQapwCk8M2Y1Gyw0hP-BG2bB&_nc_ohc=CWcQdOaudO0Q7kNvgGOUxlR&_nc_ht=scontent.fhan2-3.fna&oh=03_Q7cD1QE4hn3kcs98fdtfYDl8Qv4a9aOjoDMZxthOG-NuLsDx9g&oe=6680C432,,https://scontent.fhan2-4.fna.fbcdn.net/v/t1.15752-9/445855196_1679997982770072_3503620781434808942_n.png?_nc_cat=105&ccb=1-7&_nc_sid=5f2048&_nc_eui2=AeH6vGbKd_WNh4L6SsURd_vdPLX-nj3JlNk8tf6ePcmU2XL9TjgAkWwml266Ag-1Vvs7Av_C_rK5K6p6jQSrV6gO&_nc_ohc=AdvW3ogs9iQQ7kNvgHr6-JI&_nc_ht=scontent.fhan2-4.fna&oh=03_Q7cD1QEoIa8ZXnrNISEeJPDV-uZJ2euHtGeoxWehZXkshtb6Iw&oe=6680B1BD,,https://scontent.fhan20-1.fna.fbcdn.net/v/t1.15752-9/445712160_3807785782789979_2592987065000079053_n.png?_nc_cat=103&ccb=1-7&_nc_sid=5f2048&_nc_eui2=AeG2IB0G1dGSJzQei7tXeg6dmq1IrCEuAmWarUisIS4CZWlIHkdvBk4Fe4GWwXfIpgJbvvwzITKLD2t4YUC-rFBt&_nc_ohc=pCBUvghu754Q7kNvgG-YNj4&_nc_ht=scontent.fhan20-1.fna&oh=03_Q7cD1QEMgnxFCmVvuq4ydNtR7YEL4W-odBw_eK7DI2GyP7c-7A&oe=6680B58D,,			Bách	Duyệt		
2024-05-29	FP - Cao Thủ	Nguyễn Bá Dũng	Cảm ơn VTV đã nói lên nỗi lòng ae -_-  theo: VTV	https://scontent.fhan2-5.fna.fbcdn.net/v/t1.15752-9/445601020_988620336092865_4220871247577088965_n.png?_nc_cat=107&ccb=1-7&_nc_sid=5f2048&_nc_eui2=AeGikW7_mzXqnLY8SxRGPbQcgmQQqxGMbjqCZBCrEYxuOl3kY3TgZBe8Eo0n-T90CwUTxStnJ5pAddLbzuXewVGv&_nc_ohc=fgIfpvkwGGgQ7kNvgGFNMgO&_nc_ht=scontent.fhan2-5.fna&oh=03_Q7cD1QGpgBg7w5rLCqsHZKJbCYrLHxCldTEwtP11ch9b-p-plQ&oe=6680B379,,			Đạt	Duyệt		
2024-05-29	FP - Cao Thủ	Nguyễn Bá Dũng	Câu chuyện không chỉ riêng gia đình nào 🤣  Cre: Cam Kids	https://drive.google.com/thumbnail?id=1RkMacCyTtfJ0Z4-lhzHdIzg6UTj1PmPw		https://drive.google.com/file/d/1RkMacCyTtfJ0Z4-lhzHdIzg6UTj1PmPw/view?usp=sharing	Đạt	Duyệt		
2024-05-29	FP - Cao Thủ	Nguyễn Bá Dũng	Trung bình 1 quán nước mía tại Hải Phòng, một ngày khoảng 4 đống như thế kia 😥	https://scontent.fhan2-3.fna.fbcdn.net/v/t1.15752-9/445687577_1613250386104363_2113261636655038028_n.png?_nc_cat=101&ccb=1-7&_nc_sid=5f2048&_nc_eui2=AeFzwVrfIpBLEkMy2bW8QGgVPHjVhB3KVQ88eNWEHcpVDyaLX2Ul1Z-vb4GrzuihVSlbKJyMjtOuo-pfiJKrYYk_&_nc_ohc=khIwYpcuVWkQ7kNvgGIKQCl&_nc_ht=scontent.fhan2-3.fna&oh=03_Q7cD1QHje6WAxqshdDRzgIsy_deovdnhAz8GsPvzFMOWSSaqlg&oe=6680B3C2,,https://scontent.fhan2-5.fna.fbcdn.net/v/t1.15752-9/445720333_1306545076968129_8586352935201951880_n.png?_nc_cat=107&ccb=1-7&_nc_sid=5f2048&_nc_eui2=AeF9s4cYkipZub2KkDEVy8woc896zAESsN9zz3rMARKw38gaJ0NHCOakMVVbUaphv-P39cs_UWzx-fCyCUeyQSuf&_nc_ohc=QNW9drq_4GYQ7kNvgEau12Q&_nc_ht=scontent.fhan2-5.fna&oh=03_Q7cD1QEI49o-EhFTLceqdbXN34M-9AxY_rA53qYaeiovPvlXnw&oe=6680A527,,https://scontent.fhan20-1.fna.fbcdn.net/v/t1.15752-9/445815518_1094349088333430_4919942209508667987_n.png?_nc_cat=109&ccb=1-7&_nc_sid=5f2048&_nc_eui2=AeE2cCS0gIfYtB6_J2DMwkdVIXPTUe7OTuUhc9NR7s5O5dwRNZiMU2uFe9zQxTXkIgau-g9WH7vpgrsUulQKoHNQ&_nc_ohc=zoLKUsQCl3AQ7kNvgG39E16&_nc_ht=scontent.fhan20-1.fna&oh=03_Q7cD1QFIqv-t1K69k8Zy5pNg8sBhh1_FF4WgwVETkLrirENSJw&oe=6680AFFC,,			Đạt	Duyệt		
2024-05-29	FP - Cao Thủ	Nguyễn Bá Dũng	Giấy khai sinh thì thắng làm sao được giấy kết hôn 🤣🤣🤣  Cre: Phú Lê	https://drive.google.com/thumbnail?id=1jlHvdrAGSC9NiEEBxDG8vYn4kN5OYaHa		https://drive.google.com/file/d/1jlHvdrAGSC9NiEEBxDG8vYn4kN5OYaHa/view?usp=sharing	Đạt	Duyệt		
2024-05-29	FP - Cao Thủ	Hồ Quang Huy	Móa =))))	https://scontent.fhan2-4.fna.fbcdn.net/v/t1.15752-9/441639706_441461428591604_909640456436377899_n.png?_nc_cat=100&ccb=1-7&_nc_sid=5f2048&_nc_eui2=AeHTEjzMtTeu78YUeHZUC1K1fTtkzbLYlUJ9O2TNstiVQsRZY2fGSr3NalTS4s5mRgQsuhRRHv0GJ0eAVqkFAlQk&_nc_ohc=tfg8eY1EAvsQ7kNvgHS8F72&_nc_ht=scontent.fhan2-4.fna&oh=03_Q7cD1QHVOx4TLRfueRVVE-q6oVErDq0e5t4zu8PjkQV2G5SvPw&oe=6680AABD,,			Đạt	Duyệt		
2024-05-29	FP - Cao Thủ	Hoàng Khánh Duy	MỘT CÂU CHUYỆN BUỒN!  Vụ việc xảy ra ở Đông Nai, 2 nhóm thanh niên chuẩn bị đầy đủ trang bị để giải quyết m.âu th.uẫn. Trong đó có 1 thanh niên tên Nguyên dù đang bị c.hấn thương chân nhưng vẫn tham chiến với các bạn. Nguyên không ngờ rằng, nhóm bạn mang theo s.ú.n.g và gây ra á.n m.ạng và Nguyên cũng bị truy t.ố t.ội gi*t người. Sau khi bị bắt, vì không còn điều kiện chữa trị bệnh đầy đủ nên sau một cơn sốt nặng thì đôi chân Nguyên bị teo dần, không còn khả năng đi lại, phải ngồi xe lăn.  Những người có tham gia đều gia nhập sever bình nguyên vô vọng, Mẹ của N (thanh niên ngồi xe lăn) khóc rất nhiều và N. nếu không tham gia thì đã có một đám cưới vẹn toàn với bạn gái.   Chỉ vì một giây không giữ được cái đầu lạnh, hối tiếc cũng đã quá muộn!  Chi tiết dưới cmt 👇	https://scontent.fhan2-3.fna.fbcdn.net/v/t1.15752-9/438158946_7635338606528006_7966284356820435149_n.png?_nc_cat=111&ccb=1-7&_nc_sid=5f2048&_nc_eui2=AeELKd5Mj8qCXIZvY7igB_uguwOWPJW1pe27A5Y8lbWl7fxOJHuWuUxxRNq09qMZdR-NI3b_YDJIH9bNMAq-6yKv&_nc_ohc=xa8SvqFSf1oQ7kNvgHcX4L1&_nc_ht=scontent.fhan2-3.fna&oh=03_Q7cD1QGu_FAcYMi8Ewyz2Fj8vCquabwY4xBWuXfIZXRWTWZG1Q&oe=6680D2CE,,		https://baodongnai.com.vn/phap-luat/202405/bi-kich-sau-hon-chien-ke-tu-nguoi-tu-7d64a69/	Đạt	Sửa/ xóa bài	“súng”, “án mạng”, “giết người”	"Bạo lực và khích nộ"
2024-05-29	FP - Cao Thủ	Hồ Quang Huy	Thì ra tình yêu là thế, nhưng mà khoan...	https://scontent.fhan2-3.fna.fbcdn.net/v/t1.15752-9/441748747_754969090136824_6478467159981728342_n.jpg?_nc_cat=108&ccb=1-7&_nc_sid=5f2048&_nc_eui2=AeGD447J8vevU4tFd7xXs0zB1AsHyQfdyNrUCwfJB93I2icGrGQv4Aiqf_hpYhOncAdP_xl4DNCODrW-o7UH4UCH&_nc_ohc=rYdWyX0pjQAQ7kNvgF6gK9r&_nc_ht=scontent.fhan2-3.fna&oh=03_Q7cD1QFom5sWWPW90PlTYMvPmiHklNNKE-sSL1EGCQ1fAf70qg&oe=6680C931,,https://scontent.fhan2-3.fna.fbcdn.net/v/t1.15752-9/441499386_466643599103046_971737939456762600_n.jpg?_nc_cat=111&ccb=1-7&_nc_sid=5f2048&_nc_eui2=AeGZTqW5LknVKku0CtuERrC6KvsktNbq05wq-yS01urTnGdFWR8rJIOoScU-9oE5ko5e2Zw2G2-UXYxz12SbUFga&_nc_ohc=_azF4QOUf7UQ7kNvgHk9OE5&_nc_ht=scontent.fhan2-3.fna&oh=03_Q7cD1QFasp-NH4vFnBbc7eKBw2RZGmNDIXNYYkHa1LOd8Jkr4w&oe=6680A6BD,,https://scontent.fhan20-1.fna.fbcdn.net/v/t1.15752-9/440941319_991041289053210_4974973848136642931_n.jpg?_nc_cat=102&ccb=1-7&_nc_sid=5f2048&_nc_eui2=AeHsp4DjHG4skysKtO56KAqvyudjqHL_Lt_K52Oocv8u32aFlAiBPhfxiMVLrSBdMa2SJbTTXh6QzFQz6QGIsKkc&_nc_ohc=q68mTiNvq20Q7kNvgF7CWmr&_nc_ht=scontent.fhan20-1.fna&oh=03_Q7cD1QHQn3lvecQ_LpaeqxM6RKlc2Qiyv_6wtpB4IP5SfbL6BQ&oe=6680A6E6,,https://scontent.fhan20-1.fna.fbcdn.net/v/t1.15752-9/441569339_718860600248695_4392969233250540998_n.jpg?_nc_cat=103&ccb=1-7&_nc_sid=5f2048&_nc_eui2=AeHDpdTL6j9BCn2CIevPfNS_FZZBCHyuYPcVlkEIfK5g90LufUE_Mi255iXOck3ah0B4gFdZOjhHnfUxMYRCcRXp&_nc_ohc=i3lxYbbv79wQ7kNvgGyQas0&_nc_ht=scontent.fhan20-1.fna&oh=03_Q7cD1QFh1VmG-_NXZBpf_pKZzSC_DeAzR4erlh0PurwlrXKBQA&oe=6680A621,,			Đạt	Duyệt		
2024-05-29	FP - Cao Thủ	Hoàng Khánh Duy	Dỗi cái là lên đường luôn 🫠	https://scontent.fhan20-1.fna.fbcdn.net/v/t1.15752-9/441479286_383866580718216_1186657078285606570_n.png?_nc_cat=103&ccb=1-7&_nc_sid=5f2048&_nc_eui2=AeHc3_swr9TcFxcG2poJvMvW0CQaBs0xK0TQJBoGzTErRBeMEgs3fyDz9zr7t03xAzFY88BFNfPkI33M-QAmn5pT&_nc_ohc=xxRfZIgWOLsQ7kNvgH1H8lM&_nc_ht=scontent.fhan20-1.fna&oh=03_Q7cD1QGoLIDY2n_hYJ5EPfsZ0yhT_fxEvjcYHoHMmxLeChcLVA&oe=6680D045,,			Đạt	Duyệt		
2024-05-29	FP - Cao Thủ	Hồ Quang Huy	Fact: Đến giờ này vẫn có nhiều người chưa biết on gái đi biển đeo cái đai nơ ở chân có tác dụng gì 🙄  Cao Thủ Rì Viu	https://scontent.fhan20-1.fna.fbcdn.net/v/t1.15752-9/441387230_467280835663154_6046925005270648504_n.jpg?_nc_cat=102&ccb=1-7&_nc_sid=5f2048&_nc_eui2=AeFMxPvsgj8tifE6Bv6NzY0GAL837Ls-20cAvzfsuz7bR_GUpMjBT7U-TX2ykwR1TqRWe6UbWghCzuzB55alG3gP&_nc_ohc=TZgxFpK8YyIQ7kNvgE4hNiR&_nc_ht=scontent.fhan20-1.fna&oh=03_Q7cD1QHk6c_HREMQ-Rs7NbV1dXAscYnSblyLcjpZSw3on1rcWA&oe=6680B985,,https://scontent.fhan20-1.fna.fbcdn.net/v/t1.15752-9/445377144_999637748423929_5125412936105512170_n.jpg?_nc_cat=103&ccb=1-7&_nc_sid=5f2048&_nc_eui2=AeGRK3Pr0qpJXIf_l034rPXfOYgQSIvk5cA5iBBIi-TlwDwSYWNMHIf1Yy1pCUehJKY3NNXNTHHrdYTujhn85rYb&_nc_ohc=k1NxKjDhlaUQ7kNvgFGTWGC&_nc_ht=scontent.fhan20-1.fna&oh=03_Q7cD1QEOTKJ8HJlCqWbVVEY9jiHa4Lvloz1A8OHD1yyhQ3Zmmw&oe=6680C6AB,,			Bách	Duyệt		
2024-05-29	FP - Cao Thủ	Hoàng Khánh Duy	Một trong số đứa lì đòn nhất mà tôi biết !				Đạt	Duyệt		
2024-05-29	FP - Cao Thủ	Hoàng Khánh Duy	Cố chấp vừa thôi !	https://scontent.xx.fbcdn.net/v/t1.15752-9/440948144_788804516721223_4230226180770040331_n.png?stp=dst-png_s480x480&_nc_cat=104&ccb=1-7&_nc_sid=5f2048&_nc_eui2=AeHc32G0cOtSSjGLdBzFTCiiNFBEcBgYLI00UERwGBgsjeke7QtUDeUBechIWjrEDB4mkxB27l86Qj3xWb9YZCtu&_nc_ohc=J_Fgx6WrV5AQ7kNvgFHIkNp&_nc_ad=z-m&_nc_cid=0&_nc_ht=scontent.xx&oh=03_Q7cD1QGyuOVji9Ti_DCwGmO7V2B1r4owozyba-NW82IBadOnFQ&oe=668265B8			Đạt	Duyệt	“mãi trường tồn” → cổ súy	
2024-05-29	FP - Cao Thủ	Hoàng Khánh Duy	Không phải ai cũm biết 😎  Món kẹo khiến tôi thời tuổi thơ phải chắt chiu từng đồng để có được. Mà có được rồi thì phải biết cách thưởng thức, không thì nó sẽ không được ngon 😌  Cao Thủ Rì Viu	https://scontent.fhan2-4.fna.fbcdn.net/v/t1.15752-9/442007358_369641382762214_854394806887488128_n.png?_nc_cat=105&ccb=1-7&_nc_sid=5f2048&_nc_eui2=AeEUjOtv2hkAOW18rHs1jRjt2ac9Wekr_pbZpz1Z6Sv-lpvmc-_OnJpFfg9FRhR7eQ6O7nTCcOBq3nTMsigscDA_&_nc_ohc=vfi986vA5KQQ7kNvgHxLpTz&_nc_ht=scontent.fhan2-4.fna&oh=03_Q7cD1QF0J5XcJXiWU2to1V5emppfRQpaBIhiILtct0aGEtzwmQ&oe=6680B635,,https://scontent.fhan2-3.fna.fbcdn.net/v/t1.15752-9/441418806_782615754004526_4262807030675207019_n.png?_nc_cat=111&ccb=1-7&_nc_sid=5f2048&_nc_eui2=AeEWtbCXEZI5SMhWk3J5AHc_Z15CiFZrqhVnXkKIVmuqFV-n2RQYVe5J4PuX5Q5VVkb3jtVM7BWUUnWdJ4IK4MZo&_nc_ohc=uN8HkQl-YxIQ7kNvgFuVwg6&_nc_ht=scontent.fhan2-3.fna&oh=03_Q7cD1QHVHApSwj_uByctGjwrajN6RQxE0eONx7BvKZffdPiPsA&oe=6680B5AE,,			Bách	Duyệt		
2024-05-29	FP - Cao Thủ	Hồ Quang Huy	NGAY LÚC NÀY ‼️ CHÁ.Y LỚN Ở KIM GIANG  🔥🔥 Đang lan ra nhiều nơi, khói đen ngập trời tại Kim Giang, đoạn cầu Dậu, đối diện Viện Y học cổ truyền 😓	https://scontent.fhan2-5.fna.fbcdn.net/v/t1.15752-9/441476687_776547001339683_8583329670343202224_n.jpg?_nc_cat=104&ccb=1-7&_nc_sid=5f2048&_nc_eui2=AeEBozJHFe494fqywfhcFbAySiMJ8xpBedhKIwnzGkF52LppW4Xx1MoUOLF6XT9mnBOkRQ4TAyd0z-V6WKXyoZCH&_nc_ohc=2-MvIGzT9AIQ7kNvgEj0NMp&_nc_ht=scontent.fhan2-5.fna&oh=03_Q7cD1QHEpEdIldoCHRzIaerJaM4_ZBn3qn1M1lSfwlV6YAvoUQ&oe=6680B348,,https://scontent.fhan2-5.fna.fbcdn.net/v/t1.15752-9/441673331_1448399772735131_333501556351487466_n.jpg?_nc_cat=104&ccb=1-7&_nc_sid=5f2048&_nc_eui2=AeH21B9KZ907Kd_-Lh3B7ZupoCkTtoPV0XOgKRO2g9XRc4lUsPo01lpLx7EOXxmzBapet5XocQJFhu1CRotjuTb7&_nc_ohc=e3C93RsCWpEQ7kNvgFPqRRD&_nc_ht=scontent.fhan2-5.fna&oh=03_Q7cD1QE0V5hSP7w3vaXlkIVOmwW8bBPz6-vXFQYx9F8Y7NfRgQ&oe=6680D60F,,https://scontent.fhan20-1.fna.fbcdn.net/v/t1.15752-9/440953469_1816411332197445_7344921859063113925_n.jpg?_nc_cat=103&ccb=1-7&_nc_sid=5f2048&_nc_eui2=AeFLbNpZCcSdtPsnu4HkiHEh1tkH4UQeNC7W2QfhRB40LmbCml-oYiWyBZIfXuzeWJ9ewYQa4Zvei1w-eg-DBPq9&_nc_ohc=rDJvM4uCC5YQ7kNvgHmLgCB&_nc_ht=scontent.fhan20-1.fna&oh=03_Q7cD1QGs0r96xhSEZzvyYi3XE78OBiofurwvxMSEjKZmVhD0zQ&oe=6680CE4B,,https://scontent.fhan2-3.fna.fbcdn.net/v/t1.15752-9/441505982_1401258767275202_2130534554206087088_n.jpg?_nc_cat=111&ccb=1-7&_nc_sid=5f2048&_nc_eui2=AeFLryXp-IwDeQMmaez_n5r9AEeQB5u9IZAAR5AHm70hkGGJRsha_z0CYF2x6OOiUqH3e6WA3kEEdAoFfGW8UX-M&_nc_ohc=Ohd7FLh6HLsQ7kNvgE8-Kxm&_nc_ht=scontent.fhan2-3.fna&oh=03_Q7cD1QGc0367eJrpBzSKh3AON1mTYjeExOqV9m0Iu-WiKFG0SQ&oe=6680C2C8,,			Đạt	Duyệt		
2024-05-29	FP - Cao Thủ	Hoàng Khánh Duy	Ủa Huy ??	https://scontent.fhan2-3.fna.fbcdn.net/v/t1.15752-9/436508975_836549758341413_310348228947186189_n.png?_nc_cat=101&ccb=1-7&_nc_sid=5f2048&_nc_eui2=AeFsceDqwpkdUlaul5Utc477RVr5GifnXC5FWvkaJ-dcLjoYddYdvdo4U5wwLTUzwvlkvcdlzLFPqgmvdOnDR_p8&_nc_ohc=Bsrrjat_Z-EQ7kNvgEjZUmW&_nc_ht=scontent.fhan2-3.fna&oh=03_Q7cD1QHgk9V65rMXe2s3NXv6h0rzHyxq6n79Bh5Q0y7rAGrRXQ&oe=6680BF73,,			Đạt	Duyệt		
2024-05-29	FP - Cao Thủ	Hồ Quang Huy	SỞN DA GÀ TẠI LẠNG SƠN 🔥😱  Hàng vạn con châu chấu 🦗 xuất hiện tại đoạn trường Tiểu học Thiện Hòa, Huyện Bình Gia - Lạng Sơn.. Hiện vẫn chưa rõ nguyên nhân tại sao chúng lại tụ tập rủ nhau gây mất trật tự công cộng như vậy 😕	https://scontent.fhan20-1.fna.fbcdn.net/v/t1.15752-9/442000600_780566384182160_932264554293039261_n.jpg?_nc_cat=109&ccb=1-7&_nc_sid=5f2048&_nc_eui2=AeH1uhW_YRUVpkbKyA3tjqsGzcXoRQUGtIfNxehFBQa0hz09mHAhlRGG3A5sX7e74yfXbqDEdrB8UuPFVlZTgKcE&_nc_ohc=cs6se7vIA9QQ7kNvgG3lTLU&_nc_ht=scontent.fhan20-1.fna&oh=03_Q7cD1QEJ0Za4osE-6rZ2Lrqgg61kYb7zP4nYA2pQ2xEtzxsTzw&oe=6680AEAA,,https://scontent.fhan2-5.fna.fbcdn.net/v/t1.15752-9/442554181_788140236627182_3781634190712569123_n.jpg?_nc_cat=106&ccb=1-7&_nc_sid=5f2048&_nc_eui2=AeHUhItb7S3wH2dBF9QtQLNMD_a09-VOALIP9rT35U4AsjLxJmnH5r1ec7MisLnxw1dynXbwIwdZGJd3WOhcx0Si&_nc_ohc=H6UZW3IJWw8Q7kNvgHkS-tO&_nc_ht=scontent.fhan2-5.fna&oh=03_Q7cD1QHm1zXVcT_zTm3ruhXY-MQUlFhZxn_D3ZwhKiA4kuMdVQ&oe=6680A5B9,,https://scontent.fhan2-3.fna.fbcdn.net/v/t1.15752-9/442457806_1240370024037026_5200313868039066364_n.jpg?_nc_cat=108&ccb=1-7&_nc_sid=5f2048&_nc_eui2=AeGMyDGXIJ1b3F4V4DtWOLpQJFix3VjdIH0kWLHdWN0gfVAKPqWjooC605abCPYsi-H9_1_F5fQ2aZefAtRFQn5-&_nc_ohc=qezbkpMqkDEQ7kNvgH4ojvA&_nc_ht=scontent.fhan2-3.fna&oh=03_Q7cD1QF6xZlGieftPPmWABNnkLma5FEoeqGGYielV3lxudm9yg&oe=6680D044,,https://scontent.fhan2-4.fna.fbcdn.net/v/t1.15752-9/442469022_997964088441123_7092348105152165664_n.jpg?_nc_cat=100&ccb=1-7&_nc_sid=5f2048&_nc_eui2=AeE-gPCAvOwDv-nncHOaCyO29-SizK69H0D35KLMrr0fQA7_R2ghss0IG6bxyxbjf3mb8QFf0ZmK1rVgFJBaWKhi&_nc_ohc=bC1QA967YEkQ7kNvgG657id&_nc_ht=scontent.fhan2-4.fna&oh=03_Q7cD1QFpzUD39Y_iNxamp7GzWmD7a_qpivYmTgZLhfhfvMHQBQ&oe=6680B4C1,,https://scontent.fhan2-4.fna.fbcdn.net/v/t1.15752-9/442571231_831236018880316_1031394380968419412_n.jpg?_nc_cat=100&ccb=1-7&_nc_sid=5f2048&_nc_eui2=AeEBaL2E6AaB92q15913_LDtrv0YeijeQP-u_Rh6KN5A_8Fbl4upoNhYQtidu2MdYDe9rSTW9KHEv2nom7wlKtcy&_nc_ohc=ys0VWG4UW1YQ7kNvgHqLNFO&_nc_ht=scontent.fhan2-4.fna&oh=03_Q7cD1QE_A6qhLljyCiXGfrXQRmrHQCJAiz-j1ek5SlqyXI9NwQ&oe=6680A3F6,,			Đạt	Duyệt		
2024-05-29	FP - Cao Thủ	Hồ Quang Huy	Có 6 củ chứ nhiều =)))	https://scontent.fhan20-1.fna.fbcdn.net/v/t1.15752-9/441604011_1196240584729761_4001985732923571903_n.png?_nc_cat=109&ccb=1-7&_nc_sid=5f2048&_nc_eui2=AeFvMBLe9KuDBRDuBlGoVF3QcCbRoWjymm1wJtGhaPKabUl7-VjKy2K9ki45FidO5i5EQWevkxdmwMa_4hEwiIRm&_nc_ohc=gIKGpL67zt8Q7kNvgEek0UW&_nc_ht=scontent.fhan20-1.fna&oh=03_Q7cD1QHcjSWd7Zq7oheH4HUwgn3VlMe-S4wfsAwk9zxYLU8xHw&oe=6680AC6E,,			Đạt	Duyệt		
2024-05-29	FP - Cao Thủ	Hồ Quang Huy	"TỰ TIN 'ĐIỂM CAO NHẤT PHÒNG' 😅  Trong kỳ thi tuyển sinh vào lớp 10 của trường THPT chuyên Lương Văn Tụy (Ninh Bình). Đặc biệt ở môn chuyên Địa Lý có tổng cộng 73 thí sinh, và được nhà trường chia đều thành 4 phòng thi, mỗi phòng 24 thí sinh.  Riêng em L.V.T (2k9) lại đứng cuối danh sách nên được nhà trường ưu tiên cho 1 mình 1 phòng 1 giám thị riêng. Về nhà khoe ""cả phòng mình con làm được bài"" cũng không sai :v"	https://scontent.fhan2-5.fna.fbcdn.net/v/t1.15752-9/441405663_1408628393175768_2570222959924121452_n.png?_nc_cat=104&ccb=1-7&_nc_sid=5f2048&_nc_eui2=AeHpmo4D7gSKivt8usqFjiP4Fyc-FcfUZXYXJz4Vx9Rldk4w4U_V9PraqK-kGk6h3aMw5PP0NrZi-99IzmABS5Jn&_nc_ohc=WmdJS7iQqPYQ7kNvgF22bPe&_nc_ht=scontent.fhan2-5.fna&oh=03_Q7cD1QH3dliA-mBMwbtoLcXLUmBHq4vtttkj1gEFZKrSZWA0fQ&oe=6680C173,,			Đạt	Duyệt		
2024-05-29	FP - Cao Thủ	Hồ Quang Huy	Đặc biết là con trai Hà Nội bây giờ :v	https://scontent.fhan2-3.fna.fbcdn.net/v/t1.15752-9/441004672_1168476090823218_1304556706198992617_n.png?_nc_cat=108&ccb=1-7&_nc_sid=5f2048&_nc_eui2=AeGiiTYfF5yFlACq9ps0soLCaZW-qaNM2t9plb6po0za36pRVSP1YOC5eIItqqJWUwr-zmlLQzQsbUmLHCJuk_GJ&_nc_ohc=nJF5tbH5F6AQ7kNvgGZs_yK&_nc_ht=scontent.fhan2-3.fna&oh=03_Q7cD1QEpdyi6kZk5RIreeupbSxO3GC1hJEyG-JDJHO1M660sGA&oe=6680C110,,			Bách	Duyệt		
2024-05-29	FP - Cao Thủ	Hoàng Khánh Duy	"""Bé trai bật khóc vì lễ tổng kết không có ba mẹ đi cùng""  Khi thấy ngày lễ tổng kết bạn nào cũng có ba mẹ đi cùng, còn em thì không cậu bé tủi thân bật khóc. May mắn thay, cô giáo tâm lý đã xuống an ủi em. Khi cô hỏi, em mới nói rằng ba mẹ quá bận nên không thể đến dự lễ tổng kết với em. Cô giáo nghe xong cũng bật khóc theo, nhìn giọt nước mắt cô là biết rất yêu thương trẻ con nhường nào <3  Cũng biết rất nhiều hoàn cảnh ba mẹ bận rộn, nhưng nếu có chút ít thời gian rảnh hãy lắng nghe và chia sẻ cùng con cái 🥰"	https://scontent.fhan2-5.fna.fbcdn.net/v/t1.15752-9/441639200_1879453355850886_2810415687631314206_n.png?_nc_cat=106&ccb=1-7&_nc_sid=5f2048&_nc_eui2=AeEDRx1T3s_Zb1uQBCDJVpQPiKDXoucZtXWIoNei5xm1dac9xIag1LI0FeHYh3gYo394GItzGcz0Y16Nla883-e0&_nc_ohc=i8yig8p08h4Q7kNvgFnr7k3&_nc_ht=scontent.fhan2-5.fna&oh=03_Q7cD1QH71jEuyoZFBtYPWhGpc_OVyRRGQ29NAp1068Nwnnjfsg&oe=6680AF08,,https://scontent.fhan2-3.fna.fbcdn.net/v/t1.15752-9/441301172_991767382509109_2488540715917083415_n.png?_nc_cat=111&ccb=1-7&_nc_sid=5f2048&_nc_eui2=AeGml2FWXpLkdMcBJ-xh_jGExVwJzXhgU7_FXAnNeGBTvzmq4JgaRqz5AgTHKtlrYhnB7hL-7llxAgmqsTiKESfm&_nc_ohc=GijJw_pWFqIQ7kNvgGE21kN&_nc_ht=scontent.fhan2-3.fna&oh=03_Q7cD1QGwi85uo1DLp-_CL4iaam6SCAjRackZXLqbnQ-v__Q8rg&oe=6680BE22,,https://scontent.fhan2-3.fna.fbcdn.net/v/t1.15752-9/441492981_1171974393925668_8210276598115381821_n.png?_nc_cat=101&ccb=1-7&_nc_sid=5f2048&_nc_eui2=AeFi0vPzmZAJqTn1y5x9sojX-drHQV35ddr52sdBXfl12lMiMYufM91NGUCb2cjns9-F5tdVt8I_ZI-d944mfvkM&_nc_ohc=e7ZkmTy6eZgQ7kNvgEG70gV&_nc_ht=scontent.fhan2-3.fna&oh=03_Q7cD1QFwIO5EhKgdQfcAnIXNRkZV_kSnukdUqRsaE0MFrbQW0Q&oe=6680B8C9,,			Bách	Duyệt		
2024-05-29	FP - Cao Thủ	Hồ Quang Huy	Bắc Giang lúc này! Cần tuyển gấp những người bạn quê Bắc Giang 😋	https://scontent.fhan2-3.fna.fbcdn.net/v/t1.15752-9/440966115_465176732695400_946956896856394237_n.jpg?_nc_cat=101&ccb=1-7&_nc_sid=5f2048&_nc_eui2=AeH4zD_8gnwdwOrJdXgbBueaUkvPKZLoWQZSS88pkuhZBgsIokG5tsjwt8Um2UMFqA6CDmvLriBeL07_jL3P1VQR&_nc_ohc=Od08gfh4-0AQ7kNvgEeILD5&_nc_ht=scontent.fhan2-3.fna&oh=03_Q7cD1QGV4oOL3JBenOnRd_bZD1zWyBev7WAiwqwV_uMpnUP-vw&oe=6680C5C5,,https://scontent.fhan20-1.fna.fbcdn.net/v/t1.15752-9/436343409_1147974803185569_2528126246640833959_n.jpg?_nc_cat=109&ccb=1-7&_nc_sid=5f2048&_nc_eui2=AeE6nMheOuy7ryf5PPabZyTBYPv1ntHHXx9g-_We0cdfH1vaFNxjVMdCtymfmCbH7V5o-70-zGXRvDlaZ1AMIrQM&_nc_ohc=QkgwyEZsSA4Q7kNvgHQeJL5&_nc_ht=scontent.fhan20-1.fna&oh=03_Q7cD1QFfoK1V_gsHD5KEeiqxIyDaO6AKS-gw7a2bU1VWYjzfyQ&oe=6680B4E8,,https://scontent.fhan2-3.fna.fbcdn.net/v/t1.15752-9/441458825_779803680890832_2177323860167098015_n.jpg?_nc_cat=111&ccb=1-7&_nc_sid=5f2048&_nc_eui2=AeEKZLGJqv0j0kGRMBJFRCybAm1T_LXTC3ACbVP8tdMLcO439jd-baaY6XbcUMlcJuCTgWaYZDQmaqE40KiPY-pi&_nc_ohc=ARtiqX2QOiIQ7kNvgE5Py1x&_nc_ht=scontent.fhan2-3.fna&oh=03_Q7cD1QG5G9USwJnIVROjTb0KsIyq6JhhLmjLyE0Puor85I5oSg&oe=6680CCB8,,https://scontent.fhan2-5.fna.fbcdn.net/v/t1.15752-9/436707747_441009382008193_374549603144411780_n.jpg?_nc_cat=104&ccb=1-7&_nc_sid=5f2048&_nc_eui2=AeGvqxZ3RrvSM05ajfWwcizadk26_raE-aJ2Tbr-toT5omi6oKSLvsTDBn9lvEb9V-KrcT7Ki96QNu65bL0sKS7m&_nc_ohc=jwi2Hw7kRnAQ7kNvgFRZb4d&_nc_ht=scontent.fhan2-5.fna&oh=03_Q7cD1QHGySAlHhhPi_r06LXYMnHKLb_xmXYzFxRfAfGxUZdPfg&oe=6680AA06,,			Bách	Sửa/ xóa bài	Bỏ bài, ảnh hưởng đến giá vải	
2024-05-29	FP - Cao Thủ	Hoàng Khánh Duy	"""MẸ ƠI CON ĐƯỢC GIẤY KHEN NÈ""  Xót xa hình ảnh bé gái vui mừng khoe giấy khen với mẹ, dù mẹ em đã mất hai năm trước. Em vẫn nghĩ mẹ đi nước ngoài và chưa biết sự thật. Nhìn con hồn nhiên, ai cũng rơi nước mắt.  Ở nơi xa, chắc mẹ em cũng rất tự hào, chúc em luôn mạnh khỏe <3  Cre: Ninh"	https://scontent.fhan2-4.fna.fbcdn.net/v/t1.15752-9/441507714_312299388483388_5422025089079737534_n.png?_nc_cat=110&ccb=1-7&_nc_sid=5f2048&_nc_eui2=AeHE_8-gCo6kTkG6-HVnJCAlNcES9QMM93A1wRL1Awz3cEEziR55_MHkVPgnkHICy-N-O43K4rswvSQHiFbrnuyO&_nc_ohc=PMRBsTNzfVsQ7kNvgE7A-D7&_nc_ht=scontent.fhan2-4.fna&oh=03_Q7cD1QEUBxxWrr88JSPS_1AFB2VxVSDri57aIC2B0c0_mYLSGA&oe=6680C80E,,https://scontent.fhan2-4.fna.fbcdn.net/v/t1.15752-9/441505981_1157071415532967_6543059202415952550_n.png?_nc_cat=100&ccb=1-7&_nc_sid=5f2048&_nc_eui2=AeGx7DU73sJ8nwUNtkilkuGBwxBXhsfzrBLDEFeGx_OsEoqX9bXF0ktJzm2BLEOKOwrR67zuWwUj3w3i80QiBwS9&_nc_ohc=J7A7l2_vAJUQ7kNvgG31o_E&_nc_ht=scontent.fhan2-4.fna&oh=03_Q7cD1QFCU6BFix4ADEpmwhIyQtA8FL1oHdsyl2ZVx-XMZK2GYQ&oe=66809FEA,,https://scontent.fhan2-5.fna.fbcdn.net/v/t1.15752-9/441987814_364055173358624_864343073797056403_n.png?_nc_cat=104&ccb=1-7&_nc_sid=5f2048&_nc_eui2=AeG7001AWrl1HGFay38EQzNdAwLsULgqJOcDAuxQuCok58wk6csv0yZspecvxYoZy9Xc55LGIrSAfa09oIVUNWMH&_nc_ohc=Ognyzn30RegQ7kNvgEJGlWA&_nc_ht=scontent.fhan2-5.fna&oh=03_Q7cD1QFDJ-6E7Fj2Uo-5O5tBRx8tZm0SMXuSaJA5YNgxzf_PFg&oe=6680A53F,,			Bách	Duyệt		
2024-05-29	FP - Cao Thủ	Hồ Quang Huy	Bức họa được vẽ theo hình ảnh đám mây tại ngọn núi nhưng 10p không thây ai vẽ tiếp nữa.... 😂	https://scontent.fhan2-5.fna.fbcdn.net/v/t1.15752-9/441940123_1915223938937711_6789885898519133600_n.png?_nc_cat=106&ccb=1-7&_nc_sid=5f2048&_nc_eui2=AeEsm7Y6d5rPnhR-BOd7DcpuhVkjggi0J4GFWSOCCLQngVnr9XWG2jqHmdX3_W-hATID2P7le9lY22KXXyS91FLT&_nc_ohc=kPXel0eot3QQ7kNvgEj9JLL&_nc_ht=scontent.fhan2-5.fna&oh=03_Q7cD1QFuja9kC3yncrqNRTcs1kR1DZHVDlflQauUcthmF5cCzA&oe=6680BCC3,,			Đạt	Duyệt		
2024-05-29	FP - Cao Thủ	Hồ Quang Huy	CẢNH BÁO!  Sau hơn 2 giờ đi xe máy giữa trưa nắng (từ 12h đến hơn 14h), chàng trai 21 tuổi về đến Phú Thọ nhưng sau đó xuất hiện đau đầu, người nóng như than, ý thức giảm dần, gọi hỏi không biết…  Bệnh nhân được đưa vào bệnh viện cấp cứu. Lúc này, bệnh nhân trong tình trạng hôn mê sâu, thở qua bóp bóng, c:o gi:ật toàn thân, nhiệt độ cơ thể 40,5 độ C, mạch nhanh, huyết áp tụt.  Các bác sĩ chẩn đoán bệnh nhân bị s:ố:c nhiệt mức độ nặng, nguy cơ t* v*** cao 30-40%. Đây là ca bệnh rất nguy hiểm, rất khó.  Theo Vietnamnet	https://scontent.fhan2-4.fna.fbcdn.net/v/t1.15752-9/441509761_254141821121884_8758453238520675861_n.png?_nc_cat=105&ccb=1-7&_nc_sid=5f2048&_nc_eui2=AeHDH-dr-jMMGXHsZfmArkWsYTrfE_5WO1phOt8T_lY7Worm0GyoubyPC-YVfIxhW9yBsaG5xY3aqAvdeTgNB6zj&_nc_ohc=_ASad3gHkSkQ7kNvgF_cmeC&_nc_ht=scontent.fhan2-4.fna&oh=03_Q7cD1QF5BT8k-Gp0ap_JVCZszMS9nQdicospJbafOJN4JbU_JA&oe=6680D4F8,,			Đạt	Duyệt		
2024-05-29	FP - Cao Thủ	Hoàng Khánh Duy	Ước mơ nhỏ nhoi của người đàn ông 3 con năm nay đã 35 tuổi 🤣	https://scontent.fhan2-3.fna.fbcdn.net/v/t1.15752-9/441418812_488293113727194_5524570069977424766_n.png?_nc_cat=101&ccb=1-7&_nc_sid=5f2048&_nc_eui2=AeEYqGoxsDfJTOvhYuSzbqcRNwEmJQVerws3ASYlBV6vC9Yr48Y5u0VzPB0NlGWWs6Pm8Z4lw_KVpecgDCHqZKU5&_nc_ohc=MSJyoEFg1GQQ7kNvgEcMXBP&_nc_ht=scontent.fhan2-3.fna&oh=03_Q7cD1QGugn4z0f35Ntf9yGajOH0Zo4p1MbjMvEa5AQKHCPXa1g&oe=6680A870,,			Đạt	Duyệt		
2024-05-29	FP - Cao Thủ	Hoàng Khánh Duy	Chuyến này thì thận ơi tao xin lỗi thật rồi 🙏		https://video.fhan20-1.fna.fbcdn.net/v/t42.3356-2/446198929_7308283169297825_5614070270250446643_n.mp4?_nc_cat=109&ccb=1-7&_nc_sid=4f86bc&_nc_eui2=AeGJciHsCrkOP2hKMgEZfqLhRa5hoqIHMvtFrmGiogcy-_1yfiCSyVPsYa84T-pQHJ1VrztgAfyGjurvuX1lnAyN&_nc_ohc=Mc0E6xXKgQYQ7kNvgFutyIW&_nc_ht=video.fhan20-1.fna&oh=03_Q7cD1QFnMpyGJZL_WTLLclVeo2guZhOVdK-DDzxjILvSBQgJ7g&oe=665B4290&dl=1,,		Đạt	Duyệt		
2024-05-29	FP - Cao Thủ	Hồ Quang Huy	Theo tìm hiểu thì cô gái có giấy chứng nhân tâm thần, gia đình đã cho vào viện điều trị nhưng cô đã nhiều lần trốn ra ngoài rồi gây nên nhiều vụ việc trong vòng 3 năm qua.				Đạt	Duyệt		
2024-05-29	FP - Cao Thủ	Hồ Quang Huy	Cô ấy đã trải nghiệm các món ngon, dịch vụ sang trọng khắp Hà Nội mà không hề mất một đồng tiền phí nào 🥺	https://scontent.fhan20-1.fna.fbcdn.net/v/t1.15752-9/441467640_1218728902879533_69043920565606872_n.png?_nc_cat=102&ccb=1-7&_nc_sid=5f2048&_nc_eui2=AeE8oR6Q6QAgHn6OC_cJ0-C7kg-NvluHkqOSD42-W4eSo0A-v57xtDU0s7oo7hR5VFk3yoGyjN7f99NJmrCL9P8k&_nc_ohc=bdq8ASimbhYQ7kNvgFoofLq&_nc_ht=scontent.fhan20-1.fna&oh=03_Q7cD1QEKqUMFpHngRIu6FzHmW5zonpcIV-9j7Sj6aEit7zsXgg&oe=6680AEAA,,			Bách	Duyệt		
2024-05-29	FP - Cao Thủ	Hoàng Khánh Duy	CHÚNG TA CỦA SAU NÀY...  Gửi đứa bạn lỡ quên không chụp chung ảnh kỷ yếu thời tuổi đôi mươi. Chỉ 1 lời ước hẹn, trễ 50 năm không thành vấn đề :v  Ảnh: D.ư.ỡ.ng l.ã.o Diên Hồng	https://scontent.fhan2-4.fna.fbcdn.net/v/t1.15752-9/441953919_1253793892260553_1000161957396286880_n.png?_nc_cat=110&ccb=1-7&_nc_sid=5f2048&_nc_eui2=AeHhKVpTPQml6I6RnwN4Q1zvnf3KXy-psNGd_cpfL6mw0TgiqGosdULXmVvRaQNYSNNWssuXNnCDO9RA_ynXxJ9N&_nc_ohc=145bIUS5urUQ7kNvgG_C3Vg&_nc_ht=scontent.fhan2-4.fna&oh=03_Q7cD1QF1z8VLTRQMpFjJMz-UE-LeDiU3_u_aDH8KmKt440Y-zQ&oe=6680BD71,,https://scontent.fhan2-4.fna.fbcdn.net/v/t1.15752-9/441142657_470532305355109_9144758007760264952_n.png?_nc_cat=110&ccb=1-7&_nc_sid=5f2048&_nc_eui2=AeFyZMBM-i2QxSkx8nQlHlh7SqJnVpSFNlJKomdWlIU2UpW61puwDhRUomEU3EOCLxKtxBSFqzNvNoA1cjzl0fyg&_nc_ohc=7I4kIhTFkh8Q7kNvgEh4c5Y&_nc_ht=scontent.fhan2-4.fna&oh=03_Q7cD1QEgg1egfMCG6I9I78lAiZq4m9awN5O2m_wmfF7bbGbjEg&oe=6680CFDA,,https://scontent.fhan20-1.fna.fbcdn.net/v/t1.15752-9/441908722_26429390226660430_5835301824641043622_n.png?_nc_cat=109&ccb=1-7&_nc_sid=5f2048&_nc_eui2=AeGPgtTUndLUnm5DrL14yns-5CB4sn-nhHHkIHiyf6eEcWs-HZ-9UkPvp40F1J0KiAirHFHVKRIxZ4V2ukSbmbdL&_nc_ohc=FJMg2ixE828Q7kNvgF9qDFa&_nc_ht=scontent.fhan20-1.fna&oh=03_Q7cD1QFOrMRy6F6sKT0ZfYXjMB3MJYF8XYB8v3jCvTfMEd4k3w&oe=6680C706,,https://scontent.fhan2-4.fna.fbcdn.net/v/t1.15752-9/441940131_1928244474300950_1266541540569723002_n.png?_nc_cat=100&ccb=1-7&_nc_sid=5f2048&_nc_eui2=AeGs7hdQ4Ux3xgacjfcC7pE88Sjatbm7hsnxKNq1ubuGyS8ZPlEhA6eLtcA-RxMOrZG7BrB8ZMOUXt3VCRQJgn4J&_nc_ohc=x38uU4xiSAMQ7kNvgEV92_Q&_nc_ht=scontent.fhan2-4.fna&oh=03_Q7cD1QESVJOv7Tdb5cLIadIi2PnV74EOYKeY6TUaixpzPpLJSA&oe=6680CC6A,,https://scontent.fhan2-3.fna.fbcdn.net/v/t1.15752-9/441877881_446353367984552_3634987444792340569_n.png?_nc_cat=101&ccb=1-7&_nc_sid=5f2048&_nc_eui2=AeF1dj5jTpm-YusW6jXEU84sY8d3xX2Sch9jx3fFfZJyHwO9sLkfT6r053RuCpkE1qOFYt5FzzMSVxzmjBIcG3G3&_nc_ohc=FBlwJ1smpf0Q7kNvgGzeWif&_nc_ht=scontent.fhan2-3.fna&oh=03_Q7cD1QENPR1yNTWNdgmxJDToheadoKQ3WBXKDR4rJwduEuuCMg&oe=6680C6D5,,https://scontent.fhan2-5.fna.fbcdn.net/v/t1.15752-9/436618583_2216456372032272_7748838646412572808_n.png?_nc_cat=107&ccb=1-7&_nc_sid=5f2048&_nc_eui2=AeGvqazJ4JSzvOcLD7FslrBKDLnEtp1mPokMucS2nWY-ifOFonLRYOVqaP-rXcShSBvqmeu6c-Mf8PfCbrIiKxFI&_nc_ohc=wGbLVaasIKEQ7kNvgHmKMj9&_nc_ht=scontent.fhan2-5.fna&oh=03_Q7cD1QH-zAGd7-MdTtvZgAVaMhFrXzF8NokOdP3hTNWL1O5Jkg&oe=6680B165,,			Đạt	Duyệt		
2024-05-29	FP - Cao Thủ	Hồ Quang Huy	"LÚ LUÔN!  Mới đây, một quản lý nhà hàng của khách sạn 5 sao tại Hà Nội đã chia sẻ về việc cô gái xinh đẹp, mặc váy trắng tới nhà hàng của một khách sạn sang trọng gọi những món đắt tiền rồi...""bùng""  “Khi mới vào, cô ấy ăn mặc sang trọng, nói chuyện lịch sự”, anh S. chia sẻ. Khi cửa hàng đến giờ chuẩn bị đóng cửa, nhân viên in hóa đơn tính tiền thì cô gái này “tỏ ra ngây ngô, không mang bất kỳ giấy tờ cá nhân nào”.  Công an phường Cống Vị (quận Ba Đình, Hà Nội) đã xác nhận sự việc trên. Công an xác định cô gái trên nhiều lần đi ăn không trả tiền với lý do có “tâm lý không bình thường”. Khách sạn sau đó cũng lực bất tòng tâm và phải để cô gái này rời đi.  Menu cô gái gọi: 01: bò wagyu nhật A5 , (300gr) 01 : con Tôm hùm nguyên con , ( 1kg) 01 chai rượu vang Đức Ăn xong 3 món chính trên cô ta order gọi món thêm 01: đĩa hoa quả 01: đĩa bánh 01: oliuver 01 : ly cocktail + 1 chai nước Tổng cộng hết hơn 11 triệu đồng!  Theo VTCnews"	https://scontent.fhan20-1.fna.fbcdn.net/v/t1.15752-9/441569332_1181159919741147_7395050955139468465_n.png?_nc_cat=109&ccb=1-7&_nc_sid=5f2048&_nc_eui2=AeGPg4C1MIYevs4OWOOAy7g0clsSvArPfLRyWxK8Cs98tFriD4eUYWcLlC9GEyczNAWD8IK1aRS48Zr5Ng4a48yh&_nc_ohc=d1VXl2oks4MQ7kNvgEguZtq&_nc_ht=scontent.fhan20-1.fna&oh=03_Q7cD1QG2ui4RkCxdLSBVUtoXsm-nwDhSB2iEU-S16g-qZ6Xb8A&oe=6680D345,,			Bách	Duyệt		
2024-05-29	FP - Cao Thủ	Hồ Quang Huy	Mẫu mắt Hide On Bush 🤓	https://scontent.fhan2-4.fna.fbcdn.net/v/t1.15752-9/441546582_342218721951604_3814404287299771543_n.jpg?_nc_cat=110&ccb=1-7&_nc_sid=5f2048&_nc_eui2=AeGCGFT0TYOexmePfUTvclfTdn4agF02W0Z2fhqAXTZbRjXoN9CVLs-1CuxMvEvP_JB4RJpMf6sUpjWw4cOhqLsf&_nc_ohc=uWfZvZRwIOMQ7kNvgGlvrmD&_nc_ht=scontent.fhan2-4.fna&oh=03_Q7cD1QFMyQrtWLVSF3LlwY-2G58FVjZ9Y_Wl3YnrQtMv-M7EOA&oe=6680BE91,,			Bách	Duyệt		
2024-05-28	FP - Cao Thủ	Nguyễn Bá Dũng	Lào Cai: Nơi lạnh lẽo nhất lúc này 🥲🥲🥲	https://scontent.fhan2-4.fna.fbcdn.net/v/t1.15752-9/440990137_773385634948304_6534360196532933334_n.jpg?_nc_cat=100&ccb=1-7&_nc_sid=5f2048&_nc_eui2=AeEjMuSvaNTNVetuuwMxO1sGtVsV7GM63AW1WxXsYzrcBeELJSqJ6-aLdnPle3w3ShoSe3FrX-73QL5R93itjn1N&_nc_ohc=SZ7Ra4Z7L7sQ7kNvgEJPLgz&_nc_ht=scontent.fhan2-4.fna&oh=03_Q7cD1QG6iAxwSkxsAw0dGU8b5ZNKjdEjqjuTf4J86M3-n3pFlQ&oe=6680D64F,,			Bách	Duyệt		
2024-05-28	FP - Cao Thủ	Nguyễn Bá Dũng	CÔ GÁI CÓ TRÁI TIM NẰM BÊN PHẢI <3  Trước khi nhập viện vài ngày, cô gái bị đau bụng theo cơn nhưng không đi khám. Tình trạng đau ngày càng tăng ở vùng hố chậu trái, n.ôn, đau vùng thượng vị, sau đó lan xuống hạ vị kèm s.ốt  Qua khám lâm sàng và kết quả các xét nghiệm, siêu âm bụng, chụp CT ổ bụng, các bác sĩ xác định người bệnh bị vi.êm phúc mạc khu trú do ruột thừa m.ủ trên nền người bệnh bị đảo ngược ph.ủ t.ạng hiếm gặp  Trái tim và dạ dày của người bệnh nằm bên phải, còn gan và ruột thừa nằm bên trái, trái ngược hoàn toàn so với bình thường. Đây là d.ị t.ật hiếm gặp, với tỷ lệ khoảng 0,001% - 0,01%, Trong đó khoảng 5-10% có d.ị t.ật tim bẩm sinh kèm theo, khoảng 4% trong số các ca đảo ngược ph.ủ t.ạng có thể mắc vi.êm ru.ột th.ừa, còn lại có cuộc sống hoàn toàn bình thường, không ảnh hưởng đến sức khỏe  Theo: Kênh 14	https://scontent.fhan2-5.fna.fbcdn.net/v/t1.15752-9/445798797_1915948298875455_6011415174275224323_n.png?_nc_cat=104&ccb=1-7&_nc_sid=5f2048&_nc_eui2=AeFc0-NVpmAKAhgp2qaw2pNYd8DptKRKurR3wOm0pEq6tP0K7Gn8P2Kh-u82mdo-sSn2VmOTSf-9TVyUOm5GxOIH&_nc_ohc=5IC2nXurri4Q7kNvgEWIIGP&_nc_ht=scontent.fhan2-5.fna&oh=03_Q7cD1QGtYPjaEBzux2ctv0jCs75AQDxUFKy6eb8rEpUt6XqISQ&oe=6680D479,,			Bách	Duyệt		
2024-05-28	FP - Cao Thủ	Hồ Quang Huy	Quá tuyệt vời =)))	https://scontent.fhan2-3.fna.fbcdn.net/v/t1.15752-9/445708018_1087984732277293_8755587845543305447_n.png?_nc_cat=111&ccb=1-7&_nc_sid=5f2048&_nc_eui2=AeEmrKks5_zv02oRVxc_PrQzChozazRD8hEKGjNrNEPyEcKSqC3xoSFOnah2Zsl0Uwwm-kWrerUwBX5NeeRCCgR9&_nc_ohc=gnrXy-PKzPcQ7kNvgGTW9zA&_nc_ht=scontent.fhan2-3.fna&oh=03_Q7cD1QEiIk4-jG3c6Fd15Sffp_A7ZEPvtbLpep7nEbv3dM9bbQ&oe=6680A6C7,,			Bách	Duyệt		
2024-05-28	FP - Cao Thủ	Nguyễn Bá Dũng	Ngạo nghễ fan Mu tại Vi En 🤣🤣🤣  Cổ động viên Việt Nam vừa được fan page chính thức của CLB MU đăng bài cảm ơn vì sự cổ vũ nhiệt tình cho đội bóng trong trận chung kết FA cup	https://scontent.fhan20-1.fna.fbcdn.net/v/t1.15752-9/441515257_801751848762790_730230455211180506_n.jpg?_nc_cat=103&ccb=1-7&_nc_sid=5f2048&_nc_eui2=AeHhBggdwqgZXGPBqHC4FBZDi9r16Hrsp1CL2vXoeuynUEV7iB23TO_mqBvFlJVd7SahaF1YdSZF8ddZ6AnKlPTG&_nc_ohc=WY-Oiy_EzzEQ7kNvgEnyIvU&_nc_ht=scontent.fhan20-1.fna&oh=03_Q7cD1QEdz0yrnGr8C2DthXwgnUeXS2DLa5Dtcb1iJVYytpDPAQ&oe=6680C457,,			Bách	Duyệt		
2024-05-28	FP - Cao Thủ	Nguyễn Bá Dũng	Đúng là chỉ có con trai mới hiểu được nhau 😂  Vid: Anh bốc vác	https://drive.google.com/thumbnail?id=1KvdLf5WtW3yurf_vjrsnsj2zOZ6lgW1d		https://drive.google.com/file/d/1KvdLf5WtW3yurf_vjrsnsj2zOZ6lgW1d/view?usp=sharing	Bách	Duyệt		
2024-05-28	FP - Cao Thủ	Nguyễn Bá Dũng	Cô bé bán lê nổi tiếng Vàng Thị Sinh (sinh năm 2003) giờ đây đã trở thành thiếu nữ xinh đẹp <3	https://scontent.fhan2-5.fna.fbcdn.net/v/t1.15752-9/445595228_441856131796078_1038104184037036815_n.png?_nc_cat=106&ccb=1-7&_nc_sid=5f2048&_nc_eui2=AeHrdX72PnyJprOFPl8DXi5lqcpnwHMfq-2pymfAcx-r7QCv_LR6puwPNs3J1A4W0iWjguLilWTqAV-MrixaNjW-&_nc_ohc=D5Td4TMFIz4Q7kNvgHhDcpV&_nc_ht=scontent.fhan2-5.fna&oh=03_Q7cD1QG9yKPnrbDB6PJKexKl7v0QIXri3Tt3NAxpNB0U38hr5A&oe=6680C9D2,,https://scontent.fhan20-1.fna.fbcdn.net/v/t1.15752-9/445740642_416491604686040_1239745177263508230_n.png?_nc_cat=102&ccb=1-7&_nc_sid=5f2048&_nc_eui2=AeFpnxzk0IaiYQVGFG_V9KIrXGIL0U_XaLNcYgvRT9dos9BLa6w9IdBIvOpkgWub-7c2MrGSJKh6Wd_clelWDjdN&_nc_ohc=eKbY5ySNR9YQ7kNvgEaxAdN&_nc_ht=scontent.fhan20-1.fna&oh=03_Q7cD1QGkM1tBSv0bvnXVb4KU-GyZhbCqzkE_Duk1h48UNMlIgw&oe=6680D368,,https://scontent.fhan2-3.fna.fbcdn.net/v/t1.15752-9/438171587_1012691113752978_1000811953444615853_n.png?_nc_cat=111&ccb=1-7&_nc_sid=5f2048&_nc_eui2=AeGjoiSvjYk3KyFfD9cRPbkIghWcwryEdX-CFZzCvIR1f2FhzjGm1t_SPtppXwsU6ObLTQ-u99nULeYj9xU4A6De&_nc_ohc=Oot2uQ31SC0Q7kNvgFIImdc&_nc_ht=scontent.fhan2-3.fna&oh=03_Q7cD1QEnbaR3jBcLQywdI54yPGk3NG7GiLnDOyeSB4WDhc4Udg&oe=6680A16C,,https://scontent.fhan20-1.fna.fbcdn.net/v/t1.15752-9/441878691_1682407899170756_4539543166191008686_n.png?_nc_cat=109&ccb=1-7&_nc_sid=5f2048&_nc_eui2=AeH2y8L2Sz8fb1VI2ou0JL0x-C02oBSf39L4LTagFJ_f0sa2QFKhD5b-wD9UuuqLWhwkUKwfwCEzxN5QJhWz3ckM&_nc_ohc=_pXhLnU9-mgQ7kNvgFjxBFs&_nc_ht=scontent.fhan20-1.fna&oh=03_Q7cD1QGUWgAoR7HPSf1VWVpMJpuUVeCRDXBTK97u2a4L9MvKQA&oe=6680B69B,,https://scontent.fhan2-5.fna.fbcdn.net/v/t1.15752-9/438171587_3762615677395596_2251023373624976461_n.png?_nc_cat=107&ccb=1-7&_nc_sid=5f2048&_nc_eui2=AeH-QxnMjn2eV8NDHMGo9dDdEDrlrO12egQQOuWs7XZ6BFHn7MprF_vRbNoMEGwmnyoew7Deh5wCd9qiDvG5gSYj&_nc_ohc=j3SbRun8Q-wQ7kNvgHKz3iT&_nc_ht=scontent.fhan2-5.fna&oh=03_Q7cD1QEECXpadcrXIfQYuVVPxc8_ZG0o836uW2YmWJxn41zpnQ&oe=6680A7C0,,https://scontent.fhan2-4.fna.fbcdn.net/v/t1.15752-9/441523267_800277538713103_6419490741205665880_n.png?_nc_cat=105&ccb=1-7&_nc_sid=5f2048&_nc_eui2=AeG6oMPeegxQyGGBu5UksuR_syIX1bn6BPuzIhfVufoE-9VPcn3Vz_mSYnCO6bqgBBbcUmmT12L8EZ9ZWrP-pvG2&_nc_ohc=z2kB8GIelvYQ7kNvgFXxmCH&_nc_ht=scontent.fhan2-4.fna&oh=03_Q7cD1QH8Rb3_jKnGL3hyfi5vM0ofwv1W9q5YYFmW_Y-6kjfEqA&oe=6680A314,,https://scontent.fhan2-4.fna.fbcdn.net/v/t1.15752-9/441710476_849397093675716_4337238280364319262_n.png?_nc_cat=105&ccb=1-7&_nc_sid=5f2048&_nc_eui2=AeGY6TuQO2wQ4O3KnZtMI1ZQzKhCkxKBw3LMqEKTEoHDci5vkWiIQ3Z89hrZ2UN2dv_r54MN3phJAIkP4pet3oE_&_nc_ohc=W31h0WXAr98Q7kNvgFhgFAi&_nc_ht=scontent.fhan2-4.fna&oh=03_Q7cD1QFPt04BMXf91_E50o2S49Tm1VRdm7Pn3mjQZaNDbcH9ew&oe=6680C27F,,			Đạt	Duyệt		
2024-05-28	FP - Cao Thủ	Nguyễn Bá Dũng	Được biết bố em là bố đơn thân, đi làm xa nhà để kiếm tiền nuôi em ăn học	https://scontent.fhan2-5.fna.fbcdn.net/v/t1.15752-9/445587723_828364955825103_8064161179941553998_n.png?_nc_cat=107&ccb=1-7&_nc_sid=5f2048&_nc_eui2=AeGZylR-N_unNRsIl6jfKFeOh9cx6P3mjfaH1zHo_eaN9u0mrX8sSPjnuG5pJf-bQvdlFX8RcQFiGRq4eZT3LrNk&_nc_ohc=26oyi9lSDbAQ7kNvgFFmkHd&_nc_ht=scontent.fhan2-5.fna&oh=03_Q7cD1QGMzH-HSWNVVVWKw1cJI9Q58_XjmqPg55V2NqR28CJFCA&oe=6680B857,,			Đạt	Duyệt		
2024-05-28	FP - Cao Thủ	Nguyễn Bá Dũng	Ny còn đỡ đó nếu là vợ thì xác định không có cơm đâu :))	https://scontent.fhan2-5.fna.fbcdn.net/v/t1.15752-9/441327332_1177453523614973_5820385116738138119_n.jpg?_nc_cat=107&ccb=1-7&_nc_sid=5f2048&_nc_eui2=AeFoKKoXr_R3GmQc8PgavqbAi9URuRAwOI-L1RG5EDA4j0QkFKwUWgjoEsrn8sTBHXlC5VmKjZP8QYsYypqTBKIV&_nc_ohc=qSudTS4PL3AQ7kNvgEG2L3I&_nc_ht=scontent.fhan2-5.fna&oh=03_Q7cD1QEPKCTnX334Ntw9DivIZCtQxUaUSSX9gezMz0sC1npTAg&oe=6680D3A5,,			Đạt	Duyệt		
2024-05-28	FP - Cao Thủ	Nguyễn Bá Dũng	BIẾT VẬY ĐẺ RA QUẢ DƯA HẤU ĂN CHO MÁT RUỘT  Đam mê bộ môn toán học, đặc biệt là Phỏm, 3 cây, chẵn phải lẻ trái theo cái ăn xiền,... Saw ở tuổi 40 đi lên từ 2 bàn tay trắng đã gây dựng được khoản nợ 542 triệu đồng.  Bà mẹ khi biết tin chiến công của con zai đã lập tức mở cuộc họp báo tuyên bố trước truyền thông việc từ mặt con zai để không bị chủ nợ đòi tiền  Được biết, bà đã nhiều lần trả nợ cho con và đã phải hứng nhận những lần chủ nợ đến đòi, ngôi nhà đang ở cũng bị t.ấn c.ông bằng những chất bẩ.n  Hiện tại Saw đang thất nghiệp và nợ tiền 28 người.	https://scontent.fhan2-3.fna.fbcdn.net/v/t1.15752-9/445762231_335147212723180_3676043170519542990_n.png?_nc_cat=101&ccb=1-7&_nc_sid=5f2048&_nc_eui2=AeHSGlp7nRPbUjsqO6o3JF6i6NNvxtjLYR7o02_G2MthHkXiGY46BQngvevoUYWrF-FMhDWlC3KxIywhdM0PwUU2&_nc_ohc=6_8JNsJM77MQ7kNvgHwLKf5&_nc_ht=scontent.fhan2-3.fna&oh=03_Q7cD1QHdiwsvTBdoxiSd5eHlDxSZMd5JRUXZGP6cbEg7yIP1BQ&oe=6680CE24,,			Đạt	Duyệt		
2024-05-28	FP - Cao Thủ	Hồ Quang Huy	Tình huống khiến giang cư mận đau đầu nhất lúc này!	https://scontent.fhan2-4.fna.fbcdn.net/v/t1.15752-9/445666763_3768694873366375_8527150409409446445_n.jpg?_nc_cat=110&ccb=1-7&_nc_sid=5f2048&_nc_eui2=AeHrFcB7K0bm3MwJFItyRVLOZBgR9vFr1OBkGBH28WvU4Ddrv_jU-nF9G-MmoR71Mo1tijEt0XXyVVh009L6ktVK&_nc_ohc=4NI-I4JHqVMQ7kNvgEGt-Ny&_nc_ht=scontent.fhan2-4.fna&oh=03_Q7cD1QGpFaQMqs6_OD_b85VWWko22V1hdHj_diFuR06vnYDxMQ&oe=6680A6BF,,			Đạt	Duyệt		
2024-05-28	FP - Cao Thủ	Nguyễn Bá Dũng	Tôi: Chuẩn bị đi ngủ Sếp: Alo em ơi =))	https://scontent.fhan20-1.fna.fbcdn.net/v/t1.15752-9/445613963_3100767916725878_5657674812202408702_n.png?_nc_cat=102&ccb=1-7&_nc_sid=5f2048&_nc_eui2=AeGXUSw-s2v3C3-zdERdP47dK5pFdHsWSO4rmkV0exZI7gO1IXCo8k1I7Si7gvrc_-dJ1SCHL100FXZHYIY6EW6U&_nc_ohc=EdXOXSwjAhgQ7kNvgEJfuOr&_nc_ht=scontent.fhan20-1.fna&oh=03_Q7cD1QFl3788An3HDk319Xj9KxOME4uL7qgVoxO4BHh-dKxV9A&oe=6680D3D4,,			Đạt	Duyệt		
2024-05-28	FP - Cao Thủ	Hồ Quang Huy	Xong!	https://scontent.fhan20-1.fna.fbcdn.net/v/t1.15752-9/441451143_1583778745498756_8350473895563304587_n.jpg?_nc_cat=102&ccb=1-7&_nc_sid=5f2048&_nc_eui2=AeHc2yjiBPLCbZLuubU_8A-ayXeHt4ePSHLJd4e3h49IcuPzcjGC0JAkoEcKsTJttiLQfZ4D9-CVll_2DlWMf0nH&_nc_ohc=VUQR1CBsH4UQ7kNvgGhAfvE&_nc_ht=scontent.fhan20-1.fna&oh=03_Q7cD1QHWL3UVSFkuEptXvOgwnKw3Jpg0Em3ICpZl36X0jhB91A&oe=6680A9E8,,			Bách	Duyệt		
2024-05-28	FP - Cao Thủ	Hồ Quang Huy	Cầm lên định hỏi giá bao nhiêu ?  - Bà chủ trái cây cầm sẵn túi nilon: “Của cháu hết 55k thôi, chuyển khoản hay tiền mặt 🤑”   😐😐😐	https://scontent.fhan2-3.fna.fbcdn.net/v/t1.15752-9/441709792_338762718991431_8325988347625024992_n.jpg?_nc_cat=108&ccb=1-7&_nc_sid=5f2048&_nc_eui2=AeEWd6LfAjrpQZiCUscqKjwz2ak4o9NCh1XZqTij00KHVWOv-Gw7y0Pr1FpH58zDnfptdh63sWbZklaA7Lq3looV&_nc_ohc=49KOHbeDER0Q7kNvgHeUg94&_nc_ht=scontent.fhan2-3.fna&oh=03_Q7cD1QFA8wAzIFQKZo2ECiDZjSIf6169o5oI7P57ESFhStxftw&oe=6680CDFB,,			Bách	Duyệt		
2024-05-28	FP - Cao Thủ	Hồ Quang Huy	Các vợt thủ đâu thời tới kìaaaa	https://scontent.xx.fbcdn.net/v/t1.15752-9/438083473_1147755139761919_6398717163028897381_n.png?stp=dst-png_p320x320&_nc_cat=103&ccb=1-7&_nc_sid=5f2048&_nc_eui2=AeGKskba41fO76k7DC4HezfwOz7C_aNC14U7PsL9o0LXhRjr51iGy2zM4iptuWYFcwPDxMdCvK6W-JnkKUoowCGJ&_nc_ohc=b9Kd-2cukKsQ7kNvgE1cBzD&_nc_ad=z-m&_nc_cid=0&_nc_ht=scontent.xx&oh=03_Q7cD1QEDEgKFvI5WHztX5cLcu3_Wdf5s_qKDm_EV7GWxS1jJpA&oe=668264C2			Bách	Sửa/ xóa bài	Bài nội dung tuyển đụng dễ dính lừa đảo	"An ninh mạng"
2024-05-28	FP - Cao Thủ	Hoàng Khánh Duy	Đúng ý anh rồi còn gì nữa    Lướt mạng siu nhanh với wifi VNPT siêu tốc, ưu đãi sốc #vnpt #wifimesh #wifibuttoc_uudaisoc	https://scontent.fhan2-3.fna.fbcdn.net/v/t1.15752-9/442456564_420996837501495_9107973181213321625_n.png?_nc_cat=101&ccb=1-7&_nc_sid=5f2048&_nc_eui2=AeGpgu_4T7_jKs6PZpl4Ri6w8ZtuMD4PEtHxm24wPg8S0fjXXY4v1trx6V8fUgaYdRTUxXKyQhVIEK6Atk6tD2wd&_nc_ohc=9c4NLjc9_PIQ7kNvgEFJaDZ&_nc_ht=scontent.fhan2-3.fna&oh=03_Q7cD1QGOp0b0KaVSPx4MBqPw_ZGTDKKBCMcgjUIgCfmDRwwNMA&oe=6680BA54,,https://scontent.fhan2-5.fna.fbcdn.net/v/t1.15752-9/436588544_1664258604486800_8725038009110489674_n.png?_nc_cat=107&ccb=1-7&_nc_sid=5f2048&_nc_eui2=AeHkhALeciyUinnkJery0hqekNdLozXXl8uQ10ujNdeXy02q-xEruflpVdkWAk_6X-4TfA5PZeEueDvb2T2WDDJD&_nc_ohc=iJ-gl9lXpEcQ7kNvgHNbuN8&_nc_ht=scontent.fhan2-5.fna&oh=03_Q7cD1QF5PNBRor0yoYmWuCkji9uiEjwMahrhR3OBCSAh3xG5fA&oe=6680C232,,			Bách	Duyệt		
2024-05-28	FP - Cao Thủ	Hồ Quang Huy	Lú cái đầu luôn 😅		https://video.fhan2-3.fna.fbcdn.net/v/t42.3356-2/446386277_7583098355093266_2075910235269761206_n.mp4?_nc_cat=111&ccb=1-7&_nc_sid=4f86bc&_nc_eui2=AeF8imkGkxBJJexu6UjAq2eZpoFYjmCrH1emgViOYKsfV7b2Kyag1ClOYOYI11X0Bf51NPM6ywUGcsYzgFD33KtL&_nc_ohc=RB4kMD8NRQYQ7kNvgG2LiXE&_nc_ht=video.fhan2-3.fna&oh=03_Q7cD1QFne9ugbgsVtj16iHCnhAAwxHBgun8bziWd_IHwweSyvQ&oe=665B1137&dl=1,,		Bách	Duyệt		
2024-05-28	FP - Cao Thủ	Hoàng Khánh Duy	Tới công chuyện 🫡	https://scontent.fhan2-4.fna.fbcdn.net/v/t1.15752-9/441499393_1175022390319667_7481611845762576996_n.png?_nc_cat=100&ccb=1-7&_nc_sid=5f2048&_nc_eui2=AeEV0lVGcQRk6c_FrMB1GC4TEtDWu_o9euwS0Na7-j167ApC4QCrOC4cxwgfvtwmmh40TvoohA8G3tFdNAV8A3Aq&_nc_ohc=xlq8xtA5PMQQ7kNvgHb-Ulx&_nc_ht=scontent.fhan2-4.fna&oh=03_Q7cD1QHv9BzVZ0TXT4uWzZR4wmsiyZTMfvyLO7QKWrbERGEKqA&oe=6680BEE9,,			Đạt	Sửa/ xóa bài	Đổi ảnh, dính ảnh độc quyền theanh	
2024-05-28	FP - Cao Thủ	Hồ Quang Huy	Bao bữa tối nữa mới xóa hết nợ đây :v	https://scontent.fhan2-5.fna.fbcdn.net/v/t1.15752-9/441431734_1620588215357865_3279937181999885326_n.png?_nc_cat=106&ccb=1-7&_nc_sid=5f2048&_nc_eui2=AeGHgq-3IiE5DaI9-y2ssak0Z8Xgt-8WZDxnxeC37xZkPEHppXCpxngwlKc_Gaf1CxribwBLjDXa3zmLBopGylbj&_nc_ohc=g-rkcxr2ylgQ7kNvgHWsFW6&_nc_ht=scontent.fhan2-5.fna&oh=03_Q7cD1QEnHpAu-oMggnHngSHD5pax5Xl3tRdv6htJTerY_UbeeQ&oe=6680A63C,,			Bách	Duyệt		
2024-05-28	FP - Cao Thủ	Đức Bách	rủi ro chứ =))					Duyệt		
2024-05-28	FP - Cao Thủ	Hoàng Khánh Duy	Nghề nào cũng có rủi do :))	https://scontent.fhan2-5.fna.fbcdn.net/v/t1.15752-9/441878646_395118623517947_9012356159656283842_n.png?_nc_cat=106&ccb=1-7&_nc_sid=5f2048&_nc_eui2=AeGyiClGbIKoKgoysya56PAGVzCNiPV4bPtXMI2I9Xhs-7c4qCUROvOOCTkru7iVTmTDwJljyZ6-6WafWYr-EAs5&_nc_ohc=K43qztEXF-QQ7kNvgHkvEFC&_nc_ht=scontent.fhan2-5.fna&oh=03_Q7cD1QGTslRv5jne5P2OCqwrZXxf9a81e0kuaz2WVWakznXL1A&oe=6680C904,,			Bách	Duyệt		
2024-05-28	FP - Cao Thủ	Hoàng Khánh Duy	Lễ hội thuyền rồng ở Đài Loan 🇹🇼  Đội tuyển được đánh giá là trèo nhanh hơn cả tàu lượn siêu tốc, rất nhiều ứng viên chèo thuyền ứng tuyển :))	https://scontent.fhan2-5.fna.fbcdn.net/v/t1.15752-9/440925255_7583858765036402_5543397286944496448_n.png?_nc_cat=106&ccb=1-7&_nc_sid=5f2048&_nc_eui2=AeGszWIMHxVTSyPG_44IFfyuVPmw1280LO5U-bDXbzQs7p0oQ7YnAftqQhcaHKCtEPduK6Lfuck8kOohwrxtc76Z&_nc_ohc=FVpb3WvhbzUQ7kNvgEyZrJo&_nc_ht=scontent.fhan2-5.fna&oh=03_Q7cD1QEU5OhDJDzwKV8xE5h4HIA79ccPTsOtBSuhI924TtQJLA&oe=6680ADC2,,https://scontent.fhan20-1.fna.fbcdn.net/v/t1.15752-9/445374159_325589493743032_3269503821897086600_n.png?_nc_cat=103&ccb=1-7&_nc_sid=5f2048&_nc_eui2=AeHW1sakoFkFwSLnygCDX5Gd4C4FYzjHC4PgLgVjOMcLgxrvZ9iJH1I53uj0-uu3R8o7khOiwflQE8PmbMj1oQ4A&_nc_ohc=bzam2fD4Y8wQ7kNvgGKIXYL&_nc_ht=scontent.fhan20-1.fna&oh=03_Q7cD1QHgPKdhNyjBI-Qw-tYApPbAC6xmdP9vYm_SWtJ5u5sPJw&oe=6680C7A5,,https://scontent.fhan2-5.fna.fbcdn.net/v/t1.15752-9/442733419_421925170738549_4701486530765223267_n.png?_nc_cat=106&ccb=1-7&_nc_sid=5f2048&_nc_eui2=AeEKgHP-48QcoMJYJz8ux1baH5IbG77i5B0fkhsbvuLkHYwpeJw92jiRBaaXoes3urqG7GTPesemDdEADstuqe-Q&_nc_ohc=sUvjAOKDT5oQ7kNvgGGcnwt&_nc_ht=scontent.fhan2-5.fna&oh=03_Q7cD1QF62ZVDnax8k5ke4RBOErzd029qp-sXvHnddAUd2cXi5w&oe=6680B2D6,,https://scontent.fhan20-1.fna.fbcdn.net/v/t1.15752-9/436701777_467057875991869_6964787900112321562_n.png?_nc_cat=103&ccb=1-7&_nc_sid=5f2048&_nc_eui2=AeELkiEwr_c41KZ9lKXOsQK8RJLg8q48m3BEkuDyrjybcEpfqxDNc5C_LFAsD-HChFgCLXYzPFMDnoXh2yl19b4Q&_nc_ohc=xJquiNxtB6sQ7kNvgFgGTzT&_nc_ht=scontent.fhan20-1.fna&oh=03_Q7cD1QHgLEl0IEMVEBoXFUxXayZOoQB9frruGaM8dGZG2qgF0g&oe=6680BB0B,,			Bách	Duyệt		
2024-05-28	FP - Cao Thủ	Hoàng Khánh Duy	Bí kíp giúp ae thoát khỏi kiếp nạn khi book KOL!!  Đăng ký ngay thôi anh em ơiii.	https://scontent.fhan2-4.fna.fbcdn.net/v/t1.15752-9/441897844_333615869561809_5349387709526528410_n.png?_nc_cat=110&ccb=1-7&_nc_sid=5f2048&_nc_eui2=AeG3sWNRLlY7ajiM9rxSi1g4bTUI79kcymFtNQjv2RzKYVW78fdK2OV48GJLyuxDjnHnbTbwin0_KbNct53POnkX&_nc_ohc=peu9XjYP5SMQ7kNvgH7UVM_&_nc_ht=scontent.fhan2-4.fna&oh=03_Q7cD1QEN3byZO2l1s0BVtCiBZmux05pKn_bQ9WAD-Zorq3xr1g&oe=6680ABA1,,			Bách	Duyệt		
2024-05-28	FP - Cao Thủ	Hoàng Khánh Duy	Nghe cái nhạc là t đã thấy nghi nghi rồi :))		https://video.fhan2-3.fna.fbcdn.net/v/t42.3356-2/442508748_25662041143444119_2610204855169927888_n.mp4?_nc_cat=108&ccb=1-7&_nc_sid=4f86bc&_nc_eui2=AeFzVi64zAQmVVZA6gMT0NtSZpl-xOeCdsZmmX7E54J2xoQFShwr5OeSWciVOgfTfl9AG2cTaD4_JMNLheR5dnyD&_nc_ohc=5Z-QzhNWqlUQ7kNvgGC_BzQ&_nc_ht=video.fhan2-3.fna&oh=03_Q7cD1QF7KpHcboI0yYc_o9XLyrBZiohtAl6RoyBZ8cJIQJ_TNQ&oe=665B134C&dl=1,,		Đạt	Duyệt		
2024-05-28	FP - Cao Thủ	Hồ Quang Huy	"Lại khối ông ước được làm em rể ""ông trời"" =)))"	https://scontent.fhan20-1.fna.fbcdn.net/v/t1.15752-9/441501351_442438425152711_7813155736152240939_n.png?_nc_cat=103&ccb=1-7&_nc_sid=5f2048&_nc_eui2=AeF6QitfBkUXSM-PhisdoPLq439J68c0xS_jf0nrxzTFL1R8AFnHl7TsitwnjCRRl8g9gql4iwb6E3cKGJ_uQIV0&_nc_ohc=XXoLCQYPv_IQ7kNvgHx_vcm&_nc_ht=scontent.fhan20-1.fna&oh=03_Q7cD1QGpomUlR4NniwyRDadAJDmKxJsUJNATD7mhKOVcADby5Q&oe=6680CD48,,			Bách	Duyệt		
2024-05-28	FP - Cao Thủ	Hồ Quang Huy	Skin tối thượng tại sảnh huyền thoại của Faker nhưng nó cứ cấn cấn đâu á 😳	https://scontent.fhan2-4.fna.fbcdn.net/v/t1.15752-9/441464553_1138992664032441_8023032908262322162_n.png?_nc_cat=110&ccb=1-7&_nc_sid=5f2048&_nc_eui2=AeGVrWBTzr8W3qO1zQ-QEPBrX1HQM1aQOG9fUdAzVpA4b9RUR9PM37fTDQTwQxK3Ym9gXIhn-P-n6XYaP6VJ-RqA&_nc_ohc=dbXBb_a5vssQ7kNvgFKLQ5I&_nc_ht=scontent.fhan2-4.fna&oh=03_Q7cD1QESrhVH4uwMfgkr0vuaHcmso8gOgiJBSzPWGYqCpCIb1Q&oe=6680B882,,			Đạt	Duyệt		
2024-05-28	FP - Cao Thủ	Hoàng Khánh Duy	Thôi thư đã dài 🥹	https://scontent.fhan2-5.fna.fbcdn.net/v/t1.15752-9/441464557_1444888202828582_6377447383816753446_n.png?_nc_cat=106&ccb=1-7&_nc_sid=5f2048&_nc_eui2=AeFX0C_VKbGjFR6CCcmgOT6AlXKGMtB50y6VcoYy0HnTLhy1XQzvCcUM8qYgBvxyBDlpmxrxv55cgfsignTsi9rd&_nc_ohc=f0phlDdVQKkQ7kNvgGJaPK5&_nc_ht=scontent.fhan2-5.fna&oh=03_Q7cD1QG1UpWOZUpJbCSL235cUB-7BEKljDNUUCIwCOLi9b0Lfw&oe=6680CA60,,			Đạt	Duyệt		
2024-05-28	FP - Cao Thủ	Hồ Quang Huy	Xem mà tức thay anh shipper 😔 Anh shipper nghe xong cũng quay xe đi khỏi quán luôn	https://scontent.fhan20-1.fna.fbcdn.net/v/t1.15752-9/441418812_479262081441125_7634322356122497505_n.png?_nc_cat=103&ccb=1-7&_nc_sid=5f2048&_nc_eui2=AeE7bcK7kJUXKlYojDXEksiNKhjsQQtCvxgqGOxBC0K_GPcGroTI2mCm_a4Y47s_c9sGRVZHS0YSzD3yv_XT8IE3&_nc_ohc=G8-6p_zWXBoQ7kNvgF8Q481&_nc_ht=scontent.fhan20-1.fna&oh=03_Q7cD1QHs4JFRF9rxnw35XUuqDUi7uw32h68Ywqj4BNe3xxvjIQ&oe=6680C224,,			Đạt	Duyệt		
2024-05-27	FP - Cao Thủ	Nguyễn Bá Dũng	PHỐ LƯƠNG ĐỊNH CỦA - HÀ NỘI NGAY LÚC NÀY  Lại xảy ra một vụ 🔥 Hi vọng không ai làm sao 😥	https://scontent.fhan2-5.fna.fbcdn.net/v/t1.15752-9/441059192_822077082625927_6000475783107600377_n.png?_nc_cat=104&ccb=1-7&_nc_sid=5f2048&_nc_eui2=AeE4xRasawn15l2kPEOzH59BjmGTXzeZ49iOYZNfN5nj2GRsdf2F8MgXtC7QDQe9p_ueAVDtjPK7BqqsptKFzRmk&_nc_ohc=q1cx-WeYa9UQ7kNvgFYR3pA&_nc_ht=scontent.fhan2-5.fna&oh=03_Q7cD1QENjkWviFfQoPGPVlBssdkZgqkPtR3yKNT3cJ8DKwqgrg&oe=6680B6BA,,https://scontent.fhan2-4.fna.fbcdn.net/v/t1.15752-9/441517420_1408662439841533_5313443453185083300_n.png?_nc_cat=110&ccb=1-7&_nc_sid=5f2048&_nc_eui2=AeGDYfNvsDGe_ptqwqa3rtngpJe41I8sfmKkl7jUjyx-Yr4rytNZ7DCF5QLeJc9Ixf41IvqVNAV75hbfhuzQ4OP6&_nc_ohc=LFJ0wXDcSXAQ7kNvgFj384p&_nc_ht=scontent.fhan2-4.fna&oh=03_Q7cD1QEhyQedpe1awgEMFbB4IYg-V3h0YTkw_d54R-NmVeo6DQ&oe=6680AB28,,https://scontent.fhan20-1.fna.fbcdn.net/v/t1.15752-9/438159138_1211345510246751_7768306327000892391_n.png?_nc_cat=103&ccb=1-7&_nc_sid=5f2048&_nc_eui2=AeHLBLqlr97ssGIyyvic7kGDPsDIQnTJM88-wMhCdMkzzzPCobsCrKkWjQgfS6FpsAy2DA9HhrTJkHOjR_wT8cph&_nc_ohc=bYNSLoe9oVMQ7kNvgEVkWHe&_nc_ht=scontent.fhan20-1.fna&oh=03_Q7cD1QEGh3XH69cRHFjugtNQOS24WD86cc0gwfTnmXKGMvYukg&oe=6680A52B,,			Bách	Duyệt		
2024-05-27	FP - Cao Thủ	Nguyễn Bá Dũng	NGHI NGỜ BẠN CÙNG PHÒNG LÀ M.A VÌ GÓT CHÂN ĐI KHÔNG CHẠM ĐẤT, NHÀ KHÔNG CÓ NGƯỜI MỚI XUỐNG ĂN CƠM 😱  Theo lời kể của cô gái, người bạn cùng phòng của cô bị t,ai n,ạn rất nặng cách đây hơn 1 năm nhưng vẫn còn sống. Từ đó bạn nghỉ làm, chỉ ở nhà và sống trên gác, khi nào cô đi làm thì bạn mới xuống ăn cơm...  Khó hiểu là từ đó tới giờ, cơm cứ nấu vẫn còn nóng nhưng đã vàng thiu, hoa quả mua về thì nhanh héo và đặc biệt người bạn này khi đi gót chân không bao giờ chạm đất 😬😬😬	https://scontent.fhan2-3.fna.fbcdn.net/v/t1.15752-9/445556770_971947700906437_1772241771829277780_n.png?_nc_cat=101&ccb=1-7&_nc_sid=5f2048&_nc_eui2=AeFRPgoGaDKeAvKcnllRej9TRohVqOcDEGNGiFWo5wMQY7NvI_D7JdoSwyuaGZYhfBIOQeK6NhfgDMpk56hwMNyl&_nc_ohc=7Sqbuf6ba5AQ7kNvgGICHa6&_nc_ht=scontent.fhan2-3.fna&oh=03_Q7cD1QEpjXcSGC4zFWP5N_ZbJzb1MBACIT7mw6X3TIRmCfGxWg&oe=6680D543,,			Bách	Duyệt		
2024-05-27	FP - Cao Thủ	Nguyễn Bá Dũng	https://drive.google.com/file/d/1jW9d2wx0qmQz0TBmm8Fp6tIT0TVTy1fh/view?usp=drive_link	https://drive.google.com/thumbnail?id=1jW9d2wx0qmQz0TBmm8Fp6tIT0TVTy1fh		https://drive.google.com/file/d/1jW9d2wx0qmQz0TBmm8Fp6tIT0TVTy1fh/view?usp=drive_link	Bách	Duyệt		
2024-05-27	FP - Cao Thủ	Nguyễn Bá Dũng	Mê cái cách cô flex sự giỏi giang của 2 người con 🥲	https://scontent.fhan2-4.fna.fbcdn.net/v/t1.15752-9/441878666_792794932993334_2783578132994165859_n.png?_nc_cat=105&ccb=1-7&_nc_sid=5f2048&_nc_eui2=AeGehO1Ax3MZayfoHJUoFoUI8j1yVFZWEoLyPXJUVlYSgv051uFBkB5F-SpyjChe7QxNZjQvkw4_V9k5t2cdgUO6&_nc_ohc=THQRWkUPCRgQ7kNvgFkmvor&_nc_ht=scontent.fhan2-4.fna&oh=03_Q7cD1QEiMosvOcvUOy60JIpYreKRuyqASbrDf7v9FeN5WrNGiA&oe=6680A668,,			Bách	Duyệt		
2024-05-27	FP - Cao Thủ	Nguyễn Bá Dũng	SINH NHẬT BAO NHIÊU TUỔI THÌ BẤY NHIÊU CÁI BÁNH 😆  Mấy nữa cũng sinh nhật bà tôi, làm kiểu này thì chắc là phải mời cả làng đến ăn bánh sinh nhật luôn quá 🤣  Tiệm nào bánh mà vớ được mấy khách như này chắc nhanh giàu lắm =)))	https://scontent.fhan20-1.fna.fbcdn.net/v/t1.15752-9/446007160_433464379618150_5999183356334280156_n.png?_nc_cat=103&ccb=1-7&_nc_sid=5f2048&_nc_eui2=AeEdB4zzAMtfwns5x3SWtTavmm36vlhYbTiabfq-WFhtOC0GuoEIXOIqd9izmEow3y1tS-LAPXKUoDMdYE1a5IuM&_nc_ohc=ZaQVAGOcZEMQ7kNvgHII07h&_nc_ht=scontent.fhan20-1.fna&oh=03_Q7cD1QFMcCPHbZ8oqxzZFGo7Or-HlhjUwQJCG1m9049V5RGVFA&oe=6680A954,,https://scontent.fhan2-5.fna.fbcdn.net/v/t1.15752-9/445880776_824395346229739_993392593801660752_n.png?_nc_cat=106&ccb=1-7&_nc_sid=5f2048&_nc_eui2=AeGfQyW31eez9UchSeB4nMnoIxxzW_bKJSMjHHNb9solI7kPW41i2QdTkbP9JMTfnAbO5FxKMh5V13lQqVprBTZB&_nc_ohc=wPXAtlffMXkQ7kNvgGmcyRU&_nc_ht=scontent.fhan2-5.fna&oh=03_Q7cD1QEHMEKxX4qsho6NSn4r4ZiTDx9UXX7RHprQdBMAPFYgXg&oe=6680D03B,,https://scontent.fhan2-3.fna.fbcdn.net/v/t1.15752-9/440979600_1759309251143471_3290005161012482289_n.png?_nc_cat=111&ccb=1-7&_nc_sid=5f2048&_nc_eui2=AeFq7-9o3fCAqFNIRK6ysbBB7UdtdUASqULtR211QBKpQluf6DHOTssb1MplBcJ6ZtEx_RQzluqVXY7ZBo6ZLUc2&_nc_ohc=lRwZ4cF0ZNoQ7kNvgFm4U3X&_nc_ht=scontent.fhan2-3.fna&oh=03_Q7cD1QGwE56wKn5KbnR_89_kKv4pycSHJDO0TkcAytoVm85bcg&oe=6680B310,,https://scontent.fhan2-3.fna.fbcdn.net/v/t1.15752-9/445591124_376854625377175_4793236993850516120_n.png?_nc_cat=111&ccb=1-7&_nc_sid=5f2048&_nc_eui2=AeEUljYNi9bhJ2ezGAWYTuZxAut40EkqdX4C63jQSSp1ft7o4oGyCncBqH1jpUY3cizHty6bCgyFWmjep-TjpaZO&_nc_ohc=H35rcAqpg7kQ7kNvgH51mvK&_nc_ht=scontent.fhan2-3.fna&oh=03_Q7cD1QFR0dLiGm1Fe5MGZ52IPI7yXM2hg5JNlPYYmVUYu0cZUA&oe=6680A2CA,,			Đạt	Duyệt		
2024-05-27	FP - Cao Thủ	Nguyễn Bá Dũng	Chúc các em may mắn <3	https://scontent.fhan2-4.fna.fbcdn.net/v/t1.15752-9/445568724_465100542579967_3654022662851768587_n.png?_nc_cat=110&ccb=1-7&_nc_sid=5f2048&_nc_eui2=AeEIzz3oTtydxNwmieETXLBsqRDIgfXKMeypEMiB9cox7GVjQ-ICLWChoWo9axpDXLEK28zUPzFMyWOdl0_VFph9&_nc_ohc=xGXNAXPrHREQ7kNvgEsmQ9q&_nc_ht=scontent.fhan2-4.fna&oh=03_Q7cD1QF0KAJHJXVCy3G_XFUYaZ9b-9hJLHxyIJ0D4P3rE3ItIQ&oe=6680AE4A,,			Đạt	Duyệt		
2024-05-27	FP - Cao Thủ	Nguyễn Bá Dũng	em sửa r nha				Đạt	Duyệt		
2024-05-27	FP - Cao Thủ	Nguyễn Bá Dũng	Giơ cái nách lên xem có th.âm không :)))	https://scontent.fhan2-5.fna.fbcdn.net/v/t1.15752-9/445573798_769138051872331_1641260080067797880_n.png?_nc_cat=104&ccb=1-7&_nc_sid=5f2048&_nc_eui2=AeE7nU3SjfqKNyTlhSm-NTZ74BqqmF35ZKfgGqqYXflkpylFys6FfBBmT1TgtlA8avd-sWytGI_keso1O8XjTw3c&_nc_ohc=DMLYOn-ba4wQ7kNvgECCTXQ&_nc_ht=scontent.fhan2-5.fna&oh=03_Q7cD1QH5SYRDzZla8dsSp46Ud1GBeZvbJkp54MzuFouwANGUHQ&oe=6680B300,,			Đạt	Duyệt		
2024-05-27	FP - Cao Thủ	Thành Đạt	Liên quan chính trị				Đạt	Duyệt		
2024-05-27	FP - Cao Thủ	Nguyễn Bá Dũng	Gia đình O Sen - Ngọc Mai hạnh phúc bên nhau, nhưng mà đầu giường có cái gì lạ vậy 	https://scontent.xx.fbcdn.net/v/t1.15752-9/445557505_969747474843824_7664294239802728133_n.png?stp=dst-png_p320x320&_nc_cat=101&ccb=1-7&_nc_sid=5f2048&_nc_eui2=AeEmA4pImf7X-7LONJgik08z74aOfjNMFdTvho5-M0wV1EmMi00dEJgQP5wm3qFUM6-dTOM6bEIXkf_OpV1ELcQT&_nc_ohc=zEYMINvAu5kQ7kNvgEtfYvQ&_nc_ad=z-m&_nc_cid=0&_nc_ht=scontent.xx&oh=03_Q7cD1QGcU7SDIH2bw60IOuhRTOOIGa1Z9hnqhmtPtcokzyzj4w&oe=6682666E			Đạt	Sửa/ xóa bài	Liên quan chính trị	
2024-05-27	FP - Cao Thủ	Hoàng Khánh Duy	Câu chuyện không của riêng ai 🥹	https://scontent.fhan20-1.fna.fbcdn.net/v/t1.15752-9/441431750_480384567665777_5382597461219912746_n.png?_nc_cat=109&ccb=1-7&_nc_sid=5f2048&_nc_eui2=AeHErmiLmDrfMM1eQthcJwMR82KmsbVa2WvzYqaxtVrZa-cRsDDgk1XlmUZ4hm0ei9uq25PgRFicT2pqGV9IwK68&_nc_ohc=-IlqxKHkC_MQ7kNvgFpERjB&_nc_ht=scontent.fhan20-1.fna&oh=03_Q7cD1QEMPYyFv7-q3xxwdoa6A4B7qBirNnX7irjj0Rh9Ot2vDQ&oe=6680CCF6,,	https://video.fhan2-4.fna.fbcdn.net/v/t42.3356-2/446276761_7827221980650582_78220497394161240_n.mp4?_nc_cat=110&ccb=1-7&_nc_sid=4f86bc&_nc_eui2=AeFidJCFMogWoDN5bM3oRs9Uk37Xib_ig5KTfteJv-KDktvbOhY3H0L8ovzcrLSUXTqbuG-2NKVSKJ4idI3h2Lka&_nc_ohc=fIIQLqmylPgQ7kNvgH54x76&_nc_ht=video.fhan2-4.fna&oh=03_Q7cD1QHuLZgTre9Z5ExOOL6Z991n37tZQAKV1hDB2YDol-a2rA&oe=665B20E2&dl=1,,		Đạt	Duyệt		
2024-05-27	FP - Cao Thủ	Hồ Quang Huy	"Quá khủng khiếp 😞
Ông Nga (70 tuổi, ở Hà Nội) lập gia đình với bà Hà (cũng là bạn học) vào 45 năm trước. Họ có với nhau một trai, một gái, đều đã lập gia đình. Ông Nga và ở cùng vợ chồng con trai và ba cháu. 7 năm trước ông Nga thôi việc bàn giấy về nghỉ hưu an dưỡng tuổi già, nhưng từ lúc nghỉ việc ông và vợ xảy ra nhiều xung đột từ những việc nhỏ trong gia đình. Bà Hà thường xuyên nói chồng giả bệnh, lư:ời không muốn làm việc nhà. Để tránh xung đột, mỗi lần c:ãi vã ông Nga thường đi ra ngoài, nhưng trở về ông tiếp tục bị vợ chì ch:iết, m:ắng nhiếc ""không làm ra tiền còn trốn việc đi chơi"". Lời cằn nhằn của vợ lặp đi lặp lại trong thời gian dài khiến tình cảm vợ chồng ông căng thẳng. Trước đây khi còn đi làm ông Nga luôn là người chăm chỉ, hoàn thành công việc đúng thời hạn, nhưng qua lời nói của vợ, ông bắt đầu nghĩ bản thân thật sự k:ém cỏi. Người đàn ông 70 tuổi rơi vào trạng thái mất ngủ kéo dài, căng thẳng tăng dần, sụt cân mất kiểm soát. Ông đi thăm khám nhiều nơi nhưng không ra bệnh, cho tới khi khám tâm thần, ông được chẩn đoán rối loạn trầm cảm do chịu b:ạo l:ực ngôn từ trong thời gian dài, chỉ định sử dụng thuốc chống trầm cảm.  Bác Vũ Thu Thủy, khoa Sức khỏe Tâm thần Bệnh viện E cho biết, người đàn ông đến trong tâm trạng buồn chán, không có động lực làm việc, khuôn mặt trầm buồn, ít nói, ""chưa từng thấy bệnh nhân cười”.  Theo VTC News"	https://scontent.fhan2-4.fna.fbcdn.net/v/t1.15752-9/441431743_2554440224746958_1255779620025557649_n.png?_nc_cat=110&ccb=1-7&_nc_sid=5f2048&_nc_eui2=AeH675YaguIuGsFzZYnS2IPOFHFS8Ylu2gcUcVLxiW7aBy6iCI1kguvTsFzKKYy2bVHVQZhQpZE4k2ROppWcc2UI&_nc_ohc=mEi2fLxg_JkQ7kNvgFSWG0J&_nc_ht=scontent.fhan2-4.fna&oh=03_Q7cD1QGniVqLFOWWihaod7VtFTeSccVJ2xYlZFn1aXj5Zt_wWw&oe=6680D1E2,,			Đạt	Duyệt		
2024-05-27	FP - Cao Thủ	Hoàng Khánh Duy	"CŨNG LÀ MANG GIẤY VỀ CHO MẸ, NHƯNG MÀ LÀ GIẤY KHEN 🥰  Tuấn Tót hôm nay nghỉ làm, em về quê và cầm theo chiếc bằng khen để về khoe mẹ. Câu đầu tiên khi gặp mẹ Tuấn đã nói: ""Con vẫn nhớ lời mẹ phải kiếm tiền bằng chính sức lao động, và sẵn sàng giúp đỡ ai khi có cơ hội"".   Hai mẹ con ôm nhau đầy xúc động trong căn nhà cấp 4, đơn sơ về vật chất nhưng là nơi đã sinh ra một chàng trai dũng cảm và tử tế... <3"	https://scontent.fhan2-5.fna.fbcdn.net/v/t1.15752-9/441316757_400115183021747_4254160988324667256_n.png?_nc_cat=104&ccb=1-7&_nc_sid=5f2048&_nc_eui2=AeH1aQ8-x4IXy4MdoUVkiYLaKx235LkUOyErHbfkuRQ7IVCLe51rZ9TTN2ZwYldZVEWQmn7crpmzXs_miw-3IDC9&_nc_ohc=iOkPgNvlhwEQ7kNvgFzRqrn&_nc_ht=scontent.fhan2-5.fna&oh=03_Q7cD1QHymCvWl8eBIDCwtK41Yoj3l_lEf7OMO1s-L2vwCERBkg&oe=6680B93B,,			Bách	Duyệt		
2024-05-27	FP - Cao Thủ	Hoàng Khánh Duy	GÓC TƯ VẤN !!  Faker là thành viên duy nhất có dịp đến Việt Nam khi tham dự MSI 2019, vì thế đội trưởng T1 đã được hỏi về những món ngon ở đây. Chủ tịch F cho rằng đã nhiều năm rồi nên không nhớ rõ, nhưng nếu có dịp trở lại thì muốn thử lẩu ở Việt Nam.  Quả thức chủ tịch qua mà thử quả lẩu ếch với cả riêu cua bắp bò xong, có khi quên haidilao là cái gì luôn :))	https://scontent.fhan2-5.fna.fbcdn.net/v/t1.15752-9/441004686_1605161750329827_6316826527498593940_n.png?_nc_cat=104&ccb=1-7&_nc_sid=5f2048&_nc_eui2=AeH5Z8bvl3ebTM6pqwquOl6o84QZ6XL6bJPzhBnpcvpsk_Igpe7RvCxNa8rqEgS5LCkrJcXefiDhYaTV4tuLqGRx&_nc_ohc=m8AOvA3gyd4Q7kNvgF9UxOr&_nc_ht=scontent.fhan2-5.fna&oh=03_Q7cD1QEj995uvvnKtBi9vjeokKRXW6koiWfPJeE-hVqOe-T3ZQ&oe=6680CA26,,				Duyệt		
2024-05-27	FP - Cao Thủ	Hồ Quang Huy	"Mong cầu có một ""họa mi"" thượng đỉnh, thượng hạng, 5sao, đẳng cấp,.... nhiều bạn trẻ sập bẫy trả góp lên đời họa mi cùng cam kết không to không dài hoàn tiền uy tín, nhiều anh em làm xong vẫn y nguyên...  😢  Tiêu điểm: Bẫy làm đẹp (VTV24)"	https://scontent.fhan2-3.fna.fbcdn.net/v/t1.15752-9/441986653_1413818692604614_9181687048413874791_n.jpg?_nc_cat=111&ccb=1-7&_nc_sid=5f2048&_nc_eui2=AeHfwNjEXBjdNAEbv8KGcGRXL7mF0P34SCovuYXQ_fhIKvPs9OYN1H7ryvjNzAwSWeXEL2nOLU6mHsq_IOgyiXjp&_nc_ohc=Sjwi9TJG6VAQ7kNvgHXSQRM&_nc_ht=scontent.fhan2-3.fna&oh=03_Q7cD1QHq9-jBLa_7HMz_eGvc31CcHASiVRl8qxgjCsOd8Iiy8w&oe=6680B76B,,https://scontent.fhan2-3.fna.fbcdn.net/v/t1.15752-9/441431749_420424967559235_9203103738194489865_n.jpg?_nc_cat=101&ccb=1-7&_nc_sid=5f2048&_nc_eui2=AeFH7nGth69GUfy43TxL2fnFM-cpACJ7IFcz5ykAInsgVyUedL0I0os9c2Bp3gmrmFb9PqGvQtEUPkJ2Sda-lgCN&_nc_ohc=R5_gnBOQZh8Q7kNvgE4px-P&_nc_ht=scontent.fhan2-3.fna&oh=03_Q7cD1QGZEV2liE3ghLctWOwjscMy1xqUcT4IUUmWn6xlOdErcg&oe=6680C457,,https://scontent.fhan2-3.fna.fbcdn.net/v/t1.15752-9/441464559_1243768389927467_2052309452068428909_n.jpg?_nc_cat=101&ccb=1-7&_nc_sid=5f2048&_nc_eui2=AeFbUKGS5u12BNn9EizarQTmTo6ppuWkfhpOjqmm5aR-GjvJMEz7DFZ2PSKb1x2sYAYFCXJiRs0oM2WjcOWbVqtG&_nc_ohc=3Mwb2QdT-kwQ7kNvgFRl8qM&_nc_ht=scontent.fhan2-3.fna&oh=03_Q7cD1QHmqToaDUL-6HEykOuvy5Pm_lN1qFpQzesDBS5OryB2-g&oe=6680AB7A,,https://scontent.fhan2-4.fna.fbcdn.net/v/t1.15752-9/441536667_740519698008796_6947377180680930283_n.jpg?_nc_cat=100&ccb=1-7&_nc_sid=5f2048&_nc_eui2=AeElIMrcO8pee9NaCFT4xvINw4Gj7yPX69zDgaPvI9fr3O1HrFCt5Kc4ZHF3nTlM4yiHrV1XbLNHQgi97c4iStEY&_nc_ohc=y71CJuQW0BIQ7kNvgH2ChKv&_nc_ht=scontent.fhan2-4.fna&oh=03_Q7cD1QEhcl6l5jIA3ztf22i9eMdLypKEQpGHokl6V-Y4pCaBUQ&oe=6680A7D9,,https://scontent.fhan2-5.fna.fbcdn.net/v/t1.15752-9/440366877_1608647793316338_2966240159995659718_n.jpg?_nc_cat=104&ccb=1-7&_nc_sid=5f2048&_nc_eui2=AeEosX6Mxf2H0D3k5PVFjcmnWcSSuz_vllZZxJK7P--WVswEuvF729DOGy0REuXPlpOr6f9muNBoQWd_aIN3X-LT&_nc_ohc=UlbQKUCKInoQ7kNvgHhvGjK&_nc_ht=scontent.fhan2-5.fna&oh=03_Q7cD1QFKBc-WyhoBQ_yErzNu7kQIWxM4AKF35uJn6XTptJStXQ&oe=6680D51B,,https://scontent.fhan2-4.fna.fbcdn.net/v/t1.15752-9/440964075_1726302244566753_555950167292460589_n.jpg?_nc_cat=110&ccb=1-7&_nc_sid=5f2048&_nc_eui2=AeHRcINocfMn0BXimLW-oKgAnXaNhkOqzPWddo2GQ6rM9Zua585mbXDL4vdqavgBaxQktslgMVkFvaN197-Qi-B4&_nc_ohc=dfK4R-X5bl0Q7kNvgE-kCkp&_nc_ht=scontent.fhan2-4.fna&oh=03_Q7cD1QF-JsdbszQ_4v5zbEo0baK32Gos9DrpKEKh7PA3JSXx6w&oe=6680C69F,,			Bách	Duyệt		
2024-05-27	FP - Cao Thủ	Hồ Quang Huy	Gần 3 ngày sau khi xảy ra vụ việc kinh hoàng tại Trung Kính vẫn rất đông người dân đến thắp hương cho những người không may mắn... 😢  (*) Ảnh: Báo Giao thông	https://scontent.fhan2-3.fna.fbcdn.net/v/t1.15752-9/441548432_958313596078719_4265990755251145884_n.jpg?_nc_cat=111&ccb=1-7&_nc_sid=5f2048&_nc_eui2=AeFEdFqyG35lFyXWRRCclnodkcN7E2IykDyRw3sTYjKQPCqY-W_sQs5DKOhHZURyojrS-93khNasw5NhXmNA_Mb1&_nc_ohc=KD2LoEJ6vUoQ7kNvgERhBt9&_nc_ht=scontent.fhan2-3.fna&oh=03_Q7cD1QG-rzOWcgciqxKUSnmRhaywDIGlnQN8ImhCdHgA-O1_vA&oe=6680A692,,https://scontent.fhan20-1.fna.fbcdn.net/v/t1.15752-9/441466473_422858127180044_5819691708584475813_n.jpg?_nc_cat=109&ccb=1-7&_nc_sid=5f2048&_nc_eui2=AeGFw8W5Oo9abMdRLPlSrLz5jZrZr0KCOQeNmtmvQoI5B-Vav5V9YOBwRDpz6ddt6tWWMJ_X7B6JLnt9bf2Vszu1&_nc_ohc=82_IwTaeU2UQ7kNvgGPAHMf&_nc_ht=scontent.fhan20-1.fna&oh=03_Q7cD1QF6MPcxSDGlqetjBmLsIDRPbbFa_YEw51KmGK8MY9om8Q&oe=6680AB9F,,https://scontent.fhan20-1.fna.fbcdn.net/v/t1.15752-9/441327315_3562088540769867_1572899461539948649_n.jpg?_nc_cat=103&ccb=1-7&_nc_sid=5f2048&_nc_eui2=AeEESD6E98R43ABYh7RW0EqQHXNWUy9UDOYdc1ZTL1QM5n7ZkWBG3o1lTHPDifEAYg-lHMAk1cHPfswsrGqkeis8&_nc_ohc=ZoFKjNM4H_gQ7kNvgGGXhah&_nc_ht=scontent.fhan20-1.fna&oh=03_Q7cD1QGtdsyNlU1Zofd9Gdf9ZuDnM3jO2joifgxetkz3R_I21w&oe=6680B0FD,,https://scontent.fhan2-3.fna.fbcdn.net/v/t1.15752-9/441454909_971161577716600_402807369828353465_n.jpg?_nc_cat=108&ccb=1-7&_nc_sid=5f2048&_nc_eui2=AeEX9i9Go81D79TDDQVLBJwI6CdLHBscKffoJ0scGxwp99F2OD09FibJ66Afc3q01yIqa1Y2Aoalq_0hHcyRzkaS&_nc_ohc=Cy49JGOQ6eUQ7kNvgE-xXoi&_nc_ht=scontent.fhan2-3.fna&oh=03_Q7cD1QEL913kbCJR-R6oYnotwEkY5mehZo7SA_gv6yD8UyFH0Q&oe=6680A542,,			Bách	Duyệt		
2024-05-27	FP - Cao Thủ	Hoàng Khánh Duy		https://scontent.fhan2-4.fna.fbcdn.net/v/t1.15752-9/440955453_997806358582169_1729625600995653882_n.png?_nc_cat=105&ccb=1-7&_nc_sid=5f2048&_nc_eui2=AeG6uYS4VdsLYS-eoeHZma0ehHRrXzu1asmEdGtfO7VqyWiu-vaPW26W804NQt_sRH5tbR5CPkIF_mHr98r8srGR&_nc_ohc=BsGpOBWcNuYQ7kNvgGyCabE&_nc_ht=scontent.fhan2-4.fna&oh=03_Q7cD1QGB0nSHnzhjmC-_IsbH2DuWuG2bR0D7UEI3cHdgUflE0A&oe=6680C097,,			Bách	Duyệt		
2024-05-27	FP - Cao Thủ	Hoàng Khánh Duy	"Ông bố thì khoe nhà tôi có đứa con gái thùy mị nết na, mà mẹ nó lỡ tậu cho cái ""bờm kẹp tóc"" thế này đây :))  Cao Thủ Rì Viu"		https://video.fhan2-4.fna.fbcdn.net/v/t42.3356-2/446135376_8067088286637684_443586285663826177_n.mp4?_nc_cat=110&ccb=1-7&_nc_sid=4f86bc&_nc_eui2=AeGgcQFbAPBGkrRwx6ghrw5xWZabmZc17mhZlpuZlzXuaAzKhil8K5T46WE8UNJiWMeOx8vFctiEBxZVkZ1e7tbt&_nc_ohc=wpUWtdODfIAQ7kNvgFtwyYX&_nc_ht=video.fhan2-4.fna&oh=03_Q7cD1QFuguHdfERfRiI3R5l8f2gkkt4NFqF6oycZ5G2BDeuPQQ&oe=665B1BB6&dl=1,,		Đạt	Duyệt		
2024-05-27	FP - Cao Thủ	Hoàng Khánh Duy	Cả năm dời cày đủ tiền nhưng nhân phẩm chưa cho phép 🙂	https://scontent.fhan2-5.fna.fbcdn.net/v/t1.15752-9/436623583_1651117232299678_5032821608662857631_n.png?_nc_cat=104&ccb=1-7&_nc_sid=5f2048&_nc_eui2=AeFDB1Gimi_m6i9_vxiNDPRPg5bkoAUBV0uDluSgBQFXS9Wwfe04n8YfYeoIu-IhdWcinZZSNT1l8fgngIrB9KV2&_nc_ohc=BzAS24t2TmYQ7kNvgFn2mJZ&_nc_ht=scontent.fhan2-5.fna&oh=03_Q7cD1QHK2hknhkYOy-9leacVvhDfyaAMrT3tTYkhDmb8VBLs2A&oe=6680A37F,,			Đạt	Duyệt		
2024-05-27	FP - Cao Thủ	Hồ Quang Huy	"NHỮNG CON NGÕ LẠI ĐẦY GIẤY CHO THUÊ TRỌ...  Bạn trẻ D.T.D. chia sẻ: “Mình nghe tin mà đau lòng quá. Mình từng sống ở Hà Nội 8 năm, cũng vào trong ngách để tìm một căn phòng nhỏ chung chủ, rẻ nhất nhưng vẫn phải ghép với bạn để chia tiền thuê.  Ngày ấy cũng nghĩ nếu 🔥 thì xoay xở như nào trong cái 'chuồng cọp' này? Rồi cũng chuyển được tới nơi tốt hơn, nhưng vẫn sợ bầu không khí ngột ngạt của Hà Nội nên về quê. Nhưng bạn bè, em gái, gia đình của mình vẫn nhiều người ở Hà Nội”.  Tương tự D.T.D, Phương Thảo cũng trải qua 4 năm sống trọ trong căn phòng rộng 10m2 với 2 người khác. Căn phòng ở tầng 1, không có cửa sổ, chỉ có lỗ thoáng khí bằng 2 viên gạch.  “Phòng nào cũng dùng bếp gas, còn chỗ để xe chật ních, có khi còn phải trèo lên xe để mở cửa. Đó cũng là lối thoát nạn duy nhất của khu trọ”, Thảo cho biết.  Thu Thủy ""tag"" bạn thân Lan Thy kèm theo lời nhắn: ""Hai đứa mình tìm thêm việc làm, cố gắng kiếm tiền chuyển chỗ trọ càng nhanh càng tốt. Nhà trọ của mình cũng giống như căn nhà này, nếu có 🔥 thì chỉ có cách nằm chờ ch*t"".  Theo VietNamNet"	https://scontent.fhan2-3.fna.fbcdn.net/v/t1.15752-9/441577534_334348312808944_4866114230387450035_n.png?_nc_cat=108&ccb=1-7&_nc_sid=5f2048&_nc_eui2=AeGO9n8_CsaSJbSd8k4d9mpdE2dAM12IGxkTZ0AzXYgbGeBoQmDzd_7uU6vpcxviHUnmS0VBDG2ira9mgBEe9Whp&_nc_ohc=gVoi6usfKWMQ7kNvgFVKB5x&_nc_ht=scontent.fhan2-3.fna&oh=03_Q7cD1QFMCniGCHPRSBZYB5ut7Lk8HdYIr94WjGLm_pNGNRdseQ&oe=6680A3AD,,			Đạt	Duyệt		
2024-05-27	FP - Cao Thủ	Hồ Quang Huy	Kỳ nghỉ hè tốc độ mà nhiều phụ huynh gấc mê =)))))	https://scontent.fhan2-3.fna.fbcdn.net/v/t1.15752-9/445386576_282737111499778_2521574827345514736_n.jpg?_nc_cat=111&ccb=1-7&_nc_sid=5f2048&_nc_eui2=AeHBOxFjz_2tXPEPKmmzSQdQjBkYRp-nY4eMGRhGn6djh36d4DmC7-FL4ruDCom7wgt2g_1GOq607ibPmzQMp_Dp&_nc_ohc=iwko37RZZbAQ7kNvgG4R595&_nc_ht=scontent.fhan2-3.fna&oh=03_Q7cD1QE-In6DB-Hok9uHD9c68NXDzMRWgOAH68HDYYVLab-Aew&oe=6680B425,,			Đạt	Duyệt		
2024-05-27	FP - Cao Thủ	Hoàng Khánh Duy	QUÁ ĐÃ <3  Cơ hội chỉ có hạn, thời tới cho những anh em nào đam mê với âm nhạc. Chương trình Pepsi x 55 RADAR nhận bản demo âm nhạc, tới từ các thí sinh 63 tỉnh thành trên cả nước.  10 bản demo xuất sắc nhất sẽ được đích thân Touliver cùng BTC nâng đỡ sản xuất thành 1 MV hoàn chỉnh mà không mất một xèng nào.  Ngày 3/6/2024 này là hết hạn chốt demo nhé ae !   #Pepsix55RADAR	https://scontent.fhan2-5.fna.fbcdn.net/v/t1.15752-9/441894385_830165658511845_1591172592579391854_n.png?_nc_cat=107&ccb=1-7&_nc_sid=5f2048&_nc_eui2=AeFD-wuRzxrxCxWCigfMcmPvkNfVOGkNBHeQ19U4aQ0Edyab6owvPsMz9-ihbAlQMzrfrt0UkUsBz8pXRTrIoUot&_nc_ohc=9__SMh_8k2UQ7kNvgEvsupR&_nc_ht=scontent.fhan2-5.fna&oh=03_Q7cD1QETHGs8-g5_6ektmarJTWI9QxEVVLmIxlq4PeOCXiytuA&oe=6680C3F5,,			Bách	Duyệt		
2024-05-27	FP - Cao Thủ	Hoàng Khánh Duy	ĐÃ TRI THỨC, XINH ĐẸP LẠI CÒN LÀ FAN ZEUS T1 NỮA THÌ KHỐI ANH MÊ🥰  Với màn chào sân khiến anh em fan T1 xem xong cũng phải nức lòng, cô gái nhỏ Nguyễn Hà Vân Khanh đã không làm mọi người thất vọng khi giành được vòng nguyệt quế trong cuộc thi Đường Lên Đỉnh Olympia Tuần 3 Tháng 2 Quý 3 năm thứ 24.  Được biết, nữ sinh từng giành giải Học sinh giỏi cấp Cụm môn Vật lý; Quán quân Olympia cấp trường và đồng thời là phiên dịch viên cho các cuộc họp của thầy cô giáo nước ngoài.	https://scontent.fhan20-1.fna.fbcdn.net/v/t1.15752-9/441425003_419770264366658_7173512234166986399_n.png?_nc_cat=109&ccb=1-7&_nc_sid=5f2048&_nc_eui2=AeEkhOOfWXyeFkor-rjOY5w9_idGEdFHi4D-J0YR0UeLgOYXyyUM1v94TfbtIb6Ex8bylKRIMa6v9_1TAFcDqQc4&_nc_ohc=TiuCN6_UMDoQ7kNvgHj2NSh&_nc_ht=scontent.fhan20-1.fna&oh=03_Q7cD1QGtEFpj7BsGMNm2S0mGOk4HsKh06Sx_5ku5UlibDv5wfw&oe=6680B456,,https://scontent.fhan2-4.fna.fbcdn.net/v/t1.15752-9/441485952_810640517832605_4527277838964023902_n.png?_nc_cat=100&ccb=1-7&_nc_sid=5f2048&_nc_eui2=AeEuRhovFjNarmInmcpLeOlXpEjFxE_FdSGkSMXET8V1IU1IEkpa2_1YIMaLKY41XNUzShgwMcgZxfJqxNS4EL0p&_nc_ohc=WYVGzyf_gIgQ7kNvgFzcfiy&_nc_ht=scontent.fhan2-4.fna&oh=03_Q7cD1QHsGzr2L_wsNphIyvGQZXBvOIGK2tyADcOlOYbeFgz3XQ&oe=6680C61A,,https://scontent.fhan20-1.fna.fbcdn.net/v/t1.15752-9/396090407_673417081547986_4498424514009847554_n.png?_nc_cat=109&ccb=1-7&_nc_sid=5f2048&_nc_eui2=AeFrqwIOf9FazzTHziuP50QoCJJbM7jNTk0IklszuM1OTTf688UptBWWyZJBhgahqY2X9GyTnkToPpinr8i8ht2p&_nc_ohc=Xhqw7AmC9dEQ7kNvgEJQNXP&_nc_ht=scontent.fhan20-1.fna&oh=03_Q7cD1QGvLkwHuunYccGSSvsAFKNrYgsSwjBDXjDBTCGcgFrpjw&oe=6680A0DC,,https://scontent.fhan20-1.fna.fbcdn.net/v/t1.15752-9/441405671_3896429490589170_3443325992145230108_n.png?_nc_cat=103&ccb=1-7&_nc_sid=5f2048&_nc_eui2=AeGr_F2e1OkwJ2c3qIxOf-HvYievA1Hhb7NiJ68DUeFvs9v_aOqDo8jyo7RYYN3Df-cTmaEbJwoLmyhPcfN9CwKI&_nc_ohc=AMauXK-cKOEQ7kNvgE6swMU&_nc_ht=scontent.fhan20-1.fna&oh=03_Q7cD1QHp7wg9nPLjFMC_X8vzGbgxL9RcUXSDYbot_PgRuOYR4Q&oe=6680B320,,			Đạt	Duyệt		
2024-05-27	FP - Cao Thủ	Hồ Quang Huy	"PHA XỬ LÝ ĐI THẲNG VÀO BUỒNG GIAM 😐  Được biết, Cơ quan CSĐT Công an tỉnh Bình Định cho biết vào chiều 21/4, chị gái đang là nhân viên ngân hàng báo án khi chị đăng ký giải chạy bộ cho 2 con thì bị l:ừa mất hơn 30 tỷ đồng.  Vì số tiền quá lớn công an đã mở rộng điều tra thì phát hiện sau khi bị l:ừa hết số tiền cá nhân, vay mượn thêm bạn bè, người phụ nữ đã nghe theo hướng dẫn nhóm l:ừa đ:ảo mạng chỉ cách tham ô tiền của ngân hàng mình đang làm việc.  Với nghiệp vụ kế toán ngân hàng, chỉ trong một thời gian rất ngắn, chị đã chuộc lợi vài chục tỷ đồng. Giờ đây vừa mất tiền người phụ nữ còn đứng trước pháp luật vì tội ""tham ô tài sản"".  Theo VTV24"	https://scontent.fhan2-4.fna.fbcdn.net/v/t1.15752-9/441425018_980166147086759_8789035827833053221_n.png?_nc_cat=100&ccb=1-7&_nc_sid=5f2048&_nc_eui2=AeHDNBO9EucycpzyLYEHEjDP90vrAXf3XUn3S-sBd_ddSU9O8rPa-uEGNcCxX4ambl4JrMitgLyA80TmjJE8Q1z3&_nc_ohc=7ok8zGOxxmgQ7kNvgGyZ5YM&_nc_ht=scontent.fhan2-4.fna&oh=03_Q7cD1QH7pXeZdWucBopbpeFadAGhzwIvA_waLEpB2zIq79B0DA&oe=6680B444,,			Đạt	Duyệt		
2024-05-27	FP - Cao Thủ	Hoàng Khánh Duy	Gòi xong!	https://scontent.fhan2-5.fna.fbcdn.net/v/t1.15752-9/444789340_1386051658776535_6313496982923588854_n.png?_nc_cat=104&ccb=1-7&_nc_sid=5f2048&_nc_eui2=AeEUry_hnNI1XBkI_FoiNfJjxVxGojzimpTFXEaiPOKalL6PmKhfkiqDT4QOmX0r1JIJ7LjkG9JaKmzzQ33JR5S-&_nc_ohc=goRSSVY4R6kQ7kNvgEfiMgT&_nc_ht=scontent.fhan2-5.fna&oh=03_Q7cD1QGrCdLt-7EdAn_8PRBaJ_pRDY7M4qXYdP1Y46NA86dT3w&oe=6680BAA1,,			Đạt	Duyệt		
2024-05-27	FP - Cao Thủ	Hồ Quang Huy	"Khi được hỏi về kỷ niệm khó phải của KT Deft & BeryL khi ở Việt Nam có lẽ là lần trên Bờ Hồ vừa ăn kem vừa ngắm ""khủng long"" 🤣🤣🤣  Via Mai Dora/Deft"	https://scontent.fhan2-4.fna.fbcdn.net/v/t1.15752-9/441479275_980630627100447_4918074270339772712_n.jpg?_nc_cat=105&ccb=1-7&_nc_sid=5f2048&_nc_eui2=AeGz0PooZvQx5nsfk1tUUBMVbmZo1CrBa-BuZmjUKsFr4CxN_4SJLZiIbU7aLfqwpjQgbNs9uLY9ZBrGjOuEaBTQ&_nc_ohc=IKfolbnKgpYQ7kNvgFv0VUw&_nc_ht=scontent.fhan2-4.fna&oh=03_Q7cD1QFw7rKY1_OzwGUcNmTF54Oh4-k7bg0_xhOjnMzcxeKqrw&oe=6680C1EB,,https://scontent.fhan2-5.fna.fbcdn.net/v/t1.15752-9/445861186_860121792603735_684241345796355714_n.jpg?_nc_cat=104&ccb=1-7&_nc_sid=5f2048&_nc_eui2=AeEAsYwcFu7i_wY83DcIYfkpaPe1D0xmh95o97UPTGaH3pBt8sz9NsB-SE4mIJqJk-Z2FiZ5NpS9TnjtYavWc3a4&_nc_ohc=ZiZGB5KkBYEQ7kNvgFXOITO&_nc_ht=scontent.fhan2-5.fna&oh=03_Q7cD1QH0NmCBJ4E_tkqZOftAIjCThtZZHLW2KTDpw6woWlq5eg&oe=6680AD07,,			Đạt	Duyệt		
2024-05-27	FP - Cao Thủ	Hoàng Khánh Duy	Phụ huynh lưu ý: Học nốt tuần này là toàn bộ các cháu nghỉ hè!	https://scontent.fhan2-3.fna.fbcdn.net/v/t1.15752-9/436419515_487284680504310_1441517727813484457_n.png?_nc_cat=108&ccb=1-7&_nc_sid=5f2048&_nc_eui2=AeH7LTPDfZ4hAPLzrEjs85RRAr8OtO1j7VoCvw607WPtWnAtLDlJHXAp9ZCP1lpGXd_q-Lu2Io6ljKaXX9BZiAST&_nc_ohc=jIw0Nqex4JgQ7kNvgFfIw7P&_nc_ht=scontent.fhan2-3.fna&oh=03_Q7cD1QHrWPSjnQWgsAafFsMRGRK7T3cZShpYID3ImMfJ_xu99Q&oe=6680A9CD,,			Bách	Duyệt		
2024-05-27	FP - Cao Thủ	Hồ Quang Huy	"CẢNH BÁO  ⛈ ⛈  Do ảnh hưởng của rãnh áp thấp sau đó kết hợp với hội tụ gió trên cao nên từ đêm nay 27/5, miền Bắc bước vào một đợt mưa dông mới kéo dài nhiều ngày.  Mưa tập trung về tối và đêm, cục bộ mưa lớn đi kèm nguy cơ lốc, sét, mưa đá và gió giật mạnh. Tình trạng này duy trì hết ngày 1/6.  Giờ mới thấy câu ""thà khóc trên ô tô còn hơn là cười trên xe máy"" cũng hợp lý 😪  Theo: Sức Khoẻ & Đời Sống"	https://scontent.fhan2-5.fna.fbcdn.net/v/t1.15752-9/441002811_1637778227008743_7247665842514073311_n.png?_nc_cat=106&ccb=1-7&_nc_sid=5f2048&_nc_eui2=AeHpRdZfHfQn3V0KU5YGhpxlua_p5vzuVvK5r-nm_O5W8rj-HmeWPyCp6AuD6e93IJpeX4CmGw3JWGnuIL2ZOzBH&_nc_ohc=89Tyc-PfIT4Q7kNvgGPUv6T&_nc_ht=scontent.fhan2-5.fna&oh=03_Q7cD1QGn67L9iJqT_7gkcbykaj54HdXPWjGIkgoClakxKzrUyQ&oe=6680A529,,			Đạt	Duyệt		
2024-05-27	FP - Cao Thủ	Hoàng Khánh Duy	Ông có thôi đi không !	https://scontent.fhan20-1.fna.fbcdn.net/v/t1.15752-9/441316759_1113575626604458_82505035597533426_n.png?_nc_cat=109&ccb=1-7&_nc_sid=5f2048&_nc_eui2=AeH8ZZR3QFBTBE5_v45s5J1ZJLz6t8ZIb4MkvPq3xkhvgz_RPCmh2G2vO_VxmcGQKhWLdsosfnqYxRgJBjzmw1gA&_nc_ohc=018TEp5O_wMQ7kNvgHXu06z&_nc_ht=scontent.fhan20-1.fna&oh=03_Q7cD1QGRI_-5_ONP-kOEcizUO5FZWtNB4dtavAvPk0Wq1dSoVQ&oe=6680C275,,			Đạt	Duyệt		
2024-05-27	FP - Cao Thủ	Hồ Quang Huy	Việt Nam - đất nước đâu đâu cũng có anh hùng ❤️	https://scontent.fhan20-1.fna.fbcdn.net/v/t1.15752-9/441712430_1150200489345777_6948240902575028254_n.png?_nc_cat=102&ccb=1-7&_nc_sid=5f2048&_nc_eui2=AeHPpJGwvE1scKb2qdWHrgSFP23eqycenyE_bd6rJx6fIV5PYdUOehDP8Nej1uWR1Ep-XKRooa54qrHmZWqtsCzj&_nc_ohc=hmu2hM_G8dMQ7kNvgFl88YO&_nc_ht=scontent.fhan20-1.fna&oh=03_Q7cD1QFGsZAOVmSi9CfAG1DMf8u-p_UcYlwyNNiL2ErgtuDftg&oe=6680BC20,,			Đạt	Duyệt		
2024-05-27	FP - Cao Thủ	Hoàng Khánh Duy	PUBG VIỆT NAM ĐÃ CÓ VỊ THẾ TRÊN BẢN ĐỒ PUBG THẾ GIỚI ‼  Cerberus Esports (CES) của Việt Nam đã vô địch PUBG Global Series 2024 Phase 3 vào tối hôm qua 26/5, đánh dấu lần đầu tiên Việt Nam đạt thành tích này tại một giải đấu PUBG quốc tế. Không những thế, Tuyển thủ Himass (Lã Phương Tiến Đạt) của CES còn được vinh danh là MVP của giải đấu.   Chiến thắng này không chỉ mang lại niềm tự hào cho người hâm mộ Việt Nam mà còn khẳng định vị thế của PUBG Việt Nam trên bản đồ PUBG Esports thế giới. Xin chúc mừng CES <3	https://scontent.fhan2-4.fna.fbcdn.net/v/t1.15752-9/445377343_853359533497937_6166219560328915221_n.png?_nc_cat=100&ccb=1-7&_nc_sid=5f2048&_nc_eui2=AeF7QX2NrRQPuYPWRhAxb7oYu9np_TKYLVS72en9MpgtVFs2pCU_mICGfFZiJMZIRrXRl1hpFzM7okgYTYihgaeW&_nc_ohc=i80YKw-I_3cQ7kNvgELNXYG&_nc_ht=scontent.fhan2-4.fna&oh=03_Q7cD1QEwaGMYwXyLzrTvSV_Qcx8VKsUnD7QUQPrVvIcl6XLg7g&oe=6680D77B,,			Đạt	Duyệt		
2024-05-27	FP - Cao Thủ	Hồ Quang Huy	Khoảnh khắc lịch sử của làng PUBG Việt Nam!!!  Cerberus Esports (CES) đưa PUBG Việt lên top1 thế giới trong giải đấu quốc tế. Được biết, đã từ rất lâu rồi Việt Nam mới lại có một bộ môn Esport lên top đầu thế giới. Đúng là mấy bộ môn liên quan đến 🔫 là ae Việt toàn chiến thần :v		https://video.fhan20-1.fna.fbcdn.net/v/t42.3356-2/446380692_8432662856750740_2107489138328780466_n.mp4?_nc_cat=102&ccb=1-7&_nc_sid=4f86bc&_nc_eui2=AeE0UDOF1KsSN5PPfiQE4k1zta2wvMqK3_21rbC8yorf_Rm2RXffVJTQzPli0USHzXSNfy5lQvAtbtSBsbS-XRIZ&_nc_ohc=GlQHBkqM4v8Q7kNvgHN_j6S&_nc_ht=video.fhan20-1.fna&oh=03_Q7cD1QHcMMwKxrOS6-y9QBDPmT4VmaLpwGvNZLuNhcKRyMLgWA&oe=665B3D23&dl=1,,		Bách	Duyệt		
2024-05-27	FP - Cao Thủ	Nguyễn Bá Dũng	Này là Decan chắc rồi =))))))	https://scontent.fhan20-1.fna.fbcdn.net/v/t1.15752-9/445805525_1216023129368455_1168575129666418682_n.png?_nc_cat=102&ccb=1-7&_nc_sid=5f2048&_nc_eui2=AeHnn27XfQ4LZK9qrmV50nIAqd1CJWlcav-p3UIlaVxq_7YiU_ODI0sXJZ92YacbTMsPpjrMVlUrOXr6Rk579Trw&_nc_ohc=h9P_zUgWIYAQ7kNvgElk1b_&_nc_ht=scontent.fhan20-1.fna&oh=03_Q7cD1QGzz-Om0Rk_-wyOh84S1XbLbl0Lb0Ci_D5FYt3wP7h4jQ&oe=6680C032,,			Bách	Duyệt		
2024-05-27	FP - Cao Thủ	Nguyễn Bá Dũng	"Lâm Minh xuất hiện với hình dạng trọc đầu trong story mới nhất trên Instagram sau việc bị ""tăng tương tác"" 🥲🥲"	https://scontent.fhan2-3.fna.fbcdn.net/v/t1.15752-9/440932858_840309228133655_4002699285068956491_n.png?_nc_cat=111&ccb=1-7&_nc_sid=5f2048&_nc_eui2=AeG_KyCypMfiVDZxg5D3zq9EzmOwMjo1UCHOY7AyOjVQIQY5i_7llVK6JFIa0yUsIMw2oYWV4-f1ybvu6MCMvckw&_nc_ohc=VODFvloKyisQ7kNvgHrx0du&_nc_ht=scontent.fhan2-3.fna&oh=03_Q7cD1QHcdlYlQnnVYcZu19fMZ-DV5WPr-w0t-oD1_W61bfom3w&oe=6680D8A5,,https://scontent.fhan20-1.fna.fbcdn.net/v/t1.15752-9/441433177_989906736183880_223903812133297636_n.png?_nc_cat=102&ccb=1-7&_nc_sid=5f2048&_nc_eui2=AeGO53nGZyQO2rNkaw_yiPQVS0K_ekGMboRLQr96QYxuhEAhDL4A6xP8yH3ydpd6ifsGF1T9VtTxEqldjIi7pWSx&_nc_ohc=A60Zf4eSiOoQ7kNvgHy9xwU&_nc_ht=scontent.fhan20-1.fna&oh=03_Q7cD1QEX6wFHRuWoXWpsd2lrTeM8WItCuYuVL1Cdftp9o3Adag&oe=6680C1DA,,			Bách	Duyệt		
2024-05-28	TT-HÓNG TO THE HEART	Đoàn Nhật Linh	https://drive.google.com/file/d/1zmgpa3s_utmgtg_Y5B9_DduAu_8k06lm/view?usp=drive_link	https://drive.google.com/thumbnail?id=1zmgpa3s_utmgtg_Y5B9_DduAu_8k06lm		https://drive.google.com/file/d/1zmgpa3s_utmgtg_Y5B9_DduAu_8k06lm/view?usp=drive_link	Đạt	Duyệt		
2024-05-31	FP - Inside the Box	Lê Giang Uyên	Số mệnh bất biến hay Đức năng thắng số? Bạn tin cái nào?				Đạt	Duyệt		
2024-05-31	FP - Inside the Box	Nguyễn Đức Trọng	Một phút vô tree, Phạm Minh cùng hamster đuôi dài của anh ấy đã làm mình kêu cứu vì buồn cười :)))  Ảnh chụp tại group VOZ.Vn Hội Thu Cấy	"https://scontent.fhan2-4.fna.fbcdn.net/v/t1.15752-9/438159087_1202267287471435_817271524559107025_n.jpg?_nc_cat=110&ccb=1-7&_nc_sid=5f2048&_nc_eui2=AeHXsVZ1nudIkr0gTi0LHwFOgzXFl03XAFODNcWXTdcAUwrXn-CZUAr5gZfrjc1F3hmvdgTJvd5EhSfij3n7y7m8&_nc_ohc=FznuCABEt0oQ7kNvgHBhF2Q&_nc_ht=scontent.fhan2-4.fna&oh=03_Q7cD1QF-m9skFMIFSC6cxvZPzDo1s6tLYsRfoeXEd2kTPGM-yw&oe=668205E4,,https://scontent.fhan2-5.fna.fbcdn.net/v/t1.15752-9/441085856_1512760286344156_2211380274918083200_n.jpg?_nc_cat=107&ccb=1-7&_nc_sid=5f2048&_nc_eui2=AeFrV-U81r1Qsk82f2s3JDVdzErm-41CncvMSub7jUKdy5IrsbdBRZtNmhj3sLae5SqsRcl8ixb0_OJCyrKhRoIp&_nc_ohc=Gwc0CkBbzCAQ7kNvgHRzZxt&_nc_ht=scontent.fhan2-5.fna&oh=03_Q7cD1QGEEt3FF8tIMZUpWZnd3QMOPtU8N2Kqgv7BKxI5bKsNTA&oe=668201E7,,https://scontent.fhan2-4.fna.fbcdn.net/v/t1.15752-9/441965162_1921384628282678_3707939211391818019_n.jpg?_nc_cat=100&ccb=1-7&_nc_sid=5f2048&_nc_eui2=AeECyMOSb0yCSZgCf_YV31k9ubkVKTDsSYK5uRUpMOxJgvigcwa2zpTvgBI3qRmSlQCdLnZOsBmGbPbulpl9ua1E&_nc_ohc=fQ0eZQRASt8Q7kNvgF1XQ1q&_nc_ht=scontent.fhan2-4.fna&oh=03_Q7cD1QGzKSWTGDBPWDnUfSC0vrhmy7GGO95QdCBYod4Hrxp1yQ&oe=668201C1,,https://scontent.fhan2-4.fna.fbcdn.net/v/t1.15752-9/441956353_1016199583425480_6596335605771676585_n.jpg?_nc_cat=110&ccb=1-7&_nc_sid=5f2048&_nc_eui2=AeGGvWpsGOjYnqzYDK2eUJsl_9_ZBdQtu9v_39kF1C272w1G8a3bAsuDoCJ9SHyXa_Hc6VFBj2zc2ryqvJK2DHmA&_nc_ohc=IXt-S5KKmhIQ7kNvgGDaKan&_nc_ht=scontent.fhan2-4.fna&oh=03_Q7cD1QG_tN6839BKJQ0QLixYD2V6iSJBcEwOekvvlYFpyfONlw&oe=66823071,,https://scontent.fhan20-1.fna.fbcdn.net/v/t1.15752-9/436447868_774603034493344_5082664579041702666_n.jpg?_nc_cat=102&ccb=1-7&_nc_sid=5f2048&_nc_eui2=AeFfVNuD94PKzMi6khll9mRrOVy_BhlySm05XL8GGXJKbaVh1eAeDTon9fiEdsRMO5oU7l523aywVfOZeFk-up9j&_nc_ohc=hosWB9kSWUgQ7kNvgEmyrZb&_nc_ht=scontent.fhan20-1.fna&oh=03_Q7cD1QGbkjiG5jm7zpDeDjWkFFJynbnNuhw97a5i-Wl6xG_O0g&oe=66821480,,https://scontent.fhan20-1.fna.fbcdn.net/v/t1.15752-9/442008152_811969964329338_5977066439350393527_n.jpg?_nc_cat=103&ccb=1-7&_nc_sid=5f2048&_nc_eui2=AeE3OBjy10RacMfxq5yIFcWnWO3fquQ-iBdY7d-q5D6IF2e7Sp_MWZDPW7KGnHpFDD0aci8qQD4bX6sigRtqsDXH&_nc_ohc=siDJYXxVbq8Q7kNvgFL4rA1&_nc_ht=scontent.fhan20-1.fna&oh=03_Q7cD1QF8PNtQtEykMjL7-zwGazea_B-NNRMM59B7iQFroplzbw&oe=66820985,,https://scontent.fhan2-5.fna.fbcdn.net/v/t1.15752-9/441077294_419861417682641_5114228666555113705_n.jpg?_nc_cat=106&ccb=1-7&_nc_sid=5f2048&_nc_eui2=AeEG3GvDC67i5LDjIKo4_DbZQXUruvLA80BBdSu68sDzQJJMTX2NBTmLFiD-cK92MDF3UtS09OAVJcnMc6BYqeX4&_nc_ohc=qaIDwz9kowMQ7kNvgEIqEbP&_nc_ht=scontent.fhan2-5.fna&oh=03_Q7cD1QEVNpyiqV7rJKE0HXVQJAuwDCeNmDo2emjPF6HufjUOrQ&oe=66821D7F,,
https://scontent.fhan20-1.fna.fbcdn.net/v/t1.15752-9/441491159_2878440635787820_9118063042352178261_n.jpg?_nc_cat=109&ccb=1-7&_nc_sid=5f2048&_nc_eui2=AeHW1Uzj2EC8dow9miUa_FK6yYivHIzD5bnJiK8cjMPluc9AkwjZ17bWdiPnlGjVG5v6ryBJ7xl85PPhUZ2esqPr&_nc_ohc=qLuZekWCRlkQ7kNvgEyAXDT&_nc_ht=scontent.fhan20-1.fna&oh=03_Q7cD1QEQypjCPuRYnV59BzTE0JfaaxNqscYaARt_ibISjBdMdQ&oe=668208AC,,https://scontent.fhan2-3.fna.fbcdn.net/v/t1.15752-9/441956353_1148176243159672_3934637195297609613_n.jpg?_nc_cat=108&ccb=1-7&_nc_sid=5f2048&_nc_eui2=AeFHfMpJEtrgpQUPumXPoXhrWkjPUB59yu5aSM9QHn3K7hdMkLtjB7DS8k2mPXK7_jTotklGVZno9HnqE38TOrmZ&_nc_ohc=3i9YFxq_3jIQ7kNvgGYGTCh&_nc_ht=scontent.fhan2-3.fna&oh=03_Q7cD1QHPCp74kvKTrexlReqdjbhVXiG6X21bBowDmTVWWcbRbQ&oe=668215C4,,https://scontent.fhan2-3.fna.fbcdn.net/v/t1.15752-9/441041131_423734940516433_4953528407890004517_n.jpg?_nc_cat=101&ccb=1-7&_nc_sid=5f2048&_nc_eui2=AeEM7wySD8XKQvLNgORA7Oicle1jC5YHnhuV7WMLlgeeGxszl2oSykEx5sbvCEgPKvfTFhd39yOkwPeAwi6ru-UO&_nc_ohc=6Ra7sZ2181UQ7kNvgFACSAE&_nc_ht=scontent.fhan2-3.fna&oh=03_Q7cD1QHvqc0Y6lQTk3cIuDItjlnnPg1jGTW5C61_6K1nhehaGQ&oe=66820317,,https://scontent.fhan20-1.fna.fbcdn.net/v/t1.15752-9/436518950_8378087482204784_8866929372716548493_n.jpg?_nc_cat=109&ccb=1-7&_nc_sid=5f2048&_nc_eui2=AeEBvHkOu0nI7iLGAHsA6dGB8-m8sZHhmIPz6byxkeGYg9sl20NF5vRZoO9VMiq_52a8h5fUS9qDnDCYxIb3-nK_&_nc_ohc=Uzc0AR8dKdAQ7kNvgGRLLLH&_nc_ht=scontent.fhan20-1.fna&oh=03_Q7cD1QHcQRzh2vVPoujKzd2JPbgJGZEGeOJcAEBqyCOJWuPkJg&oe=66820C0A,,https://scontent.fhan2-3.fna.fbcdn.net/v/t1.15752-9/441064051_387841850272636_9091386429258105351_n.jpg?_nc_cat=101&ccb=1-7&_nc_sid=5f2048&_nc_eui2=AeHYYj_N3eV7W9sWHRvMk_wFSSSM85LERpdJJIzzksRGl03f743pbX1RYfBR6xFuSCdNC-eEdX2oUK656rmJ-uju&_nc_ohc=2cnH89m-YEsQ7kNvgEpEJ_d&_nc_ht=scontent.fhan2-3.fna&oh=03_Q7cD1QHb3-TavtpdPyoXVrvWpjNAg9Yz0LVaaEPu2feKbHD_Ig&oe=66820B15,,https://scontent.fhan2-5.fna.fbcdn.net/v/t1.15752-9/438094921_1120524459004934_5390172611056042507_n.jpg?_nc_cat=104&ccb=1-7&_nc_sid=5f2048&_nc_eui2=AeHXFoe1Ey5pPnsQH9F6rnTVwbm-duhm05PBub526GbTkycv3t78P1JqSHSPKSK2psFRm_Tw1I3QobRn-t8Jz8Ox&_nc_ohc=ACiq1upwUOEQ7kNvgGp0Jt3&_nc_ht=scontent.fhan2-5.fna&oh=03_Q7cD1QFObLQK8SdSH9X7ZkOgqALJOtlu3VhYJlUmZuByKGTA_Q&oe=66822D30,,https://scontent.fhan20-1.fna.fbcdn.net/v/t1.15752-9/441973408_993519082309552_6867101821703328833_n.jpg?_nc_cat=103&ccb=1-7&_nc_sid=5f2048&_nc_eui2=AeHny70NKoBPXiG8Hsju-WMlqKB-Y3pOfoeooH5jek5-h64KC97oJ1Kq-Yd-JxGiCwvaAjH-kXXVi8O4DyWFvDDg&_nc_ohc=NWLPD-GDQU4Q7kNvgF8koaY&_nc_ht=scontent.fhan20-1.fna&oh=03_Q7cD1QEyySZb-IQwI6B1oLuPgacH-oRZ_eAiUv-zr1ivO0cRvA&oe=668206BF,,https://scontent.fhan2-4.fna.fbcdn.net/v/t1.15752-9/441503651_326097167200193_3369568713978293369_n.jpg?_nc_cat=110&ccb=1-7&_nc_sid=5f2048&_nc_eui2=AeH4QhmSJ2UXRZifJOcUEp6vlcNqpUawsIWVw2qlRrCwhZ_1pJFS9iuj9IH1tx9zyBuxxfp03jKLep5K8TOVnfE5&_nc_ohc=4L8FcdH5HpMQ7kNvgFlAqZK&_nc_ht=scontent.fhan2-4.fna&oh=03_Q7cD1QH82-aGgP3tbJmPQTdeMTRRAthE5LbbkiMGANZuxbe6VQ&oe=66820F09,,"		https://voz.vn/		Duyệt		
2024-05-30	FP - Inside the Box	Lê Giang Uyên		https://scontent.fhan2-5.fna.fbcdn.net/v/t1.15752-9/438112415_832665128921069_6990443003503637319_n.jpg?_nc_cat=104&ccb=1-7&_nc_sid=5f2048&_nc_eui2=AeFbSL5WNhHG5T9EiWl0pGFzBSyy0hQW7GoFLLLSFBbsasG00x_UisMg0H10YvLkhBblZIr4LzxhE1NCPBscGxry&_nc_ohc=x97G6cMv6o0Q7kNvgEMCOFY&_nc_ht=scontent.fhan2-5.fna&oh=03_Q7cD1QHkWsXCidLpnpvEfct05L-q5lFMS3sMTn0vfDeZwGttIA&oe=66821CE7,,			Bách	Duyệt		
2024-05-30	FP - Inside the Box	Lê Giang Uyên	"Xin chào mọi người, vợ chồng mình là người thuê trọ có mặt ở hiện trường và thoát khỏi đám cháy ở Trung Kính sáng ngày 24-5 vừa rồi.  Hôm nay mới nhận lại được điện thoại từ công an phường để có thể đăng đôi lời chia sẻ về vụ việc vừa qua.  Thời điểm bức ảnh chụp màn hình điện thoại là lúc chồng mình phát hiện ra đám cháy và gọi mình dậy, mình cuống cuồng tìm điện thoại bấm đèn plash thì bấm nhâm vào chụp màn hình.  *** Còn chi tiết về vụ cháy, chắc mọi người cũng đã theo dõi ở trên các kênh truyền thông rồi, mình chỉ xin chia sẻ thêm một vài điều từ ý kiến cá nhân của người trong cuộc.  Thời điểm diễn ra vụ cháy khoảng Oh40p, chồng mình lay mình dậy báo cháy rồi, anh cuống cuồng bảo tìm điện thoại và vơ vội khăn tăm bảo mình vào nhà vệ sinh thấm nước để 2 vợ chồng chạy ra vì lần mở cửa phòng đầu tiên thấy lửa mới ở tầng 1, nhưng sau vài giây mở cửa lần 2 khi mở cửa ra kèm 1 tiếng nổ, lửa bùng lên tầng 2, trước mắt mình lửa dâng kín đang muốn ùa vào phòng mình rồi, ngay lập tức chồng mình đóng sập cửa và bọn mình chui vào nhà tắm, lấy khăn tắm thấm nước quàng lên, rút giấy vệ sinh thấm nước bịt kín tai và miệng. Lúc đó vẫn nghe thấy tiếng lửa cháy rất lớn, xung quanh mọi người la hét ầm ĩ kêu cứu, mình lúc đầu cũng hét theo phản xạ vì mình nghĩ chắc chăn đêm nay 2 vợ chồng sẽ không qua khỏi, đến Oh49 mình chỉ kịp nhăn tin cho mẹ ở nhà ""Mẹ ơi, con yêu bố mẹ, chúng con chết cháy rồi"" sau đó bật đèn plash, 2 vợ chồng ngồi thu thu gần bồn cầu, liên tục lấy nước vỗ vào mặt để tỉnh táo. Bên ngoài cháy lớn, cháy đến cửa chính và cửa sổ nhà mình, bên trong khói đen đã tràn ngập nhà tắm, chồng mình vẫn cố gắng bảo mình thật bình tĩnh, chúng mình không la hét nữa, tay bịt kín mũi miệng, tay kia anh cầm ghế nhựa đập vào cửa để gây tiếng động, chờ đợi khoảng khắc để được nghe thấy tiếng xịt nước từ cứu hộ dài cả thế kỉ, chỉ khi nghe thấy tiếng xịt nước mình mới có chút hi vọng sống sót.   Khoảng hơn 2h sau khi tình hình có vẻ ổn hơn, thấy khói bớt đi chúng mình lao ra cửa chính kêu cứu và nhanh chóng được lực lượng cứu hộ đưa xuống dưới, ngay khi ra khỏi cổng mình được 115 cho thở ôxi bê lên cáng rồi cấp cứu tại bệnh viện giao thông vận tải luôn, còn chồng mình đi ra khỏi cổng trước vài bước ngồi lại để chờ xem mọi người có cứu được cô em gái kia không nhưng chờ mãi chỉ thấy khiêng những chiếc chăn quấn kín mít trên cáng bước ra, lúc ấy chồng mình khó thở quá thì được 115 cấp cứu vào viện Giao thông vận tải.  Sau vụ việc này, chúng mình lại càng yêu thương nhau hơn, và chúng mình tự hứa là sẽ cần tìm một nơi an cư mới, an toàn hơn để chuẩn bị sẵn sàng chào đón những điều mới mẻ.  | Chuyện chúng mình 106, chia sẻ của người thoát khỏi vụ cháy Trung Kính gần đây."	https://scontent.fhan2-5.fna.fbcdn.net/v/t1.15752-9/441546588_7152975198140312_8825205300575349680_n.jpg?_nc_cat=107&ccb=1-7&_nc_sid=5f2048&_nc_eui2=AeFuDN4_zNTbZmqP9CvYXUQht-DEuxE9mM234MS7ET2YzRgzLbKNc1FaNoglyV_d8zH3gk_8Mw0tTqtgk8I6WvqN&_nc_ohc=DhVX0DqSMXQQ7kNvgHnIgvz&_nc_ht=scontent.fhan2-5.fna&oh=03_Q7cD1QHAp6sE3X-k3zFqNWDuVK8J3S8TdxT6aANdcYU_gE0OSQ&oe=66822C1A,,			Bách	Duyệt		
2024-05-30	FP - Inside the Box	Nguyễn Đức Trọng	Làm gì khi người khác đồn đại, nói xấu sau lưng bạn?				Bách	Duyệt		
2024-05-30	FP - Inside the Box	Nguyễn Đức Trọng	Hướng dẫn cho các con thoát hiểm khi bị kẹt trong xe!  Sau vụ việc đau lòng của cháu bé ở Thái Bình, chỉ mong bố mẹ và nhà trường có xe đưa đón cảnh giác hơn, cẩn thận hơn.  Cẩn thận ngàn lần vẫn chưa đủ, sơ ý một lần đã quá thừa rồi! Xin bố mẹ và nhà trường hãy dạy các con cách thoát hiểm nếu lỡ như bị kẹt ở trong xe  BẤM CÒI XE: Còi xe luôn hoạt động dù xe có tắt máy, rút khóa điện do sử dụng nguồn điện trực tiếp từ ắc quy. Tiếng còi xe phát ra liên tục sẽ gây sự chú ý của mọi người xung quanh khu vực đỗ xe.  BẬT ĐÈN HAZARD: Tương tự còi, đèn Hazard có hình tam giác luôn sẵn sàng hoạt động ngay cả khi xe đã bị khoá cửa, tắt máy.  BẬT LẪY MỞ KHOÁ CỬA TỪ BÊN TRONG: lẫy khoá này có ở mỗi cửa lên xuống được dùng trong trường hợ khẩn cấp.  DÙNG BÚA THOÁT HIỂM: Búa thoát hiểm được trang bị trên hầu hết xe chở học sinh và được thiết kế an toàn khi dùng để đập cửa kính xe.  DÙNG CỬA THOÁT HIỂM CUỐI CÙNG TRÊN XE HƠI: cửa thoát hiểm này được trang bị cho một số dòng xe du lịch hay xe con hiện đại nằm ở cốp sau hoặc khoang hành lý. Mở nắp nhựa và gạt lẫy chốt khoá bằng kim loại là cửa mở và có thể thoát ra ngoài.  ...  Nếu còn những cách nào nữa có thể dạy cho trẻ thoát khỏi xe khi bị bỏ quên, mọi người hãy cùng chia sẻ nhé!	https://scontent.fhan2-4.fna.fbcdn.net/v/t1.15752-9/445381961_1372165606754011_6308205914061155067_n.png?_nc_cat=100&ccb=1-7&_nc_sid=5f2048&_nc_eui2=AeHqocqv6zVFT8DTcraI7x4v_N-FOn1VSPb834U6fVVI9sLTLfD1R0zUtF-ZaNWsMer305n5UxhVE8zDfvbrZG4U&_nc_ohc=4GzgG2jrOo0Q7kNvgHmLIa3&_nc_ht=scontent.fhan2-4.fna&oh=03_Q7cD1QHYtzshZxJD9lWJTrrAahNZOFBw-4rK3oh1jnRKsz2t-Q&oe=66822AEA,,		https://www.facebook.com/KenhVTV6/photos/a.205304600071225/436079063660443/?type=3	Đạt	Duyệt		
2024-05-29	FP - Inside the Box	Nguyễn Đức Trọng		"https://scontent.fhan2-3.fna.fbcdn.net/v/t1.15752-9/441325247_814240120370326_65697882120213536_n.png?_nc_cat=101&ccb=1-7&_nc_sid=5f2048&_nc_eui2=AeH_6KerH5Tw1x6gpdICUP3_MVHwXVUuYi4xUfBdVS5iLjEISBNgmZeZwNjwSOHWeeR5cm8VGUzmQOSyy8cn7hoG&_nc_ohc=_laWzmq257wQ7kNvgH1YVwS&_nc_ht=scontent.fhan2-3.fna&oh=03_Q7cD1QHFivgdIsRrwwBXPEzUUbaw76PVVz7zXhJkHIe4jZEcHg&oe=6681FE94,,https://scontent.fhan2-3.fna.fbcdn.net/v/t1.15752-9/445613965_1828608630950281_4695175636402974964_n.png?_nc_cat=101&ccb=1-7&_nc_sid=5f2048&_nc_eui2=AeFjnIHon17Ka5L-TexycDB6ScbdCWPhLxFJxt0JY-EvEWr0cu6E2CdKEJHZqpUg54kk4G6_PLUVLkCSY9JR2pqF&_nc_ohc=sY1LVXzLkw0Q7kNvgGiwB-e&_nc_ht=scontent.fhan2-3.fna&oh=03_Q7cD1QGa4jZMAUHTjxYpo6t2qxK8afUyR0PkhFSRRhmmXct2dg&oe=66821A55,,https://scontent.fhan20-1.fna.fbcdn.net/v/t1.15752-9/445381956_1392968604747122_7118901912748328293_n.png?_nc_cat=103&ccb=1-7&_nc_sid=5f2048&_nc_eui2=AeG-w3MI7BAWwrPfFXIbIyVmEYoTkUgLoKwRihORSAugrHyniAhPhMVdwqdWbNCrHEA1x6ONpwZb0T2L0jiapYvp&_nc_ohc=s0AJW9-nD6oQ7kNvgGjljm4&_nc_ht=scontent.fhan20-1.fna&oh=03_Q7cD1QEaZ-XW6SxEw_35WnQWtCitFr5nFFss7Rddvo3h6D2mKA&oe=6681FB65,,https://scontent.fhan2-3.fna.fbcdn.net/v/t1.15752-9/445378668_2650696548444224_9031582858493883852_n.png?_nc_cat=111&ccb=1-7&_nc_sid=5f2048&_nc_eui2=AeFt6v3sTozro001XZQyjxaymlzI0WukNCKaXMjRa6Q0IkX_3lP0vw7NrP0DHwCHXXIN89spgO0Omgwy2YzRTkPh&_nc_ohc=z55z2b9YpyAQ7kNvgEZieZG&_nc_ht=scontent.fhan2-3.fna&oh=03_Q7cD1QGzmXQ78qoDIVpdHQ-UIH6DlbtT0-ePVYM_qNWzQ9q4Ww&oe=66820192,,https://scontent.fhan2-5.fna.fbcdn.net/v/t1.15752-9/440943817_809001254540423_4473525710057011938_n.png?_nc_cat=104&ccb=1-7&_nc_sid=5f2048&_nc_eui2=AeFYcrdvPcul7JDHHZCw-t-vXHNnZL7TAAhcc2dkvtMACF-GgCr_uxsdVyRfaFqSA3N83GE00K7ljlftPVxuP_6F&_nc_ohc=OgNOtoXjK8MQ7kNvgFWFyeJ&_nc_ht=scontent.fhan2-5.fna&oh=03_Q7cD1QFsI2ndQPaPCyNuxXX8Ez6Mtj7PZC_v1wH8LzrxLQf0wg&oe=66820A6E,,https://scontent.fhan20-1.fna.fbcdn.net/v/t1.15752-9/440860982_983057759874835_5363058595024258909_n.png?_nc_cat=103&ccb=1-7&_nc_sid=5f2048&_nc_eui2=AeE1nWeNwRv7rQAWE63VsLplPjP6OXEbA0o-M_o5cRsDSrea72yd1ZCVTPG04mlDTpI-c6SZID1iS1GsGI4RqsEY&_nc_ohc=X_jBBY_-4rQQ7kNvgHOCAz_&_nc_ht=scontent.fhan20-1.fna&oh=03_Q7cD1QEpRVBuFmU0s0gTme6UOfmf8o607YYIPWOl7bSY5u40-Q&oe=66822580,,
https://scontent.fhan2-5.fna.fbcdn.net/v/t1.15752-9/441908754_837126535132346_5834419659638869367_n.png?_nc_cat=104&ccb=1-7&_nc_sid=5f2048&_nc_eui2=AeEn12kZj1jPfhTbSYpY_7SYVMqd21lW_WpUyp3bWVb9anSuueBwleW7_ZTN-cyCBVkMpvt5zrKwTsOa29aZR7rq&_nc_ohc=jXbTQpZjp3UQ7kNvgGTVwAJ&_nc_ht=scontent.fhan2-5.fna&oh=03_Q7cD1QEVrppu-SzyX3q4_QQPyJBQdqTUhU0pxk3JrZ-BR6faAw&oe=66820013,,"			Đạt	Duyệt		
2024-05-29	FP - Inside the Box	Nguyễn Đức Trọng	Đây là đoạn chat của mình và em gái mình. Chẳng như mình tưởng tượng ban đầu là ẻm sẽ đòi mình thưởng này thưởng kia đâu. Mà thay vào đó em gái mình lại chỉ muốn mình về quê với nó rồi để nó bao mình đi ăn thôi. Nghĩ cũng thấy đáng yêu ghê ha ❤️  | Thành viên group Cháo hành miễn phí chia sẻ	https://scontent.fhan20-1.fna.fbcdn.net/v/t1.15752-9/445674970_1448130679153860_8969798550423083286_n.jpg?_nc_cat=109&ccb=1-7&_nc_sid=5f2048&_nc_eui2=AeEKcWHJ8pBu7EoPShnSKAtarJBqKq-1e0CskGoqr7V7QBZr5lyEGbr8ZsSzG1jpSrOCFaxihP35a4F2NHlUiCYy&_nc_ohc=EewKL_9B3LcQ7kNvgEavuqy&_nc_ht=scontent.fhan20-1.fna&oh=03_Q7cD1QG0VTuR9hqkGKXvPaR29jWZYe8_ZHef58-6h-xEQ-Njcg&oe=66822A70,,			Đạt	Duyệt		
2024-05-28	FP - Inside the Box	Nguyễn Đức Trọng	Hôm đó bố dượng đi lên chỗ em chơi về muộn, bố đưa em đi về. Tới gần chỗ nhà trọ, bố đỗ xe ở ngoài, em chào bố rồi mở cửa xe.  Nhưng bố khóa xe lại, rồi hỏi “Đi về không chào bố à”, “Chào mỗi câu thế à”. Bố muốn bố con thân thiết, bố bảo em thơm bố. Trước giờ bố vẫn là người tốt, muốn gần gũi con cái.  Em thơm trán bố cho xong rồi mở cửa nhưng không được. Bố quay sang hỏi “Sao hôm nay mỗi thơm trán thế”, em không nói gì.   Rồi sau đó bố tắt đèn trong xe đi, xong bố cư*ng hôn em. Em đã dùng hết sức rồi nhưng không đẩy được bố ra. Đến khi có hai chiếc xe máy đi làm sớm qua thì bố mới dừng lại điều ấy, bật đèn xe lên và đi ra ngoài.  Em sợ khi mà em nói ra thì sẽ ảnh hưởng đến mối quan hệ của bố mẹ hiện tại. Vì mẹ em đã từng đổ vỡ một lần rồi nên em sợ lại ảnh hưởng đến bố mẹ và anh, em và các em nữa…  Em chỉ nghĩ được là em không muốn làm mẹ buồn thêm vì điều gì nữa…  | Khách mời chia sẻ với Inside the box	https://scontent.fhan2-4.fna.fbcdn.net/v/t1.15752-9/440938252_1005994984277321_4058433306706461164_n.png?_nc_cat=105&ccb=1-7&_nc_sid=5f2048&_nc_eui2=AeETpRb5xO63_LKDIMtJpRrYkYctMiYTyjCRhy0yJhPKMK0v7-nFAVLQ5IM0DGhtRCzN12E7ePgvRIRaZkZRA2Oy&_nc_ohc=lmQWtdAm2ZUQ7kNvgFnarWa&_nc_ht=scontent.fhan2-4.fna&oh=03_Q7cD1QGtHeEng38NO4-tepkFWgZFDv_4ARHtObCNRSOluwlaoQ&oe=66820F63,,			Đạt	Duyệt		
2024-05-28	FP - Inside the Box	Lê Giang Uyên	Khi ăn cơm mà bố nhai phải hạt sạn, trong 3 giây mình phải biến mất, không chắc chắn sẽ có chuyện xảy ra...				Đạt	Duyệt		
2024-05-28	FP - Inside the Box	Lê Giang Uyên	Hôm nay mình đang photo thì có một bạn nữ hớt hải chạy vào, kêu người gần cửa nhất “anh ơi anh cho em mượn điện thoại, hình như em bị móc túi rồi.” Thế rồi bạn luống cuống, tay run lắm, cứ liên tục: em bị mất điện thoại rồi, người ta móc của em rồi hay sao. Lúc đó quán đông, nhưng mọi người trong quán đều tỏ ý cảm thông và hỗ trợ bạn, nhắc bạn bình tĩnh.   Lúc đấy bạn hỏi mình cách tìm Iphone bị mất, bạn mượn anh chủ quán Photo để đăng nhập vào. Mình với bạn loay hoay một hồi để tìm máy. Bạn cứ liên tục: chị ơi vậy là em bị móc mất điện thoại, người ta móc của em hay sao. Mình cùng bạn xem hướng dẫn, tìm cách để tra, vừa làm vừa trấn an, hỏi bạn để đâu mà mất. Bạn bảo em để sau ba lô, cũng không kiểm tra lại, chỉ sợ đường đông người ta lấy mất.   Sau rồi có việc nên mình cũng vội đi luôn, không ở lại nên cũng không rõ bạn có tìm được máy không. Mọi người nếu mang theo ví tiền, điện thoại hay đồ có giá trị cao thì nên cất cẩn thận trong túi, balo. Đừng ở ngăn rìa, ngăn bên ngoài, cũng đừng để trong hốc xe. Cẩn thận vẫn hơn!	https://scontent.fhan2-4.fna.fbcdn.net/v/t1.15752-9/441924904_1928273700949739_9132589350728868017_n.jpg?_nc_cat=110&ccb=1-7&_nc_sid=5f2048&_nc_eui2=AeHHzajdbp8sBOJZ4meHrTtiUEV2quptzdJQRXaq6m3N0syaQJbSdOPz1S93R-evkrlDz0yXz1V-bo2R1GTdxaGR&_nc_ohc=dqFY-1z6LJ0Q7kNvgF_54ty&_nc_ht=scontent.fhan2-4.fna&oh=03_Q7cD1QFm9sfGTZ18L9QX95uXhZfU-ge81pVSQoTupTPgtVM8mA&oe=6681FD87,,			Đạt	Duyệt		
2024-05-28	FP - Inside the Box	Phuong Anh	https://youtu.be/8XEXget58Rc			https://youtu.be/8XEXget58Rc	Bách	Sửa/ xóa bài	Cổ súy tự tử	"Nội dung bạo lực và phản cảm"
2024-05-28	FP - Inside the Box	Phuong Anh	https://youtu.be/OmwCHYMh2Iw			https://youtu.be/OmwCHYMh2Iw	Bách	Sửa/ xóa bài	Bỏ đoạn mô tả chỗ rạch tay	"Nội dung bạo lực và phản cảm"
2024-05-28	FP - Inside the Box	Phuong Anh	https://youtu.be/v5JtnJqGWEI			https://youtu.be/v5JtnJqGWEI	Đạt	Duyệt		
2024-05-28	FP - Inside the Box	Phuong Anh	https://youtu.be/ssZyTO4Y4vQ			https://youtu.be/ssZyTO4Y4vQ	Bách	Duyệt		
2024-05-28	FP - Inside the Box	Lê Giang Uyên		https://scontent.fhan2-4.fna.fbcdn.net/v/t1.15752-9/441940171_466044855926942_797272611621876635_n.jpg?_nc_cat=105&ccb=1-7&_nc_sid=5f2048&_nc_eui2=AeErukS34rHbIe2QzjBm2LKDjfkib0KRFu-N-SJvQpEW7z2OB5QyTk8dyOL5wkXV8Eux3f2FR_k4r0knQYhlGDBr&_nc_ohc=rpEX6_GLqMgQ7kNvgFU8lr4&_nc_ht=scontent.fhan2-4.fna&oh=03_Q7cD1QFDTSuUQ3wVume6JOZsPufYc32j4jUITR62TJOkZsbrpg&oe=66822766,,			Đạt	Duyệt		
2024-05-28	FP - Inside the Box	Lê Giang Uyên	Có người thân mắc bệnh Alzheimer là cảm giác thế nào?   Bác đồng nghiệp chơi thân với bố mẹ tôi có lần vào nhà tôi ăn cơm. Mọi người uống rượu say đến tận 9h, trên mâm chỉ còn lại mấy người trẻ ngồi nói chuyện qua lại. Bà nội tôi mệt, vào phòng nghỉ trước. Xong thế nào bác ngật ngưỡng xuống dưới bếp lấy nước, đi qua phòng bà tôi lại ngồi vào nói chuyện với bà.   Bác kể, bà ơi, bà có biết không. Mẹ con bị mất trí đấy. Mất trí ý, bệnh mà của người già. Mẹ con không nhớ con đâu, chỉ nhớ ra thằng em con thôi. Mà nó thì có chăm gì mẹ con đâu, toàn vợ chồng con chăm. Chán thế đấy bà ạ, con chán lắm mà không biết làm thế nào. Mẹ con chả nhớ gì đâu, con chỉ mong mẹ con nhớ ra con thôi…  Rồi lúc về, bác vỗ vai bố tôi, ngật ngưỡng bảo: anh ngưỡng mộ vợ chồng chú mày quá, vợ chồng hạnh phúc, bố mẹ mạnh khỏe. Đấy là ước mơ lớn nhất của anh đấy.   Tôi biết những lời ấy được nói ra trong lúc bác say rồi. Nhưng mà hình như người ta bảo khi say mới dễ nói thật. Nói ra những điều muốn nói.  Tôi cũng giật mình sợ, khi trộm nghĩ đến ngày giả dụ người thân mình cũng như vậy, tôi sẽ thấy sao?	https://scontent.fhan20-1.fna.fbcdn.net/v/t1.15752-9/445387493_1511171716415734_3096694288110027342_n.png?_nc_cat=109&ccb=1-7&_nc_sid=5f2048&_nc_eui2=AeHmCKvCQv8Y_nYcx3kMm5GCcyJpq4nMNN5zImmricw03u-HRh6YoGYJTkzPs4C0rUMv8KbXVDWYzIijHkr8Mc24&_nc_ohc=Q-ZJ9l_KK0UQ7kNvgH4KrZP&_nc_ht=scontent.fhan20-1.fna&oh=03_Q7cD1QErGf0814VOZ4QMNdTZ-w_NBWTp3cLI6bV_xXkQCGHlFg&oe=6680CF80,,			Bách	Duyệt		
2024-05-27	FP - Inside the Box	Lê Giang Uyên	Mình chưa từng được nhận một lời tỏ tình như bình thường, dù đã yêu 2 năm rồi. Mình với người yêu trong thời gian tìm hiểu nhau, ưng nhau lắm rồi, như kiểu một cặp đôi đã yêu rồi nhưng mình đợi mãi mà ảnh không mở lời. Xong 1 lần hẹn đi chơi, mình nhẩm bụng kiểu: đến hôm nay rồi mà vẫn không tỏ tình thì thôi hẳn, không chơi trò mập mờ mãi được.   Thế là xong hôm ấy đi chơi, lúc anh người yêu ra đón mình, ảnh ngập ngừng run run lôi từ trong túi ra một hộp vòng, 2 cái, tên hai đứa khắc trên đấy. Anh ý đeo cho mình, ỡm ờ nhìn mình một lúc rồi bảo, “anh mong sau này sẽ là nhẫn.” Thế là xong, mình thành người yêu ảnh từ lúc đó.  Sau này mỗi lần nhớ lại mình hay trách trêu, là em chưa nhận được lời tỏ tình đâu nhá. Anh lập tức cãi ngay, người ta run lắm, không biết nói gì, đấy là câu tỏ tình mà. Thôi được rồi, tạm chấp nhận.	https://scontent.fhan2-5.fna.fbcdn.net/v/t1.15752-9/436313946_469337298816079_1364230499144985449_n.jpg?_nc_cat=104&ccb=1-7&_nc_sid=5f2048&_nc_eui2=AeGQxCJjRYJjqBii094eawyEdSom2nrwaht1KibaevBqGxcpi4563m9FqIr1TocPl1zOvgWqBHbA3tnILmfEPgYN&_nc_ohc=5cPDgKQszdYQ7kNvgEim9Al&_nc_ht=scontent.fhan2-5.fna&oh=03_Q7cD1QF_sKEvirZofTwbmPUStSJSi26lclC7lhBnidQfWgjbJA&oe=6680C156,,			Bách	Duyệt		
2024-05-27	FP - Inside the Box	Lê Giang Uyên	Tài sản lớn nhất bạn có ở thời điểm hiện tại là gì?				Bách	Duyệt		
2024-05-27	FP - Inside the Box	Lê Giang Uyên	Năm 20 tuổi, mình quyết định xăm 2 hình xăm tên bố mẹ ở hai cánh tay và đã bị mẹ mình từ mặt 1 tháng. Dù bị mẹ giận nhưng mình cũng không hề hối hận vì 2 hình xăm này có ý nghĩa rất lớn đối với mình. Hình xăm mẹ Hương cùng hoa hồng bên cánh tay phải là vì mẹ mình đã 1 tay nuôi mình lớn và mẹ mình thích hoa hồng. Còn hình xăm ba Thắng bên tay trái kèm hoa cúc .... Là vì ba mình đã mất rồi...! Ba mẹ mình chia tay từ khi mình còn nhỏ nên những kí ức về ba rất mập mờ.. Điều duy nhất mình hối tiếc là tới khi ba mất mình chỉ có duy nhất 2 tấm ảnh cùng ba....   |Chia sẻ của a Hiếu với Inside the Box	https://scontent.fhan2-3.fna.fbcdn.net/v/t1.15752-9/441505501_997318135138817_3161116486311529034_n.jpg?_nc_cat=108&ccb=1-7&_nc_sid=5f2048&_nc_eui2=AeE3O9OiQ62v4rEoUPue_gNtQb8JJxmj4ZFBvwknGaPhkYYyI4gHA5EkjlNTd-UWfi0CdwZOKSF6ebASxAOHZgqA&_nc_ohc=r_xjGsQJDz0Q7kNvgE-o1bA&_nc_ht=scontent.fhan2-3.fna&oh=03_Q7cD1QHP9RHdzeYqS47gzZfZBSq_qBllvQtxgpRQ6u0v38xWzQ&oe=6680BC8F,,			Bách	Duyệt		
2024-05-27	FP - Inside the Box	Nguyễn Đức Trọng	Cách cư xử của ba mẹ có sức ảnh hưởng lớn thế nào đến con cái?  Trong tập mới nhất của Mẹ Vắng Nhà - Ba Là Siêu Nhân, cô elm năng động hề hước mà chúng ta biết đã có khoảnh khắc gục mặt yên lặng vì ba đã vô tình để em chơi một mình rất lâu.  Không quấy khóc, la ó elm chỉ gục xuống im lặng, khi ba đến và xin lỗi, em cũng ôm ba thật chặt và chôn mặt vào vai ba. Hoàn cảnh đúng là có sức ảnh hưởng không hề nhỏ nhưng thứ lớn nhất tác động đến tính cách một đứa trẻ vẫn là sự giáo dục từ ba mẹ, đây là phương pháp trực tiếp. Cách ba mẹ yêu thương nhau sẽ gián tiếp định hình một đứa bé cũng biết yêu thương và hoà nhã với mọi người. Khi người đàn ông trở thành cha, thành chồng của ai đó xin hãy nghĩ về trách nhiệm, sự san sẻ, tình yêu thương và sự tôn trọng. Câu chuyện gia đình không đơn giản dừng lại ở việc người đàn ông chỉ kiếm tiền, người vợ chỉ chăm con, nội trợ!  | Bài viết từ Showbeat	https://scontent.fhan20-1.fna.fbcdn.net/v/t1.15752-9/445382821_1548644539331494_6011174242667532336_n.jpg?_nc_cat=102&ccb=1-7&_nc_sid=5f2048&_nc_eui2=AeHyLzJOBExzNL_15CSSKF0ef8UkDiyszo9_xSQOLKzOj4oDlSavIlhMBez9gTam9_aikiXrlFC6ONacOQDpUnOa&_nc_ohc=AMwoBebkSMoQ7kNvgHRbMxk&_nc_ht=scontent.fhan20-1.fna&oh=03_Q7cD1QG0kPYaFBTtwYVjGdG-6YchNmwK3jMesXlM_KmyyMkojA&oe=6680CABB,,https://scontent.fhan2-4.fna.fbcdn.net/v/t1.15752-9/441951472_423275307179873_7686192605052372964_n.jpg?_nc_cat=110&ccb=1-7&_nc_sid=5f2048&_nc_eui2=AeEgt6BZ9iV6M_RuNgL-Ioy2KbM6l8HgXyMpszqXweBfIx08bWTMflINRLyHzyZpDpaKdML7s__ZeF639_Q3RTpS&_nc_ohc=5CC1SNsVMMgQ7kNvgGBYHvD&_nc_ht=scontent.fhan2-4.fna&oh=03_Q7cD1QFgDZFEPuuNxePGMQdN0hGQLZK4YljSLbAZevrKkj_EAw&oe=6680CDBA,,https://scontent.fhan2-3.fna.fbcdn.net/v/t1.15752-9/445375935_420074387613188_988091968176173731_n.jpg?_nc_cat=101&ccb=1-7&_nc_sid=5f2048&_nc_eui2=AeEorbU4lXvfHJJQ3OxY9RjGCkOBE_5QINAKQ4ET_lAg0Llq3nYG4p0OUlJI-4vxUzAb2p7PHPsLDrkZq4k7hcMD&_nc_ohc=cTDZOkmwPTMQ7kNvgE6miQv&_nc_ht=scontent.fhan2-3.fna&oh=03_Q7cD1QH50wuisd4Xsu9oQaepuE3XHZs2ssfUJL7f2uikdBPibg&oe=6680B48E,,https://scontent.fhan2-3.fna.fbcdn.net/v/t1.15752-9/436731751_974905647348655_9149023637358686133_n.jpg?_nc_cat=101&ccb=1-7&_nc_sid=5f2048&_nc_eui2=AeFMKpErJzfxjMPYCW4JnWIHq0F0K42DUvSrQXQrjYNS9FUAUPrd61NM7Bhqww_SMcxHxLyejzk_B2o4tzOYBVeA&_nc_ohc=He79A7z3D1QQ7kNvgEcRPv0&_nc_ht=scontent.fhan2-3.fna&oh=03_Q7cD1QFY1n_gvYCvHnO_4YBgmVk10_OFL3birMqQr73waGf_3A&oe=6680C2F0,,https://scontent.fhan2-4.fna.fbcdn.net/v/t1.15752-9/445379605_472475605144420_7855968597883531933_n.jpg?_nc_cat=105&ccb=1-7&_nc_sid=5f2048&_nc_eui2=AeEmn_YJsMgZLmR0DICy4BEWcKNfSfCCGjJwo19J8IIaMkGGehzlWU3QIbCFJHjlZrFZ4OSNhzBMK48E-GcaovyR&_nc_ohc=_TcTu73O2JsQ7kNvgEj6tbZ&_nc_ht=scontent.fhan2-4.fna&oh=03_Q7cD1QGCyNHXZ8bMnZaACn7n7HyHKJUYnz6DE_3RDKwmGm2hJQ&oe=6680B07B,,			Bách	Duyệt		
2024-05-31	FP - Kiến không ngủ	Vũ Thị Thu Trang	Không ai cả Trời có nóng 40 độ tôi vẫn tắm nước nóng	https://scontent.fhan2-3.fna.fbcdn.net/v/t1.15752-9/444784022_956999425920546_6798354945285584550_n.jpg?_nc_cat=111&ccb=1-7&_nc_sid=5f2048&_nc_eui2=AeE8NoWF_qxNroZWCkcy5_6MGJIwCrAflOMYkjAKsB-U429ROvwP4jTB0uQxOQY5mwCB4EdmKq-uSGlV552c8irQ&_nc_ohc=5wREUpipDgIQ7kNvgEeoTv-&_nc_ht=scontent.fhan2-3.fna&oh=03_Q7cD1QHdY6oiJvESlSw8annbL_lM5RSbY75kSytnNP39oP2uNQ&oe=66822D93,,			Đạt	Duyệt		
2024-05-31	FP - Kiến không ngủ	Tạ Anh Huy	❎ Ý thức  ✅ Tại hông tin á	https://scontent.fhan2-5.fna.fbcdn.net/v/t1.15752-9/445822032_418367427830530_8185521968912831673_n.png?_nc_cat=107&ccb=1-7&_nc_sid=5f2048&_nc_eui2=AeGznbMJcQFp-5bHG_Kcjz-WyQAhAyNFUSLJACEDI0VRItb6BrGh2iV-MHjbbqtKbjmsPTKR49T0yG2UtoY2HEz1&_nc_ohc=iEj4Pj2FaiQQ7kNvgHTykwJ&_nc_ht=scontent.fhan2-5.fna&oh=03_Q7cD1QHm3RVAC_b3DwtTV4cvNRNAqEFOOwl-oXowKzNbof84eg&oe=6681FD0D,,			Bách	Duyệt		
2024-05-31	FP - Kiến không ngủ	Tạ Anh Huy	Mọi người có đang chơi bộ môn thể thao, vận động gì không?   - Kiến Psycho -				Đạt	Duyệt		
2024-05-31	FP - Kiến không ngủ	Tạ Anh Huy	Con sứa không có trái tim. Nhưng chúng không nhận ra điều đó vì bản thân chúng cũng không có não.	https://scontent.fhan2-3.fna.fbcdn.net/v/t1.15752-9/445601020_822505979351981_445096823538179571_n.png?_nc_cat=108&ccb=1-7&_nc_sid=5f2048&_nc_eui2=AeHZZIYXYsJ2V-DLGnO7Rz-oliVr9yq04JmWJWv3KrTgmc_TGOBLpvIZvQJjUVDibCc0wCjrwbP8IMFmHE822J9y&_nc_ohc=f43AO2EEbk4Q7kNvgHbisiN&_nc_ht=scontent.fhan2-3.fna&oh=03_Q7cD1QHS70eFYep59wjFcDkBnklXeeAuTFEXOnH9_f4lGMfYnA&oe=66821FA9,,			Đạt	Duyệt		
2024-05-31	FP - Kiến không ngủ	Vũ Thị Thu Trang	Ăn vội ăn vội 🥹🥹🥹	https://scontent.fhan2-4.fna.fbcdn.net/v/t1.15752-9/445373024_1494872221417093_516325266165051285_n.jpg?_nc_cat=105&ccb=1-7&_nc_sid=5f2048&_nc_eui2=AeE1Ag95sJdLsglEqNqkckR8OrrNyEcID0M6us3IRwgPQz3sYRN2W4fLiEa8qZC6lDiVTUAlu05g2pU06OihwGff&_nc_ohc=IzQ-T5HYCv8Q7kNvgHqJLS4&_nc_ht=scontent.fhan2-4.fna&oh=03_Q7cD1QFsci4jGGCco34QTb7RtLgHVEhca3IqW6g8o-W6JlkeUA&oe=6682090F,,			Bách	Duyệt		
2024-05-31	FP - Kiến không ngủ	Tạ Anh Huy	https://baogialai.com.vn/hiem-gap-co-gai-20-tuoi-co-trai-tim-nam-ben-phai-post279407.html#:~:text=Hi%E1%BB%87n%20t%C6%B0%E1%BB%A3ng%20%C4%91%E1%BA%A3o%20ng%C6%B0%E1%BB%A3c%20ph%E1%BB%A7,v%C3%A0i%20c%C6%A1%20quan%20%C4%91%C6%A1n%20thu%E1%BA%A7n.			https://baogialai.com.vn/hiem-gap-co-gai-20-tuoi-co-trai-tim-nam-ben-phai-post279407.html#:~:text=Hi%E1%BB%87n%20t%C6%B0%E1%BB%A3ng%20%C4%91%E1%BA%A3o%20ng%C6%B0%E1%BB%A3c%20ph%E1%BB%A7,v%C3%A0i%20c%C6%A1%20quan%20%C4%91%C6%A1n%20thu%E1%BA%A7n	Bách	Duyệt		
2024-05-31	FP - Kiến không ngủ	Vũ Thị Thu Trang	Vì sao những cái ôm lại ấm áp đến vậy? Bởi vì lồng ngực phải của bạn không có trái tim, nó trống rỗng, và khi bạn ôm ai đó, bạn có được trái tim ở cả hai bên.   - Kiến Psycho -				Bách	Duyệt		
2024-05-31	FP - Kiến không ngủ	Vũ Thị Thu Trang	Trung bình người xem Jujutsu Kaisen	https://scontent.fhan2-3.fna.fbcdn.net/v/t1.15752-9/445377391_7883265828396506_7379856633156619971_n.jpg?_nc_cat=111&ccb=1-7&_nc_sid=5f2048&_nc_eui2=AeFE_khUyEJXQMAfyhNd1wf63F5tH37WA4zcXm0fftYDjCU5wJ8K1cs7sFk3RN2XmDuL7qQXJVR0z36eK1XA1yEB&_nc_ohc=hYW-lUNiw6AQ7kNvgFWRRZl&_nc_ht=scontent.fhan2-3.fna&oh=03_Q7cD1QGJj2suqmMVtHOwdlvdNQ-q5-z8h3X4Seh-tGmKlOCt1A&oe=668215C9,,			Bách	Duyệt		
2024-05-31	FP - Kiến không ngủ	Vũ Thị Thu Trang	Nước uống for rich people 😭	https://scontent.fhan20-1.fna.fbcdn.net/v/t1.15752-9/441214175_355611240502612_652662471778191650_n.jpg?_nc_cat=103&ccb=1-7&_nc_sid=5f2048&_nc_eui2=AeFf1onk7y2J0D1zYKO4gwOwnegShfc-OKqd6BKF9z44qqfJASYDPhZhLwguOWciDf84C5ZBWfT08i5qqilmQRAK&_nc_ohc=4WQBhUle2GcQ7kNvgG8L2Md&_nc_ht=scontent.fhan20-1.fna&oh=03_Q7cD1QF4RAgMn_OxoAYvUtUjYHFYMyZ2seMCTntk6H3z9D1HwA&oe=668229CF,,			Đạt	Duyệt		
2024-05-31	FP - Kiến không ngủ	Tạ Anh Huy	Hôm nay tôi đi ăn gà Lotte thì có 1 miếng khoai bị khét.   Tôi nhận ra nếu trong 1 bịch bim bim mà có 1 miếng bị khét, thì nó rất ngon. Nhưng nếu nhiều miếng bị khét thì lại thành ra rất dở hay sản phẩm bị lỗi. Hóa ra chúng ta chỉ thích những điều độc lạ, và khi nó trở nên bình thường thì lại hết hứng thú nữa.   Luyên thuyên thế thôi chứ tôi vẫn cay vì Lotte chiên cho tôi 1 miếng khoai bị khét! 😡   - Kiến Rì Viu -	https://scontent.fhan2-3.fna.fbcdn.net/v/t1.15752-9/436589484_803230565240037_4984528898482722957_n.jpg?_nc_cat=101&ccb=1-7&_nc_sid=5f2048&_nc_eui2=AeHQCaPCp4FpmbSGfRlX6pVx0Ss45FMjTFLRKzjkUyNMUtpoECg8p7GrUv5J094Er71k4kWbDLsNtdaLDcCWxQ5K&_nc_ohc=zxfjZpx4z4IQ7kNvgF_FwUm&_nc_ht=scontent.fhan2-3.fna&oh=03_Q7cD1QEd2xa2siCuDQ1YT7TZWfNzObc50W1wWp3ikDwJ0ab52g&oe=668208B7,,			Bách	Duyệt		
2024-05-31	FP - Kiến không ngủ	Tạ Anh Huy	Con gấu tính vào chuồng lợn để thịt, nhưng nó đâu biết lợn đâu có hiền 🥹		https://video.fhan2-4.fna.fbcdn.net/v/t42.3356-2/446485422_25933756536238605_1036015093245139161_n.mp4?_nc_cat=110&ccb=1-7&_nc_sid=4f86bc&_nc_eui2=AeGd7oIr5UxaLJ2O_3zMAhJ88ynGtA9rhEvzKca0D2uES2UxnF7cBjkJHntFB-JsgPsn83Z9nveMRA59IL1cYleZ&_nc_ohc=a0Kc4hrawe8Q7kNvgHrIDRW&_nc_ht=video.fhan2-4.fna&oh=03_Q7cD1QE3oaUlI7XN2ymHrsGXXWnHTzHJlYPuz502yvAbcT86QA&oe=665C6CB0&dl=1,,		Đạt	Duyệt		
2024-05-31	FP - Kiến không ngủ	Vũ Thị Thu Trang	- Cho cháu photo quyển giáo trình này với ạ - Phao hay học? - Dạ phao ạ…  *Bốp*	https://scontent.xx.fbcdn.net/v/t1.15752-9/436710771_3703094156624407_4021807428401004488_n.jpg?stp=dst-jpg_p180x540&_nc_cat=107&ccb=1-7&_nc_sid=5f2048&_nc_eui2=AeFwJ9TA897PiUUvMINPoSUN91bhQkbhm6b3VuFCRuGbprVGDFzP-SNWK6VgiEPJIXsGnK6GqcyANc_TdKVS7nmw&_nc_ohc=FkGdpzJ0jm8Q7kNvgGQtXNZ&_nc_ad=z-m&_nc_cid=0&_nc_ht=scontent.xx&oh=03_Q7cD1QFczNVYmPUME6Ck4oxr5qNV7uib35c6rM_NK5uCCtPLuw&oe=66826DF3			Đạt	Duyệt		
2024-05-31	FP - Kiến không ngủ	Vũ Thị Thu Trang	Bạn rủ đi tô tượng	https://scontent.xx.fbcdn.net/v/t1.15752-9/436552678_1124859365474959_7141583556630848432_n.jpg?stp=dst-jpg_s403x403&_nc_cat=100&ccb=1-7&_nc_sid=5f2048&_nc_eui2=AeEMbxuQXpvy7Van9okz3KVygeapb0CDa-mB5qlvQINr6T5RU06s_oID8FjG9_TfDEKFRZEjoYHIfQxNIXb_msrb&_nc_ohc=2pWEO1JVSZoQ7kNvgFwXaXI&_nc_ad=z-m&_nc_cid=0&_nc_ht=scontent.xx&oh=03_Q7cD1QHKfdFx3sN2OFAeOpbHVLynGVwt4Cnm6krDerdnpoYFxw&oe=66828B7A			Đạt	Duyệt		
2024-05-31	FP - Kiến không ngủ	Vũ Thị Thu Trang	Đọc mấy series ngoại tình công sở tôi nể thật sự.   Tôi 2x tuổi đi làm văn phòng mà buổi trưa mệt muốn chết chỉ muốn ăn nhanh cho xong còn đi nằm ngủ tí, chiều lại hùng hục làm tiếp rồi về nhà tắm rửa nghỉ ngơi.   Động lực nào khiến họ vượt nắng nóng, vượt KPI, vượt mệt mỏi để đi tịnh ngoài với nhau trong 1 tiếng rưỡi nghỉ trưa vậy???	https://scontent.xx.fbcdn.net/v/t1.15752-9/436709254_25660921420218946_7139550662569305903_n.jpg?stp=dst-jpg_s403x403&_nc_cat=107&ccb=1-7&_nc_sid=5f2048&_nc_eui2=AeH_iPONu1WKKmchqjp83ZHGax1zNnPocTFrHXM2c-hxMd6T6_UsTtVnkqPWjXPsm6NopEEnOR6zSilL04esz57t&_nc_ohc=W-hi421t3UYQ7kNvgFXSFrM&_nc_ad=z-m&_nc_cid=0&_nc_ht=scontent.xx&oh=03_Q7cD1QGQv5ukH4xTPzfR0P5xQdSLCyrOSF2eM3PDEdgcwlRt1w&oe=66828151			Đạt	Duyệt		
2024-05-31	FP - Kiến không ngủ	Vũ Thị Thu Trang	Ai cũng từng là tỉ phú 😋	https://scontent.xx.fbcdn.net/v/t1.15752-9/377150446_1031177208213839_2575410416448748265_n.jpg?_nc_cat=103&ccb=1-7&_nc_sid=5f2048&_nc_eui2=AeFwvLDBeeugiHpxklwyJMiYKCx4adLqkZsoLHhp0uqRm9DoFhpMs8hXGhZJiMwxzWZDnmQJTcbAoUa8UE_DV8Uc&_nc_ohc=t7gqFNdjFG4Q7kNvgEGlDNP&_nc_ad=z-m&_nc_cid=0&_nc_ht=scontent.xx&oh=03_Q7cD1QGOxzkeTauhoc-ScHBtcXXb9PmVKXJhhDXzgN6T6zMy3A&oe=66829C3B			Bách	Duyệt		
2024-05-31	FP - Kiến không ngủ	Vũ Thị Thu Trang	Tôi thường soạn sẵn tin nhắn chúc mừng sinh nhật và đợi đúng 00:00 sẽ ấn gửi.   Tôi cũng sẽ rất vui nếu có ai đó làm vậy với tôi 💝	https://scontent.xx.fbcdn.net/v/t1.15752-9/445374210_992217069294764_972465212351977477_n.jpg?stp=dst-jpg_s403x403&_nc_cat=105&ccb=1-7&_nc_sid=5f2048&_nc_eui2=AeGCZA9d0QDuERJgcg1zO9ID7loKRSJtk67uWgpFIm2TrgONK8pBYAX_SHiJZ4umGM7HHyCMH69MkW6p4KAoumlf&_nc_ohc=y3WZo37ZA8kQ7kNvgEcnyAh&_nc_ad=z-m&_nc_cid=0&_nc_ht=scontent.xx&oh=03_Q7cD1QEHNDsY4cwokpsBInVznOpTwEGCJphfGxRzwr0zY3H0AA&oe=6682809B			Đạt	Duyệt		
2024-05-31	FP - Kiến không ngủ	Vũ Thị Thu Trang	Người bình thường *Dồ ôi lại ảnh photoshop ghép vào*  Người chơi bonsai táo *Chuyện bình thường như cân đường hộp sữa*	https://scontent.xx.fbcdn.net/v/t1.15752-9/444765435_827052882157625_1666452533144335215_n.jpg?stp=dst-jpg_p320x320&_nc_cat=111&ccb=1-7&_nc_sid=5f2048&_nc_eui2=AeFv7K2y4tRfQaKi5RLIJMA-Plq5S9ZYl3I-WrlL1liXcjzWrscBPVIUtni3a-2iwDFPWM7J7zYnsci5IzdG5zWJ&_nc_ohc=tFV6kQla2KwQ7kNvgERT9cE&_nc_ad=z-m&_nc_cid=0&_nc_ht=scontent.xx&oh=03_Q7cD1QFBFrIfStzP0FqB3i94y3b9wb9AOnNthD96W4T3Ra7FHA&oe=66826D91			Bách	Duyệt		
2024-05-31	FP - Kiến không ngủ	Vũ Thị Thu Trang	Linked In là Tinder đảo ngược. Những cô gái xinh đẹp phải nhắn tin trước cho mấy anh 🤓📚 và mấy ảnh còn chả thèm rep.	https://scontent.fhan2-4.fna.fbcdn.net/v/t1.15752-9/373463977_258926400432038_107197875709432170_n.jpg?_nc_cat=105&ccb=1-7&_nc_sid=5f2048&_nc_eui2=AeHWuWKuQFj9GMGpNBCljcwoFYKk2ofwbVoVgqTah_BtWlFiU0DJVuMJouiQqk8dq340RiaAYLVPO0tRyVSaeD6x&_nc_ohc=5ZnNm_gKcs8Q7kNvgHAKA42&_nc_ht=scontent.fhan2-4.fna&oh=03_Q7cD1QEVhsoAucHID056M7XbgQ4NV6MtQz41YYjtdGImG5AFhA&oe=6680BF71,,			Đạt	Sửa/ xóa bài	“mọt sách”	"Bắt nạt và quấy rối"
2024-05-30	FP - Kiến không ngủ	Tạ Anh Huy	"Câu hỏi về đích trong Đường lên đỉnh Olympia với ngôi sao hi vọng:   ""Đây là con gì?"""	https://scontent.fhan2-3.fna.fbcdn.net/v/t1.15752-9/441473795_3692707067658773_6979308477847216273_n.png?_nc_cat=101&ccb=1-7&_nc_sid=5f2048&_nc_eui2=AeE4dMsK_lOyJtHE1qjRApXLNTaQpyIqR481NpCnIipHj2OXis_IKsM9Yy3bgfqN9BeiE10_bD_Q5sMwsZz1TQIc&_nc_ohc=_iDb8P_SI30Q7kNvgEzg_Ns&_nc_ht=scontent.fhan2-3.fna&oh=03_Q7cD1QHq0mLpETr96u_mlrhIZlGZupofXoA0UUxLafxQBe6-tA&oe=66822E0F,,			Bách	Duyệt		
2024-05-30	FP - Kiến không ngủ	Vũ Thị Thu Trang	Thỉnh thoảng tôi ước mặt đường có tính năng “nảy lại”. Ví dụ như có ai bấy đại hoặc khạc đờm thì nó sẽ nảy lại mặt họ ngay tức khắc.				Bách	Duyệt		
2024-05-30	FP - Kiến không ngủ	Vũ Thị Thu Trang	Mỗi ngày 1 tip sinh tồn hữu ích.   Thế này nhé, tôi cũng không phải người nhiều kinh nghiệm hay gì cả, nhưng đi trên đường tôi gợi ý bạn nên cẩn thận với điều này, đó là  Kẻ khạc đờm huyền thoại.   Dấu hiệu nhận biết: - Đa phần là đàn ông - Đi xe máy và ô tô cũng có cmnl  Nếu bạn đang đi trên đường tung tăng vui tươi phơi phới, bỗng người đi xe máy đằng trước bạn đột nhiên đi chậm lại, không xi nhan, người hơi ngả thấp về bên phải, vai hơi co lên, thì bạn nên tránh thật xa. Bởi vì sẽ có 1 cục đờm được khạc xuống mặt đường ngay tức khắc và nếu xui rủi thì bạn chính là người bị dính cục đờm lên chân, hoặc xe bạn sẽ hứng thay cho chân bạn.   Ô tô mà đột nhiên đi chậm và mở cửa kính, sẽ có hai trường hợp.   Một là hỏi đường.  Hai là “khọc khọooooooc, TOẸT!”  Chúc các bạn vạn dặm bình an.				Bách	Duyệt		
2024-05-30	FP - Kiến không ngủ	Vũ Thị Thu Trang	Top 1 app đang làm mưa làm gió vì mọi người bảo nhau là mua thực phẩm tươi sống trên này rất rẻ (tôi đã check và thấy rẻ thật ạ)				Bách	Duyệt		
2024-05-30	FP - Kiến không ngủ	Vũ Thị Thu Trang		https://scontent.fhan2-5.fna.fbcdn.net/v/t1.15752-9/444783242_371042255477478_4115386380363735188_n.jpg?_nc_cat=107&ccb=1-7&_nc_sid=5f2048&_nc_eui2=AeHd5HnOEMCRwgYeQNUb7-vW96J1Fizyz4j3onUWLPLPiBirtD6BpH7LobQsUMhOwmuvwnCJlrcDpqERXqfWDhGr&_nc_ohc=P5Q5PB4ePFwQ7kNvgE7EgQd&_nc_ht=scontent.fhan2-5.fna&oh=03_Q7cD1QHY7CauLeMTW8b5lRlRu8Da2yUbjucV6iE7OcFoen7_6Q&oe=6680AB09,,			Bách	Duyệt		
2024-05-30	FP - Kiến không ngủ	Vũ Thị Thu Trang	Top những người hl nhất thế giới:  Top 1: Người đi qua vũng nước trên đường không giảm tốc độ để bắn hai vạt nước như hai cuộn sóng thần vào người đi bên cạnh :)				Bách	Duyệt		
2024-05-30	FP - Kiến không ngủ	Vũ Thị Thu Trang		https://scontent.fhan2-4.fna.fbcdn.net/v/t1.15752-9/384547489_983082672757355_784213805823207574_n.jpg?_nc_cat=100&ccb=1-7&_nc_sid=5f2048&_nc_eui2=AeHRFdmCsiw-roMjRvrYZ3IWVgWIM-VmR3pWBYgz5WZHegWysLts7RaxhhEyX_MAJTGpeTvNm2NWgiEDqX832wiI&_nc_ohc=a-E2D5aUCjoQ7kNvgGerQHJ&_nc_ht=scontent.fhan2-4.fna&oh=03_Q7cD1QHtvXkSjYjYkCSbRrUMrykARf5rxq5Tch4ABTfyTuEYYw&oe=6680B087,,			Đạt	Duyệt		
2024-05-30	FP - Kiến không ngủ	Tạ Anh Huy	Người dân đặt hoa trắng, sữa, bim bim tại nơi phát hiện cháu bé bị bỏ quên trên xe đưa đón 😔 thay cho lời tiễn biệt cuối cùng.	https://scontent.fhan2-5.fna.fbcdn.net/v/t1.15752-9/445628669_1205152207591807_4956845940056947452_n.png?_nc_cat=104&ccb=1-7&_nc_sid=5f2048&_nc_eui2=AeEjB1a2Wl3IwkgMK7L1ifCTYQz1GLBbErlhDPUYsFsSuR-11a6LSgJGzRprJYmQ-1EmxMS4c8JBm0iW8ZrnEkEe&_nc_ohc=VQdrNpbcrGMQ7kNvgEbEhOE&_nc_ht=scontent.fhan2-5.fna&oh=03_Q7cD1QFFQFT8XQS0hitKQSDitoQX49_YkYJMylqzNuAzN5Gsiw&oe=6680C054,,			Đạt	Duyệt		
2024-05-30	FP - Kiến không ngủ	Tạ Anh Huy	"Sách self-help, mấy người truyền cảm hứng: ""Hãy đánh thức con hổ bên trong bạn"" 🤡"		https://video.fhan20-1.fna.fbcdn.net/v/t42.3356-2/446598077_7920364991348438_1025764858465741424_n.mp4?_nc_cat=102&ccb=1-7&_nc_sid=4f86bc&_nc_eui2=AeEgGvj_VIF5inI8PprWjKD3ZHZQURb-YoVkdlBRFv5ihR9kA1FIar5Sr2Xhwr1f_NkQL2Awo9mq26rVSAUfSgx2&_nc_ohc=_icuOLFCI3wQ7kNvgGoKkLB&_nc_ht=video.fhan20-1.fna&oh=03_Q7cD1QGOYkhXXCErZWVWWL9EouatG4HLGpm9DkL0aZe7BZWbvA&oe=665B1E46&dl=1,,		Đạt	Duyệt		
2024-05-30	FP - Kiến không ngủ	Tạ Anh Huy		https://scontent.fhan2-3.fna.fbcdn.net/v/t1.15752-9/445792901_1393833621172944_8064700808280221636_n.png?_nc_cat=111&ccb=1-7&_nc_sid=5f2048&_nc_eui2=AeHU81_XxEqJ22AX7dpS-uTErqq0fk5mstauqrR-Tmay1uHYrCeS1pOVDXJVZHlWeUNINA8y_sIhXIF-Jk0hrg50&_nc_ohc=r5TUUg_IlA8Q7kNvgEvE7dM&_nc_ht=scontent.fhan2-3.fna&oh=03_Q7cD1QEAIHHxU7XPObKNZHz-EQylYefeq9QMZ-qMq6Z7rDLmqQ&oe=6680A3D4,,			Bách	Duyệt		
2024-05-30	FP - Kiến không ngủ	Tạ Anh Huy	Tôi mỗi khi thấy ai đó đứng giữa nơi đông người qua lại, sau đó uốn éo lắc lư để quay video Tóp Tóp T.T   Nể thật sự... Tôi là tôi không dám đâu...  - Kiến Psycho -				Bách	Duyệt		
2024-05-30	FP - Kiến không ngủ	Vũ Thị Thu Trang	Việt hoá tên một nhân vật anime 👇🏻				Đạt	Duyệt		
2024-05-30	FP - Kiến không ngủ	Vũ Thị Thu Trang	Tôi không sợ bị người khác stalk qua mạng xã hội vì những gì tôi xây dựng trên đấy cũng không phải con người thật của tôi	https://scontent.fhan2-3.fna.fbcdn.net/v/t1.15752-9/441569336_1160739088301809_4272851693209291429_n.jpg?_nc_cat=111&ccb=1-7&_nc_sid=5f2048&_nc_eui2=AeFq0naN6-xlYENrFaXmbCppFzvly0MMlkMXO-XLQwyWQ5XNFo6DIqflbh6ANo551BcGDd81we0olsKBJgFVFdmR&_nc_ohc=XhaHb7FQVmoQ7kNvgHltk82&_nc_ht=scontent.fhan2-3.fna&oh=03_Q7cD1QHgLi-LiZQ8Dp3m-DbiBfHkHQfBJzyopKF6v7fy5qUmgw&oe=6680A84F,,			Đạt	Duyệt		
2024-05-30	FP - Kiến không ngủ	Tạ Anh Huy	"""Mùa hè tuyệt vời hơn mùa đông""  Cũng là mùa hè:"	https://scontent.fhan2-5.fna.fbcdn.net/v/t1.15752-9/445622620_483590207608294_5806968448098640265_n.png?_nc_cat=104&ccb=1-7&_nc_sid=5f2048&_nc_eui2=AeE5_dc2trdivOjG0MaD-sFHu3jDdz5Lxsq7eMN3PkvGyi6LOAvufp9stGRP53mDKZlL5dWcDl0uo3PWFaNvQuyw&_nc_ohc=52E0wOrKfbcQ7kNvgFadAIy&_nc_ht=scontent.fhan2-5.fna&oh=03_Q7cD1QHgOZDKRUhq3Scx_GHZ3Drt42h3MzWZrPOcahK87uELnQ&oe=6680A316,,			Đạt	Duyệt		
2024-05-30	FP - Kiến không ngủ	Tạ Anh Huy	2 bức họa chân dung chính mình của họa sĩ Phil Courtney :O  Một bên là ông ấy khi 21 tuổi và một bên là hiện tại khi ông đã 71 tuổi. Cả hai đều là tranh sơn dầu.	https://scontent.fhan2-5.fna.fbcdn.net/v/t1.15752-9/445666760_363185163003890_5710718186729031750_n.png?_nc_cat=106&ccb=1-7&_nc_sid=5f2048&_nc_eui2=AeEYyp7peSnW8F4xzvQlwDzUBolr7_WsqwQGiWvv9ayrBIUHaSbp9JFj5U5FMP_njxJp3gwNreZJJ4IlKyV6Ocqn&_nc_ohc=_EAwJVShDLwQ7kNvgFQb6Vw&_nc_ht=scontent.fhan2-5.fna&oh=03_Q7cD1QF7hC1ZxgZ5NG3OmtqzQrtJL-y4guuNqByPzdQ-xoshXA&oe=6680D6FC,,			Bách	Duyệt		
2024-05-30	FP - Kiến không ngủ	Vũ Thị Thu Trang	Ở đây có anh em nào biết tí âm nhạc không tôi có cái này hay lắm ( ͡° ͜ʖ ͡°)				Đạt	Duyệt		
2024-05-30	FP - Kiến không ngủ	Vũ Thị Thu Trang	“Ôi chết rồi t nhập lệch thuế cả tỉ đồng m ơi nói gì giúp t bình tĩnh với”	https://scontent.fhan2-4.fna.fbcdn.net/v/t1.15752-9/441973640_2167078863660050_548156654507985869_n.jpg?_nc_cat=100&ccb=1-7&_nc_sid=5f2048&_nc_eui2=AeEvtBfS3y1AUKSV81EapbkcShJy8lBcAbNKEnLyUFwBs8GrxalVqsNkQpf86N0WIEGo-ONC6DP5Ih0kDgAmtY2H&_nc_ohc=LV_u5e6MuKIQ7kNvgG-N9pm&_nc_ht=scontent.fhan2-4.fna&oh=03_Q7cD1QGmX_fT-x0qyDCT7VEwh3slRr2FKgWf0vQ85EhbE115Og&oe=6680CAEF,,			Bách	Duyệt		
2024-05-30	FP - Kiến không ngủ	Tạ Anh Huy	Các camera AI thực hiện việc giám sát trực tuyến. Khi trẻ chưa xuống xe nhưng đã đến giờ lên lớp, camera AI hoàn toàn có thể phát hiện sự việc và gửi cảnh báo đến hệ thống, người quản lý. Việc này sẽ giúp cho những sai sót khi quên trẻ trên xe khó có thể xảy ra.  Và lưu ý, công nghệ chỉ là giải pháp hỗ trợ, quan trọng vẫn là quy trình giám sát của nhà trường. Bởi có công nghệ nhưng thiếu quy trình thì vẫn có thể xảy ra sự cố.				Bách	Duyệt		
2024-05-30	FP - Kiến không ngủ	Tạ Anh Huy	‼️ Việc cháu bé 5 tuổi, tại Thái Bình, bị bỏ quên dẫn đến t/ử v/o/ng trên xe đưa đón đến trường mầm non là lời cảnh tỉnh cho công tác dùng xe đưa rước trẻ em và học sinh thiếu sự giám sát chặt chẽ hiện nay.  😔 Việc để cô giáo hay tài xế quản lý quy trình lên xuống của học sinh đi xe đưa đón hiện nay dễ xảy ra sơ sót khi có quá nhiều học sinh lên xuống cùng một lúc. Chính vì thế, cần có thêm sự hỗ trợ của các thiết bị công nghệ để giải quyết tình trạng này.  Ở góc độ là doanh nghiệp cung cấp dịch vụ camera giám sát, ông Võ Đức Thọ, Tổng Giám đốc Hanet Technology cho rằng, thực tế hiện nay việc đưa camera AI vào giám sát công tác dùng xe đưa đón trẻ và học sinh đến trường đã được một số trường áp dụng và đem lại hiệu quả cao. Hanet cũng đang triển khai cho một hệ thống trường quốc tế tại Việt Nam.  Theo Vietnamnet	https://scontent.fhan20-1.fna.fbcdn.net/v/t1.15752-9/445649191_1404105187655251_1348954712370548621_n.png?_nc_cat=102&ccb=1-7&_nc_sid=5f2048&_nc_eui2=AeFX7e6o1cdgPE-mxnnb8uQJaY9nUb-rJrVpj2dRv6smtSHnh2D5_xHJH7eT_jJ4JhpwbLHwT6ezbXBHO08_hn9y&_nc_ohc=PnfkfHHJ2-UQ7kNvgFPG0hH&_nc_ht=scontent.fhan20-1.fna&oh=03_Q7cD1QG1sZm4zWNYAo-kewnTe2AyjYlC6SPRUEVQKou5ccJHYg&oe=6680A1BE,,			Bách	Duyệt		
2024-05-30	FP - Kiến không ngủ	Tạ Anh Huy	Có đúng cái ảnh này là có camera trên xe, còn đâu toàn là ảnh sản phẩm =))) trông vô sỉ lắm luôn	https://scontent.fhan2-3.fna.fbcdn.net/v/t1.15752-9/445589005_1099926841101740_7725577825936141112_n.png?_nc_cat=101&ccb=1-7&_nc_sid=5f2048&_nc_eui2=AeH-a71oEIP7M6LAKVfY4NKxoaLMUdN1UPGhosxR03VQ8a0qzUf0MkoUk1o6LWj9nnG2W4w0jwkuJ0jBvtQ6sS-d&_nc_ohc=8JsCPwTQykcQ7kNvgGZXtMY&_nc_ht=scontent.fhan2-3.fna&oh=03_Q7cD1QExSogtNE3Tg3j-2bz5fJVsqRDS62bD0IptFRYBJsaNKA&oe=6680B062,,			Bách	Duyệt		
2024-05-30	FP - Kiến không ngủ	Tạ Anh Huy	chịu luôn					Duyệt		
2024-05-30	FP - Kiến không ngủ	Vũ Thị Thu Trang	Nếu Trái Đất chỉ còn các đảo và quần đảo:  Ảnh: Terrible Maps	https://scontent.fhan2-5.fna.fbcdn.net/v/t1.15752-9/445386556_812085300492792_3361653767959322819_n.jpg?_nc_cat=104&ccb=1-7&_nc_sid=5f2048&_nc_eui2=AeFZku_MbLVqbKmzNWVwNwbtR_UABAdLP5lH9QAEB0s_mQ-mnu_JJqG2QsYyQA54pQM3oJE6vWd32xfKw4eTh7Bz&_nc_ohc=0k-HdndWeiYQ7kNvgHaSmcO&_nc_ht=scontent.fhan2-5.fna&oh=03_Q7cD1QF94xLksmbFuXjDE_h-N1knbh8x25al6xLSvTeBWQbe2A&oe=6680C25C,,			Đạt	Duyệt		
2024-05-30	FP - Kiến không ngủ	Vũ Thị Thu Trang	Có thể ít người đọc nhưng thật sự Doraemon bóng chày rất hay í (dù tôi cũng chả đam mê bóng chày hay gì).	https://scontent.fhan2-4.fna.fbcdn.net/v/t1.15752-9/444781117_328116733497216_2854356014011715494_n.jpg?_nc_cat=100&ccb=1-7&_nc_sid=5f2048&_nc_eui2=AeFn8EpCmGARoAPyRiKGejQl0-9IcH8gfjTT70hwfyB-NKPzxo_PMYFxW3qc7GME3L3FOiNwcfJzoTdAa_NIj2zs&_nc_ohc=sonJGwg3bmoQ7kNvgGjz8J0&_nc_ht=scontent.fhan2-4.fna&oh=03_Q7cD1QENEsyeXjYhBu04bf_f9ATgVVXntOMKVA-az8zWJVX2pg&oe=6680B708,,			Bách	Duyệt		
2024-05-30	FP - Kiến không ngủ	Vũ Thị Thu Trang	Tôi là Kiến Thương Hiệu.  Tôi xin nhả vía trốn làm đi ngồi cà phê thì gặp sếp cho cả nhà yêu nha 😘	https://scontent.fhan2-5.fna.fbcdn.net/v/t1.15752-9/444789726_485257260521526_7857901482197815648_n.jpg?_nc_cat=104&ccb=1-7&_nc_sid=5f2048&_nc_eui2=AeFyDDCWmrQw_6UucU4cZ_cU-h47HkVstBP6HjseRWy0E11B4AGSqXNRMsRnyGEka868Bqh8dZCsiXYTeuXTGjWC&_nc_ohc=7ae7BR9LoiwQ7kNvgG2M2Lk&_nc_ht=scontent.fhan2-5.fna&oh=03_Q7cD1QGv-vNhVf-5Wu-LwZ7aLiMfPw5mWdsQZNGkrx1BBx4Kbg&oe=6680D49B,,			Đạt	Duyệt		
2024-05-30	FP - Kiến không ngủ	Vũ Thị Thu Trang	Trung bình hội thoại trong quán photo mùa thi:   - Cô ơi cho cháu photo quyển giáo trình này với ạ - Phao hay học? - Dạ phao ạ..  Chủ quán photo * liếc, mở ngăn tủ ra* - Đây cơ sở văn hoá Việt Nam đây, lấy cỡ nhỏ vừa hay siêu nhỏ? - Dạ nhỏ vừa ạ - 3 chục - Vâng cháu gửi cô ạ				Đạt	Duyệt		
2024-05-29	FP - Kiến không ngủ	Vũ Thị Thu Trang	QUÁ KINH KHỦNG:  LẠI THÊM 1 BÉ BỊ BỎ QUÊN TRÊN XE ĐƯA ĐÓN  Một bé học sinh mẫu giáo 5 tuổi tại Thái Bình đã bị bỏ quên trên chiếc xe đưa đón của chính ngồi trường mình đang học.  Người dân khi phát hiện đã cố gắng phá cửa và đưa em đi cấp cứu, tuy nhiên bệnh viện cho biết em đang trong tình trạng nguy kịch, người tím tái, tiên lượng xấu.  Được biết em bị bỏ quên từ sáng, đến hơn 18h thì mới trên đường đưa đi bệnh viện 😢  Nguồn: Báo Lao Động Via: Beatvn	https://scontent.fhan2-3.fna.fbcdn.net/v/t1.15752-9/436536737_1116235529681342_1186268521534807776_n.jpg?_nc_cat=111&ccb=1-7&_nc_sid=5f2048&_nc_eui2=AeGQSt523cj5gTX7ynYIJgaoU8SXqkpZXcFTxJeqSlldwdV0VMG9LmkKf6kqDQZozovLlJpeHynDLcDLbIszV_2x&_nc_ohc=B145x-IvPYYQ7kNvgG992e6&_nc_ht=scontent.fhan2-3.fna&oh=03_Q7cD1QEi8dXCRTUumPVV9254xBMzH74g98VcuktRfRPUVAEXDw&oe=6680CE7C,,			Đạt	Sửa/ xóa bài	Che biển	
2024-05-29	FP - Kiến không ngủ	Tạ Anh Huy	Việc gì cũng tới tay  🥲	https://scontent.fhan2-3.fna.fbcdn.net/v/t1.15752-9/445712159_1612449592884407_7309195994147422631_n.png?_nc_cat=108&ccb=1-7&_nc_sid=5f2048&_nc_eui2=AeG0meLYsRMfKg2pC14ifvKp2fbyCSMyEUjZ9vIJIzIRSNIzMfeT4W2xWxe0nGnTrgkx6CLjrq9D4LHekiTCXRj2&_nc_ohc=kRi5B5gQ0HwQ7kNvgFGshhA&_nc_ht=scontent.fhan2-3.fna&oh=03_Q7cD1QG9h1IRj_SljUnLqbzJECGV_dsP0pt266dpBhUS8Rg22A&oe=6680BF97,,			Đạt	Duyệt		
2024-05-29	FP - Kiến không ngủ	Vũ Thị Thu Trang	Con chó dị hợm nhất trong dòng hoạt hình	https://scontent.fhan2-4.fna.fbcdn.net/v/t1.15752-9/349443937_148738414867763_7549792578142083775_n.jpg?_nc_cat=100&ccb=1-7&_nc_sid=5f2048&_nc_eui2=AeEVYQ9NFOK5J_DDzo_jDRDlD3G8aZSb560PcbxplJvnrafhkRLTOm2AEvfmVTY2-OkS116INQ9frV8eDUAo3p0v&_nc_ohc=qjUQpichVssQ7kNvgETg6eQ&_nc_ht=scontent.fhan2-4.fna&oh=03_Q7cD1QHgLWRJqCXYZem-3SEasSItzte3Qi0dDcbD-4k5uGR9iQ&oe=6680D42A,,			Đạt	Duyệt		
2024-05-29	FP - Kiến không ngủ	Vũ Thị Thu Trang	Lưu ý:  Bạn bè nhắn “có cf không?”  ✅ cf là cà phê   Sếp nhắn “có cf không?” ❌ 50% là cà phê ❌ 50% là confirm   Thường là confirm.				Bách	Duyệt		
2024-05-29	FP - Kiến không ngủ	Tạ Anh Huy	Đi ra đầu thú đi ông bạn 💀	https://scontent.fhan2-4.fna.fbcdn.net/v/t1.15752-9/445694980_1499129004346850_2428866111246464201_n.png?_nc_cat=110&ccb=1-7&_nc_sid=5f2048&_nc_eui2=AeE9eDmXJEUFfrqIRQzZ3KOR8FDiVBeYtmfwUOJUF5i2Z4eHclTvycdsQ-iYhuZYuPWYP40CNjegKxNZQb3lcq3J&_nc_ohc=vrSnD8PZzXQQ7kNvgEemAFk&_nc_ht=scontent.fhan2-4.fna&oh=03_Q7cD1QE1U1S_dPDvVNaueKI2TFJA2jigUGwxajHISyPmt2JUug&oe=6680B0DB,,			Bách	Duyệt		
2024-05-29	FP - Kiến không ngủ	Vũ Thị Thu Trang	Trung bình đôi bạn đi cà phê với nhau:	https://scontent.fhan2-3.fna.fbcdn.net/v/t1.15752-9/444759939_999559274405169_5892377279912671547_n.jpg?_nc_cat=108&ccb=1-7&_nc_sid=5f2048&_nc_eui2=AeGRkxR8eTdKbE-tVIzlvlnAYa7PLSdpErZhrs8tJ2kStgK8yKP0UJL0LJ3DqkFBpg9JjsCFUBSykFwd0b34ijwS&_nc_ohc=mSymGPVVM1wQ7kNvgE-rEqV&_nc_ht=scontent.fhan2-3.fna&oh=03_Q7cD1QEKgPglJyxRjaG1wz9EH2WrAhbVaqb3J4neJuxgBhPpKQ&oe=6680C135,,			Đạt	Duyệt		
2024-05-29	FP - Kiến không ngủ	Vũ Thị Thu Trang	Thời tiết Hà Nội:  ❌ Đỏng đảnh như một cô nàng kiêu sa đầy cung cách  ✅ Cung khòn				Đạt	Duyệt		
2024-05-29	FP - Kiến không ngủ	Tạ Anh Huy	Mấy ly cocktail điêu bỏ xừuuuu		https://video.fhan2-3.fna.fbcdn.net/v/t42.3356-2/446386152_7966409936723541_231825893241800192_n.mp4?_nc_cat=111&ccb=1-7&_nc_sid=4f86bc&_nc_eui2=AeG-lUz4NZ6nzMitd_937UvXIcLbAPXB__4hwtsA9cH__o2W6p4_t6Chb66HeB0EAWJLF0eXSrRWoJN_eutEw0LU&_nc_ohc=-SUtS-wrsUgQ7kNvgGRxhzt&_nc_ht=video.fhan2-3.fna&oh=03_Q7cD1QGvnvhfJGTH1fYLCPX6DxfvsnsnwW_o-Uq3Pk4szciBXQ&oe=665B33ED&dl=1,,		Đạt	Duyệt		
2024-05-29	FP - Kiến không ngủ	Vũ Thị Thu Trang	❌ me me ✅ mim				Đạt	Duyệt		
2024-05-29	FP - Kiến không ngủ	Vũ Thị Thu Trang	Cái cửa kính push and pull này nảy vào đầu rất đau.  Làm ơn khi mở hãy nhẹ nhàng, đừng nhấn hay kéo một phát siêu mạnh để nó bật như lò xo văng vào người đi đằng sau nha ^^				Đạt	Duyệt		
2024-05-29	FP - Kiến không ngủ	Vũ Thị Thu Trang		https://scontent.fhan2-5.fna.fbcdn.net/v/t1.15752-9/444763236_419638777610101_5752050534486449039_n.jpg?_nc_cat=104&ccb=1-7&_nc_sid=5f2048&_nc_eui2=AeH_IfFvnrwiW2qIQUp9VbNCqpRmGIx5bKWqlGYYjHlspSJWbLZkAF_wj8J8FQUcIU36-AGInX83wo-A5-UdsjWx&_nc_ohc=Vy8CzVlUqvEQ7kNvgGxLGNM&_nc_ht=scontent.fhan2-5.fna&oh=03_Q7cD1QGvSdi9hnVZc3_YBRD8MsdySrt2NumgQm-h4rcK9VhBxw&oe=6680B40F,,			Đạt	Duyệt		
2024-05-29	FP - Kiến không ngủ	Tạ Anh Huy	Coi cái ảnh mà muốn mọc mụn online luôn 🥲  📸: Phạm Quốc Luật	https://scontent.fhan2-3.fna.fbcdn.net/v/t1.15752-9/445907646_485880947300803_989796169062857508_n.jpg?_nc_cat=111&ccb=1-7&_nc_sid=5f2048&_nc_eui2=AeGyzWXT4-3cQClx-lPnnTgrn1-WaczhIL6fX5ZpzOEgvtvdcCrXcKgUc25Q_jMCF_4vVJeAco66lkVcsdym2A-l&_nc_ohc=rNeH9OOs-d0Q7kNvgHdpQ8S&_nc_ht=scontent.fhan2-3.fna&oh=03_Q7cD1QFK_a9F6N01Bx25n--wYHgv51xgfUYo_lG_DONbJ2vsCw&oe=6680AB54,,			Đạt	Duyệt		
2024-05-29	FP - Kiến không ngủ	Vũ Thị Thu Trang		https://scontent.fhan20-1.fna.fbcdn.net/v/t1.15752-9/413480512_755126152647973_4100180984761824461_n.png?_nc_cat=109&ccb=1-7&_nc_sid=5f2048&_nc_eui2=AeG1BurfBDMRkbjJkqJq6F2goLN4iHrpJmOgs3iIeukmYyJ7qOSYgGP0HzuCXNJzGUNQHTcvXsYdJp_ll68vVRE6&_nc_ohc=hZ8UBGz_Ot0Q7kNvgEt0SdJ&_nc_ht=scontent.fhan20-1.fna&oh=03_Q7cD1QHVkJE1hMJ-S4maO_WuzRxzHRym3LeE4dT26_g3ZvqCxQ&oe=6680BDFC,,			Đạt	Duyệt		
2024-05-29	FP - Kiến không ngủ	Vũ Thị Thu Trang	Hôm nay tôi mới được biết rằng: Châu Đốc cách Long Xuyên 60km, Long Xuyên cách Cần Thơ 60km, Cần Thơ cách Sóc Trăng 60km, Sóc Trăng cách Bạc Liêu gần 60km và Bạc Liêu lại cách Cà Mau cũng khoảng 60km. Các đô thị ở Đồng bằng sông Cửu Long đa phần có một điểm chung là thường cách nhau với khoảng cách địa lý 60km.				Đạt	Duyệt		
2024-05-29	FP - Kiến không ngủ	Vũ Thị Thu Trang	Các bạn nữ ơi, có phải các bạn luôn có 1 nhóm chat 3 người tên là Totally Spies không?				Đạt	Duyệt		
2024-05-29	FP - Kiến không ngủ	Vũ Thị Thu Trang	Thực sự thì váy của Lọ Lem là một màu gì đó rất khó tả…	https://scontent.fhan20-1.fna.fbcdn.net/v/t1.15752-9/364097908_24384660781121126_3720924033429607160_n.jpg?_nc_cat=102&ccb=1-7&_nc_sid=5f2048&_nc_eui2=AeFeOWVCljGQc9W25oqtk2--OF7A6OFMbJo4XsDo4UxsmkkO2BW-oDZaai3jLGDy7jDWnAl5OZ1ywiOhNvwuheCg&_nc_ohc=I-WP22MWdbIQ7kNvgHbHsL0&_nc_ht=scontent.fhan20-1.fna&oh=03_Q7cD1QFwk13G71BXXqiz2D6HSvIfRdEInkICKvPjKywduaap3Q&oe=6680A7BE,,			Đạt	Duyệt		
2024-05-29	FP - Kiến không ngủ	Vũ Thị Thu Trang	"Đây là câu hỏi số 6 trong chương trình ""Ai là triệu phú"" tối qua.  Với nhiều người không quan tâm đến lĩnh vực nông nghiệp ""Vườn - Ao - Chuồng"" thì đây cũng là 1 kiến thức khá lạ. Anh zai đã gọi điện nhờ sự tư vấn của bạn thân game thủ và sau 1 hồi search Google theo cú pháp: ""VAC là viết tắt của cụm từ gì?"" thì câu trả lời được đưa ra là:   ""Valve Anti-Cheat -một giải pháp giúp chống gian lận trong game được phát triển bởi Valve Corporation như một phần của nền tảng Steam, được phát hành lần đầu tiên năm 2002 cùng với trò chơi Counter-Strike.""  Rất may anh người chơi bó cẩn sử dụng thêm quyền trợ giúp hỏi các chuyên gia và nhận được đáp án chính xác.  Thế mới thấy biển kiến thức là mênh mông thế nào. Đôi khi dễ với người này lại khó với người kia và ngược lại. Chị Google mà hôm nay đi thi chắc cũng cầm 2 củ về ấy chứ.  Via: Beatvn"	https://scontent.fhan2-3.fna.fbcdn.net/v/t1.15752-9/444759491_397758219928560_4083964101797539278_n.jpg?_nc_cat=101&ccb=1-7&_nc_sid=5f2048&_nc_eui2=AeFBpMs-1WHdSjQnbj8VG6csMXGPk7WLlU8xcY-TtYuVTxKVYRTfY-QF-CvUWRodBAo4b_9uyRdsZZphvpH2IliR&_nc_ohc=hs93FuxNh-QQ7kNvgGCRJ4I&_nc_ht=scontent.fhan2-3.fna&oh=03_Q7cD1QFml23IFYqOYjp1Ms8fC6wj_dKajNcbxV46B3ci8eSyqw&oe=6680CBE6,,			Đạt	Duyệt		
2024-05-29	FP - Kiến không ngủ	Vũ Thị Thu Trang	Quen quen	https://scontent.fhan20-1.fna.fbcdn.net/v/t1.15752-9/444789723_465571075884872_6555732981489968572_n.jpg?_nc_cat=103&ccb=1-7&_nc_sid=5f2048&_nc_eui2=AeFY_0T-Xr9UdzrvfXXsUQlj3GlBfx8v2SncaUF_Hy_ZKXAbZxqmoSp0LzvEDpKshouKFbGB5YydFwi-4PS4ez8M&_nc_ohc=E6e6iXVlMiEQ7kNvgFaHb2v&_nc_ht=scontent.fhan20-1.fna&oh=03_Q7cD1QHG0OXAuNxUlkoelVALOC3NVuN0BphBjkilgF9oEi_XmA&oe=6680BC43,,			Đạt	Duyệt		
2024-05-29	FP - Kiến không ngủ	Vũ Thị Thu Trang	😭😭😭	https://scontent.fhan2-5.fna.fbcdn.net/v/t1.15752-9/384486535_1106655107410903_7262902709460239285_n.jpg?_nc_cat=106&ccb=1-7&_nc_sid=5f2048&_nc_eui2=AeEwh23xRC6JMASNJbKFmWPrrsyq9O4zg_SuzKr07jOD9CzXmaRwVIMnR1zAna80E5UfAEemGEONYy_A88O_7S4-&_nc_ohc=QynOqKNm6tcQ7kNvgFIUy_A&_nc_ht=scontent.fhan2-5.fna&oh=03_Q7cD1QEWDW2mB4iWXlKCrNC-0NLwc4DN_c6j5nO_jWnkuTtiTQ&oe=6680AF1F,,			Bách	Duyệt		
2024-05-28	FP - Kiến không ngủ	Vũ Thị Thu Trang	Trung bình nội dung video facebook mà phụ huynh chia sẻ vào mess cho con cái:  1. Tác hại của thức khuya/thuốc lá/trà sữa 2. Các mẹo nhỏ, bài thuốc hay chữa bệnh  3. Ca dao tục ngữ kèm nhạc dạy về cách đối nhân xử thế, đạo làm con,…				Bách	Duyệt		
2024-05-28	FP - Kiến không ngủ	Vũ Thị Thu Trang	"Trong Harry Potter và Chiếc cốc lửa (2005), có một ghi chú nhỏ ở phần cuối rằng ""Hông có con thìn nào bị hại trong quá trình thực hiện bộ phim này"""	https://scontent.fhan20-1.fna.fbcdn.net/v/t1.15752-9/444763775_1490402665020240_5580407119133906782_n.jpg?_nc_cat=103&ccb=1-7&_nc_sid=5f2048&_nc_eui2=AeFhRn8KeVysNJmw6xQ65J1fY58mQQDeNMhjnyZBAN40yL3vWCCxux87C2xV21tyF86_fYLrEproh-wwyFhAKzmJ&_nc_ohc=FHwUibsyR7AQ7kNvgGczV0z&_nc_ht=scontent.fhan20-1.fna&oh=03_Q7cD1QH7ipqNSHgyJloFBnIwwRMsVUeK8i45jPkORDIXIjbO9A&oe=6680CD09,,			Bách	Duyệt		
2024-05-28	FP - Kiến không ngủ	Vũ Thị Thu Trang	Bên cạnh lời nói của gia đình bạn bè thì lời nói của thầy cô giáo thực sự có tác động lớn hơn ta tưởng.   Một câu khích lệ có thể khiến học sinh ghi nhớ suốt đời, một lời chê bai lại khiến học sinh nản chí. Tôi nghĩ rằng đối với một nhà giáo, không nên có bất kỳ lời nói nào làm học trò bị tự ti về bản thân mình.   Năm lớp 8, tôi được chọn vào đội tuyển Tiếng Anh và cô bạn ngồi bên cạnh tôi thì được chọn vào đội tuyển Văn. Chúng tôi đều không thích, và có lên nói chuyện với cô giáo chủ nhiệm để được học đội tuyển theo đúng mong muốn, mong cô có thể đổi vị trí chúng tôi cho nhau.   Cô giáo chủ nhiệm (dạy Văn), đã nói với tôi trước cả lớp nguyên văn như sau: “Điểm Văn của em thấp hơn của bạn 0.2, và cô cũng thấy em không có tương lai được giải nếu đi thi đội tuyển Văn, điểm rả như vậy làm sao cô cho em vào đội tuyển”.   Về sau thì chính cô giáo 2 đội tuyển đã đồng ý cho chúng tôi đổi slot với nhau.   Đoán xem năm đấy ai được giải Nhất môn Văn cấp thành phố nào?  Tôi cũng không biết, vì tôi chỉ được giải Ba 🫥				Bách	Duyệt		
2024-05-28	FP - Kiến không ngủ	Vũ Thị Thu Trang	Trung bình video tiktok mấy hôm nay:	https://scontent.fhan2-3.fna.fbcdn.net/v/t1.15752-9/350354889_220445687441387_5454633423821587816_n.jpg?_nc_cat=108&ccb=1-7&_nc_sid=5f2048&_nc_eui2=AeFubVPnok0TfztARdLerPeFLgz7vrF-mNsuDPu-sX6Y28UNQz4c0-x7hE94i5Xwp5Q0Q9O_IZ610WP3v3UOpWls&_nc_ohc=qAJ7atDXwhYQ7kNvgFfbR-e&_nc_ht=scontent.fhan2-3.fna&oh=03_Q7cD1QEf_cfbr4PIQt5OBXLOYoh7QDPMpgecTHAwizKc8s7Y1w&oe=6680B4E8,,			Bách	Duyệt		
2024-05-28	FP - Kiến không ngủ	Tạ Anh Huy	Hiệu ứng lá sen chỉ sự không thấm nước của bề mặt một số lá cây, điển hình là lá sen 💦  Về cơ bản thì lá sen sẽ chống nước, tuy nhiên sen vẫn cần nước để sinh tồn.	https://scontent.fhan20-1.fna.fbcdn.net/v/t1.15752-9/445608345_1648116546014573_6310582376594439365_n.png?_nc_cat=103&ccb=1-7&_nc_sid=5f2048&_nc_eui2=AeGPblD49WzV-PJsjqpsIXP8YSLqNlwNVNVhIuo2XA1U1d4JfyEHQi9EHfrjxx0iEJDo15AHlsXGbWR_EoXUmx-U&_nc_ohc=eerGcEWhbiwQ7kNvgGD4-j0&_nc_ht=scontent.fhan20-1.fna&oh=03_Q7cD1QGJHNwy7LFo9L2lWa_WITe7lLRmHvsHEKQurV_cc4kgYw&oe=6680C107,,			Bách	Duyệt		
2024-05-28	FP - Kiến không ngủ	Tạ Anh Huy	Năm 2000: Đừng ăn đồ của người lạ đưa!  Năm 2008: Đừng ăn uống mấy đồ không rõ nguồn gốc!  Năm 2024: Order một người lạ cầm thực phẩm từ 1 quán bạn chỉ vừa thấy trên mạng giao tới cho bạn ăn 🛵				Đạt	Duyệt		
2024-05-28	FP - Kiến không ngủ	Tạ Anh Huy	Con trai mà trông còn giống con gái hơn cả tôi T.T   Video: xuanthanh112001		https://video.fhan2-5.fna.fbcdn.net/v/t42.3356-2/446387023_8427250663958754_8580562301086842891_n.mp4?_nc_cat=104&ccb=1-7&_nc_sid=4f86bc&_nc_eui2=AeEMA-hocG8k7g8Agr6wRdAwJEJdhGW3QJIkQl2EZbdAkmByPk_-FkVm7bLpDzEX8sJk5NhBAI4O96UW3FgJnIhC&_nc_ohc=VQX-OXRCptEQ7kNvgFV9ao-&_nc_ht=video.fhan2-5.fna&oh=03_Q7cD1QGwmu7AGnSAYTXZyvIhjU73s74AuwMykpzrxuAQGxBKGA&oe=665B31BA&dl=1,,		Đạt	Duyệt		
2024-05-28	FP - Kiến không ngủ	Tạ Anh Huy	"Tôi vừa nhận ra...  Hơn nửa số bạn của tôi đều không ăn da cá o_o Phần đó ngon vãi chưởng, nhưng chưa ai cho tôi câu trả lời thích đáng ngoài lí do ""không thích"" hết."				Bách	Duyệt		
2024-05-28	FP - Kiến không ngủ	Vũ Thị Thu Trang		https://scontent.fhan2-4.fna.fbcdn.net/v/t1.15752-9/436283202_1003834217974047_6662829073410318556_n.png?_nc_cat=110&ccb=1-7&_nc_sid=5f2048&_nc_eui2=AeGVPAOWtQE7EERTuNvHnNRg7p2gX622y9funaBfrbbL19xp9fV2VxZlrqk90joo73_inTnmBEpoAnw9PmvqjvNG&_nc_ohc=C9_KQnykhYIQ7kNvgHP5pF8&_nc_ht=scontent.fhan2-4.fna&oh=03_Q7cD1QE2crD-Cox21SDYdsYW2Oq0EF8QcR-2F0sO9Il7Fq7I_g&oe=6680A008,,			Bách	Duyệt		
2024-05-28	FP - Kiến không ngủ	Vũ Thị Thu Trang	Năm 2000: Đừng lên xe người lạ đèo!  Năm 2008: Đừng một mình đi gặp người lạ trên mạng!  Năm 2024: Order một anh tài xế lạ hoắc online và lên xe đi với anh ta				Bách	Duyệt		
2024-05-28	FP - Kiến không ngủ	Vũ Thị Thu Trang	Con người rất phức tạp.   🙂 không có nghĩa là cười  😭 không phải vì sự việc đấy đáng buồn 🍆 không được dùng để chỉ món cà tím 🍑 không chỉ đơn giản là đào 👍🏻 được thêm vào cuối câu vì họ không thích ý kiến của bạn  💅🏻 vừa là làm móng, vừa là slay, vừa là yêu bản thân  🐧 không chỉ là chim				Bách	Duyệt		
2024-05-28	FP - Kiến không ngủ	Tạ Anh Huy	Đừng có tìm kiếm kiến thức mà bạn không muốn biết 😔	https://scontent.fhan2-3.fna.fbcdn.net/v/t1.15752-9/445556546_782109490737056_9044539622570901721_n.png?_nc_cat=111&ccb=1-7&_nc_sid=5f2048&_nc_eui2=AeE5OW61DT7Okbmv3XuDVhkfZxTieJ0Cj3xnFOJ4nQKPfPQk0luZiBnlEJIkCGVCw1XBAavkn5us6zwVk3iegf9-&_nc_ohc=MxN7JwJEkbkQ7kNvgEQ93iY&_nc_ht=scontent.fhan2-3.fna&oh=03_Q7cD1QFCncE96a5rklyMoractexkJe1Ds6QdQu3mn57at10wfQ&oe=6680BE85,,			Đạt	Duyệt		
2024-05-28	FP - Kiến không ngủ	Vũ Thị Thu Trang	Nơi khiến bạn thành thật nhất:	https://scontent.fhan2-4.fna.fbcdn.net/v/t1.15752-9/444763765_438271062155090_9013499190332336946_n.jpg?_nc_cat=110&ccb=1-7&_nc_sid=5f2048&_nc_eui2=AeG4vy4N97uJPZ2u18OD4vm52k7n8E06Dl3aTufwTToOXa9Z49dlVBCS9hNoa-HmMSbA98XOJy3bNr_bTEO03ExJ&_nc_ohc=irz6bC0x3CkQ7kNvgGYt5p4&_nc_ht=scontent.fhan2-4.fna&oh=03_Q7cD1QEnJzrTbE4hzFj-DXsFfbS3EOiah5Au4JDGdW3_CGZVBw&oe=6680C453,,			Đạt	Sửa/ xóa bài	Che thông tin địa chỉ	
2024-05-28	FP - Kiến không ngủ	Tạ Anh Huy		https://scontent.fhan20-1.fna.fbcdn.net/v/t1.15752-9/445601790_439242048817911_2403845595777349579_n.png?_nc_cat=109&ccb=1-7&_nc_sid=5f2048&_nc_eui2=AeGbOXc0BCiThwDJSkHYmNaQeanD3BCVdd55qcPcEJV13tF4yMjC_3ibb3KsyUeX2Snx97kf24XcwjZzSqiCfJsC&_nc_ohc=MsBzeMDD8G0Q7kNvgFqjCRo&_nc_ht=scontent.fhan20-1.fna&oh=03_Q7cD1QHNwjNqIlV_64bBSpqQ7SumAV7RVdh3IbyKQqRde-7Q4w&oe=6680AF57,,			Bách	Duyệt		
2024-05-28	FP - Kiến không ngủ	Tạ Anh Huy	"Người sợ 👻: ""má đọc xong đêm không dám đi wc nữa""  Người không tin có 👻: ""Máaaa nhỏ kia không muốn làm phiền ai, sống khép kín, hướng nội... xong bị bê lên Tóp Tóp bị người đời nói mình là vong"""				Bách	Duyệt		
2024-05-28	FP - Kiến không ngủ	Vũ Thị Thu Trang	Top 5 emoji trong lòng tôi:  1. 😇 2. 😋 3. 🤌🏻 4. 🆑 5. 😭				Bách	Duyệt		
2024-05-28	FP - Kiến không ngủ	Vũ Thị Thu Trang	Ảnh chụp một người đàn ông đang cầu xin vợ mình tha thứ bên ngoài cửa toà án hôn nhân 🥺🙏🏻 Ảnh chụp tại Chicago, năm 1948. Nếu có máy ảnh có màu chắc sẽ đẹp hơn rất nhiều.	https://scontent.fhan2-3.fna.fbcdn.net/v/t1.15752-9/441416384_1152201702495157_4833426535278647408_n.jpg?_nc_cat=101&ccb=1-7&_nc_sid=5f2048&_nc_eui2=AeH6Me1NvRCkCoXxZgYahTOxdXw2O8sKx4Z1fDY7ywrHhpvRCj50MlGYpHPpZuy8gb32jx82D4jR8QfHKaT3KYLm&_nc_ohc=MjRlVuCGSpkQ7kNvgGZKHY-&_nc_ht=scontent.fhan2-3.fna&oh=03_Q7cD1QHXNRcULu1hhbrVrgWEdVflv4sijB9brb1WD6CVeloZ0Q&oe=6680D573,,			Bách	Duyệt		
2024-05-28	FP - Kiến không ngủ	Vũ Thị Thu Trang	‼️ Trẻ mầm non 5 tuổi được miễn học phí từ ngày 1/9/2024				Đạt	Duyệt		
2024-05-28	FP - Kiến không ngủ	Vũ Thị Thu Trang	Việc xuất hiện những con số ảo trong toán học là minh chứng cho việc con người tự tạo ra vấn đề cho mình và khóc vì nó 🫰🏻				Bách	Duyệt		
2024-05-28	FP - Kiến không ngủ	Vũ Thị Thu Trang	Điều đơn giản trong cuộc sống nhưng khiến tôi cực kỳ khó chịu:	https://scontent.fhan2-4.fna.fbcdn.net/v/t1.15752-9/436709259_428474486639674_1011333606683462703_n.jpg?_nc_cat=110&ccb=1-7&_nc_sid=5f2048&_nc_eui2=AeEdo5Yi_FrI4XzNvIz7kGRIRzBEkcORhNxHMESRw5GE3KmUHTRtlGiffX9oJwziysm58Q8ZzytKgNv3B89YCdf_&_nc_ohc=puuMbhkegwkQ7kNvgEVO0pq&_nc_ht=scontent.fhan2-4.fna&oh=03_Q7cD1QFR-zMh0k1rOpNKUjxeGdRvn1u1CLuY-YYFukkNrOFmcw&oe=6680D5C8,,			Đạt	Duyệt		
2024-05-28	FP - Kiến không ngủ	Vũ Thị Thu Trang	*Bạn quay về năm 2011*	https://scontent.fhan2-5.fna.fbcdn.net/v/t1.15752-9/441103375_794405579459951_1005150387876136874_n.jpg?_nc_cat=104&ccb=1-7&_nc_sid=5f2048&_nc_eui2=AeGnk2AAv4ow_jtGc_O9I2EGnFESDjVqUs6cURIONWpSzqc1xcAykNr84dTPjaTYD2Z4t2OLxqmAogXP0VLf8KYw&_nc_ohc=uyibpj5hzh8Q7kNvgFnMr8s&_nc_ht=scontent.fhan2-5.fna&oh=03_Q7cD1QEx61u3GzjVECYKeFyZUFG0hXdAvVB_sJ8anV7uNz_m1g&oe=6680C579,,			Đạt	Duyệt		
2024-05-28	FP - Kiến không ngủ	Vũ Thị Thu Trang	"Bạn đi du lịch muốn chụp hình nhưng người đông zl? Đừng lo! Xoá người thừa trong ảnh một cách nhanh chóng 💅🏻  1. Đặt camera lên tripod 2. Chụp 15 bức ảnh, mỗi bức cách nhau 10 giây 3. Mở tất cả ảnh trong Photoshop bằng cách chọn File -> Scripts -> Statistics. Chọn ""median"" và select những ảnh bạn đã chụp. 4. Photoshop sẽ nhận dạng những điểm khác nhau trong các bức hình và loại bỏ nó."	https://scontent.fhan2-5.fna.fbcdn.net/v/t1.15752-9/444760941_1216295823071449_41514100985732819_n.jpg?_nc_cat=104&ccb=1-7&_nc_sid=5f2048&_nc_eui2=AeHGlET--xr51NUEmjMhUZMH23MYZspJvvPbcxhmykm-82k9JImlfJK_xVFGAccB5FWaPGGyg2AXGJA8G9L648NJ&_nc_ohc=TdJWkrqDsbkQ7kNvgHfXua6&_nc_ht=scontent.fhan2-5.fna&oh=03_Q7cD1QGIFgI4EbC2CF78rIT85UILmkU7ou8PhZ3mMuWZyZ6xcw&oe=6680CC57,,			Đạt	Duyệt		
2024-05-27	FP - Kiến không ngủ	Vũ Thị Thu Trang	5 phút ngủ thêm sau chuông báo thức chính là 3 tiếng hạnh phúc nhất của cuộc đời				Bách	Duyệt		
2024-05-27	FP - Kiến không ngủ	Vũ Thị Thu Trang	Cuộc trò chuyện trên cái ghế này luôn là những cuộc trò chuyện hài hước nhất, sâu sắc nhất, đáng nhớ nhất	https://scontent.fhan2-5.fna.fbcdn.net/v/t1.15752-9/432654233_3719647864922812_6611805590728931432_n.jpg?_nc_cat=104&ccb=1-7&_nc_sid=5f2048&_nc_eui2=AeGnt-IXBNrWihae3ypIaFUjp9O3qBaZHCin07eoFpkcKBbvwLEiL-8ySs6dUU8c4ps2KGPP5Ag2scPwXeg2MF8L&_nc_ohc=q8ToDD9Nrz8Q7kNvgHiyg3R&_nc_ht=scontent.fhan2-5.fna&oh=03_Q7cD1QEBMBLOEG2OQhHIqnqNwwaSaB9dJ_2cN_F7hsKRc_C7-A&oe=6680CCB6,,			Bách	Duyệt		
2024-05-27	FP - Kiến không ngủ	Tạ Anh Huy	https://www.facebook.com/kienkhongngu.vn/posts/pfbid02wZqPWaF968EZFFrxew3cARPohbuBXfYYNNAKPd2kB7AwpeCCxkAYXYznUj2yjPAzl			https://www.facebook.com/kienkhongngu.vn/posts/pfbid0sftC185JbqqDg7adSfPrxAAwD9gDA9HwaigrPRL713MSvAgcQgvvEPqTni41Yj2el	Bách	Duyệt		
2024-05-27	FP - Kiến không ngủ	Vũ Thị Thu Trang	Trà sữa < Thạch găng (trong lòng tôi)	https://scontent.fhan20-1.fna.fbcdn.net/v/t1.15752-9/340413635_896803971408966_2267219477432984322_n.jpg?_nc_cat=103&ccb=1-7&_nc_sid=5f2048&_nc_eui2=AeG7qDrkWsftglj_kZ4RB3CFRp_xEjV1JFFGn_ESNXUkUVIwSOxZXt-ni6KfF3yx4wE-btnVTQbKuI2O_ilA6n-t&_nc_ohc=BVPdqV7-V54Q7kNvgFB6zAr&_nc_ht=scontent.fhan20-1.fna&oh=03_Q7cD1QFofKjCQJRzBWRr1rGfV8XXABkdJswzMXJypIjELySiNg&oe=6680C36C,,			Bách	Duyệt		
2024-05-27	FP - Kiến không ngủ	Vũ Thị Thu Trang	Trời nắng nóng, nước trong đầm cạn, dẫn đến hiện tượng hoa sen bị héo và rũ cánh 😢	https://scontent.fhan2-4.fna.fbcdn.net/v/t1.15752-9/444783247_1423561258323206_8921018889010834841_n.jpg?_nc_cat=100&ccb=1-7&_nc_sid=5f2048&_nc_eui2=AeHnYuiPGusG-NoGEyEUA0pkMVluTW1tzvwxWW5NbW3O_PsWL4-Wgh3dVy9tbLTm919iJPWakUSltisKf57zo1Df&_nc_ohc=DmSlyZZnRlcQ7kNvgFwMeqw&_nc_ht=scontent.fhan2-4.fna&oh=03_Q7cD1QEKTbgjBLXC9JYo51itWAIpQPVC--p_wzLFmfLSdW_TTA&oe=6680A341,,			Đạt	Duyệt		
2024-05-27	FP - Kiến không ngủ	Tạ Anh Huy	O Sen đã cứu Decao 1 bàn thua trông thấy				Đạt	Duyệt		
2024-05-27	FP - Kiến không ngủ	Vũ Thị Thu Trang	Bạn ế và mất niềm tin vào Tinder, Bumble, Fb dating?   Hãy đến với VN Express Dating để khám phá nhiều điều thú vị 🦅	https://scontent.fhan2-4.fna.fbcdn.net/v/t1.15752-9/446021771_1846600535839852_4832370074846886500_n.jpg?_nc_cat=105&ccb=1-7&_nc_sid=5f2048&_nc_eui2=AeFyZ42BEQkoRoGZkOoyudO9acoozvKBoitpyijO8oGiK5UF7t1GcnWUl3FVEIROmK5Keu1p3xHP8nxaSj4SGhRq&_nc_ohc=y_cHBaLMy2EQ7kNvgGDWv4E&_nc_ht=scontent.fhan2-4.fna&oh=03_Q7cD1QFq8F_-u_2xzHZi73tp1NHRO-EOa_7rS3nthgXZ5AUHDg&oe=6680D278,,			Đạt	Duyệt		
2024-05-27	FP - Kiến không ngủ	Tạ Anh Huy	ĐÚNG LÀ 1 ĐỜI LIÊM KHIẾT!   Mới đây Leslie Gilliams - 1 thí sinh trong mùa 5 chương trình Vua Đầu Bếp Mỹ đã gây nức lòng người theo dõi ở Việt Nam khi ông chú share lại video chương trình ấy bản tiếng Việt =)))))   Và cũng trong bài đăng này, Les(Liêm) đã xác nhận với khán giả người Việt rằng mình không hề cho nhầm muối thay đường  🥲👍	https://scontent.fhan2-5.fna.fbcdn.net/v/t1.15752-9/445838652_785101703601473_1372386763093697784_n.png?_nc_cat=106&ccb=1-7&_nc_sid=5f2048&_nc_eui2=AeFq6nnRLIukBy90qHxtr8yfxYiy9d6z5x_FiLL13rPnH2_pfdmIsHdpP2GhGtgcToCu1BXhgOBPoqtvNiO7ORfG&_nc_ohc=sojPbJSJkMcQ7kNvgGk1tvz&_nc_ht=scontent.fhan2-5.fna&oh=03_Q7cD1QGWh84YPdgRnqnkVsJ_ADKv9NSuU4-ss5_n3sMotSQIGg&oe=6680A235,,			Bách	Duyệt		
2024-05-27	FP - Kiến không ngủ	Vũ Thị Thu Trang	3 món quà mà người đi Sài Gòn nào cũng mua về làm quà:  1. Bánh tráng đủ loại 2. Cơm cháy chà bông 3. Combo bánh tráng đủ loại + cơm cháy chà bông	https://scontent.fhan2-4.fna.fbcdn.net/v/t1.15752-9/358836385_1405227736999425_5830607788469312510_n.jpg?_nc_cat=110&ccb=1-7&_nc_sid=5f2048&_nc_eui2=AeHAJkj0zt-dcnL1a2RIExs-wFUJo3Y5ogLAVQmjdjmiAsqBYuIyuL_ge0zRj87XTZNfGxAavuA6Q-k0uhzitX9b&_nc_ohc=4Qt6z1B3n4QQ7kNvgEp5Y27&_nc_ht=scontent.fhan2-4.fna&oh=03_Q7cD1QHr00bA1ocZdSdZ_tByGxnX39KVnx9vhVfjvdw7M2hFeg&oe=6680A099,,https://scontent.fhan2-4.fna.fbcdn.net/v/t1.15752-9/343840575_893733998384639_5296161825073491024_n.jpg?_nc_cat=110&ccb=1-7&_nc_sid=5f2048&_nc_eui2=AeE2-j11Y0GAF51x8kbVDzuRnsS5iNp-RFSexLmI2n5EVKWABbzQ-6xaO-iKXVv6844Yq0MnzKrf4J0K_3Gtwpac&_nc_ohc=IknsAlb9oIkQ7kNvgH1yfYs&_nc_ht=scontent.fhan2-4.fna&oh=03_Q7cD1QGEn-garpeiQ5auNZ9M-zigS69dLaFBHpEB7x9Fh8uoVg&oe=6680A172,,			Bách	Duyệt		
2024-05-27	FP - Kiến không ngủ	Vũ Thị Thu Trang	Trong một tình yêu lâu năm, kiểu gì cũng có một người đau dạ dày và người còn lại thì đau lưng.				Đạt	Duyệt		
2024-05-27	FP - Kiến không ngủ	Vũ Thị Thu Trang	Xem phim Hàn thấy người ta hay gọi cả họ lẫn tên thì thấy bình thường.   Ghép thử cách gọi đầy đủ họ tên vào kịch bản Việt thì thấy…  Ví dụ:  - Nguyễn Thị Mười, em đứng lại cho anh!				Đạt	Duyệt		
2024-05-27	FP - Kiến không ngủ	Vũ Thị Thu Trang	Forget me not:  ✅ Xin đừng quên em ❌ Mày nhớ cái mặt tao đó				Bách	Duyệt		
2024-05-27	FP - Kiến không ngủ	Vũ Thị Thu Trang	Tiếng ve cười hè hè lofi cực chill	https://scontent.fhan20-1.fna.fbcdn.net/v/t1.15752-9/444782411_1462897621321151_7819340885512055142_n.jpg?_nc_cat=103&ccb=1-7&_nc_sid=5f2048&_nc_eui2=AeGH_V2c7Dv3CU7THO9oGYvo0F0hBz69LsbQXSEHPr0uxhs-LC0zBA3GRVckI0ExdMssd6zrFHcfS9OC-rIDYCaE&_nc_ohc=x3wvyrmwbEIQ7kNvgEenrQS&_nc_ht=scontent.fhan20-1.fna&oh=03_Q7cD1QHWfCoyNf2BbCh1FIbJclFDwa3w26354NbN00iKBXfdtw&oe=6680A282,,			Bách	Duyệt		
2024-05-27	FP - Kiến không ngủ	Tạ Anh Huy	https://www.facebook.com/kienkhongngu.vn/posts/pfbid028U4433JcrXRwjnbqj2JrSDRrLsKgJh9VFFJgHPfa42g98QhGF5jFeY9QWvTEfG3gl			https://www.facebook.com/kienkhongngu.vn/posts/pfbid04a6rXb8nNEsZbzBonD1uFFgrEVVsWP2Co2bQqR7ehz47SQDxwUtc7Q3ht1FtiLf7l	Đạt	Duyệt		
2024-05-27	FP - Kiến không ngủ	Tạ Anh Huy	Không biết là thật hay không, nhưng nhìn cái ảnh này tôi lại thấy buồn buồn...   - Kiến Lớp Trưởng -	https://scontent.fhan2-3.fna.fbcdn.net/v/t1.15752-9/440990136_988614676301275_9022430335048571638_n.png?_nc_cat=111&ccb=1-7&_nc_sid=5f2048&_nc_eui2=AeF0UnEysxqkjI_yG0oBOWcjaXpR-HFxHBppelH4cXEcGuSzHhvRPGY2wzRujL2ifrDYRYUzo1Zoo5bGwGoakrKX&_nc_ohc=vNYPc9ew7f4Q7kNvgE1gDjx&_nc_ht=scontent.fhan2-3.fna&oh=03_Q7cD1QFsplWrNTz7BVqdn4FlMrBRXd6X-kl2MzFtj1FrgVVzag&oe=6680D7B1,,			Bách	Duyệt		
2024-05-27	FP - Kiến không ngủ	Vũ Thị Thu Trang	Một bức ảnh thui đó, hông phải 4 tấm ghép vào đâu 🫰🏻	https://scontent.fhan20-1.fna.fbcdn.net/v/t1.15752-9/444760912_1893866894382105_7334856091084123938_n.jpg?_nc_cat=103&ccb=1-7&_nc_sid=5f2048&_nc_eui2=AeEqLiZezPfvnTtljW3xt9HNhTgMw6eE3DqFOAzDp4TcOm9XB6QYhQ2N3m3woFwLsaz5qwn3hM7rY_HgvMsVrOha&_nc_ohc=7MgMQxcXkagQ7kNvgGGVZhq&_nc_ht=scontent.fhan20-1.fna&oh=03_Q7cD1QFfh0WHrnxVmEJPjie6kdQfQeKv7zB2ftkD49VbLAA3Dg&oe=6680B347,,			Bách	Duyệt		
2024-05-27	FP - Kiến không ngủ	Vũ Thị Thu Trang	Trong phòng xạ trị của BV Ung Bướu TP.HCM có những bức tranh phong cảnh rất đẹp trên trần nhà. Những bức tranh này giúp bệnh nhân không phải đối điện với “khoảng trống vô định” trong suốt thời gian nằm trên máy.  Theo: Znews				Đạt	Duyệt		
2024-05-27	FP - Kiến không ngủ	Vũ Thị Thu Trang		https://scontent.fhan2-4.fna.fbcdn.net/v/t1.15752-9/444789724_2075594456148205_8365389587334942837_n.jpg?_nc_cat=100&ccb=1-7&_nc_sid=5f2048&_nc_eui2=AeEGjSF7vCysXeQmm56q6t2JKDXSZHJS3rkoNdJkclLeuQrzIObYTovWqUB-pvLGfZcltZDpPZDamfqLDW9JboA0&_nc_ohc=neyQ8yRybbMQ7kNvgE50Mi5&_nc_ht=scontent.fhan2-4.fna&oh=03_Q7cD1QHqO5oJaXqJfomQh-chX3fnSNnG5FSRptUWz3dT4AkkFA&oe=6680D1C6,,			Đạt	Duyệt		
2024-05-27	FP - Kiến không ngủ	Vũ Thị Thu Trang	Tin nhắn đáng nhớ nhất của bạn là gì?	https://scontent.fhan2-3.fna.fbcdn.net/v/t1.15752-9/444789093_254628571045202_3798896631841712076_n.jpg?_nc_cat=108&ccb=1-7&_nc_sid=5f2048&_nc_eui2=AeEaTru_vjld4Gp9Qt88ZATwCdXkl7-seh4J1eSXv6x6Hry0Zlk915hLT0mM-hrboXFhlcl3gUeArh8oLooUe_Ku&_nc_ohc=QSTVtLYeeMAQ7kNvgH81pXq&_nc_ht=scontent.fhan2-3.fna&oh=03_Q7cD1QG7AOr8D1SgkHV4bXRQUTscPMxYPSx1FcEYu33gir3Tkw&oe=6680BD28,,			Bách	Duyệt		
2024-05-27	FP - Kiến không ngủ	Vũ Thị Thu Trang	Nếu cảnh sát đọc được những ý nghĩ thỉnh thoảng loé lên trong đầu tôi:	https://scontent.fhan2-3.fna.fbcdn.net/v/t1.15752-9/441879107_821563793192369_3474045256380544874_n.jpg?_nc_cat=108&ccb=1-7&_nc_sid=5f2048&_nc_eui2=AeGNPnRAtcDFmmPlydLfLsuuGeqHtCLQRbsZ6oe0ItBFu2LJQY2ADbJj_BgPOx39zI8rTZ6PO7NmW9LEXh1B7rOQ&_nc_ohc=R8lXr_4n_-4Q7kNvgEjjExy&_nc_ht=scontent.fhan2-3.fna&oh=03_Q7cD1QHj1chPfAIElSMPYdpyTQ0Blf91ViLg30AcOTRzLNkvcQ&oe=6680D1CF,,			Bách	Duyệt		
2024-05-27	FP - Kiến không ngủ	Tạ Anh Huy	Thiết kế cầu thang cho đứa mình ghéc kiểu:	https://scontent.fhan2-4.fna.fbcdn.net/v/t1.15752-9/438101881_815615676718369_1962022275319986946_n.png?_nc_cat=110&ccb=1-7&_nc_sid=5f2048&_nc_eui2=AeFbVs8tlqP7PupL0DP8Ch1qn6DfiQktpyOfoN-JCS2nI92Pv-6ainE38iUK1ciYksW-_P6d1TUh9vBmBHxIUWty&_nc_ohc=5jB8byT4nwIQ7kNvgEez9Th&_nc_ht=scontent.fhan2-4.fna&oh=03_Q7cD1QHNRZW8finOsNnRVCXSniVuBxbxIYxYd3J9SOwd3LTihA&oe=6680A0D1,,			Bách	Duyệt		
2024-05-27	FP - Kiến không ngủ	Tạ Anh Huy	Lâm Minh hé lộ hình ảnh bản thân cạo trọc đầu trong story trên Instagram 😳	https://scontent.fhan2-4.fna.fbcdn.net/v/t1.15752-9/436406331_437003098953105_3367698300629238029_n.png?_nc_cat=105&ccb=1-7&_nc_sid=5f2048&_nc_eui2=AeF5EWJ_K0gwbwy2jrCkN8-vgJ7Zi-4IteaAntmL7gi15s0Ob5U16-RVebrejchO8be42s5FlzCYoxa_n4ce20M_&_nc_ohc=RI0JDjqg3egQ7kNvgF_ml0q&_nc_ht=scontent.fhan2-4.fna&oh=03_Q7cD1QFJoBnI3ALg36YJJqYmEYtp3F6gnFr2krhhYZAV-0e-rA&oe=6680CE32,,			Bách	Duyệt		
2024-05-31	Quảng cáo	Nguyễn Thị Khánh Ly	"TT beat:  TITLLE: ""ĐÁNG YÊU SIÊU CẤP VŨ TRỤ"": VIETJET BIẾN ƯỚC MƠ CỦA CÁC PHI CÔNG, TIẾP VIÊN NHÍ THÀNH HIỆN THỰC NHÂN DỊP 1/6  Kịch bản: Từ trước tới nay, Vietjet đã luôn là thương hiệu được nhiều người yêu mến. Và sau chương trình đặc biệt nhân dịp quốc tế thiếu nhi 1/6 mới diễn ra, chắc chắn Vietjet sẽ còn ghi điểm mạnh hơn nữa...  Dành cho nhiều ae chưa biết thì vừa qua, Vietjet đã chắp cánh cho những giấc mơ bay, biến nó thành hiện thực và dành tặng những kỷ niệm đầy đáng nhớ này cho những bạn nhỏ.  Bất ngờ, hạnh phúc và ngập tràn tiếng cười. Chính các bé được hoá thân thành các phi công, tiếp viên, kỹ sư, thợ máy, nhân viên phục vụ mặt đất siêu dễ thương và mang tới những tiết mục thú vị dành tặng cho hành khách trên chuyến bay. Dù nhỏ tuổi hay lớn tuổi thì một điểm chung là nụ cười luôn rạng ngời trên môi mỗi hành khách trong cả hành trình.  Mong rằng, món quà và những lời chúc tốt đẹp được phi hành đoàn Vietjet gửi đến các bạn nhỏ này sẽ truyền cảm hứng tình yêu bầu trời cũng như lan tỏa niềm vui và năng lượng tích cực đến tất cả hành khách."				Đạt	Duyệt		
2024-05-31	Quảng cáo	Nguyễn Thị Khánh Ly	CÁC PHI CÔNG, TIẾP VIÊN NHÍ TƯƠNG LAI CỦA VIETJET BAY TỚI ƯỚC MƠ DỊP 1/6 !!! 🥰  Nhân dịp Quốc tế Thiếu nhi 1/6, mới đây Vietjet đã chắp cánh cho những giấc mơ bay và dành tặng các thiên thần nhỏ những món quà bất ngờ, thú vị ❤ và chắc chắn đây chính là kỷ niệm đáng nhớ trong mùa hè tuổi thơ của các “mầm non tương lai”.   Chính các bé được hoá thân thành các phi công, tiếp viên, kỹ sư, thợ máy, nhân viên phục vụ mặt đất dễ thương và mang tới màn trình diễn thời trang có một không hai dành tặng cho tất cả hành khách. Đi cùng là những hành khách lớn tuổi, ai nấy cũng tươi cười và hạnh phúc khi được trải nghiệm chuyến bay có 1-0-2 này của Vietjet 🥰  Mong rằng, món quà và những lời chúc tốt đẹp được phi hành đoàn Vietjet gửi đến các bạn nhỏ này sẽ truyền cảm hứng tình yêu bầu trời cũng như lan tỏa niềm vui và năng lượng tích cực đến tất cả hành khách.  Vietjet10 điểm không có nhưng nha !!!!	https://scontent.fhan2-5.fna.fbcdn.net/v/t1.15752-9/445609466_1173162310709660_8651349700123110230_n.png?_nc_cat=104&ccb=1-7&_nc_sid=5f2048&_nc_eui2=AeG7Xc51hXMUiOSTdxPx7_ZeR_CHt2xLdCNH8Ie3bEt0I45THtuYd6N5MDk_q24V_21mUgc1RxeGeHlo-jzQC3Uk&_nc_ohc=bNkzHl3zB30Q7kNvgGOPZd2&_nc_ht=scontent.fhan2-5.fna&oh=03_Q7cD1QG7ZJEfm2bR2TS3fmPZVTxoL9TP-TSNt7mYcxMdApbLqg&oe=66821B08,,			Đạt	Duyệt		
2024-05-31	Quảng cáo	Lương Phương Thảo	"TT BEAT VIRAL  
Caption: Ngồi đây từ chiều hóng show Tập 2, ngồi chung hong các friend ơii #ShowTienTy #KENLEAGUE #NangHeinekenViFanDichThuc"			https://youtube.com/shorts/IuRj8Sv9uwI	Đạt	Duyệt		
2024-05-31	Quảng cáo	Nguyễn Thị Khánh Ly	"Comment: Chưa bao giờ luật chơi được Vincom tạo điện kiện hết sức với cơ hội trúng thưởng CỰC CAO như thế này 😘 ! zô lun đây https://tinyurl.com/duabillmuasamvincom2024 để chuẩn bị sẵn sàng ""đua"" ngay nké"			https://vincom.com.vn/promotion/the-le-chuong-trinh-dua-bill-mua-sam-hoa-nhip-cung-euro-va-olympics-2024	Đạt	Duyệt		
2024-05-31	Quảng cáo	Nguyễn Thị Khánh Ly	"LƯƠNG THÁNG 5 TRIỆU VẪN CÓ THỂ DU LỊCH CHÂU ÂU LÀ CÓ THẬT NGHEN MẤY BỒ ƠIII 👀🤯  Lương tháng có 5 triệu mà vẫn muốn du lịch Châu Âu thì vẫn cứ gọi là okela nké 😉 ko khó gì, chỉ cần phi ngay đến đường ""Đua Bill"" cực hot 1000℃  cùng Vincom là thẳng tiến đến Chung kết Euro 2024 tại Berlin, Đức và Bế mạc Olympics Paris, Pháp lun 😛 thoải mái đu các idol thể thao thế giới, ngắm tận mắt cho đã nhaaaaa  Chỉ cần hoá đơn mua sắm từ 300K tại các hệ thống TTTM Vincom trên toàn quốc, ""Auto"" nhận ngay mã dự thưởng mang về các phần quà trị giá lên đên 600 TRIỆU ĐỒNG và vòng quay may mắn CHẮC CHẮN TRÚNG QUÀ khi checkin và làm theo hướng dẫn tại Vincom Mega Mall Grand Park.  Chần chừ gì nữa ""Đua"" ngay đến Vincom Mega Mall Grand Park tậu vé đi Châu Âu thoayyy các bồ ơiiiii !!!  #VincomHe2024 #VincomMegaMallGrandPark"	https://scontent.fhan2-4.fna.fbcdn.net/v/t1.15752-9/445655754_1198742931142796_5024614805381878555_n.png?_nc_cat=100&ccb=1-7&_nc_sid=5f2048&_nc_eui2=AeHYf70HgbYuxoE6yKnxho_uCx3qY2ALkkILHepjYAuSQllsCdpIL6MGLeGMT7B-YIt2iz1FKdf3AxGPUE-IFdAt&_nc_ohc=S-VSmXDBuLoQ7kNvgEmhH_B&_nc_ht=scontent.fhan2-4.fna&oh=03_Q7cD1QGNd-yEk1n2qscRhuNBXe8H_7b4_oxYIep7LKDmYvutkA&oe=66820B67,,			Đạt	Duyệt		
2024-05-31	Quảng cáo	Nguyễn Thị Khánh Ly	BEAT:  VFF x HERBALIFE VIỆT NAM: SỰ HỢP TÁC PHÁT TRIỂN DINH DƯỠNG THỂ THAO Vào 31/05/2024 tại Văn phòng Liên đoàn Bóng đá Quốc gia Việt Nam (Hà Nội), “Lễ Công Bố Herbalife đồng hành cùng các đội tuyển bóng đá quốc gia Việt Nam” đã được diễn ra, khẳng định sự quan tâm của VFF về chế độ dinh dưỡng khoa học dành cho các cấp đội tuyển Việt Nam. Sự kiện ký kết tài trợ tiếp tục trong 3 năm tiếp theo (2024-2027) có ý nghĩa quan trọng cho tất cả các đội tuyển và LĐBĐVN trong quá trình chuẩn bị cho các giải đấu lớn sắp tới. Về riêng Herbalife, việc tài trợ các sản phẩm dinh dưỡng khoa học cho các vận động viên sẽ giúp truyền cảm hứng về việc duy trì và nâng cao thể lực, không chỉ cho các cầu thủ mà còn cho cả cộng đồng yêu thể thao Việt Nam. Cùng nhìn lại loạt khoảnh khắc đáng nhớ của sự kiện. #Herbalife #LiveYourBestLife #DinhDuongLanhManh #VungVangTienBuoc   https://drive.google.com/drive/folders/1QTXdXjbYT0JJVYxfb5VR5XCyhgxfEcJG			https://drive.google.com/drive/folders/1QTXdXjbYT0JJVYxfb5VR5XCyhgxfEcJG	Đạt	Duyệt		
2024-05-31	Quảng cáo	Nguyễn Thị Khánh Ly	Kiến:  VFF x HERBALIFE VIỆT NAM: SỰ HỢP TÁC PHÁT TRIỂN DINH DƯỠNG THỂ THAO Vào 31/05/2024 tại Văn phòng Liên đoàn Bóng đá Quốc gia Việt Nam (Hà Nội), “Lễ Công Bố Herbalife đồng hành cùng các đội tuyển bóng đá quốc gia Việt Nam” đã được diễn ra, khẳng định sự quan tâm của VFF về chế độ dinh dưỡng khoa học dành cho các cấp đội tuyển Việt Nam. Sự kiện ký kết tài trợ tiếp tục trong 3 năm tiếp theo (2024-2027) có ý nghĩa quan trọng cho tất cả các đội tuyển và LĐBĐVN trong quá trình chuẩn bị cho các giải đấu lớn sắp tới. Về riêng Herbalife, việc tài trợ các sản phẩm dinh dưỡng khoa học cho các vận động viên sẽ giúp truyền cảm hứng về việc duy trì và nâng cao thể lực, không chỉ cho các cầu thủ mà còn cho cả cộng đồng yêu thể thao Việt Nam. Cùng nhìn lại loạt khoảnh khắc đáng nhớ của sự kiện. #Herbalife #LiveYourBestLife #DinhDuongLanhManh #VungVangTienBuoc   https://drive.google.com/drive/folders/1QTXdXjbYT0JJVYxfb5VR5XCyhgxfEcJG			https://drive.google.com/drive/folders/1QTXdXjbYT0JJVYxfb5VR5XCyhgxfEcJG	Đạt	Duyệt		
2024-05-31	Quảng cáo	Lương Phương Thảo	https://drive.google.com/drive/folders/1hG00KLwCUR4WAjUPf59NHCg6AeTW0CSZ			https://drive.google.com/drive/folders/1hG00KLwCUR4WAjUPf59NHCg6AeTW0CSZ	Đạt	Duyệt		
2024-05-31	Quảng cáo	Lương Phương Thảo	"Beat  CƠ HỘI MƯỢN XE YAMAHA VỀ TẬN NHÀ TRẢI NGHIỆM MIỄN PHÍ ĐẾN 7 NGÀY TẠI YAMAHA RIDING STATION. CHẬM LÀ HẾT SLOT ĐÓ. 🏃🏃  📍 Chương trình Yamaha Riding Station đổ bộ tại 19 tỉnh thành trên cả nước, theo đó khách hàng có cơ hội mượn dòng xe yêu thích ""về nhà trải nghiệm"" hoàn toàn miễn phí lên tới 7 ngày với thủ tục đơn giản như sau:(*Link đăng ký tại comment): - Bước 1: Đăng ký tài khoản tại link dưới cmt hoặc quét QR code như trên hình - Bước 2: Chọn dòng xe bạn muốn chạy thử, điền đầy đủ thông tin để đặt lịch mượn xe - Bước 3: Nhận thông báo đặt lịch thành công - Bước 4: Hệ thống tiến hành duyệt hồ sơ mượn xe và liên hệ khách hàng để xác nhận hồ sơ hợp lệ - Bước 5: Mang theo QR code và giấy tờ cần thiết đến sự kiện Yamaha Riding Station để nhận xe và #mang_xe_về_tự_trải_nghiệm_tại_nhà_từ_1_đến_7_ngày #hoàn_toàn_miễn_phí -  Bước 6: Sau khi hoàn trả xe, nếu đến thăm đại lý yamaha dù mua xe hay không cũng sẽ được nhận quà đặc biệt.  Chương trình khởi động tại 3 thành phố lớn với các điểm như sau: 🔥𝗬𝗮𝗺𝗮𝗵𝗮 𝗥𝗶𝗱𝗶𝗻𝗴 𝗦𝘁𝗮𝘁𝗶𝗼𝗻 𝗕𝗶̀𝗻𝗵 𝗗𝘂̛𝗼̛𝗻𝗴 - Địa điểm: AEON Mall Bình Dương, số 1 Đại Lộ Bình Dương, KP. Thuận An, Bình Dương - Thời gian diễn ra sự kiện: 01/06-30/06/24 🔥𝗬𝗮𝗺𝗮𝗵𝗮 𝗥𝗶𝗱𝗶𝗻𝗴 𝗦𝘁𝗮𝘁𝗶𝗼𝗻 𝗛𝗼̂̀ 𝗖𝗵𝗶́ 𝗠𝗶𝗻𝗵 - Địa điểm: Thiso Mall, số 10 đường Mai Chí Thọ, Thủ Thiêm, Quận 2, TP.Hồ Chí Minh - Thời gian diễn ra sự kiện: 08/06-30/06/24 🔥𝗬𝗮𝗺𝗮𝗵𝗮 𝗥𝗶𝗱𝗶𝗻𝗴 𝗦𝘁𝗮𝘁𝗶𝗼𝗻 𝗛𝗮̀ 𝗡𝗼̣̂𝗶 - Địa điểm: AEON Long Biên, số 27, đường Cổ Linh, Long Biên, Hà Nội - Thời gian diễn ra sự kiện: 08/06-15/06/24 & 22/06-07/07/24  📍 Ngoài cơ hội ""Mượn xe về nhà trải nghiệm miễn phí"" khách hàng còn có cơ hội ""đắm mình"" trong âm nhạc cùng các ca sĩ hàng đầu Vbiz & tham gia các hoạt động hấp dẫn tại sự kiện.  📍 Còn chần chừ gì mà không đến ngay Yamaha Riding Station nào!  #Yamaha #YamahaRidingStation #YRS #Grande #Janus  ***Comment: Nhanh tay đăng ký tại https://yamaha-ridingstation.com.vn/ để tham gia mượn xe nào!"			https://yamaha-ridingstation.com.vn/	Đạt	Duyệt		
2024-05-31	Quảng cáo	Lương Phương Thảo	"CHuyện của HN-21h  <NÓNG HỔI> YAMAHA RIDING STATION - CHƯƠNG TRÌNH MƯỢN XE VỀ NHÀ TRẢI NGHIỆM MIỄN PHÍ LÊN ĐẾN 7 NGÀY KHÔNG THỂ BỎ LỠ! 💥  ⚡ Không thể thật hơn, Yamaha Riding Station- Chương trình mượn xe Yamaha về nhà trải nghiệm MIỄN PHÍ lên đến 7 ngày sắp đổ bộ rồi, nhanh tay đăng ký chọn xe yêu thích của bạn để mượn về nhà nào!(*Link đăng ký tại comment)  📍 Với các bước siêu đơn giản sau: - Bước 1: Đăng ký tài khoản - Bước 2: Chọn xe yêu thích muốn mượn về nhà - Bước 3: Điền thông tin người nhận xe - Bước 4: Nhận mã xác nhận - Bước 5: Mang QR mã xác nhận & giấy tờ tùy thân trùng khớp thông tin đăng ký đến điểm nhận xe - Bước 6: Nhận quà đặc biệt từ chương trình tại đại lý Yamaha gần nhất.  Chương trình đổ bộ 19 điểm trên toàn quốc & khởi động tại 3 thành phố lớn với các điểm như sau: 🔥𝗬𝗮𝗺𝗮𝗵𝗮 𝗥𝗶𝗱𝗶𝗻𝗴 𝗦𝘁𝗮𝘁𝗶𝗼𝗻 𝗕𝗶̀𝗻𝗵 𝗗𝘂̛𝗼̛𝗻𝗴 - Địa điểm: AEON Mall Bình Dương, số 1 Đại Lộ Bình Dương, KP. Thuận An, Bình Dương - Thời gian diễn ra sự kiện: 01/06-30/06/24 🔥𝗬𝗮𝗺𝗮𝗵𝗮 𝗥𝗶𝗱𝗶𝗻𝗴 𝗦𝘁𝗮𝘁𝗶𝗼𝗻 𝗛𝗼̂̀ 𝗖𝗵𝗶́ 𝗠𝗶𝗻𝗵 - Địa điểm: Thiso Mall, số 10 đường Mai Chí Thọ, Thủ Thiêm, Quận 2, TP.Hồ Chí Minh - Thời gian diễn ra sự kiện: 08/06-30/06/24 🔥𝗬𝗮𝗺𝗮𝗵𝗮 𝗥𝗶𝗱𝗶𝗻𝗴 𝗦𝘁𝗮𝘁𝗶𝗼𝗻 𝗛𝗮̀ 𝗡𝗼̣̂𝗶 - Địa điểm: AEON Long Biên, số 27, đường Cổ Linh, Long Biên, Hà Nội - Thời gian diễn ra sự kiện: 08/06-15/06/24 & 22/06-07/07/24  ⚡ Ngoài chương trình mượn xe miễn phí, khách hàng còn có cơ hội gặp gỡ dàn sao Vbiz đình đám, ""quẩy"" cùng âm nhạc đỉnh cao!⚡ Tham gia hoạt động siêu hấp dẫn, rinh quà cực khủng!  #Yamaha #YamahaRidingStation #YRS #Grande #Janus  ***Comment: Nhanh tay đăng ký tại https://yamaha-ridingstation.com.vn/ để tham gia mượn xe nào!"			https://yamaha-ridingstation.com.vn/	Đạt	Duyệt		
2024-05-31	Quảng cáo	Bùi Thị Khánh	https://docs.google.com/presentation/d/17vYjwTFVRTqCLp8QA4SfsWdF7FFUVB8paS0SOGnzSB0/edit#slide=id.g2e1ba46ff4f_0_0			https://docs.google.com/presentation/d/17vYjwTFVRTqCLp8QA4SfsWdF7FFUVB8paS0SOGnzSB0/edit#slide=id.g2e1ba46ff4f_0_0	Đạt	Duyệt		
2024-05-31	Quảng cáo	Nguyễn Thị Khánh Ly	Caption: Biết t chờ ngày này lâu lắm rồi chưa??? Link 30/05 https://drive.google.com/file/d/1b3pODYhJco6KrbVMyYY2-cFJyIC4frLx/view	https://drive.google.com/thumbnail?id=1b3pODYhJco6KrbVMyYY2-cFJyIC4frLx		https://drive.google.com/file/d/1b3pODYhJco6KrbVMyYY2-cFJyIC4frLx/view	Đạt	Duyệt		
2024-05-31	Quảng cáo	Bùi Thị Khánh	https://docs.google.com/presentation/d/1O4pMsIVztiopr9iViIneKadid0VlO8gzYX2xc-9jcys/edit#slide=id.g272abefd495_0_101			https://docs.google.com/presentation/d/1O4pMsIVztiopr9iViIneKadid0VlO8gzYX2xc-9jcys/edit#slide=id.g272abefd495_0_101	Đạt	Duyệt		
2024-05-31	Quảng cáo	Lương Phương Thảo	"TT Kiến  
Caption:   Khi chuyện tình Ninh Dương quá hot: được kiến trúc sư lấy làm cảm hứng đưa vào thiết kế bếp đẹp  #TủlạnhSamsung #TủlạnhBespoke #SamsungBespoke #BespokeBeHome #ĐẹpĐiĐừngĐợi   --   Comment:   Cùng tham gia bình chọn cho căn bếp yêu thích nhất trong Top 50 Thiết Kế Bếp Đẹp Việt Nam 2024 để nhận quà cả nhà ơiii"	https://drive.google.com/thumbnail?id=1Ve6TlKjFMjnWcfR0kbNEycZg4mfEnANK		https://drive.google.com/file/d/1Ve6TlKjFMjnWcfR0kbNEycZg4mfEnANK/view?usp=sharing	Đạt	Duyệt		
2024-05-31	Quảng cáo	Lương Phương Thảo	*BEATVN FACEBOOK:*   Caption:   Sức nóng của cặp đôi Ninh Dương đã lan tỏa đến cả giải thưởng lớn! Một nhóm nhà thiết kế mang cảm hứng từ chuyện tình 10 năm của cặp đôi vào bài thi Giải thưởng thiết kế bếp đẹp Việt Nam 2024, khiến cộng đồng fan thích thú.  #TủlạnhSamsung #TủlạnhBespoke #SamsungBespoke #BespokeBeHome #ĐẹpĐiĐừngĐợi    ---   Comment:  Bình chọn cho căn bếp yêu thích lọt TOP 50 Thiết kế bếp đẹp Việt Nam 2024 tại https://bit.ly/Binhchon_BespokeBeHome để có cơ hội nhận quà nè cả nhà: - E-book Top 50 Thiết kế Bếp đẹp Việt Nam 2024; - Mã giảm giá lên đến 2 triệu khi mua hàng tại cửa hàng trực tuyến Samsung; - 30 cơ hội nhận E-card 3 triệu từ Starbucks VN   Link video: https://drive.google.com/drive/folders/1UYrUNxWCFDf5K1LYLiArvPzo9FxaULAN?usp=sharing			https://www.samsung.com/vn/bespoke-be-home/cong-binh-chon/	Bách	Duyệt		
2024-05-31	Quảng cáo	Nguyễn Thị Khánh Ly	Caption: Toàn sao khủng đổ bộ, không đi hơi phí!! #Coolthuthiet Video R3: https://www.youtube.com/shorts/yzJ28gtNDE0			https://www.youtube.com/shorts/yzJ28gtNDE0	Đạt	Duyệt		
2024-05-31	Quảng cáo	Phạm Hoàng My	"BEAT:  KHÁNH THÀNH TRƯỜNG MẦM NON SƠN CA - ĐIỂM TRƯỜNG KHÁO CHU, YÊN BÁI  “Con sẽ cố gắng chăm ngoan học giỏi ạ. Con cảm ơn cô chú rất nhiều! Hẹn gặp lại các cô chú nhé!”  Những lời hứa chăm học, những câu cảm ơn và nụ cười ngây thơ của các em học sinh là động lực lớn nhất để Liên doanh Ô tô Hyundai Thành Công Việt Nam kiên trì với hành trình “Xây dựng mái trường - ươm mầm tri thức” khi đồng hành cùng chương trình Cặp lá yêu thương - ""Trao cơ hội đi học - cho cơ hội đổi đời"". Chuyến hành trình bền bỉ ấy đã đến tới trạm dừng chân thứ 10 - điểm trường khó khăn nhất huyện Trạm Tấu. Sau 6 tháng xây dựng, trường Mầm non Sơn Ca đã chính thức khánh thành vào ngày 24/05/2024 vừa qua, thắp sáng lên ước mơ hy vọng cho các bạn nhỏ được tiếp bước tới trường.   Bên cạnh trường mới - lớp mới đã sẵn sàng cho một năm học tới, các em nhỏ tại xã Bản Công, huyện Trạm Tấu lần đầu tiên được trải nghiệm xem phim chiếu rạp, chơi trò chơi và ghé thăm các gian hàng ăn uống hấp dẫn do chính đội ngũ tình nguyện viên là cán bộ nhân viên của Liên doanh Hyundai Thành Công Việt Nam chuẩn bị.   💚 Cùng nhìn lại những khoảnh khắc đầy xúc động xuyên suốt hành trình xây trường nơi vùng cao dành cho các bạn nhỏ nha!  #Caplayeuthuong #CLYT #TCMOTOR #Hyundaixaydungmaitruong #uommamtrithuc #VTV1 #VTVDigital #Donghanh  Video: https://vimeo.com/952173143/8583bb9376"			https://vimeo.com/952173143/8583bb9376	Đạt	Duyệt		
2024-05-31	Quảng cáo	Lương Phương Thảo	https://drive.google.com/file/d/1IRH8ctWnvyPiW3cwDzMOyYXr2d3OEPVX/view?usp=sharing  Sức nóng của cặp đôi Ninh Dương đã lan tỏa đến cả giải thưởng lớn! Một nhóm nhà thiết kế mang cảm hứng từ chuyện tình 10 năm của cặp đôi vào bài thi Giải thưởng thiết kế bếp đẹp Việt Nam 2024, khiến cộng đồng fan thích thú.   #TủlạnhSamsung #TủlạnhBespoke #SamsungBespoke #BespokeBeHome #ĐẹpĐiĐừngĐợi	https://drive.google.com/thumbnail?id=1IRH8ctWnvyPiW3cwDzMOyYXr2d3OEPVX		https://drive.google.com/file/d/1IRH8ctWnvyPiW3cwDzMOyYXr2d3OEPVX/view?usp=sharing	Đạt	Duyệt		
2024-05-31	Quảng cáo	Nguyễn Thị Khánh Ly	check giúp c với: https://www.youtube.com/watch?fbclid=IwZXh0bgNhZW0CMTAAAR1tRtrdHeCYfHlYORE3gZoQxVuB7xIlakU0_eWNUffYy9r5N0yGCBNtp3E_aem_AbIv7I8viPdRh2oDM8du0gUd5GlJFPZ0WNqgexHGQRsW4fcKSBGqtWp2-VL5-BCYVp2N3f8jbv1dcvOByD7eBNXk&v=TQ4Yjkmbpfs&feature=youtu.be			https://www.youtube.com/watch?fbclid=IwZXh0bgNhZW0CMTAAAR1tRtrdHeCYfHlYORE3gZoQxVuB7xIlakU0_eWNUffYy9r5N0yGCBNtp3E_aem_AbIv7I8viPdRh2oDM8du0gUd5GlJFPZ0WNqgexHGQRsW4fcKSBGqtWp2-VL5-BCYVp2N3f8jbv1dcvOByD7eBNXk&v=TQ4Yjkmbpfs&feature=youtu.be	Bách	Duyệt		
2024-05-31	Quảng cáo	Nguyễn Thị Khánh Ly	THOẢ MƠ ƯỚC CHINH PHỤC VÓ NGỰA QUÝ CÙNG VINPEARL HORSE ACADEMY  Nếu từng mơ ước được cưỡi trên lưng ngựa oai phong như Napoléon Đại đế hay khí phách giống Mãnh tướng Quan Công trên lưng Xích Thố thì mời ae ghé ngay Học viện Cưỡi ngựa Hoàng Gia Vinpearl để thử trải nghiệm với những giống ngựa quý hiếm bậc nhất thế giới.  Chiến mã thì luôn sẵn sàng, mời các anh tài đến chinh phục và phiêu lưu ngay nhé!  https://www.facebook.com/watch/?v=791341689766776&rdid=CjpsTVCa10xfQ3mh			https://www.facebook.com/VinpearlHorseAcademyVuYen/posts/pfbid02ZdYHt94STjc2rjNe4yMN2WEf9N4SWW1XjzipdjSRb7aQaU3wSxcuuswiszcm4jPgl	Bách	Duyệt		
2024-05-31	Quảng cáo	Nguyễn Thị Khánh Ly	ACHP:  ANH EM HẢI PHÒNG TỪ ĐẦU HÈ ĐẾN GIỜ ĐƯỢC CỐC BIA NÀO CHƯA?  Chưa thì ra ngay Phố đi bộ - Công viên Vũ Yên đi, FANTASY BEER free bia cho toàn thể anh em kìa!!!   Bia ngon là một chuyện, cơ sở mới của Fantasy Beer còn gây ấn tượng bởi căn shop có vị trí đẹp nhất quảng trường, hứa hẹn sẽ là nơi ăn chơi xả stress cực hot Hải Phòng trong tương lai!   Chính sách cho thuê shop house tại Vũ Yên đang vô cùng tốt, miễn phí tận 16 tháng tiền thuê nên ai muốn làm hàng xóm của Fantasy Beer thì liên hệ ngay Hotline 0342.418.058 cho thuê từ chủ đầu tư để tậu 1 căn cho nhà hàng dịch vụ của mình anh em nhé!   #phodibovuyen #vinhomesroyalisland	https://scontent.fhan2-4.fna.fbcdn.net/v/t1.15752-9/441995860_957618999174680_5226463627478692758_n.jpg?_nc_cat=110&ccb=1-7&_nc_sid=5f2048&_nc_eui2=AeGzGZ05SgDFutuyJb0TyTHJuJ17Hwkw-BC4nXsfCTD4EHbUlLdPPCsaHH8CPNFW4Jsq4_5s3IOwk_n-xLj35jQ7&_nc_ohc=1i9RSGKgRjwQ7kNvgGCOyUn&_nc_ht=scontent.fhan2-4.fna&oh=03_Q7cD1QEhxV2dBPbLF9hhTfVrL4570dcCA4R8NhEI4-JXsmlwWQ&oe=668202B2,,			Đạt	Duyệt		
2024-05-31	Quảng cáo	Nguyễn Thị Khánh Ly	"Beat HP:  HÈ NÀY THÌ PHẢI 1,2,3 DZÔ LÀ PHẢI RỒI!!  Rất chiều lòng và hợp cảnh với anh em Hải Phòng, FANTASY BEER free beer cho tất cả du khách ghé thăm và check in tại cơ sở mới tại Phố đi bộ - Công viên Vũ Yên.  Với căn shop có vị trí đẹp nhất quảng trường, Fantasy Beer chắc chắn sẽ là ""tụ điểm"" ăn chơi xả stress cực nổi bật, xua tan nắng nóng cho Hải Phòng từ hè này!!  Chính sách cho thuê đang vô cùng tốt, miễn phí tận 16 tháng tiền thuê nên ai muốn làm hàng xóm của Fantasy Beer thì liên hệ ngay Hotline 0342.418.058 cho thuê từ chủ đầu tư dắt túi ngay 1 căn ngon nghẻ nhé!!   #phodibovuyen #vinhomesroyalisland"	https://scontent.fhan2-3.fna.fbcdn.net/v/t1.15752-9/441986624_423258193806680_3348334885204703860_n.jpg?_nc_cat=101&ccb=1-7&_nc_sid=5f2048&_nc_eui2=AeHDV9IFAJl2j4w8bfT8_ZmIql9OZAViOHCqX05kBWI4cEahoPXrL0AHwoN2eop8QdCkxj4z1IKwbJuepNf6R8yH&_nc_ohc=lItCb5kBExkQ7kNvgHaPG7k&_nc_ht=scontent.fhan2-3.fna&oh=03_Q7cD1QGYxL7ZPaCI3a6GcCiLVGIZDb1Aa46k8_iq1GxaEuUf6g&oe=668219CC,,			Đạt	Duyệt		
2024-05-31	Quảng cáo	Nguyễn Thị Khánh Ly	"HPX:  CHẤT NHƯ FANTASY BEER: CHIÊU ĐÃI BIA MIỄN PHÍ CHO DU KHÁCH GHÉ THĂM VÀ CHECK-IN CƠ SỞ MỚI TẠI PHỐ ĐI BỘ - CÔNG VIÊN VŨ YÊN  Một ""đại dương"" bia miễn phí dành cho 500 anh em ghé thăm và check-in tại cơ sở mới tại Phố đi bộ - Công viên Vũ Yên đây!  Fantasy Beer hứa hẹn sẽ trở thành một điểm đến ăn chơi mới tại Hải Phòng với căn shop có vị trí đẹp nhất quảng trường. Đặc biệt với chính sách cho thuê vô cùng hấp dẫn - miễn phí 16 tháng tiền thuê, anh em nào muốn làm hàng xóm của Fantasy Beer thì liên hệ ngay Hotline cho thuê từ chủ đầu tư nhé: 0342.418.058"	https://scontent.fhan2-5.fna.fbcdn.net/v/t1.15752-9/445981376_7952517611438975_3139767324606971482_n.png?_nc_cat=107&ccb=1-7&_nc_sid=5f2048&_nc_eui2=AeETk2QtA53hX82Dh2MxlSTJ2MlSQeVJIVHYyVJB5UkhUcH7ejnbR1pcaBfAYqZrWOrbsbA10XYSbvZOmRZGoiiW&_nc_ohc=zA2xfFBs3BYQ7kNvgHanwB4&_nc_ht=scontent.fhan2-5.fna&oh=03_Q7cD1QEDlrJqz4Sf05HbgLvjWStrCJi2ZPBulI9WE2VIb6YJfw&oe=66820841,,			Đạt	Duyệt		
2024-05-31	Quảng cáo	Nguyễn Thị Khánh Ly	2. Group Một vạn thứ chỉ có ở HP - content 2:  ĐẠI TIỆC BIA MIỄN PHÍ DÀNH CHO TẤT CẢ CÁC DU KHÁCH TỚI CHƠI PHỐ ĐI BỘ - CÔNG VIÊN VŨ YÊN  Anh em khắp nơi tới ghé thăm và check-in tại cơ sở mới của FANTASY BEER tại Phố đi bộ - Công viên Vũ Yên sẽ được uống bia thả ga mà không mất xu nào!  Với căn shop có vị trí đẹp nhất quảng trường, Fantasy Beer chắc chắn sẽ trở thành 1 điểm đến ăn chơi mới của Hải Phòng.  Đặc biệt là chính sách cho thuê cực kỳ hấp dẫn, miễn phí tận 16 tháng tiền thuê. Anh em nào muốn làm hàng xóm của Fantasy Beer thì liên hệ ngay Hotline chủ đầu tư nhé: 0342.418.058   #phodibovuyen #vinhomesroyalisland				Đạt	Duyệt		
2024-05-31	Quảng cáo	Lưu Minh Quang	Beat Now: Mang theo sự tò mò, Vừng - cô nàng 21 tuổi đi qua 21 nước Trung Đông, đặt chân đến Palestine và có những trải nghiệm để đời cùng người dân bản địa.  Cùng theo dõi hành trình đầy ý nghĩa này qua vlog trên kênh Youtube của Vừng nhé!  Hóng to the heart:  Cô nàng Gen Z bản lĩnh đến thăm Palestine, lên xe người lạ và cái kết không ngờ.  Nguồn: Youtube Vừng	https://scontent.fhan2-3.fna.fbcdn.net/v/t1.15752-9/445787816_428725770001012_2908466204218481117_n.png?_nc_cat=108&ccb=1-7&_nc_sid=5f2048&_nc_eui2=AeErc1R4aB0VfA3aQO6hy_1C-BOGbiXSRN_4E4ZuJdJE36LkswkiCvq9N9OsSJiZg1wKuo5N26ZGWWlbMz1-OOXo&_nc_ohc=66fJTIGMAPcQ7kNvgH-nWRu&_nc_ht=scontent.fhan2-3.fna&oh=03_Q7cD1QEuvClALFwRJc1vB-VUHkohZVy61E8I9YEcJhqsJ4tHCQ&oe=668213C3,,			Đạt	Duyệt		
2024-05-31	Quảng cáo	Bùi Thị Khánh	"Top tìm kiếm của hội người vừa lười, vừa thiếu ngủ nhưng mắc uống cà phê mỗi sáng:    ""Làm sao để vừa được ngủ thêm, vừa có cà phê đậm vị, chuẩn vị pha phin buổi sáng mà không cần tốn thời gian chờ đợi pha phin hay mua cà phê ở ngoài?”  👉 Ra ngay siêu thị/cửa hàng tiện lợi hốt ngay 2 hộp NESCAFÉ Nước Cốt Cà Phê, siêu tiện lợi, chỉ đổ ra ly, thêm đá là uống được liền mà lại còn được tặng thêm em ly tumbler giữ nhiệt 600ml bằng inox siêu xịn sò nữa chớ.   🥰 Nhanh có cà phê, nhanh có quà! Hàng đang rất cháy ở BigC/GO!, Co.op đó nha nhanh chân kẻo lỡ.  Chương trình hiện tại đang diễn ra trên các hệ thống siêu thị BigC/Go, Co.op, Mega,... & các cửa hàng tiện lợi Circle K, Family Mart từ 3/6 trên toàn quốc. Chương trình đang rất cháy hàng ở BigC/Go & Co.op đó nha. #NESCAFÉNuocCotCaPhe"				Bách	Duyệt		
2024-05-31	Quảng cáo	Bùi Thị Khánh	https://drive.google.com/drive/u/0/folders/1yRGHP97ZVce9ez62dhDmxYNsOKIRv33S			https://drive.google.com/drive/u/0/folders/1yRGHP97ZVce9ez62dhDmxYNsOKIRv33S	Đạt	Duyệt		
2024-05-31	Quảng cáo	Lưu Minh Quang		https://scontent.fhan2-3.fna.fbcdn.net/v/t1.15752-9/445756012_2796074943884606_999173894185712772_n.png?_nc_cat=108&ccb=1-7&_nc_sid=5f2048&_nc_eui2=AeFfu4Hvn8rrxRRnRk-EF14-6Cz3fQuy_u_oLPd9C7L-7-s8r73NFF-l3h5y0MQtiNQ2te81QqZXz5JmWsfGU6Qf&_nc_ohc=Z29DUksnGvcQ7kNvgF8uGuj&_nc_ht=scontent.fhan2-3.fna&oh=03_Q7cD1QG3ah6vsZs3irBtJZlq7EXjtf7oPqj6STei_rymQ4dFZw&oe=66822B92,,			Đạt	Duyệt		
2024-05-31	Quảng cáo	Bùi Thị Khánh	https://docs.google.com/document/d/11flODyR2qswwdYxUc33A6eUeh0SIEdz9NN3A95A3S7g/edit			https://docs.google.com/document/d/11flODyR2qswwdYxUc33A6eUeh0SIEdz9NN3A95A3S7g/edit	Đạt	Duyệt		
2024-05-31	Quảng cáo	Bùi Thị Khánh	https://drive.google.com/drive/folders/1igUiVzY02-Vv55o0OGGtzTZbnv-erJVl?usp=drive_link			https://drive.google.com/drive/folders/1igUiVzY02-Vv55o0OGGtzTZbnv-erJVl?usp=drive_link	Đạt	Duyệt		
2024-05-31	Quảng cáo	Lưu Minh Quang	Trận đấu cuối cùng của mùa giải!  Bóng đá châu Âu cấp CLB sẽ cùng lúc chia tay 2 huyền thoại đương đại Toni Kroos & Marco Reus. Buồn phết anh em nhể?   Không cần biết thắng thua sao chứ mất đi 2 nam thần này là cũng khối anh chị em tiếc nuối rồi đấy!   À đừng quên đăng nhập trang Var Bóng Đá cuối tuần này để được tặng 1000 điểm, rồi dự đoán trận chung kết C1 để rinh về ngay Voucher Shopee 50k khi đoán đúng nha!!  L.ink dự đoán ở dưới phần bình luận anh em check làm kèo cho xôm nhá!  #VarBongDa #FCOnline #DiChauAuXemEuro				Bách	Duyệt		
2024-05-31	Quảng cáo	Lương Phương Thảo	https://www.facebook.com/beatvn.network/posts/1107226640763530  check c bài này nhé			https://www.facebook.com/beatvn.network/posts/pfbid04vJgM5m67fZ114g2YHepNjaW7tR5wPdWyf6BMRLVfPdh7UFbqNfVzU2p9P3WbrFMl	Đạt	Duyệt		
2024-05-31	Quảng cáo	Nguyễn Thị Khánh Ly	"Hà Nội Xịn:
Caption:  Kệ mưa bão bên ngoài, ghé UNIQLO là nóng hẳn vì có thêm nhiều deal hot. Chỉ còn đúng 3 ngày nữa là kết thúc Tuần Lễ Cảm Ơn Kanshasai nhưng tình hình mua sắm tại UNIQLO vẫn còn cháy bừng bởi các mức ưu đãi mới toanh: 💯 Áo chống nắng vải AIRism mắt lưới best seller lại được tung giá tốt vào những ngày cuối cùng (31.05-02.06) 💯 Ngoài ra, còn nhiều item ứng dụng hot rần rần cũng có giá siêu ưu đãi: áo Polo ứng dụng phù hợp mặc cho mọi dịp, áo Bratop siêu tiện, Túi Bán Nguyệt Mini Đeo Chéo có thể đem theo cả thế giới với đa dạng lựa chọn màu sắc 💯 Giữa loạt khuyến mãi, nay còn hoàn thêm 500K cho các hoá đơn từ 2.000K khi thanh toán bằng thẻ JCB. Hời cỡ này mà các “thợ săn deal"" không chớp ngay thời cơ thì thật là uổng phí Cuối tuần hẹn ngay hội bạn đi săn sale những ngày cuối thôi nàoo! #TuanLeCamOn #UNIQLOVN #LifeWear  Hình ảnh:  https://drive.google.com/file/d/1HEnc0yo7O1YUiM0bLNgoGSf5-1UiG1Bd/view  https://drive.google.com/file/d/1B81jtaA5tuuIUh9NGUv8ybtynk97dFdl/view  https://drive.google.com/file/d/17wOdf2Fo2f4LA-czld9-DebwRb5O1C9Q/view  https://drive.google.com/file/d/1F_IdGhHdaDi1ntPelhjms-3vDRWJFgF2/view  https://drive.google.com/file/d/1CgTBKffDOjv12QWDX-n4Y0F8_xvMZD_5/view"	https://drive.google.com/thumbnail?id=1HEnc0yo7O1YUiM0bLNgoGSf5-1UiG1Bd		https://drive.google.com/file/d/1HEnc0yo7O1YUiM0bLNgoGSf5-1UiG1Bd/view	Đạt	Duyệt		
2024-05-31	Quảng cáo	Nguyễn Thị Khánh Ly	"Sài Gòn Nghenn 
Caption:  Hàng loạt KOL đã có mặt tại UNIQLO để chốt “deal"" những ngày sale cuối.  Chỉ còn 3 ngày nữa là Tuần Lễ Cảm Ơn Kanshasai kết thúc nhưng tình hình mua sắm vẫn chưa hề hạ nhiệt. Các tín đồ đam mê thời trang rần rần săn sale, UNIQLO càng chơi lớn không ngừng tung thêm những mức ưu đãi ngày càng hấp dẫn, khiến cả những KOL cũng không thể bỏ qua:  ⭐️ Dòng áo chống nắng vải AIRism mắt lưới quốc dân, NAY CHỈ CÒN 489K trong 3 ngày cuối cùng 31.05 đến 02.06  ⭐️ Ngoài ra, UNIQLO cũng đem đến mức giá siêu ưu đãi cho các item hot hit khác: áo Bratop tiện dụng,Túi Bán Nguyệt Mini Đeo Chéo có thể đem theo cả thế giới, áo Polo với đa dạng lựa chọn màu sắc và kiểu dáng  ⭐️ Deal lại chồng thêm deal khi UNIQLO sẽ hoàn 500K cho các hoá đơn từ 2.000K khi thanh toán bằng thẻ JCB từ 31.05-02.06, mua sắm giá ưu đãi lại được thêm deal hoàn tiền thì quá hời  UNIQLO chiến tới cùng, bạn thì sao? Chỉ còn 3 ngày để hưởng các ưu đãi khủng, xách balo lên và mua sắm rôm rả nàoo!!  #TuanLeCamOn #UNIQLOVN #LifeWear  Hình ảnh  https://drive.google.com/file/d/1gSDkHo-p9YSr4ASUW8gKuibU_jx6dTNr/view  https://drive.google.com/file/d/1oCPBF7_bGyU-XNeF6siqNNbKUJEabc24/view  https://drive.google.com/file/d/14SLUzj3f1nQ357oDuVJMwHBnY4p7BdRA/view  https://drive.google.com/file/d/1MzOErPMX8riM95RPMtZtKYNCDqJB4oDr/view  https://drive.google.com/file/d/1BhSrfqlK0pPMJoIuy0unJ6vhTRY9t2Xh/view"	https://drive.google.com/thumbnail?id=1gSDkHo-p9YSr4ASUW8gKuibU_jx6dTNr		https://drive.google.com/file/d/1gSDkHo-p9YSr4ASUW8gKuibU_jx6dTNr/view	Đạt	Duyệt		
2024-05-31	Quảng cáo	Lương Phương Thảo	"BEAT::  <sms to Beat > ""Đây là cách chữa lành ngay khi đang làm việc luôn nè mọi người ơi. Nạp đầy năng lượng và chữa lành lắm luôn 😌 Welcome on board!!!""  Chia sẻ của một tiếp viên hàng không về cho Beat 🥰 cute waaaaaaa"	https://scontent.fhan2-4.fna.fbcdn.net/v/t1.15752-9/441527925_449557717797740_2126754781294964830_n.jpg?_nc_cat=110&ccb=1-7&_nc_sid=5f2048&_nc_eui2=AeGgA9c7dNO12XZ4DVlj6L4jT6WJeFVBiZxPpYl4VUGJnOTxosllL2-teSE5zZ2da1PKGeNKcSQic72iuBeIMmXe&_nc_ohc=9hRee59z2hkQ7kNvgESntfs&_nc_ht=scontent.fhan2-4.fna&oh=03_Q7cD1QEvacEiW-YG_haEMphngakkBp4lYgqqs0kBRrJ24_2yow&oe=66822FEE,,			Đạt	Duyệt		
2024-05-31	Quảng cáo	Lưu Minh Quang	Trận đấu cuối cùng của mùa giải!  Bóng đá châu Âu cấp CLB sẽ cùng lúc chia tay 2 huyền thoại đương đại Toni Kroos & Marco Reus. Buồn phết anh em nhể?   Không cần biết thắng thua sao chứ mất đi 2 nam thần này là cũng khối anh chị em tiếc nuối rồi đấy!   À đừng quên đăng nhập trang Var Bóng Đá cuối tuần này để được tặng 1000 điểm, rồi dự đoán trận chung kết C1 để rinh về ngay Voucher Shopee 50k khi đoán đúng nha!!  L.ink dự đoán ở dưới phần bình luận anh em check làm kèo cho xôm nhá!   #VarBongDa #FCOnline #DiChauAuXemEuro	https://scontent.fhan2-4.fna.fbcdn.net/v/t1.15752-9/445622362_1582749162295524_8347787221188822305_n.png?_nc_cat=110&ccb=1-7&_nc_sid=5f2048&_nc_eui2=AeH0EnFbJpuGKLIWTkC0rljG3dmSxZ0HZhrd2ZLFnQdmGpTbLe9MzDWfF_drDfuBPZ2Vkq2B6Kem4Pl4pgZumKnI&_nc_ohc=4OZe_s8gG9QQ7kNvgFmwaQC&_nc_ht=scontent.fhan2-4.fna&oh=03_Q7cD1QGotFdN1eLvSlqYAkFOyvJSNfrDhvM2dnqZ0ZJiLS-H-w&oe=668216F6,,			Bách	Duyệt		
2024-05-31	Quảng cáo	Bùi Thị Khánh	Kiến Không Ngủ:  Caption:Lương 5 triệu nó hay xu lắm hai ơi. Cơ hội làm lại lần hai ở đây 👇  Hình ảnh: https://drive.google.com/file/d/1v0PELOhV1F4V8NjTeTfUl09w5HhrM_7d/view?usp=drive_link   CMT 1: Ngã ở đâu, đứng lên ở đó. Vẫn còn cơ hội săn TPCN, kem chống nắng, sâm yến với giá cực hời tại Nhà Thuốc Long Châu đến hết 13/06 mấy ní ơi. Vô đây nha: https://nhathuoclongchau.com.vn/khuyen-mai/gia-dinh-vui-khoe	https://drive.google.com/thumbnail?id=1v0PELOhV1F4V8NjTeTfUl09w5HhrM_7d		https://drive.google.com/file/d/1v0PELOhV1F4V8NjTeTfUl09w5HhrM_7d/view?usp=drive_link	Đạt	Duyệt		
2024-05-30	Quảng cáo	Lương Phương Thảo	Showbeat https://drive.google.com/file/d/1bCgwycMLsFDqS19d7N17SAO63sNWh8Vq/view?usp=drive_link Caption: Cuộc đua đến 1 tỷ đã bắt đầu căng thẳng hơn rồi đây! #ShowTienTy #KENLEAGUE #NangHeinekenViFanDichThuc	https://drive.google.com/thumbnail?id=1bCgwycMLsFDqS19d7N17SAO63sNWh8Vq		https://drive.google.com/file/d/1bCgwycMLsFDqS19d7N17SAO63sNWh8Vq/view?usp=drive_link	Bách	Duyệt		
2024-05-30	Quảng cáo	Lương Phương Thảo		https://scontent.fhan2-5.fna.fbcdn.net/v/t1.15752-9/444763755_897176298973007_774367333265788063_n.jpg?_nc_cat=107&ccb=1-7&_nc_sid=5f2048&_nc_eui2=AeE9faEZ2d2_XoXyCNbVpMvhREK03QbzPi1EQrTdBvM-LX7RGl2c6j16GKaGX0bTd5Z3yVyxXJ_1HmG3pUEpv4-n&_nc_ohc=uF43Z_bsPrkQ7kNvgG2ZX9Z&_nc_ht=scontent.fhan2-5.fna&oh=03_Q7cD1QFEPgWs_rO9YL3ySjjH7d7RsPwmBWwC4bcSOjfjHkyV0w&oe=668205D3,,			Bách	Duyệt		
2024-05-30	Quảng cáo	Bùi Thị Khánh	https://drive.google.com/drive/folders/1gYwGh0VearOcVcO8LeWJEzhn9mQ5EGm7			https://drive.google.com/drive/folders/1gYwGh0VearOcVcO8LeWJEzhn9mQ5EGm7	Đạt	Duyệt		
2024-05-30	Quảng cáo	Bùi Thị Khánh	"Sếp Ninh Anh Bùi và ""Âm iu ơi"" phá đảo mạng xã hội với hình ảnh couple cực cool hẹn lịch với các ""nhân viên ngoan xinh yêu"" kèo phóng đổ tim cực gắt tại Yamaha Riding Station. 😎  📍 Ngoài trải nghiệm mượn xe miễn phí về nhà lên đến 7 ngày, Yamaha rủ rê ""công ty Ninh Dương Story"" mở cuộc họp khẩn vào ngày 8/6 sắp tới.  📍 Đồng hành cùng 2 sếp là người bạn Yamaha Grande và Yamaha Janus siêu cool mà các nhân viên sẽ được trải nghiệm miễn phí khi đăng ký lái thử 7 ngày.(*Link đăng ký tại comment)  💥 Cơ hội quá tuyệt vời để thể hiện sự ""chuyên cần"" dành cho công ty 2 sếp!  📍 Chương trình mở cửa hoàn toàn miễn phí dành cho tất các nhân viên với rất nhiều hoạt động thú vị.   📌Note ngay lịch, điểm danh hội bạn nào, đừng để Sếp chờ lâu nhé, Sếp cáu đấy!  #Yamaha #YamahaRidingStation #Ninhanhbui #Ninhduong #Grande #Janus  Comment:  Theo dõi ngay tại fanpage Yamaha Motor Việt Nam để cập nhật chi tiết các nhân viên nhé. Đăng ký ""mang xe về tận nhà"" tại đây: tại: https://yamaha-ridingstation.com.vn/"			https://yamaha-ridingstation.com.vn/	Đạt	Duyệt		
2024-05-30	Quảng cáo	Nguyễn Thị Khánh Ly	Beatvn:  SIÊU ẢO: ĐI DẠO Ở PHỐ ĐI BỘ CÔNG VIÊN VŨ YÊN MÀ CỨ NGỠ ĐANG LẠC VÀO THIÊN ĐƯỜNG CỔ TÍCH  Một chốn thần tiên đầy màu sắc, đẹp tựa cổ tích dành cho các tâm hồn mộng mơ, bay bổng vừa được phát hiện tại Phố đi bộ Công Viên Vũ Yên - Vinhomes Royal Island.  Với chiều dài gần 2.5km sát ven sông Cấm, Phố đi bộ Công Viên Vũ Yên mang giao diện như một công viên artwork với nhiều chủ đề khác nhau. Bên cạnh đó là một Disneyland thu nhỏ giữa lòng thành phố Đảo Hoàng Gia với sự kết hợp đầy nghệ thuật giữa kiến trúc cổ điển và hiện đại, cùng với các tiểu cảnh theo chủ đề.  500 anh em tới đây tha hồ vui chơi giải trí với nhiều trò chơi như skydrop, vòng quay ngựa gỗ, cốc xoay....cùng hơn 200 gian hàng ẩm thực Á Âu đa dạng với các thương hiệu nổi tiếng.   Đặc biệt vào ngày 1.6 tới đây,  Phố đi bộ Công viên Vũ Yên sẽ chính thức khai trương với sự xuất hiện của loạt không gian giải trí đẳng cấp như Quảng trường Royal Square, Công viên văn hóa Hàn Quốc K-Park và Đại nhạc hội Wonder Fest. Hot nhất ngày hôm ấy chính là sân khấu biểu diễn của nam ca sĩ XIUMIN (EXO) cùng nhiều nghệ sĩ Việt nổi tiếng.  Anh em nào cuối tuần có lịch đi Hải Phòng nhớ ghé qua Vinhomes Royal Island trải nghiệm trọn vẹn các hoạt động tại Phố đi bộ Công Viên Vũ Yên cho vui nhé!				Đạt	Duyệt		
2024-05-30	Quảng cáo	Nguyễn Thị Khánh Ly	https://drive.google.com/drive/folders/1DjlYnxRgGJ2wft0UurwvIzP3eg-cPPB7?usp=sharing			https://drive.google.com/drive/folders/1DjlYnxRgGJ2wft0UurwvIzP3eg-cPPB7?usp=sharing	Đạt	Duyệt		
2024-05-30	Quảng cáo	Nguyễn Thị Khánh Ly	CCHN: THÌ RA CHỮA LÀNH LÀ NHƯ THẾ NÀY: RỜI XA THÀNH PHỐ .... LẠC VÀO THIÊN ĐƯỜNG CỔ TÍCH TẠI PHỐ ĐI BỘ CÔNG VIÊN VŨ YÊN 😌😌😌  Nếu ai đó đang tìm một nơi chữa lành để chilling, tâm hồn thư thả..hoặc tìm kiếm một không gian đầy màu sắc, đẹp tựa thần tiên cổ thích thì Phố đi bộ Công Viên Vũ Yên tại Vinhomes Royal Island chắc chắn là điểm đến top 1 rùiiiiiiiiiiiiiiiii  Với nhiều tuyến phố chủ đề từ lãng mạn đôi lứa, đến gia đình hay thiên nhiên... thì với sự kết hợp đầy nàng thơ giữa kiến trúc cổ và hiện đại, cùng các tiểu cảnh theo chủ đề được sắp xếp khéo trên cả tuyến phố đã tạo nên một “Disneyland” thu nhỏ giữa lòng Thành phố Đảo Hoàng Gia ❤ Chắc chắn ai đến đây cũng cảm nhận được một thế giới thần tiên hiện ra trước mắt, chụp ảnh sống ảo thì hết nấc !!!  Mà chưa hết, ở đó còn có các trò chơi giải trí như skydrop, vòng quay ngựa gỗ, cốc xoay....cùng hơn 200 gian hàng ẩm thực Á Âu đa dạng nên ăn chơi khỏi phải bàn rồi. Đặc biệt nhất là 1.6 tới, tại đó sẽ có màn khai trương có sự tham gia của ca sĩ  XIUMIN (EXO) cùng các nghệ sĩ Việt nổi tiếng khác. Gi gỉ gì gi cái gì cũng đỉnh cũng vui hết nấc 😛 lên ngay cho mình kế hoạch tới đây quẩy tới bến thui các bà ơiiiiiiiiiiiiiiiiiiiiii	https://scontent.fhan2-5.fna.fbcdn.net/v/t1.15752-9/440930537_1845702685937490_1259067711391197416_n.png?_nc_cat=106&ccb=1-7&_nc_sid=5f2048&_nc_eui2=AeGOHBIwyz2thbjGvIQ8k9O9AtWVn_B2AwAC1ZWf8HYDACgTUpte0p35hAdfrWY-q_sdPMDzzFgH9tytYsjltHFS&_nc_ohc=vne2IFNL4DAQ7kNvgELQ9bL&_nc_ht=scontent.fhan2-5.fna&oh=03_Q7cD1QH76rMuhiDIuo9IS9J33xJyVgRg-9o1Nad_muzlJO5XBw&oe=66822A2F,,			Đạt	Duyệt		
2024-05-30	Quảng cáo	Bùi Thị Khánh	https://docs.google.com/spreadsheets/d/1q1l6ZhwQX-EmVysXZu30TAi7G5vhl5psdwUIK3-6N00/edit#gid=1419295143	https://drive.google.com/thumbnail?id=1q1l6ZhwQX-EmVysXZu30TAi7G5vhl5psdwUIK3-6N00		https://docs.google.com/spreadsheets/d/1q1l6ZhwQX-EmVysXZu30TAi7G5vhl5psdwUIK3-6N00/edit#gid=1419295143	Đạt	Duyệt		
2024-05-30	Quảng cáo	Lương Phương Thảo	CCHN CẬN CẢNH VISUAL XINH YÊU CỦA CERI THU HÀ BÊN CẠNH YAMAHA JANUS  Ceri Thu Hà đã có những bước tiến xa hơn trong sự nghiệp diễn xuất, vậy nên cô nàng luôn chăm chút cho giao diện mỗi lần xuất hiện, kể cả khi đi chơi thường ngày hay những bộ ảnh đậm chất fashion. Yamaha Janus có thiết kế cá tính nên hợp với mọi phong cách biến hóa của các bạn GenZ như Ceri, với loạt tính năng hiện đại. Muốn biết Yamaha Janus xịn cỡ nào sao bạn không tự mình trải nghiệm nhỉ, bạn có thể đến trạm Yamaha Riding Station để “mượn” Janus hoặc các loại xe khác với phí 0Đ và thỏa thích chạy thử xe lên tới 7 ngày. Cơ hội vàng để bạn trải nghiệm xe, thấy êm thì chốt đơn liền một chiếc Janus để được nhận ngay chiếc điện thoại Samsung Galaxy A15 giá 4.990.000 đồng nhé!  Các địa điểm diễn ra sự kiện và thông tin chi tiết thì vào đây: https://yamaha-ridingstation.com.vn/  #Yamaha #Janus #BatchatJ #Depdocdinh  Cmt:  Muốn biết chương trình khuyến mãi xịn sò thì vào đây nha: https://ymhvn.com/Springpro_Mayjun24_KM			https://yamaha-ridingstation.com.vn/	Đạt	Duyệt		
2024-05-30	Quảng cáo	Lương Phương Thảo	https://drive.google.com/drive/u/0/folders/1eOSw04I1-dMpt7-EWMn6_vGcX2EzjyNh			https://drive.google.com/drive/u/0/folders/1eOSw04I1-dMpt7-EWMn6_vGcX2EzjyNh	Đạt	Duyệt		
2024-05-30	Quảng cáo	Bùi Thị Khánh	https://drive.google.com/file/d/1dBG2Y11iuCwjrAhCcXUXfu295fL9hTT0/view?usp=sharing%5C	https://drive.google.com/thumbnail?id=1dBG2Y11iuCwjrAhCcXUXfu295fL9hTT0		https://drive.google.com/file/d/1dBG2Y11iuCwjrAhCcXUXfu295fL9hTT0/view?usp=sharing%5C	Bách	Duyệt		
2024-05-30	Quảng cáo	Bùi Thị Khánh	CHẤN ĐỘNG: XUẤT HIỆN LON BIA KHỔNG LỒ TRÊN ĐƯỜNG PHỐ KHIẾN AI CŨNG PHẢI NGỠ NGÀNG  Rộ tin lon bia Hanoi Premium khổng lồ sẽ dừng chân tại nhiều tỉnh thành trong hè này, hứa hẹn một sự kiện hot nhất sẽ đổ bộ đến các tỉnh thành được gọi tên.  Chưa biết sẽ có gì nhưng độ xịn xò là khỏi cần bàn cãi. Chấm hóng ngay anh em ơi!!  #HanoiPremium #PremiumBar	https://drive.google.com/thumbnail?id=1gMm8Q0k91D2d-q2l11BBNyRct7NtRZHT		https://drive.google.com/file/d/1gMm8Q0k91D2d-q2l11BBNyRct7NtRZHT/view	Đạt	Duyệt		
2024-05-30	Quảng cáo	Bùi Thị Khánh	"Hè nóng thì chóng bực, từ nhà ra ngõ, từ ngõ gõ cửa công ty cũng cứ phải nhảy lên taxi điều hòa mát lạnh cho đỡ cực  Trước giờ cứ thấy các bác chê giá cao nhưng chất lượng 5 sao thì miễn bàn. Mấy nay ad soi giá thì thấy bác Xanh bình ổn rồi, giá ""mầm non"" chuẩn ngoanxanhieu luôn."			https://drive.google.com/drive/folders/1jU7PnXl0qy36jhHo64q56hZKwyJUFLFO	Bách	Duyệt		
2024-05-30	Quảng cáo	Bùi Thị Khánh	🌱 ĐÃ XANH CÒN RẺ THÌ CỨ ĐI HÀNG NGÀY CHO KHỎE!!  🤙 2 hôm nay soi giá toét mắt mà vẫn thấy giá bác Xanh mềm mại, dễ chịu quá, các mem đi Xanh mấy hôm nay thấy sao1?				Bách	Duyệt		
2024-05-30	Quảng cáo	Bùi Thị Khánh	"Cao Thủ
19:00  ""ÔNG HOÀNG KINH DỊ"" M. NIGHT SHYAMALAN ""DẮT TAY"" CON GÁI TRỞ LẠI TRONG PHIM KINH MỚI VỚI NHỮNG CÚ TWIST LIÊN HỒI   Nổi tiếng với vũ trụ giật gân Unbreakable - Split - Glass, màn tái xuất của ""ông hoàng kinh dị"" M. Night Shyamalan cùng con gái sẽ chiêu đãi bạn bữa tiệc kinh hoàng bậc nhất mang tên ""Những Kẻ Theo Dõi"".   Lạc giữa rừng sâu u ám rồi bị giam cầm và truy đuổi khốc liệt bởi thực thể bí ẩn vô cùng tàn bạo chính là những gì mà nữ chính Mina phải đối diện. Với độ uy tín của M. Night Shyamalan trong làng phim kinh dị, các màn plot twist rợn người hứa hẹn ám ảnh bất kỳ ai.   Kịch bản sinh tồn đầy kịch tính kết hợp cùng màn thể hiện xuất thần của ""nữ ma cà rồng"" Dakota Fanning, cảm giác nghẹt thở chưa từng có sẽ được khơi gợi từ 14.06.2024 chờ anh em đến. 😎 #nhungketheodoi  https://drive.google.com/drive/folders/1ywCP1vJux4_ymJB3zgzr4xDWbuJie3x2?usp=sharing"			https://l.messenger.com/l.php?u=https%3A%2F%2Fdrive.google.com%2Fdrive%2Ffolders%2F1ywCP1vJux4_ymJB3zgzr4xDWbuJie3x2%3Fusp%3Dsharing&h=AT1R2E1TFqzJg-067WOyq8BdcR6Ey7FHXvVOhMyrLmsOxpgy8WEFNobvct4bpsRqAHpN1G8PkHKeFkucsqlJ8KoX7kFVffPTWE2A7OjN9sgAfsj5YLEvI14jQ713UU8t7PHr1J2uWHbN4w	Đạt	Duyệt		
2024-05-30	Quảng cáo	Lê Thanh Huyền	Caption: Đi khắp Việt nam cũng không kiếm được chỗ thứ 2 luôn ý				Đạt	Duyệt		
2024-05-30	Quảng cáo	Lê Thanh Huyền	Check giúp em video lên beatvn với ạ  https://drive.google.com/file/d/1eDNpR77DtGqwQ-CmoQEZ57ccGcrXUped/view?fbclid=IwZXh0bgNhZW0CMTAAAR1jwebrkfQvB7x0xPFGS3nJbVL3fzUPqJWSg8JDhWHZbaJ5ootJBsXDaPI_aem_AbjnCOw0yAMVn1SF4TWFL_hLC7AWGfugqzffjyOE_h1vBwlASG8-Xj7YQr5koODKlhb00bt8ghZsWftM1ByfkcOr	https://drive.google.com/thumbnail?id=1eDNpR77DtGqwQ-CmoQEZ57ccGcrXUped		https://drive.google.com/file/d/1eDNpR77DtGqwQ-CmoQEZ57ccGcrXUped/view?fbclid=IwZXh0bgNhZW0CMTAAAR1jwebrkfQvB7x0xPFGS3nJbVL3fzUPqJWSg8JDhWHZbaJ5ootJBsXDaPI_aem_AbjnCOw0yAMVn1SF4TWFL_hLC7AWGfugqzffjyOE_h1vBwlASG8-Xj7YQr5koODKlhb00bt8ghZsWftM1ByfkcOr	Đạt	Duyệt		
2024-05-30	Quảng cáo	Lưu Minh Quang	"MÀN COLLAB HOT NHẤT HÈ CHO CẢ LÀNG ĐỀU KHOẺ LÀ ĐÂY CHỨ ĐÂU!  Bắt gặp anh em Long Châu - Nhà thuốc & Tiêm chủng ""Song kiếm hợp bích"" rực sáng giữa sông Bạch Đằng. Kèm theo đó là lời cam kết luôn có sẵn vắc xin chính hãng từ tiêm chủng Long Châu đặc biệt duy trì mức giá tốt thật cho vắc xin HPV - dành cho cả nam và nữ đến 45 tuổi còn tặng kèm quà.  Làm gì thì làm, cứ bảo vệ sức khoẻ là ưu tiên hàng đầu các bác ơi! Tầm này lập team đi tiê.m phòng HPV được giảm ngay 10% và mang thêm quà về là đúng bài rồi đấy ạ!"				Đạt	Duyệt		
2024-05-30	Quảng cáo	Lưu Minh Quang	3/CMT1: mới lượm bên gr khác, LC dạo này chơi lớn dữ, chắc đang quảng cáo thêm cho tiêm chủng: https://drive.google.com/file/d/1vyCrGOc1N2Zn36I6EWM0fmYm3Ia1vAgv/view?usp=sharing   Cmt 2: Long Châu đăng cái flycam nét nè, đúng cách ng nhà giàu chơi lớn quảng cáo HPV giá tốt và tặng quà https://drive.google.com/file/d/1tTEEc-vFRH9mC0oElbKScTGU06YWrkBh/view?usp=sharing	https://scontent.fhan2-5.fna.fbcdn.net/v/t1.15752-9/445787815_1482212126045504_2048492933818788840_n.png?_nc_cat=104&ccb=1-7&_nc_sid=5f2048&_nc_eui2=AeHVaPy3zYJamMzM5NBJ3sINwSliEeD_kPvBKWIR4P-Q-5irBanACNS6Zb-MnrZn5nZKLp76swjervqsZ6tG7dA4&_nc_ohc=htPiECN1OfYQ7kNvgFc1w42&_nc_ht=scontent.fhan2-5.fna&oh=03_Q7cD1QG12mzjL-xenrhOPvh8XngsYCo_gw88Nm0mV97Z-WbJTA&oe=6680BBB7,,			Đạt	Duyệt		
2024-05-30	Quảng cáo	Lưu Minh Quang	"MÀN COLLAB HOT NHẤT HÈ CHO CẢ LÀNG ĐỀU KHOẺ LÀ ĐÂY CHỨ ĐÂU!  Bắt gặp anh em Long Châu - Nhà thuốc & Tiêm chủng ""Song kiếm hợp bích"" rực sáng giữa sông Bạch Đằng. Kèm theo đó là lời cam kết luôn có sẵn vắc xin chính hãng từ tiêm chủng Long Châu đặc biệt duy trì mức giá tốt thật cho vắc xin HPV - dành cho cả nam và nữ (đến 45 tuổi) kèm ưu đãi.   Làm gì thì làm, cứ bảo vệ sức khoẻ là ưu tiên hàng đầu các bác ơi! Tầm này lập team đi tiê.m phòng HPV là đúng bài rồi đấy ạ!"				Đạt	Duyệt		
2024-05-30	Quảng cáo	Lương Phương Thảo	"1. CAPTION SGN 🍻@Chuyện của Sài Gòn triệu hồi các anh em tối nay lên cái kèo Tiger cào thùng săn BMW X3 xem thử ai “gan"" nhất nha!  #TigerBeer #BatThungTigerTrung5BMWX3  2. COMMENT 📌Lưu ý: anh em giữ thẻ cào nguyên vẹn, không tách rời vỏ thùng để đổi giải hợp lệ nha!  add cùng hình: https://drive.google.com/file/d/17QpRWaCQCq5T3iPCPirH-trWkj9_djQG/view?usp=drive_link  3. HÌNH BÀI ĐĂNG: https://drive.google.com/file/d/1-0ggD3WTNdcsf3DeNNDS_1ysj1vYWHRL/view?usp=drive_link"	https://drive.google.com/thumbnail?id=17QpRWaCQCq5T3iPCPirH-trWkj9_djQG		https://drive.google.com/file/d/17QpRWaCQCq5T3iPCPirH-trWkj9_djQG/view?usp=embed_facebook	Đạt	Duyệt		
2024-05-30	Quảng cáo	Lương Phương Thảo	CCHN  NƠI SỐNG & LÀM VIỆC MỚI TIỆN NGHI, THÔNG MINH Ở THỦ ĐÔ: THE SOLA PARK - IMPERIA SMART CITY Anh em Hà Nội công nhận giờ tìm nhà giữa lòng thủ đô khó như tìm kim đáy bể không? Gần đây, dân tình Thủ đô đang  xôn xao về phân khu mới The Sola Park tại Imperia Smart City ngay phía Tây Hà Nội. Ai đang tìm nhà chung cư thì  ngâm cứu ngay nha. Nằm ở vị trí cực tiện lợi, “cửa ngõ” đại đô thị thông minh Smart City, từ phân khu chỉ cần vài phút đã có thể di chuyển  tới đại lộ Thăng Long, đường Vành đai 3.5, Lê Trọng Tấn hay Tố Hữu - Lê Văn Lương. Chỉ vài năm tới khi tất cả các  dự án hạ tầng phía Tây đi vào hoạt động, anh em thử đoán xem tiềm năng tăng giá lên thế nào? Không chỉ vậy, ở đây còn có nhiều loại căn hộ với diện tích đa dạng, tha hồ lựa chọn theo khả năng kinh tế. Tiện ích  thì khỏi chê: bể bơi, bể sục Jacuzzi, quảng trường ánh sáng, vườn chủ đề, khu cắm trại, vườn nướng BBQ, sân thể  thao, khu vui chơi trẻ em... Ra ngoài nội khu, thì chỉ vài phút đi bộ là đến ngay bộ ba công viên liên hoàn trong đại  đô thị, tha hồ vui chơi, thư giãn. Vincom Mega Mall và bệnh viện Vinmec cũng kết nối rất nhanh chóng, đáp ứng mọi  nhu cầu mua sắm và chăm sóc sức khỏe. Chuyện học hành của con cái cũng không phải lo khi xung quanh The Sola Park có hàng loạt trường học từ mầm non  đến trung học phổ thông, từ trường công đến trường tư.  Với những ưu điểm vượt trội này, anh chị em mà có nhu cầu tìm một tổ ấm đừng bỏ lỡ The Sola Park nhé.  #TheSolaPark #ImperiaSmartCity #MIKGroup #SmartCity #ChungcuHaNoi Top Comment 1.        Để sở hữu căn hộ tại The Sola Park, khách hàng chỉ cần có trong tay từ 300 triệu đồng và được chủ đầu tư hỗ  trợ lãi suất 0% cho 70% căn hộ trong vòng 30 tháng cho đến 31/3/2027. Khách hàng thanh toán sớm sẽ được ưu đãi  lên tới 15,8% giá trị căn hộ. Để biết thêm thông tin chi tiết, mọi người tham khảo website của CĐT: https://imperiasmartcity.com/  2.        Đặc biệt, một điểm cộng khi an cư tại The Sola Park, cư dân chẳng phải lo nghĩ về nơi đỗ xe ô tô khi dự án nằm tiếp giáp nhà để xe Parking Zone 1 cao 10 tầng và bãi đỗ xe ô tô ngoài trời lớn nhất đại đô thị với sức chứa lên tới hàng trăm xe ô tô.	https://scontent.fhan2-3.fna.fbcdn.net/v/t1.15752-9/445594137_419816497596548_1885944538234821028_n.png?_nc_cat=108&ccb=1-7&_nc_sid=5f2048&_nc_eui2=AeEFicAxXBgaKfN3jWG8UyzldGVo7MpyqGN0ZWjsynKoY-CsrZJ41TDv3eOfyUXYBTRN_0CSug05AqXn7nfa5soA&_nc_ohc=QTBVX_IBTpAQ7kNvgEyuDf0&_nc_ht=scontent.fhan2-3.fna&oh=03_Q7cD1QGEILGodEkSCmR__wJwKEIaYmFho605HLHwEKOiy0gAQQ&oe=6680C206,,		https://imperiasmartcity.com/	Đạt	Duyệt		
2024-05-30	Quảng cáo	Lương Phương Thảo	"BEAT:  THE SOLA PARK GIẢI ‘CƠN KHÁT’ CĂN HỘ NHÀ Ở CHO NGƯỜI DÂN THỦ ĐÔ  Anh chị em nếu đang tìm kiếm một nơi sống lý tưởng tại phía Tây Hà Nội thì không thể bỏ qua The Sola Park phân khu mới của dự án Imperia Smart City đâu nhé! Vị trí vàng cuối cùng nằm ngay cửa ngõ của đại đô thị Smart City, chỉ mất vài phút là có thể kết nối nhanh đến trung tâm thủ đô. Bảo sao mà dự án này của MIK Group đang hot rần rần.  Trong khi quỹ nhà chung cư mới khan hiếm thì, The Sola Park ra mắt với giá cả hợp lý, lại còn được hưởng trọn các tiện ích cao cấp trong đại đô thị Smart City, cùng 60+ tiện ích nội khu đầy cảm hứng do chủ đầu tư xây dựng để khởi đầu hạnh phúc trọn vẹn cho mỗi cư dân.  Ở đây cho con cái học hành cũng quá hợp lý luôn, khu vực này có đến 50 trường học các cấp, từ trường công cho đến trường tư, trường quốc tế. Ngay cạnh The Sola Park còn có Vinschool và trường mầm non công lập nữa, con lớn đi bộ ra trường cấp 2, cấp 3 Tây Mỗ rất gần luôn. Tưởng tượng đến đoạn tan làm không phải tức tốc đón con đã thấy chỗ ở quan trọng thế nào.   Ai mà lo tiền ở đâu mua nhà thì vào đây xem căn hộ hiện đại, diện tích đa dạng từ hơn 30m2 -76 m2, rất hợp lý, phù hợp với mọi nhu cầu từ người độc thân đến người có gia đình. Nói chung là The Sola Park hứa hẹn sẽ trở thành nơi lý tưởng để sống, học tập và làm việc trong môi trường năng động, hiện đại tại tâm điểm ""thành phố quốc tế"".  Cư dân đã ở Imperia Smart City giai đoạn 1 rồi thì rất ưng chất lượng bàn giao. Ở The Sola Park nghe nói CĐT còn bàn giao chất lượng cao cấp hơn. Nói chung là mê, tầm tiền đó biết mua ở đâu mà chất lượng ổn như thế này nữa. Anh chị em muốn tận hưởng cuộc sống tiện nghi, đẳng cấp, thì đừng bỏ lỡ The Sola Park nhé! #TheSolaPark #ImperiaSmartCity #MIKGroup #SmartCity #ChungcuHaNoi  Top Comment 1.        Để sở hữu căn hộ tại The Sola Park, khách hàng chỉ cần có trong tay từ 300 triệu đồng và được chủ đầu tư hỗ  trợ lãi suất 0% cho 70% căn hộ trong vòng 30 tháng cho đến 31/3/2027. Khách hàng thanh toán sớm sẽ được ưu đãi  lên tới 15,8% giá trị căn hộ. Để biết thêm thông tin chi tiết, mọi người tham khảo website: https://imperiasmartcity.com/"	https://scontent.fhan20-1.fna.fbcdn.net/v/t1.15752-9/442456566_3736782429924207_8212016400375030667_n.jpg?_nc_cat=102&ccb=1-7&_nc_sid=5f2048&_nc_eui2=AeExtM64xJRwXpsUKDcDEamCgy3TOcUjUoqDLdM5xSNSim76AFaa6q9Wh7Ah5xmmfcHFd_j_bMgEoXbZxzC0d3SF&_nc_ohc=GUF3PSI51tAQ7kNvgFZlULk&_nc_ht=scontent.fhan20-1.fna&oh=03_Q7cD1QFG8vhsuAvsaUD3pYjiXIkH8zoGWLC2SxavZH-epoPJYA&oe=6680CE20,,		https://imperiasmartcity.com/	Đạt	Duyệt		
2024-05-30	Quảng cáo	Nguyễn Thị Khánh Ly	Cap: Combo lễ hội siêu đỉnh đổ bộ Đà Nẵng ngày 8-9/6 này, đi thôiii			https://youtu.be/qYWVQRL3dYI	Bách	Duyệt		
2024-05-30	Quảng cáo	Lưu Minh Quang	Comment: Cơ hội cuối để anh em vào trang https://var.fconline.garena.vn để cùng dự đoán tỉ số trận Showmatch của các khách mời và có cơ hội trúng chuyến đi Châu Âu xem EURO, Macbook và nhiều phần quà hấp dẫn nhé!!!			https://var.fconline.garena.vn/	Đạt	Duyệt		
2024-05-30	Quảng cáo	Lưu Minh Quang	"NHỮNG MÀN VAR VÀ PRESSING CỰC CĂNG GIỮA TẠ BIÊN CƯƠNG VÀ CÁC KHÁCH MỜI   ""Chiến thần ngôn ngữ, chúa tể ngôn từ, ông hoàng cảm xúc” Tạ Biên Cương sẽ đặt niềm tin vào đội bóng nào trong trận Chung kết Champions League năm nay giữa Real Madrid và Borussia Dortmund?   Cùng hóng những màn “VAR cực căng”, những pha pressing “khét lẹt” của Tạ Biên Cương và các khách mời trong Tập 5 VAR Bóng Đá sẽ phát sóng vào 19h00 ngày 31/05 phát sóng trên kênh chính thức của FC Online nhé anh em!  #VarBongDa #FCOnline #DiChauAuXemEuro"	https://drive.google.com/thumbnail?id=1Jx_PjrtJea25K6xw_8hLQo33KI1rsHIf		https://drive.google.com/file/d/1Jx_PjrtJea25K6xw_8hLQo33KI1rsHIf/view?usp=sharing	Đạt	Duyệt		
2024-05-29	Quảng cáo	Nguyễn Thị Khánh Ly	Cchn:  | 29.05.2024 - Vietjet được vinh danh là hãng hàng không siêu tiết kiệm tốt nhất thế giới với dịch vụ trên tàu bay dẫn đầu !! |  Sánh vai năm châu, vang danh thế giới, đứng ngang các hãng hàng không quốc tế nổi tiếng 🇻🇳🇻🇳🇻🇳  Mới đây, Vietjet vừa được AirlineRatings vinh danh là “Hãng hàng không siêu tiết kiệm tốt nhất thế giới” và “Hãng hàng không chi phí thấp có dịch vụ trên tàu bay tốt nhất năm”. Dành cho bác nào chưa biết thì đây là hai giải thưởng quan trọng của hàng không quốc tế do tổ chức đánh giá an toàn và chất lượng dịch vụ hàng không uy tín AirlineRatings bình chọn 👏👏👏  Cụ thể thì Vietjet được nhiều người biết đến, ghi nhận vì mức giá cực kỳ hợp lý hợp ví, nhiều chương trình tiếp thị hay ho, đội tàu bay hiện đại và trẻ tuổi nữa.... Và thế là quá đủ để cho thấy Vietjet đóng vai trò quan trọng trong xu thế bùng nổ và phát triển mạnh mẽ của ngành du lịch Việt Nam, đem lại những giá trị tích cực cho người dân và du khách trong khu vực và quốc tế nói chung .  10 điểm không phải nói nhìu !! Gì chứ đi đâu hay du lịch trong hay ngoài nước thì Vietjet vẫn luôn là lựa chọn top 1 của tuiiiiiiiiiiii 😗	https://scontent.fhan2-5.fna.fbcdn.net/v/t1.15752-9/445575208_435635005884145_6923757065080775691_n.png?_nc_cat=104&ccb=1-7&_nc_sid=5f2048&_nc_eui2=AeGKObM6sGn5BaOFbNN0P7mF5rsqM9d2I_Tmuyoz13Yj9MAG71aMddzpl-ovBwgYN71ACbfSzJE2Dd_DZAvhSLLB&_nc_ohc=UQKz4GQZMlYQ7kNvgHtQKaI&_nc_ht=scontent.fhan2-5.fna&oh=03_Q7cD1QFRse5eF2K3Lwvf4-9rBiUv_RO2eE_nUz91A38j67vtlA&oe=6680C85C,,			Bách	Duyệt		
2024-05-29	Quảng cáo	Nguyễn Thị Khánh Ly	"VIETJET NGẠO NGHỄ ""ẴM"" LUÔN HAI HẠNG MỤC GIẢI THƯỞNG QUAN TRỌNG CỦA HÀNG KHÔNG QUỐC TẾ DO AIRLINERATINGS BÌNH CHỌN  Vietjet vừa được AirlineRatings vinh danh là “Hãng hàng không siêu tiết kiệm tốt nhất thế giới” và “Hãng hàng không chi phí thấp có dịch vụ trên tàu bay tốt nhất năm. Đây là hai hạng mục giải thưởng quan trọng của hàng không quốc tế do tổ chức đánh giá an toàn và chất lượng dịch vụ hàng không uy tín AirlineRatings bình chọn.   Theo chia sẻ của Ông Geoffrey Thomas, Tổng biên tập của AirlineRatings.com, Vietjet được biết đến với giá vé cực tốt cùng chương trình tiếp thị khéo léo trong nhiều năm qua, đóng vai trò quan trọng trong ngành du lịch Việt Nam, đem lại những giá trị tích cực cho người dân và du khách trong khu vực và quốc tế.  Bên cạnh đó, Vietjet còn mang tới trải nghiệm bay cùng đội tàu hiện đại, thân thiện môi trường, phi hành đoàn chuyên nghiệp, tận tâm, thưởng thức tinh hoa ẩm thực Việt Nam và thế giới với thực đơn phong phú, thoả sức mua sắm hàng miễn thuế hay các sản phẩm tiện ích trên suốt hành trình bay cùng nhiều chương trình văn hoá nghệ thuật, những hoạt động cộng đồng nhân văn, tôn vinh những giá trị tốt đẹp.  Một lần nữa chúc mừng Vietjet vì những thành tích vô cùng xịn xò của hãng 👏"	https://scontent.fhan2-4.fna.fbcdn.net/v/t1.15752-9/441044830_2089204618190279_4593413989151171131_n.png?stp=dst-png_p1080x2048&_nc_cat=100&ccb=1-7&_nc_sid=5f2048&_nc_eui2=AeFICugDiMMJCJQmGDi2ZIJfefyDtjjkb-l5_IO2OORv6VM8yxSeg0sSbeLezeDKnVDcd_NhJTyZXZ7OxFhOzVX9&_nc_ohc=K-muO1RuK1oQ7kNvgGQCunE&_nc_ht=scontent.fhan2-4.fna&oh=03_Q7cD1QG-IcvyvLRzLnQBE0r7EY4FQ2LvSBQsfs9HCwez5WZzMg&oe=6680A1AA,,			Đạt	Duyệt		
2024-05-29	Quảng cáo	Bùi Thị Khánh		https://scontent.fhan2-4.fna.fbcdn.net/v/t1.15752-9/445713731_972902007621919_9137913793321484904_n.jpg?stp=dst-jpg_p1080x2048&_nc_cat=110&ccb=1-7&_nc_sid=5f2048&_nc_eui2=AeEtz32QLRc5cp_fBh0_AW-dp5SyF2qeYTynlLIXap5hPJ6P7gRR1cpKBszwiYguc2SS2NbRmA-874s-pd0Aja1Z&_nc_ohc=oem8KLQrdyIQ7kNvgHNu5bQ&_nc_ht=scontent.fhan2-4.fna&oh=03_Q7cD1QEfK7W4H40v6W-hS8oqvc6Sp7QrCc_TdLZKhOVPZFURkQ&oe=6680B8DD,,https://scontent.fhan20-1.fna.fbcdn.net/v/t1.15752-9/445647915_764967745761519_563056313491419325_n.jpg?stp=dst-jpg_s2048x2048&_nc_cat=102&ccb=1-7&_nc_sid=5f2048&_nc_eui2=AeHccdrlupmF_OGTt5ZOZ4O2TbnXIMiepjpNudcgyJ6mOklezSKz1fP8PcdJFQALlSwipoeOD194OWa-qji_P0pQ&_nc_ohc=ZtDYdhiD-1YQ7kNvgG0RhaG&_nc_ht=scontent.fhan20-1.fna&oh=03_Q7cD1QGPdhqOWQKzDJfx92qzdPRtWoWJ3Bk18KWt609wWMoQSg&oe=6680B592,,https://scontent.fhan2-4.fna.fbcdn.net/v/t1.15752-9/445805110_846264020665478_4579437863699539660_n.jpg?stp=dst-jpg_s2048x2048&_nc_cat=110&ccb=1-7&_nc_sid=5f2048&_nc_eui2=AeEKl9vzZzv0h36W1b1BXITfdCgqtnAVGaN0KCq2cBUZo4PHNExtv7JwqKoyipcfKyCQ9HxUpVCG8k-U0jWtkPdO&_nc_ohc=gnn8QLNOsigQ7kNvgFSyp6J&_nc_ht=scontent.fhan2-4.fna&oh=03_Q7cD1QEUDz8pqQ4PgFcaI77cy9xhHIXYn4nWKTs8pvwLU8_JYg&oe=6680CEA2,,https://scontent.fhan2-3.fna.fbcdn.net/v/t1.15752-9/445579815_433053346331824_3666481870840393425_n.jpg?stp=dst-jpg_s2048x2048&_nc_cat=111&ccb=1-7&_nc_sid=5f2048&_nc_eui2=AeE4OWvDqTIMb60gdBNi_VSK-Ty6pKXymQ_5PLqkpfKZD0KIRXPLYY15YoGn8PjrwPN0lBlKMdkxRLUSKZiZK_52&_nc_ohc=mS7Dhiu84fcQ7kNvgEianBu&_nc_ht=scontent.fhan2-3.fna&oh=03_Q7cD1QHjg2NeoS633UXv9gwXuI_2ehLL1QlkvvsfqxuLHXdG8Q&oe=6680AAB9,,https://scontent.fhan2-3.fna.fbcdn.net/v/t1.15752-9/445810902_427517480146481_2134524282821463329_n.jpg?stp=dst-jpg_s2048x2048&_nc_cat=111&ccb=1-7&_nc_sid=5f2048&_nc_eui2=AeEqOTM9k02ZLuWKEA-dVXRSNjZ4E_qn1OE2NngT-qfU4TOhNBvkQKc1evDbZBScHt-HoU90Q5rfxgGzGTq-64Zb&_nc_ohc=infwZ1zmHT8Q7kNvgFWTG8n&_nc_ht=scontent.fhan2-3.fna&oh=03_Q7cD1QEmEAWMLuFcEmtkDoKtpfKom5ULaHCxIdF3JGEVZWJXPQ&oe=6680B494,,https://scontent.fhan2-5.fna.fbcdn.net/v/t1.15752-9/445586373_972864377662365_1753302992229973803_n.jpg?stp=dst-jpg_s2048x2048&_nc_cat=104&ccb=1-7&_nc_sid=5f2048&_nc_eui2=AeG7pxdMUpVixBN7B9oQKyMcbjLp68XRGbpuMunrxdEZuq9KjoHUM3TH8_DFK6MRG_bS3WyMhlNufrDMvQMHyXT6&_nc_ohc=6Swc_PdR5dgQ7kNvgGN6EhL&_nc_ht=scontent.fhan2-5.fna&oh=03_Q7cD1QFDXl652RMjHHhvgzbBPXYpFEmsyDd3iNck3BUg2q2IQQ&oe=6680C81F,,https://scontent.fhan2-5.fna.fbcdn.net/v/t1.15752-9/445772374_430803046549494_3687740204935807098_n.jpg?stp=dst-jpg_s2048x2048&_nc_cat=107&ccb=1-7&_nc_sid=5f2048&_nc_eui2=AeFkATAZQwtBdZHoO-deLTbK4ign2WrKk6_iKCfZasqTr48h6_x_7EJXn3MoJn2kUJyKfD7ZSkOy7OVn85mxBQO0&_nc_ohc=BgqH5QryV6YQ7kNvgFxoWLk&_nc_ht=scontent.fhan2-5.fna&oh=03_Q7cD1QEmPXpgZKfam7mnEXuhVbRLdhpJrLRQVfI-wXX1VQM3SA&oe=6680D395,,https://scontent.fhan2-3.fna.fbcdn.net/v/t1.15752-9/445654462_892912619270149_1662400138191396907_n.jpg?stp=dst-jpg_s2048x2048&_nc_cat=108&ccb=1-7&_nc_sid=5f2048&_nc_eui2=AeGRpjCpgUaUbBMcVbSFlp9nqVa4_eUjN2WpVrj95SM3Ze9Bc9Pd9sOY3KVz5SIc5Y7fTSAluVLHfIY52tFkQxLv&_nc_ohc=0cvTUTrGi5QQ7kNvgHFDF6b&_nc_ht=scontent.fhan2-3.fna&oh=03_Q7cD1QF7llFsYoe6jWLYH3GTpXGmY2qpNf3dfD98Qh0we2-WIQ&oe=6680A34E,,			Đạt	Duyệt		
2024-05-29	Quảng cáo	Bùi Thị Khánh	Hành trình kết nối vì “mầm Xanh” hạnh phúc & một Tết Thiếu nhi ấm áp, trọn vẹn cho các em  ❤ 🕊   Vừa qua 27/5, những chuyến xe Xanh vì sức khoẻ cộng đồng đã lăn bánh tới Yên Bái, cùng Quỹ Thiện Tâm đưa đội ngũ y bác sĩ, chuyên gia từ các bệnh viện tuyến đầu tổ chức “Chương trình phẫu thuật cho trẻ khuyết tật trên địa bàn tỉnh Yên Bái”.  Hơn 110 trẻ em khuyết tật từ 0-16 tuổi đã được thăm khám, tư vấn và điều trị kịp thời. Đồng thời các em cũng được tổ chức các hoạt động giao lưu văn nghệ, trao quà thân tình.. Để qua đó, chúng ta cùng chung tay vẽ nên tuổi thơ an lành và bình dị với sự quan tâm của cả cộng đồng ❤  Cảm ơn và ghi nhận Xanh SM đã mang tới chương trình ý nghĩa cho các em có kỷ niệm đẹp và đáng nhớ 🥰 10 điểm không có nhưng nha!!  #XanhSM #ViSucKhoeCongDong				Đạt	Duyệt		
2024-05-29	Quảng cáo	Nguyễn Thị Khánh Ly	Check lại giúp c với:  Caption:  Bữa mới thấy Wren Evans đăng post bị Gấu Xanh cướp hit mà h đến tận trường quay chăm sóc nhau. Ngộ ghê dị đó  Uống xong cái nhìn Wren tươi mát hơn hẳn, chắc phải ra ngoài tìm Trà Ô Long Xanh Tea+ để cuộc sống xanh ngát yêu đời dị thui,  #TraOLongXanh #TeaPlus #Xanhmoixung  Link video: https://drive.google.com/drive/folders/1MEFaEcrPvCNk-ZraQtLjQfYbkLXXNk4a			https://drive.google.com/drive/folders/1MEFaEcrPvCNk-ZraQtLjQfYbkLXXNk4a	Đạt	Duyệt		
2024-05-29	Quảng cáo	Nguyễn Thị Khánh Ly	"Cchn:  TRAI XINH GÁI ĐẸP ĐÂU HẾT RỒI... LÀM NGAY CHUYẾN ĐẾN CÔNG VIÊN HÀN QUỐC MỚI Ở HẢI PHÒNG CHECKIN ĐI !!!!!!  Lại thêm một lý do để cuối tuần trốn thủ đô, qua Hải Phòng chơi rồi mọi người ơiiiii :3 ko đâu xa chính là Công viên văn hoá Hàn Quốc K-Park tại Vinhomes Royal Island - Điểm check in “sống ảo” mới mà bao ""xinh ngoan yêu"" muốn đến chụp choẹt này ;)  Thề luôn tất cả những gì mng cần làm là diện 1 bộ Hanbok lung linh, giơ điện thoại lên và chụp :)) vì ở đây quá nhiều góc đẹp mê mẩn luôn rùi á. Ko khéo chụp xong mấy chị em lại tị bảo đi Hàn mà ko rủ =)))))))))))  Đặc biệt là sắp tới, 1.6 sẽ có sự kiện khai trương Phố đi bộ công viên Vũ Yên và đại nhạc hội Wonder Fest với sự xuất hiện của nam ca sĩ XIUMIN (EXO) được diễn ra tại đây 😍 Làm một chuyến tới đây vui chơi là ko chỉ có ảnh đẹp đâu, mà còn cả là đu idol miễn phí. Quá là xịn luôn... 10 điểm ko có nhưng :))  Thời tới rồi, các chị em đã sẵn sàng lên đồ, rủ rê bạn bè và sẵn sàng chụp “cháy máy” chưa!!!! 😛"			https://www.dropbox.com/scl/fo/2txlzycujdors736ek0fd/ANPv821ce0j-Pw2tqgE_Gvw?rlkey=n6ov0nuii58s8rzgvon6ie0w4&st=w02fq75t&dl=0	Đạt	Duyệt		
2024-05-29	Quảng cáo	Nguyễn Thị Khánh Ly	"Beatvn:   XUẤT HIỆN CÔNG VIÊN VĂN HOÁ HÀN QUỐC NGAY TRONG LÒNG HẢI PHÒNG. GIƠ ĐIỆN THOẠI LÊN LÀ AUTO CÓ ẢNH ĐẸP LUNG LINH  Anh em nào muốn có ảnh đẹp như phim Hàn thì tới ngay Vinhomes Royal Island check-in ""sống ảo"" cùng Công viên văn hoá Hàn Quốc K-Park nhé!  Diện ngay 1 bộ Hanbok, đứng nhẹ vào mái nhà cổ Hanok, công viên đèn lồng nghệ nhân, chòi cảnh quan bên hồ nước trong xanh và vườn Hàn Quốc tuyệt đẹp là có ngay 1 bức ảnh đẹp như ở xứ sở Kim Chi ngay!  Hot hơn nữa là sự kiện khai trương Phố đi bộ công viên Vũ Yên và đại nhạc hội Wonder Fest với sự xuất hiện của nam ca sĩ XIUMIN (EXO) diễn ra tại Thành phố Đảo Hoàng Gia vào ngày 1.6 tới đây. Không chỉ có cơ hội chụp những bức ảnh đẹp lung linh, hội chị em còn được đu idol miễn phí luôn.  Xịn xò đẳng cấp cỡ này bảo sao Vinhomes Royal Island đang trở thành điểm đến mới của Việt Nam tại Hải Phòng. Thời tới rồi, anh chị em chuẩn bị lên đồ, rủ rê bạn bè và sạc đầy pin điện thoại rồi tới đây chụp ảnh cháy máy thôii"				Đạt	Duyệt		
2024-05-29	Quảng cáo	Nguyễn Thị Khánh Ly	 Bữa mới thấy Wren Evans đăng post bị Gấu Xanh cướp hit mà h đến tận trường quay chăm sóc nhau. Ngộ ghê dị đó  Uống xong cái nhìn Wren tươi mát hơn hẳn, chắc phải ra ngoài tìm Trà Ô Long Xanh Tea+ để cuộc sống xanh ngát yêu đời dị thui,  #TraOLongXanh #TeaPlus #Xanhmoixung  Link hình air: https://drive.google.com/file/d/1LWx-0oEt2g5L8uMlMvP4oOEOFJee1ef5/view?usp=drive_link	https://drive.google.com/thumbnail?id=1LWx-0oEt2g5L8uMlMvP4oOEOFJee1ef5		https://drive.google.com/file/d/1LWx-0oEt2g5L8uMlMvP4oOEOFJee1ef5/view?usp=drive_link	Đạt	Duyệt		
2024-05-29	Quảng cáo	Lương Phương Thảo	Kiến  1. TOP 2 KIỂU NGƯỜI KHI CHƠI GAME 😂  “Thánh phân tích” nhưng không biết đúng sai :))) “Team tâm linh” vũ trụ nói gì nghe đó 😆  Tui 1 vote cho Team Phân Tích nha, tại đẹp trai 😓 Mọi người chọn team nào :>  #KENLEAGUE #Showtienty #NangHeinekenViFanDichThuc  2. COMMENT:  Vô đây coi tập 1 coi team mấy bà chọn có thắng hong nha : https://bit.ly/ShowKenLeague-Tap1  3. VISUAL	https://scontent.fhan20-1.fna.fbcdn.net/v/t1.15752-9/442733414_270258852774423_6785411909184263946_n.jpg?_nc_cat=109&ccb=1-7&_nc_sid=5f2048&_nc_eui2=AeG3gTcIku_x1W0hzndo424w4YYOfAXDGm3hhg58BcMabbxl6w9IU8PhV9XnAH-x0i8m-TKI5ctXLrdJ-WvRMTFm&_nc_ohc=xsNVk2mzIdEQ7kNvgGxUi4h&_nc_ht=scontent.fhan20-1.fna&oh=03_Q7cD1QFicsNEVUhfgp8PxU1ISqNi_DzAeu0IH5nMR6ANA8ndKQ&oe=6680BE63,,		https://www.youtube.com/watch?v=O8vt6XtRqq8	Đạt	Duyệt		
2024-05-29	Quảng cáo	Nguyễn Thị Khánh Ly	Beat HP:  Caption: Hải Phòng không lòng vòng: Cả nhà mua ngay Mì 3 Miền đi thôi🔥 Hình: https://cloud.admicro.vn/s/g4xLrzMQ8qfHXNp?path=%2FP3			https://cloud.admicro.vn/s/g4xLrzMQ8qfHXNp?path=%2FP3	Đạt	Duyệt		
2024-05-29	Quảng cáo	Lưu Minh Quang	"""LÀM NGƯỜI YÊU ANH NHÉ BABY"" gây sốt với phiên bản TIẾNG THÁI cục cuốn  #Kapinguyen #Nhacvietloithai #Lamnguoiyeuanhnhebaby #Lamnguoiyeuanhnhebabytiengthai #Thaiversion #เป็นแฟนกันนะจ๊ะเบ้บี  #Musicvideocover"				Đạt	Duyệt		
2024-05-29	Quảng cáo	Nguyễn Thị Khánh Ly	Đến lúc thử vận may của mình rồi các bà ơiiiiiiiiiii :)))))))	https://scontent.fhan2-5.fna.fbcdn.net/v/t1.15752-9/445591117_974874160968504_1428641556392470806_n.png?_nc_cat=104&ccb=1-7&_nc_sid=5f2048&_nc_eui2=AeEGDNzEnPSnYF-7pTf5oiHUvULujX6uID69Qu6Nfq4gPoaPW1ytgn2p7vy0i3qYquf5TGcD8OOukukQ4wBIhd40&_nc_ohc=D1JtqX3GyesQ7kNvgEcsH60&_nc_ht=scontent.fhan2-5.fna&oh=03_Q7cD1QFfCuoQeLBtOGJnuI5hdW0K0PvbQ7yfhxzRe06MqZtdvw&oe=6680C2B2,,			Đạt	Duyệt		
2024-05-29	Quảng cáo	Lương Phương Thảo	beatvn  BẬN BỊU NGÀY DIỄN, NGÀY THƯỜNG HỌC CERI THU HÀ XÕA THÔI Có ai nhận ra cô nàng cá tính trong đoạn clip này là ai không?! Chính là diễn viên trẻ Ceri Thu Hà đáng yêu và sở hữu một nguồn năng lượng tươi trẻ, Dạo gần đây nổi lên trong làng điện ảnh với phim LM7, lịch trình của cô nàng luôn kín mít và tất bật. Ceri bật mí vài tips để refresh bản thân, giúp tinh thần thêm phần thư giãn, trong đó không thể không kể đến việc nuông chiều bản thân một chút, đi dạo phố, đi café chụp ảnh,.. Tậu chiếc Janus đi lượn là chuẩn khỏi bàn, dáng nhỏ xinh, tiết kiệm xăng lại còn chụp ảnh sống ảo được. Ai cũng sẽ có những việc bận bịu riêng mình, nhưng hãy luôn học cách “xả hơi” như Ceri để bản thân luôn được “chữa lành” bạn nha.   P/s: Lướt nhẹ thì thấy Yamaha Janus đang có event “Yamaha Riding Station”, trải nghiệm xe miễn phí 7 ngày cùng ưu đãi mua xe tặng điện thoại hot nữa đấy! #Yamaha #Janus #BatchatJ #Depdocdinh #Shineyourstyle  Cmt: Mn xem đăng ký online cho sự kiện Yamaha Riding Station nhé: https://yamaha-ridingstation.com.vn/  Xem thêm chi tiết CTKM mua xe Janus tặng điện thoại ở đây: https://ymhvn.com/Springpro_Mayjun24_KM   Link clip (chọn thumbnail đẹp đẹp giúp mình nhé)  https://drive.google.com/file/d/1_Q4RMnPIx72uDA4TsI7_fsm2nfBy3lUP/view?			https://yamaha-ridingstation.com.vn/	Đạt	Duyệt		
2024-05-29	Quảng cáo	Lưu Minh Quang	Cap: Bài hát quen mà nghe cực lạ			https://youtu.be/k6Ob1yRbn6Q	Đạt	Duyệt		
2024-05-29	Quảng cáo	Bùi Thị Khánh	https://drive.google.com/file/d/19uto3mcZNXOUyeNyXzlbin4oQW1_tKmG/view?usp=drive_link	https://drive.google.com/thumbnail?id=19uto3mcZNXOUyeNyXzlbin4oQW1_tKmG		https://drive.google.com/file/d/19uto3mcZNXOUyeNyXzlbin4oQW1_tKmG/view?usp=drive_link	Đạt	Duyệt		
2024-05-29	Quảng cáo	Bùi Thị Khánh	"_Xế êm giữa lòng thành phố   Sài Gòn đầu giờ sáng đông đúc hối hả tiếng còi xe, nhưng mỗi lần bước lên xế Xanh hai bánh ad lại như bắt được ""khoảng lặng"" êm ái hiếm hoi trong những giờ cao điểm.   Xe Xanh thuần điện không khói, xế xanh chuyên nghiệp tận tâm, ứng dụng Xanh dễ dàng thao tác, nhìn chung là ưng.   Giá Xanh cũng ngang các app khác nên chả tội gì mà không đi mỗi ngày để tìm chút thư giản trước giờ làm việc bạn nhỉ !?  #XanhSM #XanhNhuGio"				Đạt	Duyệt		
2024-05-29	Quảng cáo	Lưu Minh Quang	Caption:  CHỈ TRONG NHÁY MẮT, ANH EM SẼ LÀM ĐƯỢC GÌ !?  Cái gì khó thì còn lâu, chứ dễ như rinh thưởng 50K/lượt khi giới thiệu bạn bè mở tài khoản & combo quà tặng 500K cùng VietinBank iPay Mobile thì có mà phút mốt :)) một nốt nhạc là xong 😉 #VietinBank #VietinBankiPayMobile  Comment: Đăng ký VietinBank iPay Mobile luôn và ngay tại đây nhé các dân chơi: https://vietinbank.vnpay.vn/BeatVN để ko bỏ lỡ hàng loạt tính năng, tiện ích đỉnh chóp trong nháy mắt ⚡Chuyển tiền, thanh toán QR code nhanh gọn. ⚡Gửi tiết kiệm, đầu tư dễ dàng chỉ với vài thao tác. ⚡Duyệt vay/thấu chi siêu tốc trong vài phút. 🚖Di chuyển, mua sắm thỏa thích cùng VNPAY Taxi, VnShop.			https://vietinbank.vnpay.vn/BeatVN	Bách	Duyệt		
2024-05-29	Quảng cáo	Lưu Minh Quang	"BẤT NGỜ: CA KHÚC ""LÀM NGƯỜI YÊU ANH NHÉ BABY"" TỪNG ĐƯỢC 3 CHÚ BỘ ĐỘI COVER GÂY SỐT GẦN CHỤC NĂM VỀ TRƯỚC BỖNG DƯNG XUẤT HIỆN PHIÊN BẢN TIẾNG THÁI CUỐN KHÔNG KÉM GÌ BẢN VIỆT, 9X NGHE XONG CÓ HOÀI NIỆM KHÔNG?  Từng là ca khúc gây sốt được nhiều ae 9X dùng để đem đi tỏ tình thành công gần chục năm trước. Bỗng dưng ""Làm người yêu anh nhé baby"" comeback 2024 với một bản cover tiếng Thái cực mượt.   Nghe tiếng thì cứ ngỡ là một ca sĩ Thái Lan nào đó thực hiện nhưng xem MV thì nhận ra đây là anh chàng Kapi Nguyễn - một ca sĩ trẻ, cũng là chủ nhân của những ca khúc cover nhạc Việt lời Thái như Hạnh phúc mới, Răng Khôn,... Ae chấm bản cover tiếng Thái này bao nhiêu điểm?  [add MV]"				Đạt	Duyệt		
2024-05-28	Quảng cáo	Lương Phương Thảo	"Beatvn:  TOÀN LÀ CA KHÚC HOT HIT. FAN XIUMIN NGHE PHÁT BIẾT NGAY BÀI GÌ  Cộng đồng fan K-Pop Việt Nam, đặc biệt là fan của XIUMIN (EXO) vào ngày 1.6 tới đây sẽ được gặp và xem trực tiếp idol biểu diễn tại sự kiện Wonder Island - khai trương Phố đi bộ Công viên Vũ Yên.  Hoà cùng không khí háo hức khắp nơi, danh sách những bài hát biểu diễn của nam idol cũng đã được lộ diện với tuyển tập những ca khúc solo hoành tráng. Đặc biệt là siêu phẩm ""Brand New"" đã gặt hái được nhiều con số và thành tích vô cùng ấn tượng, mang tên tuổi anh phủ sóng rộng hơn với tư cách nghệ sĩ solo.  XIUMIN cùng các nghệ sĩ Việt sẽ mang tới những màn trình diễn đỉnh cao tại sự kiện khai trương Phố đi bộ Công viên Vũ Yên. Dự là Vũ Yên ngày 1.6 này đông vui lắm đây!"	https://scontent.fhan2-4.fna.fbcdn.net/v/t1.15752-9/436059560_1469364516998444_1261056523194178505_n.jpg?_nc_cat=105&ccb=1-7&_nc_sid=5f2048&_nc_eui2=AeHcb5rN9E0BxdkcaSk8Cl_WmGdPKgf8exqYZ08qB_x7GuacdQvo3_KqnFqKOwWXC22TfHuu3Kql7_5PXs0d9T3P&_nc_ohc=zzru3RXtqfQQ7kNvgFSSwZO&_nc_ht=scontent.fhan2-4.fna&oh=03_Q7cD1QEOqIN6Y3tnrrPqUUStBiP9qhk5CzLXsygb71k_U_mxsQ&oe=6680CE51,,			Đạt	Duyệt		
2024-05-28	Quảng cáo	Lương Phương Thảo	Cho vào COMMENT:  Đừng bỏ lỡ cơ hội gặp XIUNMIN cùng các nghệ sĩ Việt khác tại lễ hội Wonder Island vào: ⏰ Thời gian: 20h00 - Thứ bảy, ngày 01.06.2024 📍 Địa điểm: Phố đi bộ - Công viên Vũ Yên, Vinhomes Royal Island, Vũ Yên, Hải Phòng ✨️ Mở cửa hoàn toàn miễn phí  #Vinhomes #Vinhomesroyalisland #VuYen #ThuyNguyen #HaiPhong #phodibo	https://scontent.fhan2-5.fna.fbcdn.net/v/t1.15752-9/441235662_1460435584566944_6570702673996919986_n.jpg?_nc_cat=107&ccb=1-7&_nc_sid=5f2048&_nc_eui2=AeFjKFxi9RmwcRh8pt7UZUlT8ptCApmP-yfym0ICmY_7Jx9Wz1ycwAwd2c6uWk70psxdPdphKAzXF5jPzeDWs2cq&_nc_ohc=1JvEuGA4ooMQ7kNvgGzpNL4&_nc_ht=scontent.fhan2-5.fna&oh=03_Q7cD1QH9YjQOTE8buUM_I5hNVxyuriRdYWhy-9bq3lYUHq3MMA&oe=6680C051,,			Đạt	Duyệt		
2024-05-28	Quảng cáo	Lương Phương Thảo	"Cchn  HÉ LỘ PLAYLIST CỦA XIUMIN (EXO) SẼ TRÌNH DIỄN TẠI ĐẢO HOÀNG GIA VINHOMES ROYAL ISLAND!! CÁC FAN ĐÃ SẴN SÀNG CHƯA !!!!!  Mấy ngày gần đây, thấy bao nhiêu chị em xôn xào đón chàng vocal tài năng XIUMIN (EXO) về Việt Nam mà ai cũng bàn tán xem zai diễn gì thì nay có đáp án rồi nhé. Toàn hit đỉnh chóp, đặc biệt trong setlist còn có siêu phẩm ""Brand New"" - ca khúc nằm trong album đứng đầu bảng xếp hạng iTunes tại ít nhất 33 quốc gia và dành vị trí số 1 trên bảng xếp hạng realtime của AWA tại Nhật Bản 🤘🔥  Nhìn đã thấy phấn khích chưa chị em :3 đừng có bỏ lỡ sự kiện Wonder Island - khai trương Phố đi bộ Công viên Vũ Yên nhé ;) XIUMIN và các nghệ sĩ Việt hứa hẹn sẽ mang tới những màn trình diễn hết sức sôi động dành tặng những khán giả tới tham gia và thưởng thức âm nhạc ngày 1.6 tới đó"				Đạt	Duyệt		
2024-05-28	Quảng cáo	Bùi Thị Khánh	https://drive.google.com/file/d/1tfEbgFZFF168xY6wJIiuBLfbi67NtibF/view?usp=drive_link	https://drive.google.com/thumbnail?id=1tfEbgFZFF168xY6wJIiuBLfbi67NtibF		https://drive.google.com/file/d/1tfEbgFZFF168xY6wJIiuBLfbi67NtibF/view?usp=drive_link	Đạt	Duyệt		
2024-05-28	Quảng cáo	Bùi Thị Khánh	https://drive.google.com/file/d/1Mc0ASjGQq2iOtCXPLeXSFgism0FedzQ0/view?usp=sharing	https://drive.google.com/thumbnail?id=1Mc0ASjGQq2iOtCXPLeXSFgism0FedzQ0		https://drive.google.com/file/d/1Mc0ASjGQq2iOtCXPLeXSFgism0FedzQ0/view?usp=sharing	Đạt	Duyệt		
2024-05-28	Quảng cáo	Lương Phương Thảo	HÓNG  1. CAPTION CHI PU LIỀU ĂN NHIỀU, GÁNH TEAM VƯỢT QUA VÒNG 1 💪  Vừa đẹp vừa “chịu chơi”, chiến thần gánh team gọi tên Chi Pu 😝  Lúc chỉ vào căn phòng đó là xem mà hồi hộp theo luôn á :> May là đã thắng hihi  Đừng quên tập 2 sẽ tiếp tục phát sóng vào ngày 2/6 trên Youtube Yeah1 Show nhaa   #KENLEAGUE #Showtienty #NangHeinekenViFanDichThuc  2. COMMENT: Cùng dô coi lại tập 1 trong lúc đợi tới chủ nhật để có tập 2 nha: https://bit.ly/ShowKenLeague-Tap1  3. VISUAL	https://scontent.fhan2-5.fna.fbcdn.net/v/t1.15752-9/436570570_1134116111040811_4866590202597417357_n.jpg?_nc_cat=107&ccb=1-7&_nc_sid=5f2048&_nc_eui2=AeGGgUeiu0DbRSKwRup2w-qHSqDg3VgJJOJKoODdWAkk4q2ij2wdmU7fQKj89o1KQCPTtF6Ab2VoGK3czPNF3Bc6&_nc_ohc=M9am9Kw6vcYQ7kNvgHku6wV&_nc_ht=scontent.fhan2-5.fna&oh=03_Q7cD1QFV7cUILtpEBaImLWkO4W5QQUFeVaUyA7_nIPLxsqjzOw&oe=6680A5E7,,		https://www.youtube.com/watch?v=O8vt6XtRqq8	Đạt	Duyệt		
2024-05-28	Quảng cáo	Nguyễn Thị Khánh Ly	https://drive.google.com/drive/folders/1GpKviHJdfwJEbWmwODQN5WOwWPVykkxo			https://drive.google.com/drive/folders/1GpKviHJdfwJEbWmwODQN5WOwWPVykkxo	Đạt	Duyệt		
2024-05-28	Quảng cáo	Nguyễn Thị Khánh Ly	"Kiến:  Caption:  Fan Harry Potter đu trend tạo phiên bản mới của Fanta kiểu:   #FANTA #FANTADIENMAOMOI #VINGONKHONGDOI #NGONNHUCSNACK #ANVATUONGFANTA  Comment: Ai chưa đu trend thì lẹ làng tham gia ngay minigame “Tạo phiên bản Fanta mới của riêng bạn"" để có cơ hội nhận Headphone Sony WH-CH720N hoặc voucher mua sắm Got it trị giá 500K nha nha.   Chương trình chỉ diễn ra từ 16/05/2024 đến hết 12/06/2024. Vô chơi liền đi nè: https://fantaurl.com/MinigameVIS"			https://zalo.me/s/1091047889045030527/	Đạt	Duyệt		
2024-05-28	Quảng cáo	Nguyễn Thị Khánh Ly	BEAT:  BIẾN LỚN Ở LANDMARK 81!!  Vừa qua, cánh phóng viên giấu tên đã vô tình thấy 1 quả cầu khổng lồ rất đáng ngờ ở Landmark 81. Không phải người ngoài hành tinh hay gì, giang cư mận đã nhanh chóng bắt quả tang Diana Than Hoạt Tính đang rục rịch chuẩn bị cho sự tái xuất cực kì bùng nổ.   1 QUẢ CẦU VÔ CỰC KHỔNG LỒ với công nghệ LED hiện đại bao phủ từ trong ra ngoài lần đầu tiên xuất hiện tại Việt Nam, lóe sáng cả một quận Bình Thạnh. Ngoài ra, Diana cũng set up 1 chuyến xe buýt dạo quanh khu vực Hồ Chí Minh với giao diện cực slay. Thời gian diễn ra: 31.5 - 1.6.2024, đừng bỏ lỡ cơ hội du hành không gian đa vũ trụ để check-in “cháy máy” cùng hội chị em nhé các gái ơi!!  #Dianathanhoattinh #Khangkhuankhumui #sieucauvocuc  Comment direction:   Trang điểm và lên đồ cháy phố thôi các chị em êyy 💃💃💃  https://drive.google.com/drive/folders/1bzCsZ15Kwc7Rt84yWdfc0yp2IJw-dFSD?fbclid=IwZXh0bgNhZW0CMTAAAR04BGQvC4PRlE1YgWK2EFdcIpMyLmAQ51ZyT3IrKqRrDlF7P9UFYOdwBzA_aem_AUgPy14ppJ0BNvWxKEsgMi5GvXxEDfNIvjQuODh4af0BPVCh_IZ9DOfyJErMxD7Z6UaCvWrhS8cGjB4FHnN-Kg4N			https://drive.google.com/drive/folders/1bzCsZ15Kwc7Rt84yWdfc0yp2IJw-dFSD?fbclid=IwZXh0bgNhZW0CMTAAAR04BGQvC4PRlE1YgWK2EFdcIpMyLmAQ51ZyT3IrKqRrDlF7P9UFYOdwBzA_aem_AUgPy14ppJ0BNvWxKEsgMi5GvXxEDfNIvjQuODh4af0BPVCh_IZ9DOfyJErMxD7Z6UaCvWrhS8cGjB4FHnN-Kg4N	Đạt	Duyệt		
2024-05-28	Quảng cáo	Nguyễn Thị Khánh Ly	Cap: Toàn sao khủng đổ bộ, không đi hơi phí!! Clip: https://drive.google.com/file/d/12g6y_WYADsnOYHNkVY-8oOZgV8AUJX35/view?fbclid=IwZXh0bgNhZW0CMTAAAR2KjFBQfKS3RUmxMzRsCukTm9V0VKzcXECXlKVxtPdXxNYCrAlMU6QRKhE_aem_AUi-cIhl4UNExeN-3tJF1ca6zvJ9Rd2-Xad7TURKI9uq0IuLA-I_HsYab2QJmsAS0eVKZqV2VlBODyVJw9GM48Io	https://drive.google.com/thumbnail?id=12g6y_WYADsnOYHNkVY-8oOZgV8AUJX35		https://drive.google.com/file/d/12g6y_WYADsnOYHNkVY-8oOZgV8AUJX35/view?fbclid=IwZXh0bgNhZW0CMTAAAR2KjFBQfKS3RUmxMzRsCukTm9V0VKzcXECXlKVxtPdXxNYCrAlMU6QRKhE_aem_AUi-cIhl4UNExeN-3tJF1ca6zvJ9Rd2-Xad7TURKI9uq0IuLA-I_HsYab2QJmsAS0eVKZqV2VlBODyVJw9GM48Io	Bách	Duyệt		
2024-05-28	Quảng cáo	Bùi Thị Khánh	Caption: Quảng cáo bây giờ tin được bao nhiêu phần trăm nhỉ 🤔	https://drive.google.com/thumbnail?id=1rT4ynPKxM2R2VSgWTVL3ifrlM1QtLIE9		https://drive.google.com/file/d/1rT4ynPKxM2R2VSgWTVL3ifrlM1QtLIE9/view?usp=sharing	Bách	Duyệt		
2024-05-28	Quảng cáo	Nguyễn Thị Khánh Ly	CHUYỆN CỦA HÀ NỘI  LỊCH ĐĂNG: 19:00 ngày 29/05/2024  Caption  OMG, Finally! 🏃‍♂️💦 Đường chạy nước Water Run có mặt tại Hà Nội, ngày 20/7/2024. Gọi hội vào việc, săn vé chơi bắn nước ngay các bác ơi!  #YeaH1 #ReviveWaterRun2024  COMMENT Săn ngay FLASH SALE deal siêu tốt: 👉 http://waterrun.yeah1.vn 🔸 Cự ly 5KM - 399K (giá gốc 5̶9̶9̶,̶0̶0̶0) 🔸 Cự ly 10KM - 499K (giá gốc 69̶9̶,̶0̶0̶0) 🔸Mỗi vé bao trọn Full Racekit: Áo thun - 🔫 Súng nước -BIB -  Huy chương 🥇cực ngầu!  Hình bài đăng: https://drive.google.com/file/d/1zTOFdUzroa2Gz1dzEq7MoytTvhJLU7gB/view?usp=share_link			https://waterrun.yeah1.vn/	Đạt	Duyệt		
2024-05-28	Quảng cáo	Nguyễn Thị Khánh Ly	"Kiến:  
Caption: TIN VUI CHO CÁC BẠN KHÔNG CÒN LÀ THIẾU NHI - 1.6 vẫn có chỗ chơi! Siêu cầu khổng lồ đa vũ trụ Than Hoạt Tính đang đợi các ní tới khai quật từng góc sống ảo chất hơn nước cất.  1.6 vẫn là em bé, vẫn bê quà về là có thật! #Dianathanhoattinh #Khangkhuankhumui #sieucauvocuc  Comment: Mê lắm mấy bà ơi mấy bà sẽ được xuyên không đa vũ trụ nè he, LED trong LED ngoài rồi concept Quả cầu khổng lồ nữa, chụp ảnh lên đảm bảo nét căng, đi liền cho tôi."			https://drive.google.com/drive/folders/1J79yPVm47XkXJWGDgoQjJUO9lpN47ZaF?usp=sharing	Đạt	Duyệt		
2024-05-28	Quảng cáo	Bùi Thị Khánh	TIN VUI: NGÂN HÀNG SHB CHIẾN THẮNG “TRIPLE” GIẢI THƯỞNG QUAN TRỌNG TẠI FINANCEASIA AWARDS 2024   Trong khuôn khổ giải thưởng FinanceAsia Awards 2024, Ngân hàng SHB đã vinh dự dành chiến thắng tận 3 hạng mục giải thưởng quan trọng, được đánh giá dựa trên những tác động tích cực dành cho khách hàng, xã hội và người lao động:  - “Ngân hàng có tác động ESG tích cực nhất Việt Nam” (Biggest ESG Impact - Banks in Vietnam); - “Ngân hàng SME tốt nhất Việt Nam” (Best Commercial Bank – SME in Vietnam) - “Ngân hàng có môi trường làm việc Đa dạng, Công bằng & Hòa nhập (DEI) nhất Việt Nam” (Most DEI Progressive – Banks in Vietnam).  FinanceAsia Awards là một trong những giải thưởng danh giá bậc nhất trong lĩnh vực tài chính, được tổ chức thường niên bởi Tạp chí FinanceAsia với Hội đồng giám khảo là các chuyên gia tài chính hàng đầu tại khu vực châu Á - Thái Bình Dương. Cú “TRIPLE” Giải thưởng này là minh chứng cho hướng đi đúng đắn của SHB trong việc phát triển bền vững, xác định con người là chủ thể và trách nhiệm cộng đồng và cũng đồng thời là minh chứng cho những kết quả trên hành trình chuyển đổi.   Hạng mục Giải thưởng “Ngân hàng có môi trường làm việc Đa dạng, Công bằng & Hòa nhập (DEI) nhất Việt Nam” từ FinanceAsia chính là ghi nhận cho sự phát triển tổng hòa các yếu tố về con người, môi trường làm việc, văn hóa doanh nghiệp – điều mà SHB đã và đang tạo dựng và lan tỏa.  Kiểu này các CBNV ngân hàng SHB phải đi flex rộn ràng khắp nơi thui mới đã =)))  Top comment:  Website SHB đã flex ngập tràn tin này rồi đây: https://www.shb.com.vn/shb-chien-thang-03-giai-thuong-quan-trong-tai-financeasia-awards-2024/	https://scontent.fhan2-5.fna.fbcdn.net/v/t1.15752-9/445660800_3127907680676449_6678805946898480456_n.png?_nc_cat=106&ccb=1-7&_nc_sid=5f2048&_nc_eui2=AeEDfCDWUGxj-24XIwIUuunGPfobOIbx6ow9-hs4hvHqjD5BJ4o5_GKWCbmmyo1ZwcmhHyh33Kr2k-lwnspRW96_&_nc_ohc=ilbkYJICubAQ7kNvgFdZNDx&_nc_ht=scontent.fhan2-5.fna&oh=03_Q7cD1QF05Kf1R7O6IfYy2Qy1EkFJJx4eqbU3HvnMQ4XyYaOIXA&oe=6680A4C8,,		https://www.shb.com.vn/shb-chien-thang-03-giai-thuong-quan-trong-tai-financeasia-awards-2024/	Đạt	Duyệt		
2024-05-28	Quảng cáo	Bùi Thị Khánh	"THÁNG 6 NÀY, ĐẾN NINH BÌNH ĐỂ HOÀ VÀO ""SẮC VÀNG TAM CỐC - TRÀNG AN"" ANH EM ƠI!!   Thêm một địa điểm cho chuyến du lịch hè đậm chất truyền thống mang tên Ninh Bình nè các bác!!  Từ ngày 1/6/2024 này, Ninh Bình sẽ tổ chức Tuần Du lịch Ninh Bình với chủ đề “Sắc vàng Tam Cốc - Tràng An”, đây là sản phẩm du lịch thường niên đặc sắc của vùng đất Di sản văn hoá và thiên nhiên thế giới.   Team mê du lịch văn hoá sẽ tha hồ được hoà mình vào các hoạt động du lịch ấn tượng: Lễ Khai mạc với sự tham gia của nhiều các ca sĩ, nghệ sĩ nổi tiếng, chiêm ngưỡng bức tranh ""Mục Đồng Thổi Sáo"" cùng các nghi lễ hoành tráng như: Lễ rước 63 thuyền lễ vật của 63 tỉnh thành tạ ơn Thần Nông, lễ tế Thần Nông tại Hang Ba Tam Cốc, hội chọi Dê sôi động.  Vui chơi sao thể quên thưởng thức ẩm thực truyền thống và các triển lãm làng nghề hay ho được!! Sự kiện là dịp tôn vinh các giá trị cảnh quan tự nhiên độc đáo, văn hóa đặc sắc của đất và người Cố đô Hoa Lư, đồng thời cũng là dịp đề cao sức lao động cần cù, chịu khó của người nông dân và tình yêu thiên nhiên, đất nước trong lòng mỗi con người Việt Nam.  Tuần du lịch sẽ diễn ra từ ngày 1/6 đến ngày 8/6/2024 nên cả nhà đừng bỏ lỡ nha!!  Nguồn: Khánh Linh"	https://scontent.fhan20-1.fna.fbcdn.net/v/t1.15752-9/445366064_474832511634619_3354159255655388099_n.png?_nc_cat=109&ccb=1-7&_nc_sid=5f2048&_nc_eui2=AeEPt7y7aGw9xhEUWPAJM2AsmZsi9BCpvqOZmyL0EKm-owbS67j1OGsup21CesY8wKVAuZn1Lt0iTQaEQRCRcXxJ&_nc_ohc=ZpfHbje_CEMQ7kNvgHjvDpE&_nc_ht=scontent.fhan20-1.fna&oh=03_Q7cD1QEHrdIbdyGp8V37CS1t8n2DvfH3NqjZDWjo-tRWSS_Acw&oe=6680B2E0,,			Đạt	Duyệt		
2024-05-28	Quảng cáo	Lưu Minh Quang	https://drive.google.com/file/d/16IuD-1wDDEaMP1Fo9QMrrT0jqtyIgT3W/view?usp=drive_link	https://drive.google.com/thumbnail?id=16IuD-1wDDEaMP1Fo9QMrrT0jqtyIgT3W		https://drive.google.com/file/d/16IuD-1wDDEaMP1Fo9QMrrT0jqtyIgT3W/view?usp=drive_link	Bách	Duyệt		
2024-05-28	Quảng cáo	Bùi Thị Khánh	ANH EM MÊ GAME ƠI CÓ CÁI NÀY HAY NÀY!!  Share cho anh em gói cước chuyên để cày Game từ sáng đến trưa, từ trưa đến tối nè!!!   Gói cước GamiGo cùng ưu đãi chỉ 6k là anh em đã có ngay 1GB/ngày data tốc độ cao, tha hồ “Phá đảo” hàng loạt tựa game hoàn toàn miễn phí trên GamiGO.  Chiến chiến thêm thì có thể tham gia thi đấu để nhận quà tận 500K. Nhập “lệnh”: GG6 gửi 999 nhé các bác!!   #MobiFone #MobiGames #GamiGo	https://scontent.fhan20-1.fna.fbcdn.net/v/t1.15752-9/445589000_481545034442105_5981739594855893361_n.jpg?_nc_cat=109&ccb=1-7&_nc_sid=5f2048&_nc_eui2=AeEmQ0QWX1Wc-O6HgSbReOcbtgUkc3Ix1lm2BSRzcjHWWWf9YiDfiF0iR5tDndxiB8MOeFPBXfymoKPXx8JP68_g&_nc_ohc=gy2iFEcfnpEQ7kNvgF2ooxc&_nc_ht=scontent.fhan20-1.fna&oh=03_Q7cD1QFVcddubJ5nUEMITT4EUrkIdggkY_nC_oS9QCOrqkhQDA&oe=6680A2F3,,			Bách	Duyệt		
2024-05-28	Quảng cáo	Nguyễn Thị Khánh Ly	Caothu:  90% NGƯỜI TIÊU DÙNG SẴN SÀNG ĐÓN NHẬN XE ĐIỆN SAU 10 NĂM  Sáng đọc bản tin chuyển động thế giới để đổi gió nào anh em ơi!!  Theo nghiên cứu mới nhất từ Cox Automotive, đến năm 2033, xe điện sẽ chinh phục thành công 80% người tiêu dùng trong nhóm “hoài nghi”, khiến tỷ lệ khách hàng sẵn sàng mua xe điện tăng lên đến 90%.  Ngoài ra, thị trường cũng đang chứng kiến xu hướng gia tăng nổi bật trong tỷ lệ cân nhắc sử dụng xe điện đã qua sử dụng. Cụ thể, vào năm 2021, 62% người muốn mua xe điện cân nhắc xe cũ. Con số này hiện nay là 77%.  Các đại lý bán ô tô cũng đang đóng góp vào quá trình thúc đẩy chuyển đổi sang sử dụng xe điện, thông qua việc tăng cường hợp tác với nhà sản xuất, tăng thêm nhiều ưu đãi xe điện, bao gồm chương trình bảo dưỡng miễn phí và ngân sách quảng cáo lớn hơn.   Nước ngoài là vậy, còn ở Việt Nam thì xu hướng chuyển dịch xe điện cũng mạnh phết này!! Tầm này ra đường là thấy xe điện khắp nơi rồi. Team xe điện cứ yên tâm vì xe điện là xu hướng tương lai luôn rồi. Vận hành tiết kiệm chi phí, lại còn bảo vệ môi trường thì ngại gì mà không chuyển đổi anh em nhỉ?	https://scontent.fhan2-3.fna.fbcdn.net/v/t1.15752-9/436304721_428336110160863_54300644156738866_n.png?_nc_cat=101&ccb=1-7&_nc_sid=5f2048&_nc_eui2=AeF6GBKx9FbDR545kietk-ee-T1FQqpAfDz5PUVCqkB8PNVXxhi3NdTW2WYO_vkP1btGjYdbX-rPuiVkz9dkyK3J&_nc_ohc=sCnkw66s8F4Q7kNvgFwk83G&_nc_ht=scontent.fhan2-3.fna&oh=03_Q7cD1QHYniRHN0va_yIeiRumiPhNhpMaukEid5ij5asnKMd32w&oe=6680CADC,,			Đạt	Duyệt		
2024-05-28	Quảng cáo	Lưu Minh Quang	Caption:  CHỈ TRONG NHÁY MẮT, ANH EM SẼ LÀM ĐƯỢC GÌ !?  Cái gì khó thì còn lâu, chứ dễ như rinh thưởng 50K/lượt khi giới thiệu bạn bè mở tài khoản & combo quà tặng 500K cùng VietinBank iPay Mobile thì có mà phút mốt :)) một nốt nhạc là xong 😉 #VietinBank #VietinBankiPayMobile  Comment: Đăng ký VietinBank iPay Mobile luôn và ngay tại đây nhé các dân chơi: https://www.vietinbank.vn/ls/mobile/ để ko bỏ lỡ hàng loạt tính năng, tiện ích đỉnh chóp trong nháy mắt ⚡Chuyển tiền, thanh toán QR code nhanh gọn. ⚡Gửi tiết kiệm, đầu tư dễ dàng chỉ với vài thao tác. ⚡Duyệt vay/thấu chi siêu tốc trong vài phút. 🚖Di chuyển, mua sắm thỏa thích cùng VNPAY Taxi, VnShop.			https://www.vietinbank.vn/ls/mobile/	Đạt	Duyệt		
2024-05-27	Quảng cáo	Bùi Thị Khánh	https://drive.google.com/drive/folders/14BeyZ3WGhWzwpWICXgzu703Xwsb5KLWU?usp=sharing			https://drive.google.com/drive/folders/14BeyZ3WGhWzwpWICXgzu703Xwsb5KLWU?usp=sharing	Đạt	Duyệt		
2024-05-27	Quảng cáo	Bùi Thị Khánh	- Content: Người duy nhất sẵn sàng đưa đón bạn đến mọi nơi mọi lúc chỉ có thể là Xanh SM thôii  - Top comment: 🤙 Xanh như gió, gọi là có xế êm đưa. Lựa bộ ưu đãi LÊN TỚI 50K/chuyến tại app Xanh SM: https://xanhsm.onelink.me/3eCA/f3hct0q3			https://www.xanhsm.com/	Đạt	Duyệt		
2024-05-27	Quảng cáo	Bùi Thị Khánh	- Content: Muốn đi nhanh thì đi một mình, muốn đi vừa nhanh vừa êm thì có Xanh SM đây rồii  - Top comment: 🤙 Xanh như gió, gọi là có xế êm đưa. Lựa bộ ưu đãi LÊN TỚI 50K/chuyến tại app Xanh SM: https://xanhsm.onelink.me/3eCA/f3hct0q3			https://www.xanhsm.com/	Đạt	Duyệt		
2024-05-27	Quảng cáo	Nguyễn Thị Khánh Ly	CAPTION:Mời các thợ săn ẩm thực ghé ăn chơi nha!#CocaColaVN #Foodmarks #SuKetHopDieuKy #Foodfest  https://drive.google.com/file/d/1DLzNG6nLSHi_XgZZtgcIW3cXMq_xTpfH/view?fbclid=IwZXh0bgNhZW0CMTAAAR0uZ9F446F9eVcraAYWSS4vgq5VpHciuzWwSxDY98sEGChiolvgQrfXkkM_aem_ATyw1aNxw2VEJTOjR551TYRfaTrSeTfErCtpUd1K_XPTC_ACnvhJsHRDncpsx95-ZLSbxzcopxzg3QNFU2LrVcgp	https://drive.google.com/thumbnail?id=1DLzNG6nLSHi_XgZZtgcIW3cXMq_xTpfH		https://drive.google.com/file/d/1DLzNG6nLSHi_XgZZtgcIW3cXMq_xTpfH/view?fbclid=IwZXh0bgNhZW0CMTAAAR0uZ9F446F9eVcraAYWSS4vgq5VpHciuzWwSxDY98sEGChiolvgQrfXkkM_aem_ATyw1aNxw2VEJTOjR551TYRfaTrSeTfErCtpUd1K_XPTC_ACnvhJsHRDncpsx95-ZLSbxzcopxzg3QNFU2LrVcgp	Đạt	Duyệt		
2024-05-27	Quảng cáo	Bùi Thị Khánh	- Visual: https://drive.google.com/drive/folders/14BeyZ3WGhWzwpWICXgzu703Xwsb5KLWU?usp=sharing - Content: Cùng em băng qua bao đại dương, cùng em vượt qua bao tuyến đường - Top comment: 🤙 Xanh như gió, gọi là có xế êm đưa. Lựa bộ ưu đãi LÊN TỚI 50K/chuyến tại app Xanh SM: https://xanhsm.onelink.me/3eCA/f3hct0q3			https://drive.google.com/drive/folders/14BeyZ3WGhWzwpWICXgzu703Xwsb5KLWU?usp=sharing	Đạt	Duyệt		
2024-05-27	Quảng cáo	Lương Phương Thảo	"Kiến  https://drive.google.com/drive/u/1/folders/1kJF3yXG48b0Q366U-eDM_Sar34_bhPld  PHIM ĐIỆN ẢNH ""MÓNG VUỐT"" HÉ LỘ HẬU TRƯỜNG THỰC HIỆN KỸ XẢO  Kẻ phản diện trong bộ phim ""Móng Vuốt"" là một bác gấu hung hãn được dựng 100% bằng kỹ xảo. Để đạt được độ chân thực nhất, đội ngũ hậu kỳ đã phải dày công nghiên cứu và làm việc vô cùng tỉ mỉ.  ""Móng Vuốt"" sẽ có suất chiếu đặc biệt từ 18h ngày 05 - 06/06 và chính thức ra rạp ngày 07/06. Cùng hóng bác gấu này xuất hiện trên phim sẽ ""dữ tợn"" thế nào nhé!"			https://drive.google.com/drive/u/1/folders/1kJF3yXG48b0Q366U-eDM_Sar34_bhPld	Đạt	Duyệt		
2024-05-27	Quảng cáo	Lê Thanh Huyền	https://docs.google.com/document/d/14carCSw-DAdBQx5TM-PdQjRPv0egULgZMYglt5a7Gqk/edit?fbclid=IwZXh0bgNhZW0CMTAAAR3WtgEqhgmsfNlxp0HxA2QL6q0wsE-40G8eGY8UckjQNqsFBOkHML9ayeI_aem_ARpflwB_WUVjC0NIDTTzhwq3RmS2316bUETAhPycr5bbfgSV82fTofl5LJUutEqOEvKlO5C3tIQZ9tEK-CB3EMgh			https://docs.google.com/document/d/14carCSw-DAdBQx5TM-PdQjRPv0egULgZMYglt5a7Gqk/edit?fbclid=IwZXh0bgNhZW0CMTAAAR3WtgEqhgmsfNlxp0HxA2QL6q0wsE-40G8eGY8UckjQNqsFBOkHML9ayeI_aem_ARpflwB_WUVjC0NIDTTzhwq3RmS2316bUETAhPycr5bbfgSV82fTofl5LJUutEqOEvKlO5C3tIQZ9tEK-CB3EMgh	Đạt	Duyệt		
2024-05-27	Quảng cáo	Bùi Thị Khánh	Top những cách sở hữu 30 chiếc iPhone 16 Pro dù chưa ra mắt 👇 Top 1: Bật nắp vàng - Bắt triệu quà của Nutriboost 👌 Chỉ cần mua phiên bản giới hạn nắp vàng Nutriboost là có ngay cơ hội sở hữu iPhone 16 Pro MỖI TUẦN cùng hàng triệu quà tặng hấp dẫn khác nha cả nhà! Săn nắp vàng Nutriboost ngay để trở thành 1 trong những người đầu tiên cầm trên tay iPhone 16 Pro nè 🤩  #NUTRIBOOST #SieuMuaHeHungKhoi #BatNapVang #BatTrieuQua	https://scontent.fhan2-3.fna.fbcdn.net/v/t1.15752-9/445580355_8667580223258428_8733872842762375092_n.png?_nc_cat=108&ccb=1-7&_nc_sid=5f2048&_nc_eui2=AeHbiVin_ynTgKxL1LuyTEzwi7WAC71R6TKLtYALvVHpMlQpnT_b67VkozFEtI7WVVGQrkp8Ze2MkuXHiWG8D2Jj&_nc_ohc=TcY5o9Uh5R8Q7kNvgHyjtX_&_nc_ht=scontent.fhan2-3.fna&oh=03_Q7cD1QFqinEozukP_JVVpxNt2Ki2wj41EAm7wqpw-5MMrj99hg&oe=6680C103,,			Bách	Duyệt		
2024-05-27	Quảng cáo	Lưu Minh Quang	Cap: Lên đỉnh thôi nàooo			https://docs.google.com/spreadsheets/d/1WTdqBeXi_YhYRYDR-RoDETk6OZzjzbBM9TGfg_LOYMw/edit?usp=sharing	Đạt	Duyệt		
2024-05-27	Quảng cáo	Lưu Minh Quang	https://drive.google.com/file/d/16IuD-1wDDEaMP1Fo9QMrrT0jqtyIgT3W/view?usp=drive_link	https://drive.google.com/thumbnail?id=16IuD-1wDDEaMP1Fo9QMrrT0jqtyIgT3W		https://drive.google.com/file/d/16IuD-1wDDEaMP1Fo9QMrrT0jqtyIgT3W/view?usp=drive_link	Bách	Duyệt		
2024-05-27	Quảng cáo	Nguyễn Thị Khánh Ly	BEAT:  Tưởng giải trí vô tri zui zui tấu hề 🤡 ai dè lại nghẹt thở từng tí một với Squid Game phiên bản Việt của Ken league như thế này 😅  Sơ hở một chút là loại liền.. xem thui mà cũng hồi hộp tim đập thình thịch như đang chơi á 🥵😬  #KENLEAGUE #ShowTienTy #NangHeinekenViFanDichThuc  https://drive.google.com/file/d/1NnY2_g9lEzQXZs1FyRMsTnjaN_SaCdTv/view	https://drive.google.com/thumbnail?id=1NnY2_g9lEzQXZs1FyRMsTnjaN_SaCdTv		https://drive.google.com/file/d/1NnY2_g9lEzQXZs1FyRMsTnjaN_SaCdTv/view	Bách	Duyệt		
2024-05-27	Quảng cáo	Nguyễn Thị Khánh Ly	BEAT:  Chơi zậy ai chơi lại Cris ơi🤣 Đúng là ko thương hoa tiếc ngọc gì hết trơi 🥹 còn bà Ngọc Phước sao bà vô tri quá zậy tr :))))))  Ai chưa xem vào xem luôn và ngay nhé, cười đau ruột vì đội nàyyyyy 🤣  #KENLEAGUE #ShowTienTy #NangHeinekenViFanDichThuc  https://drive.google.com/file/d/1Eexl6J8RvV87eCO3bjE1XjnpLU5_qZsS/view	https://drive.google.com/thumbnail?id=1Eexl6J8RvV87eCO3bjE1XjnpLU5_qZsS		https://drive.google.com/file/d/1Eexl6J8RvV87eCO3bjE1XjnpLU5_qZsS/view	Bách	Duyệt		
2024-05-27	Quảng cáo	Nguyễn Thị Khánh Ly	- Cap: Thế này phải đến luôn và ngay chứ còn gì nữa - Cip: https://drive.google.com/file/d/1pkKvoDz1L7KzilgJ_BoNDSqCgoDeqgKl/view?fbclid=IwZXh0bgNhZW0CMTAAAR3jcrlBGCRdAoJ2i4Bpi3qV4-1_be__a1tLGEdixW9OgX9q55TgG6-jEmc_aem_ATyIkjF7PNuET-nfZFpkNm7-faDuTBNIJPaGh7UrwmJXYSw6WfqDOHO7bS8joCIS9oIr5eg-OZCjSynpOcxJByVR	https://drive.google.com/thumbnail?id=1pkKvoDz1L7KzilgJ_BoNDSqCgoDeqgKl		https://drive.google.com/file/d/1pkKvoDz1L7KzilgJ_BoNDSqCgoDeqgKl/view?fbclid=IwZXh0bgNhZW0CMTAAAR3jcrlBGCRdAoJ2i4Bpi3qV4-1_be__a1tLGEdixW9OgX9q55TgG6-jEmc_aem_ATyIkjF7PNuET-nfZFpkNm7-faDuTBNIJPaGh7UrwmJXYSw6WfqDOHO7bS8joCIS9oIr5eg-OZCjSynpOcxJByVR	Bách	Duyệt		
2024-05-27	Quảng cáo	Bùi Thị Khánh	*Caption:*  ĐẦU TƯ CHỨNG KHOÁN KHÔNG DỄ, NÊN HÃY BẮT ĐẦU TỪ CON SỐ NHỎ!  Ngày 27/5, MoMo chính thức ra mắt sản phẩm Chứng Khoán được cung cấp bởi Công ty Cổ phần Chứng khoán CV (viết tắt là CVS).  Như vậy, ngoài các sản phẩm tài chính - đầu tư như Tiết Kiệm Online; Túi Thần Tài, Chứng Chỉ Quỹ,... thì giờ đây người dùng có thể mở tài khoản chứng khoán hoàn toàn trực tuyến và giao dịch chứng khoán với số vốn ban đầu rất nhỏ, chỉ từ 1 cổ phiếu.   Ứng dụng công nghệ hiện đại, sản phẩm Chứng Khoán trên MoMo có thể tự động tách lệnh tròn lô cho nhà đầu tư, mua linh hoạt số lượng cổ phiếu theo nhu cầu mà không phải tự tính lô chẵn và lô lẻ hay tách lệnh.   Với sự ra mắt của Chứng Khoán, MoMo giúp người dùng làm quen với việc đầu tư từ số tiền nhỏ, ngay cả với những người dùng chưa từng có kinh nghiệm đầu tư.   Sứ mệnh của lần hợp tác là mong muốn nâng cao hiểu biết của mọi người về đầu tư nói chung và chứng khoán nói riêng, thúc đẩy sự phát triển của thị trường chứng khoán Việt Nam trong tương lai. Trên hết MoMo luôn khuyến khích người dùng hãy đầu tư một cách thông minh và có trách nhiệm.  Theo: Cafebiz	https://scontent.fhan2-3.fna.fbcdn.net/v/t1.15752-9/445556546_435188902655657_1282904305669756238_n.jpg?_nc_cat=101&ccb=1-7&_nc_sid=5f2048&_nc_eui2=AeGIBnDnRYzysxCHbhLfttRMu_g1r6mA4Te7-DWvqYDhNzwba2kahrA9w4Wv-3FtYeiuhkgZRuoTcr7hsb5Vy4Xe&_nc_ohc=j-varUKH6y4Q7kNvgHAfSSY&_nc_ht=scontent.fhan2-3.fna&oh=03_Q7cD1QH77g1oAbfALiRtAo_JP2VTqT0W8NvmCbXEEGUOmY4NKQ&oe=6680D2F8,,			Đạt	Duyệt		
2024-05-27	Quảng cáo	Nguyễn Thị Khánh Ly	LẠI NHẤT ANH EM NGHỆ AN RỒI NHÉ!!  Hè này tha hồ khoái khoái chẳng thiếu chỗ chơi!!   Khai trương VinWonders Cửa Hội - Quần thể du lịch - giải trí lớn nhất Bắc Trung Bộ, đẳng cấp quốc tế lần đầu tiên tại Nghệ An. Chỉ từ 100.000 VNĐ mà vui chơi thả ga luôn!!!   Sở hữu quy mô lên tới 34ha, nắm top 1 tổ hợp du lịch, giải trí lớn nhất Bắc Trung Bộ, đã thế còn sở hữu cáp treo vượt biển đầu tiên & duy nhất Bắc Trung Bộ với công suất 1500 khách/giờ. Đến đây là anh em tha hồ trải nghiệm 100+ trò chơi trong nhà và ngoài trời, công viên nước lớn nhất Bắc Trung Bộ với 17 đường trượt đẳng cấp, xứng tầm “siêu phẩm”, Quảng trường Ánh Sáng, đường đua Go Kart đầu tiên tại Nghệ An cùng 2.000+ Show & Minishow diễn ra hàng năm không ngừng nghỉ!!   Chào hè là va ngay vào Lễ hội Quốc tế Thiếu nhi (1/6) với ti tỉ hoạt động từ điệu nhảy mùa hè Lala Wonder cùng các Mascot sinh vật biển, tương tác cùng chú hề vui nhộn, xiếc... đến thưởng thức món quà Kem Wonder Ice-cream, Wonder Kid Camp lần đầu tiên đến Nghệ An.   Để mà liệt kê hết nữa từ xem ăn chơi thì phải đến sáng mai cũng không hết! Nên anh em đọc rồi thì hè này đến Nghệ An chớ có bỏ qua VinWonders Cửa Hội nha!!!	https://scontent.fhan2-3.fna.fbcdn.net/v/t1.15752-9/441989999_1416880162186792_2128151061374449416_n.jpg?_nc_cat=108&ccb=1-7&_nc_sid=5f2048&_nc_eui2=AeFeXbaReQ69A9ukW2df1flYFiHKEFELn_wWIcoQUQuf_OlgspaYxREeiRfK0RZf1OvrsWCE21VMCj0ZcG0ZW5Sv&_nc_ohc=lsTMhwODelIQ7kNvgHAJl0T&_nc_ht=scontent.fhan2-3.fna&oh=03_Q7cD1QERekk9cFKpQURCV_95unlNC0XDuqOG1TNPd52r401-Jg&oe=6680D77B,,			Đạt	Duyệt		
2024-05-27	Quảng cáo	Nguyễn Thị Khánh Ly	Cap:  Hè tới đây chơi thì bao giờ mới biết chán mà về? https://www.youtube.com/watch?v=P5BSlVKQsI0			https://www.youtube.com/watch?v=P5BSlVKQsI0	Bách	Duyệt		
2024-05-27	Quảng cáo	Bùi Thị Khánh	https://drive.google.com/file/d/1uOgODheA_CUtUjbYwV6afCIn3gtqTG6P/view?usp=sharing	https://drive.google.com/thumbnail?id=1uOgODheA_CUtUjbYwV6afCIn3gtqTG6P		https://drive.google.com/file/d/1uOgODheA_CUtUjbYwV6afCIn3gtqTG6P/view?usp=sharing	Đạt	Duyệt		
2024-05-27	Quảng cáo	Bùi Thị Khánh	https://drive.google.com/file/d/1GlF6SE8aK-eC2qqswuYgMVkVgT1dVR50/view?usp=sharing	https://drive.google.com/thumbnail?id=1GlF6SE8aK-eC2qqswuYgMVkVgT1dVR50		https://drive.google.com/file/d/1GlF6SE8aK-eC2qqswuYgMVkVgT1dVR50/view?usp=sharing	Đạt	Duyệt		
2024-05-27	Quảng cáo	Bùi Thị Khánh	Ơ ĐỘNG ĐẤT À! KHÔNG PHẢI ĐÓ LÀ SỰ CHUYỂN ĐỘNG CỦA ROBOT NHÀ ITEL ĐANG VANG LÊN ✋  Sáng nay, tại công viên tòa nhà Landmark được một phen náo nhiệt bởi sự xuất hiện siêu sống động, cực cool ngầu của Robot Anh Số Đỏ nhà iTel.  Cứ tưởng không thật nhưng thật không tưởng! Có anh em nào bắt được khoảnh khắc Hi5 của Robot Anh Số Đỏ chưa thì cho bảnh thấy cánh tay đi nào!!! 🙋‍♀️🙋‍♂️  Được biết, để đón mừng sinh nhật iTel 5 tuổi và tạo dấu ấn thương hiệu sau 5 năm đồng hành và phát triển, iTel đã trình làng những chiếc quảng cáo OOH cực hoành tráng.  Không chỉ dừng chân tại công viên Landmark Hồ Chí Minh, Robot Anh Số Đỏ nhà iTel sẽ còn dịch chuyển đến các địa danh nổi tiếng khác tại Việt Nam để đón chào và Hi5 cùng mọi người.  Vậy vị trí tiếp theo mà anh ấy ghé thăm sẽ là đâu đây? Cùng đón chờ những màn “hạ cánh” ấn tượng của Anh Số Đỏ và Hi5! Đập tay quẩy birthday, chung vui sinh nhật rộn ràng với iTel nhé. 🙌  #iTel #Hi5 #DapTayQuayBirthday #daptaytrungquangay #sinhnhat5tuoi    Link video: https://drive.google.com/file/d/1SIC3rrNWRQ-ev5PGVMXdryCU3HyFBd55/view	https://drive.google.com/thumbnail?id=1SIC3rrNWRQ-ev5PGVMXdryCU3HyFBd55		https://drive.google.com/file/d/1SIC3rrNWRQ-ev5PGVMXdryCU3HyFBd55/view	Bách	Duyệt		
2024-05-27	Quảng cáo	Lương Phương Thảo	Ngôi Đền Kỳ Quái 4 - Coi vừa cười xỉu vừa sợ hú hồn  Ngôi Đền Kỳ Quái chắc là cái series kinh dị - hài coi cuốn nhất của Thái Lan rồi. Dù có cùng dàn cast nhưng mỗi phần là một câu chuyện trừ ma khác nhau nên không cần coi 3 phần trước thì vẫn hiểu Ngôi Đền Kỳ Quái 4 dễ dàng. Lần này, First, Balloon cùng Noht về quê của trai đẹp Min Joon chơi và đụng độ một hồn ma có quá khứ bí ẩn.  Vẫn là bộ đôi mỏ hỗn First và Balloon với những màn tấu hài cười muốn nội thương. Đang sợ sợ mà có hai “chị” xuất hiện là cười muốn quên con ma luôn, bà ma gặp hai bà này còn đau đầu chứ nói gì khán giả. Tuy nhiên, phần này First và Balloon cũng phải chia bớt đất diễn cho “bóng miền quê” Perry và Bonus. Hai bà này mỏ hỗn không kém nên sáp lại là thành bộ tứ giải trí vô địch vũ trụ luôn.  Con ma trong phần này phải gọi hù liên tục bất kể ngày đêm. Buổi tối cũng hù, buổi sáng cũng xuất hiện, trong Chùa cũng bị nó hiện ra bóp cổ, đi lẻ cũng bị hù mà đi chung cũng bị hù. Cảm giác coi phim mà bất lực thật sự, lúc nào cũng phải chuẩn bị tinh thần con ma nó đứng sau lưng mà chả biết.  Thiệt sự là nên ra rạp xem ngay đi mọi người ơi. Coi vừa sợ vừa cười mệt nghỉ, quên luôn lối về là có thiệt. Ngôi Đền Kỳ Quái 4 chính thức ra rạp từ hôm nay luôn nha.	https://scontent.fhan2-5.fna.fbcdn.net/v/t1.15752-9/442409504_1495057288113161_4396913511266373700_n.jpg?_nc_cat=107&ccb=1-7&_nc_sid=5f2048&_nc_eui2=AeGJFXvwc51Y9OZac82uQoSAFEKzhh_DvZsUQrOGH8O9mw8Bm2ytqIsfGkKno41rbz566XZr1m_bOuYfPXGUvrvf&_nc_ohc=QYc9k8XR_A0Q7kNvgEkNY6P&_nc_ht=scontent.fhan2-5.fna&oh=03_Q7cD1QHw77ojgD1UJOTFitAXa4Ys4m7n2QH_j02Emv0z73QQnA&oe=6680DBAA,,			Bách	Duyệt		
2024-05-27	Quảng cáo	Nguyễn Thị Khánh Ly	check giúp c với: https://docs.google.com/document/d/17ixT-wp4mJzCPoKopfJAvcuAcHV462f2ic7GkxPdERc/edit?fbclid=IwZXh0bgNhZW0CMTAAAR1rjkMWbsHh93_8wkjjGe_Cvl5qsxMbezLTziCSQR-Rki7lwdJq6lguhOM_aem_AQydad-tHgi41bKUTisIRegI-VQCakTneDyN8TLa_dDHd-Mh8_oUeyaEz9Z6kkTLL-KVJg9bwMNnfVuvmMiQyF3K	https://drive.google.com/thumbnail?id=17ixT-wp4mJzCPoKopfJAvcuAcHV462f2ic7GkxPdERc		https://docs.google.com/document/d/17ixT-wp4mJzCPoKopfJAvcuAcHV462f2ic7GkxPdERc/edit?fbclid=IwZXh0bgNhZW0CMTAAAR1rjkMWbsHh93_8wkjjGe_Cvl5qsxMbezLTziCSQR-Rki7lwdJq6lguhOM_aem_AQydad-tHgi41bKUTisIRegI-VQCakTneDyN8TLa_dDHd-Mh8_oUeyaEz9Z6kkTLL-KVJg9bwMNnfVuvmMiQyF3K	Đạt	Duyệt		
2024-05-27	Quảng cáo	Nguyễn Thị Khánh Ly	BEAT VIRAL WORLD: CHOÁNG NGỢP VỚI VISUAL ĐỈNH CHÓP TẠI VINPEARL HARBOUR !! LÝ DO NÀO KHIẾN MỌI NGƯỜI ĐỨNG NGỒI KHÔNG YÊN CHỈ MUỐN TỚI ĐÂY THẬT NHANH !!?? Mấy ngày gần đây, dân cư mạng đang sốt sình sịch với chuỗi bom tấn mùa hè 2024 tại Vinpearl Harbour. Quả thật sống trên đời mấy chục mùa bánh chưng, đây là lần đầu tôi thấy trường hợp lại hoành tráng và choáng ngợp như này. Bùng nổ nhất chính là Stunt show “Rise of the Ocean Princess”, show diễn thực cảnh trên biển đầu tiên tại Việt Nam làm tất cả người xem trầm trồ, vỗ tay không ngớt. Phấn khích đến cái tầm mắt chữ A mồm chữ O không ngậm lại được thế này thì quá là đỉnh rồi. Còn nếu ai thích ăn chơi, mua sắm thì đã có phân khu Indochine đầy náo nhiệt, sôi động hoặc đường đua Go Kart với hàng loạt siêu xe đẳng cấp vip pro, lên xe cái là phóng đổ tim các ems luôn! Đặc biệt nữa dành cho ai đang cần chữa lành, tổ hợp spa và sauna tại Aquafield Nha Trang sẽ là địa điểm phải đến để các ngoan xinh yêu hưởng thụ, chữa lành từ a đến z luôn. Thề luôn, nhìn visual ở đây cũng cảm thấy chill, đầu óc thư thả như lạc vào chốn bồng lai tiên cảnh rồi ấy. Đấy, xịn xò thế này, bảo sao dân tình cứ đứng ngồi không yên chỉ muốn tới đây thật nhanh!				Bách	Duyệt		
2024-05-27	Quảng cáo	Lưu Minh Quang	https://docs.google.com/document/d/1yvzmhRFQe6btczW0jh5I2XmT0Qzu3iTDQ3dCFEJWd0U/edit?fbclid=IwZXh0bgNhZW0CMTAAAR2Wb1-dFBGJbUne8HSJzfo801TGRdPTUdGI7y-20u_ceu9n1Q7RbMQ1Yxs_aem_AQznTzRwpS5JM12EsHbQ1p5tcHzk6q4Bk0NBy4RTs7i-s8hiYh4OtpDTYurr7FtU7xzhEitE1ecgiorLQNZcU8uk	https://drive.google.com/thumbnail?id=1yvzmhRFQe6btczW0jh5I2XmT0Qzu3iTDQ3dCFEJWd0U		https://docs.google.com/document/d/1yvzmhRFQe6btczW0jh5I2XmT0Qzu3iTDQ3dCFEJWd0U/edit?fbclid=IwZXh0bgNhZW0CMTAAAR2Wb1-dFBGJbUne8HSJzfo801TGRdPTUdGI7y-20u_ceu9n1Q7RbMQ1Yxs_aem_AQznTzRwpS5JM12EsHbQ1p5tcHzk6q4Bk0NBy4RTs7i-s8hiYh4OtpDTYurr7FtU7xzhEitE1ecgiorLQNZcU8uk	Đạt	Duyệt		
2024-05-30	Giáo dục tài chính	Phạm Hoàng My	Có được rút tiền tiết kiệm trước kỳ hạn không?  Bạn có một số tiền gửi tiết kiệm kỳ hạn 12 tháng, nhưng vì việc đột xuất bạn cần rút tiền trước kỳ hạn. Liệu bạn có được rút tiền tiết kiệm trước kỳ hạn không và có được nhận tiền lãi không?  Rút trước hạn tiền gửi là trường hợp bạn rút một phần hoặc toàn bộ tiền gửi trước ngày đến hạn, ngày chi trả hoặc ngày thanh toán của khoản tiền gửi. Tổ chức tín dụng và bạn thỏa thuận việc rút trước hạn tiền gửi phù hợp với các quy định của Ngân hàng Nhà nước Việt Nam đối với từng hình thức tiền gửi cụ thể.  Theo quy định về việc áp dụng lãi suất rút trước hạn tiền gửi tại tổ chức tín dụng, khi rút tiền trước hạn, bạn vẫn được nhận tiền lãi. Lãi suất rút tiền tiết kiệm trước kỳ hạn được quy định như sau:  - Nếu bạn rút toàn bộ số tiền gửi: Lãi suất sẽ được áp dụng theo mức lãi suất tiền gửi không kỳ hạn thấp nhất mà ngân hàng đang áp dụng tại thời điểm đó. - Nếu bạn rút một phần tiền gửi: Mức lãi suất của phần tiền gửi rút trước hạn được tính giống với trường hợp bạn rút toàn bộ số tiền gửi. Còn phần tiền gửi còn lại, lãi suất được tính theo mức lãi suất đang áp dụng với tài khoản tiết kiệm như đã thỏa thuận.  #Giaoductaichinh #Kheokhonvoitien #Timhieutaichinhtranhruiro #LPBank #tietkiemrutgoclinhhoat #tietkiemhuutri #tietkiembacthang #tietkiemonline				Đạt	Duyệt		
2024-05-30	Giáo dục tài chính	Phạm Hoàng My	CÓ TIỀN ĐÂY RỒI! GỬI TIẾT KIỆM Ở ĐÂU?  Việc gửi tiết kiệm tưởng đơn giản nhưng nếu bạn không cẩn thận, cũng sẽ rất rắc rối. Trên thực tế, có không ít trường hợp bị kẻ xấu lừa mất tiền gửi tiết kiệm. Vậy gửi tiền tiết kiệm ở đâu để đảm bảo an toàn?  Các địa chỉ nhận tiền gửi hợp pháp theo quy định bao gồm: 1. Ngân hàng thương mại.  2. Ngân hàng hợp tác xã.  3. Tổ chức tài chính vi mô.  4. Quỹ tín dụng nhân dân.  5. Chi nhánh ngân hàng nước ngoài.  6. Ngân hàng Chính sách xã hội.  Ngoài ra, hiện nay, các tổ chức tín dụng đều cung cấp hình thức gửi tiết kiệm trực tuyến nhanh chóng, tiện lợi nữa bạn nhé.   #Giaoductaichinh #Kheokhonvoitien #Timhieutaichinhtranhruiro #LPBank #tietkiemrutgoclinhhoat #tietkiemhuutri #tietkiembacthang #tietkiemonline				Đạt	Duyệt		
2024-05-28	Giáo dục tài chính	Phạm Hoàng My	"https://drive.google.com/file/d/1pxBQQPhHseaCGWjdeSs4il6Bu74XBaYp/view?usp=drive_link   Chia sẻ với MC Quyền Linh khi tham gia Tiền khéo Tiền khôn, Nhật Anh Trắng cho biết nếu giành được 25 triệu đồng tiền thưởng thì vợ chồng anh sẽ ủng hộ toàn bộ số tiền đó cho quỹ ""Trái Tim Cho Em"" của VTV.  Tuy nhiên, do để thua trước anh Trần Kaly nên Nhật Anh Trắng đã bỏ ra đúng số tiền đã thua để gửi vào quỹ tặng các em nhỏ. Anh Trần Kaly cũng quyết định tặng thêm cho vợ chồng Nhật Anh Trắng 5 triệu nữa để cùng góp cho quỹ.  Cảm ơn tấm lòng của vợ chồng Nhật Anh Trắng và hai anh em Trần Kaly ❤"	https://drive.google.com/thumbnail?id=1pxBQQPhHseaCGWjdeSs4il6Bu74XBaYp		https://drive.google.com/file/d/1pxBQQPhHseaCGWjdeSs4il6Bu74XBaYp/view?usp=drive_link	Đạt	Duyệt		
2024-05-28	Giáo dục tài chính	Phạm Hoàng My	https://drive.google.com/file/d/1yyUg9Z5RINL5_RJxuZ5f8VW5zxGA8u6I  Đây là câu hỏi phủ định của Tiền khéo Tiền khôn, mọi người hãy chú ý để tránh bị nhầm giống như người chơi nhé!	https://drive.google.com/thumbnail?id=1yyUg9Z5RINL5_RJxuZ5f8VW5zxGA8u6I		https://drive.google.com/file/d/1yyUg9Z5RINL5_RJxuZ5f8VW5zxGA8u6I	Đạt	Duyệt		
2024-05-28	Giáo dục tài chính	Phạm Hoàng My	TẤT TẦN TẬT VỀ... SAO KÊ THẺ TÍN DỤNG   Sao kê thẻ tín dụng là văn bản tóm tắt quá trình bạn sử dụng thẻ tín dụng, liệt kê chi tiết các giao dịch phát sinh trong kỳ thanh toán.   Nếu đến kỳ hạn thanh toán dư nợ thẻ tín dụng mà bạn chưa thanh toán “Số tiền thanh toán tối thiểu” thì sẽ bị ngân hàng THU PHÍ CHẬM TRẢ.   Bên cạnh đó, khoản tiền chi tiêu sẽ trở thành nợ xấu trên hệ thống thông tin tín dụng (CIC). Lịch sử nợ xấu là một trong những yếu tố gây ảnh hưởng không tốt đến cơ hội vay vốn ở tất cả các ngân hàng hay tổ chức tài chính về sau.   Nếu có dấu hiệu bỏ trốn nợ, thậm chí người vay còn có thể bị truy cứu trách nhiệm hình sự về Tội lạm dụng tín nhiệm chiếm đoạt tài sản theo quy định của pháp luật, với mức phạt tối đa lên đến 20 năm tù.  #Giaoductaichinh #Kheokhonvoitien #Timhieutaichinhtranhruiro #SHB #NganHangTMCPSaiGonHaNoi	,			Đạt	Duyệt		
2024-05-31	FP - Sài Gòn nghenn	Nguyễn Thành Vĩnh	Quốc Tế Thiếu Nhi 1/6 Lúc nhỏ chỉ ước lớn lên thật nhanh, trưởng thành rồi chỉ mong được quay về lại tuổi thơ, thành những đứa trẻ vô lo vô nghĩ, vui vẻ mà sống một cuộc đời yên ả. Mong cho chúng ta, những đứa trẻ đang học cách lớn, rồi cũng sẽ đều tìm được bình yên sau giông bão Bảo Nguyễn	https://scontent.fhan20-1.fna.fbcdn.net/v/t1.15752-9/346149735_1912606479114025_3395703201110606919_n.jpg?_nc_cat=103&ccb=1-7&_nc_sid=5f2048&_nc_eui2=AeFA5lqXy81mhbwc82vbC-KFKlLUF9K25PEqUtQX0rbk8Z8WNVpfeUTV0KyUNX8KfdgaD97zfXtMT8TzDXcxaQw3&_nc_ohc=zMOVSReLTEEQ7kNvgF_12qb&_nc_ht=scontent.fhan20-1.fna&oh=03_Q7cD1QH-cBnT3pJYPxm7-sCR9pcNh8gjyHR0geRf2AwnQxM0Kg&oe=6682100C,,			Đạt	Duyệt		
2024-05-31	FP - Sài Gòn nghenn	Huy Tran	Sài Gòn hum nay lung linh quá nè! Mấy hôm nay đi có chụp đẹp được vậy hông? 😁 📷 Sài Gòn Chút Lạ, aFamily				Đạt	Duyệt		
2024-05-31	FP - Sài Gòn nghenn	Huy Tran	Sài Gòn hum nay lung linh quá nè! Mấy hôm nay đi có chụp đẹp được vậy hông? 😁	,https://scontent.fhan2-3.fna.fbcdn.net/v/t1.15752-9/441093582_1117301936228944_7962547229049750340_n.jpg?_nc_cat=101&ccb=1-7&_nc_sid=5f2048&_nc_eui2=AeFpL9ZgMGpC99iiraDRzIOBPO9168fzrgU873Xrx_OuBcBE5m6KcYhweFIoSvzQ1dE1z0hnJUx1tOim0XCUDqB-&_nc_ohc=e7XJaScCv0wQ7kNvgHONnUZ&_nc_ht=scontent.fhan2-3.fna&oh=03_Q7cD1QFcC6loykCYB8r2Mdlyl4qIEL81poxp7CSsDwCnhXgPlA&oe=6681F3CA,,https://scontent.fhan2-5.fna.fbcdn.net/v/t1.15752-9/441319533_470564758666513_4315822936456132298_n.jpg?_nc_cat=104&ccb=1-7&_nc_sid=5f2048&_nc_eui2=AeHdl3CCHQBJwOXqJpJA0Bm3c6mzcn63kytzqbNyfreTKyFNUEhfvC9V7GIyEoOduAbVYE0GKl7tJgQmOkk4paiy&_nc_ohc=fTKOr6cNlDsQ7kNvgEDCMKh&_nc_ht=scontent.fhan2-5.fna&oh=03_Q7cD1QETMKodL2wOk9ZTtHQ4lvEJSIRIVpAgLFYbDfVE36SYsg&oe=66821C88,,https://scontent.fhan2-5.fna.fbcdn.net/v/t1.15752-9/436451605_477013484967217_819005404749054307_n.jpg?_nc_cat=106&ccb=1-7&_nc_sid=5f2048&_nc_eui2=AeE7EGbocWD4VHuMwn8ptXM787sZ0ON1kzvzuxnQ43WTO0PVpGfgeeB1JoIJWPpIZW_zpid-BZzLzorgv40VwOta&_nc_ohc=3ww8a11FSlkQ7kNvgEMPkkW&_nc_ht=scontent.fhan2-5.fna&oh=03_Q7cD1QE5EPmPQ2Q_Qlh-7zfrkDyRAJ3GrTOrpkUfouk0rpFkjg&oe=66821344,,https://scontent.fhan2-5.fna.fbcdn.net/v/t1.15752-9/441077297_1914774585641990_7292239895714215394_n.jpg?_nc_cat=104&ccb=1-7&_nc_sid=5f2048&_nc_eui2=AeGqWMiyRh5UpsIeia77h2SNAwAN1rMgFCsDAA3WsyAUKybuUBPAvyvdcr2_cPtYfyz252wZYObr9rH38DrNRHW2&_nc_ohc=yc0FyYZ1hyIQ7kNvgHRDESo&_nc_ht=scontent.fhan2-5.fna&oh=03_Q7cD1QHbIUOVtTfB9WAT6jBYQRCvl7GoD_M6LTt8jOuuu5bpzg&oe=6681F792,,https://scontent.fhan2-4.fna.fbcdn.net/v/t1.15752-9/441891277_7911178545594230_2596070808813132517_n.jpg?_nc_cat=105&ccb=1-7&_nc_sid=5f2048&_nc_eui2=AeFmwyUnUOa5Uqx9PG4DdBtWv5N27fRiukm_k3bt9GK6SUTfnWAcnsOU_OOfnNshuVXeApeFnO1bgW3tO6WaA6Z0&_nc_ohc=0qNMIeyfE_0Q7kNvgF2WzPo&_nc_ht=scontent.fhan2-4.fna&oh=03_Q7cD1QHqzqtnmjP-M2rUbM3T5NnfBvQYPFJQbHuud19GvQpZAg&oe=66821207,,https://scontent.fhan2-5.fna.fbcdn.net/v/t1.15752-9/441885563_808008424312618_5777931017377560013_n.jpg?_nc_cat=107&ccb=1-7&_nc_sid=5f2048&_nc_eui2=AeFTiBwpAoYoAvG6Kzu5PK2VQvxtw3wLM7dC_G3DfAsztzc6fMEnfNe5EFl2cAm4Fxjxt5tDim5d01LLGDyGl1h0&_nc_ohc=vT5WS4_gF6QQ7kNvgFuRkq9&_nc_ht=scontent.fhan2-5.fna&oh=03_Q7cD1QGs4TS-lZuQU5u42XwvwwnHC5bSV1za_5bbklMSr4pXKw&oe=6681EC91,,https://scontent.fhan2-5.fna.fbcdn.net/v/t1.15752-9/436451605_477013484967217_819005404749054307_n.jpg?_nc_cat=106&ccb=1-7&_nc_sid=5f2048&_nc_eui2=AeE7EGbocWD4VHuMwn8ptXM787sZ0ON1kzvzuxnQ43WTO0PVpGfgeeB1JoIJWPpIZW_zpid-BZzLzorgv40VwOta&_nc_ohc=3ww8a11FSlkQ7kNvgEMPkkW&_nc_ht=scontent.fhan2-5.fna&oh=03_Q7cD1QE5EPmPQ2Q_Qlh-7zfrkDyRAJ3GrTOrpkUfouk0rpFkjg&oe=66821344,,			Đạt	Duyệt		
2024-05-31	FP - Sài Gòn nghenn	Nguyễn Hồ Thanh Thảo	Nghĩ tới cảnh 3 tiếng nữa chạy xe về là thấy nhức cái đầu gòi á :)))   (Ảnh: SÀI GÒN VI VU)	https://scontent.xx.fbcdn.net/v/t1.15752-9/441368682_960913835488196_4418662984982113904_n.jpg?stp=dst-jpg_p403x403&_nc_cat=110&ccb=1-7&_nc_sid=5f2048&_nc_eui2=AeGtmJloCWEee04ExZhTgsdP5uha9uDGgGXm6Fr24MaAZX5CIgfTtIeES7PL18yXVTrNdxRTm0TMVNmEhOsWAQ0I&_nc_ohc=bEFnFo0Rcu4Q7kNvgEx0x2d&_nc_ad=z-m&_nc_cid=0&_nc_ht=scontent.xx&oh=03_Q7cD1QHuH48K_iUUqw2OT8yBsBVsplMQRf8TDnE_wUIHr-qB5Q&oe=6682A2F1			Đạt	Duyệt		
2024-05-31	FP - Sài Gòn nghenn	Huy Tran	NHỮNG THÙNG PHÁO BÔNG ĐÃ SẴN SÀNG   Thời tiết có vẻ thuận lợi, giao thông cũng thông thoáng. Chúc cho đêm Lễ hội khai mạc thành công!  Comment: Ăn lẹ rồi ra đây ngắm pháo bông nè mấy bà	https://scontent.xx.fbcdn.net/v/t1.15752-9/445375912_395146176813695_5309243167567980884_n.jpg?stp=dst-jpg_p403x403&_nc_cat=111&ccb=1-7&_nc_sid=5f2048&_nc_eui2=AeHoEOhDRHNpGh_qsGqUg7keF7X-BZpLm_oXtf4Fmkub-p9xJxqnO5IlHjzDMeSe2ALU7Epu6kpMr0Wh7fbcWGUb&_nc_ohc=gqpzMSmfc3AQ7kNvgGvWg1K&_nc_ad=z-m&_nc_cid=0&_nc_ht=scontent.xx&oh=03_Q7cD1QHkzYerw6N8dKrSEfnRcQH-QBAAtelZxmvo0o-Fx1sc4g&oe=66827AA1			Đạt	Duyệt		
2024-05-31	FP - Sài Gòn nghenn	Huy Tran	Cho con hai ổ bánh mì heo quay chú ơi Nay lại hai ổ hả? Mà sao tối rồi con hổng ăn cơm? Dạ con mới đi làm về. Mệt quá nên tính ăn đại gì thôi chú Trời ơi không được như vậy. Để chú cho thêm thịt nha. Hôm sau ủng hộ chú buổi sáng thôi con nghenn  Sài Gòn là vậy đó, nhiều người chỉ mới gặp, mà ta có thể thành người thân của nhau từ lúc nào…	https://scontent.xx.fbcdn.net/v/t1.15752-9/440968188_443925031602650_1058001390249075530_n.jpg?stp=dst-jpg_p320x320&_nc_cat=110&ccb=1-7&_nc_sid=5f2048&_nc_eui2=AeEqeSyosGQ39hr4N-CE6J4qhQSb2F99lYiFBJvYX32ViK9TX5dD5eN6rnNIaCZjyDcFwAa3tW4928vJRc7DiNmd&_nc_ohc=cge20PS9opYQ7kNvgGSDblN&_nc_ad=z-m&_nc_cid=0&_nc_ht=scontent.xx&oh=03_Q7cD1QGz6D3tw4iCkKAWdjfPLOhSYNIeluOq0W1eBeR4Of3lKg&oe=66827DE7			Đạt	Duyệt		
2024-05-31	FP - Sài Gòn nghenn	Đỗ Tiểu Quyên	‼NGAY LÚC NÀY TẠI BẾN BẠCH ĐẰNG  Thì ra đây Lễ hội sông nước bản demo	https://scontent.xx.fbcdn.net/v/t1.15752-9/444788924_991109439061651_3337559612112220861_n.jpg?stp=dst-jpg_s403x403&_nc_cat=111&ccb=1-7&_nc_sid=5f2048&_nc_eui2=AeH8r6Il2FNQu58Jmv23JhwrO5vvhf8tAo87m--F_y0Cj8MikXo3i4V4oNJszd-vnpXM_qDVngj7Eyx65cY8Jp-Z&_nc_ohc=YG1sXStcig4Q7kNvgGDPr4d&_nc_ad=z-m&_nc_cid=0&_nc_ht=scontent.xx&oh=03_Q7cD1QGf2LmRhdZUFFVDaTAJGawThMekJF2H8TUsrQ6O-ZTpmg&oe=668272C8			Bách	Duyệt		
2024-05-31	FP - Sài Gòn nghenn	Nguyễn Hồ Thanh Thảo	Nhắc nhở thân thiện: Không xài tiền mặt thì điện thoại nhớ lúc nào cũng phải có mạng 👌				Đạt	Duyệt		
2024-05-31	FP - Sài Gòn nghenn	Nguyễn Hồ Thanh Thảo	- Ê sao vá xe lấy “gẻ” vậy, rồi chừng nào mới “dào”?  - Giàu chi mày? Đủ ăn cho khoẻ. M thấy toàn sinh viên, xe ôm là sửa thường thôi. Lấy của họ đâu có vui gì.  Vậy đó, người Sài Gòn hào sảng nó vậy đó!   (Chia sẻ từ Nguyễn Lê Phú Quý)	https://scontent.xx.fbcdn.net/v/t1.15752-9/441298749_3633712506942766_5711349988189941113_n.jpg?stp=dst-jpg_p320x320&_nc_cat=104&ccb=1-7&_nc_sid=5f2048&_nc_eui2=AeFpdPY20LqWR1u8KjdELiQUMrgIyuKrzFkyuAjK4qvMWSsrySgXSw2edYSzYI1Ifq0BDT_h3ReWdcws6ofB_9Pb&_nc_ohc=QGLkNmy2IakQ7kNvgEaHo28&_nc_ad=z-m&_nc_cid=0&_nc_ht=scontent.xx&oh=03_Q7cD1QE0kPkxV0DzvLW5QP0TyQejzT_4Jl_0y2lR0Eh06ko1qQ&oe=66829AC5			Đạt	Duyệt		
2024-05-31	FP - Sài Gòn nghenn	Nguyễn Hồ Thanh Thảo	Chiếc áo này có tiền không cũng không mua được. Nó được đánh đổi kiên trì, cố gắng, nghị lực và mồ hôi của cha mẹ.  Hãy dùng hành trang này thật tốt nhé ❤				Đạt	Duyệt		
2024-05-31	FP - Sài Gòn nghenn	Nguyễn Thành Vĩnh	Sếp ơi từ từ 🥹🥹	https://scontent.xx.fbcdn.net/v/t1.15752-9/441101443_8006892132677895_2382556088181564619_n.jpg?stp=dst-jpg_p403x403&_nc_cat=103&ccb=1-7&_nc_sid=5f2048&_nc_eui2=AeEl6cFt9oTojUCQOLlkYbY4lqgyMlguQ7GWqDIyWC5Dsd_XKstAii6X-TEV2iBiV0P3IafBB2QveaZ2hr5GJN1t&_nc_ohc=kRlrobYU0PIQ7kNvgHQcu11&_nc_ad=z-m&_nc_cid=0&_nc_ht=scontent.xx&oh=03_Q7cD1QEmNu5GgjiTu2Qcmbz8kJEx_XBzr1op_079ppUK7qLCtw&oe=6682A7E3			Bách	Duyệt		
2024-05-31	FP - Sài Gòn nghenn	Nguyễn Thành Vĩnh	SÀI GÒN, CHẠY MƯA…  Đôi lúc chúng ta nghĩ rằng, thất tình hay cô đơn trong những ngày mưa, có lẽ là điều buồn lắm rồi, nhưng chắc là chẳng phải.  Những ngày Sài Gòn đổ mưa, chắc có lẽ những ai còn phải tất bật mưu sinh, chạy ăn từng bữa là buồn nhất. Những mảnh đời lang thang, không có nổi một cái áo mưa lành lặn, hay một chỗ trú yên bình. Nỗi lo tối nay ăn gì, hay làm gì để sống chực chờ ngay giữa những cơn mưa xối xả.   Ngày mưa thế này, mấy cô bán hàng rong chắc buồn lắm, mấy chú bán vé số cũng chẳng vui, hay mấy mảnh đời lang thang lại bơ vơ tìm chỗ trú.    Những ngày mưa thế này, cũng chợt thấy thương Sài Gòn ghê.	https://scontent.xx.fbcdn.net/v/t1.15752-9/441048785_7725064650883633_187267413889735989_n.jpg?stp=dst-jpg_p403x403&_nc_cat=109&ccb=1-7&_nc_sid=5f2048&_nc_eui2=AeGCyfm0ZInLUO0RvwDWew-Xxm-GxwSI2ybGb4bHBIjbJpzLCmdBSgVG9ILoS0NIF2Ad5UkCnr3DNRfDdZsbiipr&_nc_ohc=S4vrO411-hsQ7kNvgGA-I6t&_nc_ad=z-m&_nc_cid=0&_nc_ht=scontent.xx&oh=03_Q7cD1QG90YTVmBWAC8zWT1gmtYa0NFIGyuAlFpLRZkvJ2f06nw&oe=66829D1C			Đạt	Duyệt		
2024-05-31	FP - Sài Gòn nghenn	Nguyễn Thành Vĩnh	Post này để 2k6 flex ảnh kỷ yếu 😉				Đạt	Duyệt		
2024-05-31	FP - Sài Gòn nghenn	Nguyễn Thành Vĩnh	"Sài Gòn dễ sống, bởi mảnh đất này có khó khăn với ai bao giờ?  Sài Gòn hay bán thiếu, dù khách lạ hay quen. Bên cạnh câu dạ, cảm ơn như cửa miệng, cho thiếu cũng là một nét văn hóa rất Sài Gòn. Người ta thường nói: Cho thiếu đó, mai trả, chẳng quan trọng cái “mai mốt” đó là thời gian nào, là có hay không.   Mới sáng ra, không đủ tiền thối chú ơi! Thôi, để mai mốt ghé trả cũng được!"".  Cầm đi em, mai gửi lại chị cũng được, ngày nào mày chả qua đây.  Thôi, có dĩa cơm tấm, mai mốt ghé đưa sau, nhằm nhò gì!”  Chắc bởi vì người ta thiệt tình, nên những vị khách được cho thiếu thường quay trở lại, rồi dần già thành khách quen. Mà có quỵt cũng chẳng sao, bởi ở Sài Gòn, đâu ai giàu được nghèo đi bởi 1 ly cafe, bó rau hay tô hủ tiếu.  Sài Gòn vốn thế, có nhiều thứ thấy mà thương ghê"	https://scontent.fhan20-1.fna.fbcdn.net/v/t1.15752-9/441048790_1498422654415045_2026240461645418376_n.jpg?_nc_cat=102&ccb=1-7&_nc_sid=5f2048&_nc_eui2=AeEo64IbeNfIkQxqL5qPE8hc3plElB8wtjvemUSUHzC2O_-TkX8TkMNRKYzNd_Btl1ip9qHeGB44MBFXOCLqccvY&_nc_ohc=hbjH-S2o3-gQ7kNvgG5IFo3&_nc_ht=scontent.fhan20-1.fna&oh=03_Q7cD1QEX75mHFNQFmr4xjrB31V2P4OKIgPOQsgnpV0LVkQOJRA&oe=6680BCFF,,			Đạt	Duyệt		
2024-05-31	FP - Sài Gòn nghenn	Huy Tran	Cứ đi theo tui chỉ là khỏi bị hét giá gửi xe nhaa hehe —-------  *Điểm bờ sông Sài Gòn (Q1) hướng nhìn sang tp.biển Thủ Đức* Hầm xe Bitexco (Hồ Tùng mậu - Ngô Đức Kế);  Vincom Center Đồng Khởi - lấy trước 22h (45 Lý Tự Trọng, Q1);  TTTM Parson - lấy trước 22h (39 Lê Thánh Tôn, Q1);  Cao đẳng Kỹ thuật Cao Thắng (góc Hàm Nghi - Pasteur);  Bệnh viện Đa khoa Sài Gòn (số 123 Lê Lợi, Q1);  Bảo tàng Tôn Đức Thắng (số 5 Tôn Đức Thắng, P.Bến Nghé, Q1) khoảng 10k/ chiếc xe máy, hoặc trên Tôn Thất Thiệp (đoạn góc giao với Nguyễn Huệ), ngày thường là 15k/ chiếc, đi coi pháo thì tui hông chắc he, nhớ hỏi trước kẻo bị hét giá á.  —-------  *Hướng từ TP biển Thủ Đức nhìn qua Quận 1* Công viên Bờ sông Sài Gòn và cánh đồng hoa hướng dương: (có quảng trường rộng rãi, không sợ chen chúc, view siêu ảo), => Cầu Ba Son → quẹo phải Tố Hữu → quẹo phải lần nữa vào R12 → đi thẳng thấy cổng vào bãi gửi xe bên tay trái. —-------  *Ở điểm bắn Landmark 81* Quá đơn giản, mấy bà chạy thẳng dô hầm tòa nhà dùm tui, có 4k một chiếc xe máy à. Xong mua bánh nước ra công viên mà ngồi nhá.  Chúc mấy ông bà đi chơi dui dẻ 🙆‍♀️, có tư liệu hiếm gì gửi cho tụi tui xin nghenn. Mãi keooo   | Wee	https://scontent.fhan2-5.fna.fbcdn.net/v/t1.15752-9/436752980_1173206854105134_7947600716821252733_n.png?_nc_cat=104&ccb=1-7&_nc_sid=5f2048&_nc_eui2=AeHtm211zOLuaiXtCqq0QOpIltt0SpPR_YeW23RKk9H9h22xygzaQ6bvxqO0zto5itxoQIjy97sJskUi028ITJwB&_nc_ohc=3zr1LNl24lEQ7kNvgEes-yN&_nc_ht=scontent.fhan2-5.fna&oh=03_Q7cD1QFh-p8Q7gzpPc7snlI2pxVXk3V9NGUNrVpotnOZX5OGMA&oe=6680D55B,,			Đạt	Duyệt		
2024-05-31	FP - Sài Gòn nghenn	Nguyễn Thành Vĩnh	🥖+☕= 🚽🥹				Bách	Duyệt		
2024-05-30	FP - Sài Gòn nghenn	Nguyễn Hồ Thanh Thảo	Nếu có bạn là người Đắk Lắk hãy giữ nó thật chặt nhé. Vì vô mùa sầu riêng gòiiiiiiiii				Đạt	Duyệt		
2024-05-30	FP - Sài Gòn nghenn	Nguyễn Hồ Thanh Thảo	Sợ nước mà vô trường này có ra được không ta? :(	https://scontent.fhan2-5.fna.fbcdn.net/v/t1.15752-9/445386539_832329152278807_2044117633538364959_n.png?_nc_cat=106&ccb=1-7&_nc_sid=5f2048&_nc_eui2=AeEWsqT3sN6FLQV1chz29C8vprZraaIPA-amtmtpog8D5txSK79cB2DbswgcFHhQL_gmnF-lEvkSm5P6kHN4uGea&_nc_ohc=XZWkocECXy4Q7kNvgGzyJPJ&_nc_ht=scontent.fhan2-5.fna&oh=03_Q7cD1QFJSuSeISuHg1PZF8GaCxmG0yzOee3JEESe3zQpNVpaaw&oe=6680B620,,			Đạt	Duyệt		
2024-05-30	FP - Sài Gòn nghenn	Huy Tran	Bà già ơi, hong có bồ thì bà chở tui đi coi pháo bông được hok?   TP.HCM sẽ bắn pháo bông khai mạc Lễ hội sông nước lần 2 vào tối ngày 31/05. Ba điểm tầm thấp bao gồm: Điểm 1 tại bờ sông Sài Gòn, sẽ bắt đầu vào lúc 21h30,  Điểm 2 tại khu vực cầu cảng Ba Son vào lúc 21h40, Điểm 3 sẽ bắn tại bờ sông Landmark 81 vào lúc 21h55.  Gòi đã ha, đợi mai tui lên danh sách chỗ gửi xe cho mấy ông bà tiện tham khảo lun 😁  Theo Thanh niên	https://scontent.fhan2-5.fna.fbcdn.net/v/t1.15752-9/441089956_377781751432829_1974541297937329648_n.png?_nc_cat=106&ccb=1-7&_nc_sid=5f2048&_nc_eui2=AeGQR9UbRrpeC0L4AVSAn2rkXNL27mpgS-tc0vbuamBL69J7Vp2bRYwbviR_zHYqWeXunMo7bx8i-viX6TfxAePp&_nc_ohc=3kswRwoOi5UQ7kNvgG-Z3zM&_nc_ht=scontent.fhan2-5.fna&oh=03_Q7cD1QEGgulUk57zeQ2en0X4rvQLDyd7iK-XJgaDbPopjVmarw&oe=6680C298,,			Bách	Duyệt		
2024-05-30	FP - Sài Gòn nghenn	Huy Tran	GẤP: NHỜ CỘNG ĐỒNG LAN TỎA TÌM KIẾM BÉ GÁI LỚP 5 Ở HÓC MÔN!  Bé Nguyễn Thị Hải Linh học lớp 5, trường Tiểu học Tam Đông, xã Tam Thới Môn, H. Hóc Môn rời nhà đi học từ sáng Chủ nhật (26/5) nhưng không tới lớp. Từ đó tới nay gia đình vẫn mất liên lạc với bé.  Bé Linh cao khoảng 1m5, nước da đen, tóc dài, khi đi mặc áo thun trắng và quần lửng màu trắng hồng.  Liên hệ cô Thúy sđt 0973941429  Mong cộng đồng cùng lan tỏa giúp bé và người thân mau đoàn tụ.	https://scontent.fhan2-5.fna.fbcdn.net/v/t1.15752-9/441873139_1111942246567665_1336319146172525255_n.jpg?_nc_cat=107&ccb=1-7&_nc_sid=5f2048&_nc_eui2=AeHZoSAYfl8nOYrGzlOtdh58lrPf7reWqTSWs9_ut5apNB4UieBNlvUx9pZImkW8eKLgeVTCG13cJBraiOKE7Zu8&_nc_ohc=m6OPwkjTMEgQ7kNvgGxvQ2J&_nc_ht=scontent.fhan2-5.fna&oh=03_Q7cD1QFE1kVM2KHlcBiDE_RRNUPmoBjWjFQAE0Un9JVW0RM_8Q&oe=6680D93D,,			Đạt	Duyệt		
2024-05-30	FP - Sài Gòn nghenn	Huy Tran	Thấy cũng ngầu mà tak?	https://scontent.fhan2-4.fna.fbcdn.net/v/t1.15752-9/441097305_2065933563778353_3978305597959239275_n.png?_nc_cat=100&ccb=1-7&_nc_sid=5f2048&_nc_eui2=AeGBwzLJyHs8BzqGf8fvjH_Xanab6AgPQwpqdpvoCA9DCmHBUfgA-SuoTdA0Xo0iHqSYS6klNiTdPMDRI2Ki-YcO&_nc_ohc=JcB6eq1sqNUQ7kNvgGSKIlG&_nc_ht=scontent.fhan2-4.fna&oh=03_Q7cD1QGtws5W9Eh1bUc9-ZSgJ_280wzar8a0cOx-3kYDHNrCoQ&oe=6680CA8A,,			Đạt	Duyệt		
2024-05-30	FP - Sài Gòn nghenn	Nguyễn Thành Vĩnh	Ngồi nghe tiếng mưa đã biết trước được kết quả 🥹	https://scontent.fhan2-4.fna.fbcdn.net/v/t1.15752-9/441963801_473602275322951_351615082369804581_n.jpg?_nc_cat=105&ccb=1-7&_nc_sid=5f2048&_nc_eui2=AeGBHAn8vPv0cZT0qXXLMNw3HGdGkpgH2lkcZ0aSmAfaWcVBlben0Hv5V109xWG19NhLPNWWruJJWQT5R97YxWwK&_nc_ohc=hK6ks8Yv11oQ7kNvgGvlcZa&_nc_ht=scontent.fhan2-4.fna&oh=03_Q7cD1QF1BxlSLU4ZeJj7tUdrl5pzp9_SBsAbWnI45uPiVvV35A&oe=6680CF7F,,			Bách	Duyệt		
2024-05-30	FP - Sài Gòn nghenn	Nguyễn Thành Vĩnh	Xin mời cập nhật tình hình bơi lội các quận đi ạ 😉🏊‍♀️				Đạt	Duyệt		
2024-05-30	FP - Sài Gòn nghenn	Nguyễn Thành Vĩnh	Thấy xe phát là chạy nhạc trong đầu luôn	https://scontent.fhan2-3.fna.fbcdn.net/v/t1.15752-9/441998686_1691418098061409_9014679191613868490_n.jpg?_nc_cat=111&ccb=1-7&_nc_sid=5f2048&_nc_eui2=AeGyMwGlM9Wa08tKWr00q7DXo5O_r2Vkdqujk7-vZWR2q3oacWFXDiXAbuydpEPoDKN4legq-v0fB_3QDAS10Xz_&_nc_ohc=xW5qssVSAw0Q7kNvgEYlclt&_nc_ht=scontent.fhan2-3.fna&oh=03_Q7cD1QELiOcZ8kPFrHGxKixcE0L0o1RaHOHAqLl1vg_kXhlpcA&oe=6680D5C6,,			Bách	Duyệt		
2024-05-30	FP - Sài Gòn nghenn	Nguyễn Hồ Thanh Thảo	F4 tứ đại thiên vương💪 - Ảnh: Quốc Sự				Đạt	Duyệt		
2024-05-30	FP - Sài Gòn nghenn	Nguyễn Hồ Thanh Thảo		https://scontent.fhan2-4.fna.fbcdn.net/v/t1.15752-9/441990956_961605072303246_4628663972534175919_n.jpg?_nc_cat=105&ccb=1-7&_nc_sid=5f2048&_nc_eui2=AeFonJxcTn0QKESHtEjCspZDXOID7Q6egBFc4gPtDp6AEdxAd6uKWQIfEGCzaAD3HNU0y7_oubVLyWF3ut6sJ4NF&_nc_ohc=0En2vfZ80i8Q7kNvgHUn5w_&_nc_ht=scontent.fhan2-4.fna&oh=03_Q7cD1QHTr3X6I7mnoTKTjL2lgmd56Mbjpa_rap9JiJ5NAExHmQ&oe=6680DC3D,,https://scontent.fhan2-4.fna.fbcdn.net/v/t1.15752-9/441513692_744886681187370_8857619965598160646_n.jpg?_nc_cat=100&ccb=1-7&_nc_sid=5f2048&_nc_eui2=AeFYW6ugvTBpqSM-TODD9b-VYnMUC90fw-VicxQL3R_D5V9YjVMulAYBggtWofyj9NZLUqgJylV7NXRpDYoihvTS&_nc_ohc=O4ioqtqB72EQ7kNvgHHPk10&_nc_ht=scontent.fhan2-4.fna&oh=03_Q7cD1QEUjtgMlj9L2c5zf7akayjQ7h2liPjVtG5Np5RXIs8VsA&oe=6680DD9D,,https://scontent.fhan2-5.fna.fbcdn.net/v/t1.15752-9/441423038_3754259191563603_8690579624736166544_n.jpg?_nc_cat=107&ccb=1-7&_nc_sid=5f2048&_nc_eui2=AeGJYXmcuZ1C6YIO1iv2jj0JL1ik6WFtYUgvWKTpYW1hSHS3KfnpyWI1Nseh3Nt9ZqbdRXvKn3UD7ek3w0jXHQqL&_nc_ohc=0wr1dOXpSF0Q7kNvgGON3F9&_nc_ht=scontent.fhan2-5.fna&oh=03_Q7cD1QEAxmWA0Q74pF-bIeUYcmxYYIUpIAJgnVil3NjeZWCfdw&oe=6680AAC4,,https://scontent.fhan20-1.fna.fbcdn.net/v/t1.15752-9/441513687_1019230779718882_2862811715946420703_n.jpg?_nc_cat=102&ccb=1-7&_nc_sid=5f2048&_nc_eui2=AeGwp4sHzS7qe-y2wpcX8-V6F3tzHlhSZJ8Xe3MeWFJkn55VxBKGtGON4wO6aQ7A8OH3cTxqEFZdrYtwnT3giTw9&_nc_ohc=dC8xRMPxEXUQ7kNvgHSGepq&_nc_ht=scontent.fhan20-1.fna&oh=03_Q7cD1QFZrhKPut5bBVRQn8dSNjdkjsa3qfoym7Anim2B-2bBNQ&oe=6680C428,,			Đạt	Duyệt		
2024-05-30	FP - Sài Gòn nghenn	Nguyễn Thành Vĩnh	BẤT AN NHỮNG CHIẾC HỘP NGỦ THIẾU AN TOÀN Ở TP HCM   Mỗi ngày, 20 người sống cùng nhau trong cảnh chen chúc, tù túng với một cửa ra vào duy nhất thông qua lối đi chung hẹp chỉ vừa đủ 1 người. Trong không gian chật hẹp này, khu vực nấu ăn lại chiếm diện tích lớn và nằm sát với các hộp ngủ. Hai bếp gas, tủ lạnh, nồi cơm điện, ấm đun siêu tốc… được cắm vào các ổ điện nằm san sát nhau. Các đường dây điện, đường ống máy lạnh chắp vá, nối chằng chịt để đưa đến các phòng. Hệ thống điện được chia nhỏ thành khoảng 20 ổ điện, kéo đến 20 hộp ngủ và hàng chục ổ cắm rải rác với rất nhiều thiết bị điện cùng sử dụng một lúc với công suất cao Điểm khiến nhiều người chọn loại hình hộp ngủ này là tại vì chi phí thuê rẻ, nhưng cũng tiềm ẩn rất nhiều nguy hiểm, gần đây rất nhiều vụ cháy xảy ra, và mô hình hộp ngủ với nhiều thiết bị dễ cháy và chật hẹp này thực sự rất nguy hiểm.  Theo Thanh Niên	https://scontent.fhan2-3.fna.fbcdn.net/v/t1.15752-9/441068670_2844215345734226_7239004012259188012_n.jpg?_nc_cat=108&ccb=1-7&_nc_sid=5f2048&_nc_eui2=AeEO4ZJ_WAqOMWm3D0j2lMBXusUrmqLpUtS6xSuaoulS1JltyLJ03ZMGTmZQ1OmejqnEBzQo94YvtI5S8zLSfI0q&_nc_ohc=cnOP4wKp2qEQ7kNvgH0VxpA&_nc_ht=scontent.fhan2-3.fna&oh=03_Q7cD1QGTOuhIn37t3nmpb_viRASzTYI2kwfwJY2xdWdko5ZfAA&oe=6680DDAE,,https://scontent.fhan2-3.fna.fbcdn.net/v/t1.15752-9/441055004_768136022072319_3184046221361731709_n.jpg?stp=dst-jpg_s2048x2048&_nc_cat=111&ccb=1-7&_nc_sid=5f2048&_nc_eui2=AeERNFGioWSNk6Te0h65nSNZKpPdI1Sull0qk90jVK6WXW_ww7Gj__Ega2R3KFKV2WQNAmX6lmH0x2hSTyQqBSyC&_nc_ohc=L6qH-SCV4rYQ7kNvgH82ItQ&_nc_ht=scontent.fhan2-3.fna&oh=03_Q7cD1QGEUMPLTRgMQlP2qpYtTKT5Y2Cdav1UQdBhmlhMX9amWg&oe=6680D48A,,https://scontent.fhan20-1.fna.fbcdn.net/v/t1.15752-9/436284409_975203530512814_5648313802542351841_n.jpg?stp=dst-jpg_s2048x2048&_nc_cat=109&ccb=1-7&_nc_sid=5f2048&_nc_eui2=AeFkKExy0tTaJAqH0qP8g3pYe7Y0WooUxqN7tjRaihTGo7PQClWtsonFu1lf7XhyHv2bVkw0YK9PfUBawGuEvqCw&_nc_ohc=kjnIDanpXa4Q7kNvgFWim93&_nc_ht=scontent.fhan20-1.fna&oh=03_Q7cD1QETPlQy0_gxZ1VIHpipk2496v7NzjfQPTWIzJu0-cFeYg&oe=6680C782,,https://scontent.fhan20-1.fna.fbcdn.net/v/t1.15752-9/441619811_3354525521512397_2034498693846870791_n.jpg?stp=dst-jpg_s2048x2048&_nc_cat=103&ccb=1-7&_nc_sid=5f2048&_nc_eui2=AeH4c60k1fclGMzbfhh9OXDTKQDjVmuWmRspAONWa5aZG4pBPXSjAqMlCjeryHxTc5j-NvE3uP2iyTtTkU2t0lw9&_nc_ohc=t_RQC3dwPvEQ7kNvgGS0B5Y&_nc_ht=scontent.fhan20-1.fna&oh=03_Q7cD1QHR2cjcvWAFwq7DTMSxj4HQPFU77ZDXmERrw8e2-qwXlA&oe=6680DE70,,https://scontent.fhan2-4.fna.fbcdn.net/v/t1.15752-9/442017282_1021041649556056_6953604152187072221_n.jpg?stp=dst-jpg_s2048x2048&_nc_cat=100&ccb=1-7&_nc_sid=5f2048&_nc_eui2=AeHuSdEgd9qsSRnfpRoI_1i_tn3a8vr2DeO2fdry-vYN4_Nx9Ohic2IEQGj9cOfenxQ7gh7uruo3UHaJOUjQhc4n&_nc_ohc=4XVs8n66Nc4Q7kNvgErShSy&_nc_ht=scontent.fhan2-4.fna&oh=03_Q7cD1QGse1qNUNrUUtOACW3K8EHrnRmV43tSHgkTNS-PvM9pgQ&oe=6680BDE6,,		https://thanhnien.vn/bat-an-hop-ngu-o-tphcm-nguoi-dan-cau-cuu-bat-thanh-185240527195951888.htm	Đạt	Duyệt		
2024-05-30	FP - Sài Gòn nghenn	Huy Tran	Comment 1:   Sở Giao thông vận tải TP.HCM thông báo điều chỉnh giao thông hàng loạt tuyến đường khu vực trung tâm để tổ chức Lễ hội sông nước TP.HCM lần thứ 2:  Kể từ 19h đến 22h ngày 31-5, TP.HCM sẽ cấm xe đi vào một phần các tuyến đường: Lê Lợi, Nguyễn Huệ, Đồng Khởi, Tôn Đức Thắng, Võ Văn Kiệt (đoạn từ Hồ Tùng Mậu đến Tôn Đức Thắng); Võ Văn Năm, Nguyễn Tất Thành, Hàm Nghi, Hải Triều, Nguyễn Thiệp, Huỳnh Thúc Kháng, Tôn Thất Thiệp, Ngô Đức Kế, Mạc Thị Bưởi.  Theo Tuổi Trẻ  Comment 2:   Lộ trình thay thế cho người dân tham khảo:  Hướng Bình Thạnh đi quận 4: Nguyễn Hữu Cảnh - Tôn Đức Thắng - Nguyễn Du - Chu Mạnh Trinh - Lê Thánh Tôn - Phạm Hồng Thái - Nguyễn Thị Nghĩa - Nguyễn Thái Học - cầu Ông Lãnh - Hoàng Diệu - Nguyễn Tất Thành (quận 4).  Hướng quận 4 đi Bình Thạnh: Nguyễn Tất Thành (quận 4) - Hoàng Diệu - cầu Ông Lãnh - Nguyễn Thái Học - Nguyễn Thị Nghĩa - Cách Mạng Tháng Tám - Nguyễn Thị Minh Khai - Xô Viết Nghệ Tĩnh (quận Bình Thạnh).  Hướng TP Thủ Đức đi quận 5: Võ Nguyên Giáp (TP Thủ Đức) - Điện Biên Phủ - Đinh Tiên Hoàng - Võ Thị Sáu - Ba Tháng Hai - Lê Hồng Phong (quận 5).  Hướng TP Thủ Đức đi quận 5: Võ Nguyên Giáp (TP Thủ Đức) - Điện Biên Phủ - Đinh Tiên Hoàng - Võ Thị Sáu - Ba Tháng Hai - Lê Hồng Phong (quận 5).  Người dân lưu ý hạn chế đi vào đường Nguyễn Tất Thành (đoạn từ cầu Tân Thuận 1, 2 đến đường Hoàng Diệu) để tránh ùn tắc giao thông.  Theo Tuổi Trẻ	https://scontent.fhan20-1.fna.fbcdn.net/v/t1.15752-9/436568367_7837564072931693_6533433937837152230_n.png?_nc_cat=102&ccb=1-7&_nc_sid=5f2048&_nc_eui2=AeFGTimFcbBaYICP14DaLH8_cvLC7mggBIpy8sLuaCAEin8JAyPuQglYSrAKbbLJQC7XslucX1N1tmmqebsu68tX&_nc_ohc=f4SR-iQ6YqoQ7kNvgGoDnTa&_nc_ht=scontent.fhan20-1.fna&oh=03_Q7cD1QEmoPgFMgY5ozrEC5xUtE_Ykhn14s7vxzrhR9MvmbgiaA&oe=6680B9B5,,			Bách	Duyệt		
2024-05-30	FP - Sài Gòn nghenn	Huy Tran	Cuối tuần lại có chỗ đi chơi rồi, mà gởi xe hơi mệt nha 😇  📷Huỳnh Phước Sang				Bách	Duyệt		
2024-05-29	FP - Sài Gòn nghenn	Huy Tran	Có gì thì về mẹ nuôi, sao mà phải gắng gượng vậy?...  Cứ cách cỡ khoảng hai, ba ngày mẹ lại điện hỏi thăm mình kiếm được việc chưa. Rồi mẹ thở dài, làm mình cũng áp lực và buồn bản thân lắm. Mình biết, mẹ không buồn vì con vẫn đang chơi vơi trên Sài Gòn, mà vì lo rằng cuộc sống sẽ đối xử khó khăn với con hơn.   Giờ con về quê thì làm gì hả mẹ? Xưa ba mẹ cũng có cái gì đâu, rồi cũng ổn cả thôi. Nhưng mà thành phố này là một phần trong con mất rồi.  Nói xong, điện thoại mình rung lên một nhịp bởi thông báo của ngân hàng. Không hiểu sao lúc đó mắt mình lại cứ cay xè đi như vậy.  | Huy 📷 Nguyễn May	https://scontent.fhan2-5.fna.fbcdn.net/v/t1.15752-9/441089956_1173221720529036_1964772307684756200_n.jpg?_nc_cat=104&ccb=1-7&_nc_sid=5f2048&_nc_eui2=AeGZn5YwhD-beDBm8G-XMhh0zLlF7QqXadjMuUXtCpdp2MeoYgLio_BpypfKdlKOaAfvI8S9Md8-FGlo1DWebEb6&_nc_ohc=Fj37myodANAQ7kNvgEmSSs5&_nc_ht=scontent.fhan2-5.fna&oh=03_Q7cD1QGCvWTH4rydCPzB1BMCnr-wcLvAj0zrN9Ffnm-fv4WdjA&oe=6680A7C4,,			Đạt	Duyệt		
2024-05-29	FP - Sài Gòn nghenn	Huy Tran	Sài Gòn đã dạy tôi cách tiêu tiền never thinking như thế nào? 😭  | Huy	https://scontent.fhan20-1.fna.fbcdn.net/v/t1.15752-9/440979600_907633944450855_5854431732089133971_n.png?_nc_cat=109&ccb=1-7&_nc_sid=5f2048&_nc_eui2=AeH1SVKO3-s9HW3yegcrmZ9Z32lce4Hc4mrfaVx7gdziagfqCz8_uRD2sWMmxiumYNQkyOoCsDxed5L0sANApbTZ&_nc_ohc=mRjio-uoCkwQ7kNvgFG28nX&_nc_ht=scontent.fhan20-1.fna&oh=03_Q7cD1QH4cbnC4mx9w1Bv4Za5FW1hJ-g9jXygVXRX3Bd5qjrH3g&oe=6680B0D7,,			Bách	Duyệt		
2024-05-29	FP - Sài Gòn nghenn	Nguyễn Thành Vĩnh	CÁI ÔM CỦA NGƯỜI MẸ THỨ 2 	 Buổi lễ ra trường bạn bè ai nấy đều có ba mẹ đứng cạnh, riêng em lại bật khóc vỡ òa khi không có cả ba và mẹ đi cùng. Cô giáo hỏi con thì con chỉ bật khóc khiến cô cũng xúc động theo.  Có thể vì ba mẹ em bận công việc nên không thể cùng em đến trường, nhưng cái ôm của cô giáo lúc này thật ý nghĩa, vừa an ủi và sẻ chia, vừa khiến em bé bớt chạnh lòng				Đạt	Duyệt	
2024-05-29	FP - Sài Gòn nghenn	Nguyễn Thành Vĩnh	https://drive.google.com/file/d/1ugu9Kfl4jgI_KEf23iH0KSvXRkRc8XKJ/view?usp=sharing	https://drive.google.com/thumbnail?id=1ugu9Kfl4jgI_KEf23iH0KSvXRkRc8XKJ		https://drive.google.com/file/d/1ugu9Kfl4jgI_KEf23iH0KSvXRkRc8XKJ/view?usp=sharing	Đạt	Duyệt		
2024-05-29	FP - Sài Gòn nghenn	Huy Tran	Đêm nay các em và cô chú khó khăn sẽ không sợ đói nữa. Vì đã có những phần “cơm treo” rồi…  Đó là dòng ghi chú ấm áp tại một quán cơm trên đường Nguyễn Ảnh Thủ (Hóc Môn). Dạo đây nếu tinh mắt, mấy bạn sẽ thấy một số nơi tại Sài Gòn có xuất hiện những phần cơm treo ngoài vỉa hè, trước những quán ăn bình dân đó nha.  Đây là những phần cơm mà khách phía trước mua thêm, sau đó gửi tặng lại cho những người khó khăn đến sau. Họ có thể là những người già neo đơn, các em nhỏ bán vé số hay những cô bác gánh hàng rong đi ngang.  Ta nói người Sài Gòn hào sảng gì đâu! Mong rằng những phần cơm treo sẽ được nhìn thấy nhiều hơn nữa trên những con đường tại Sài Gòn ❤️  📷 Kim Ngân	https://scontent.fhan2-4.fna.fbcdn.net/v/t1.15752-9/441748737_1955636658188114_109137667221478974_n.png?stp=dst-png_s2048x2048&_nc_cat=110&ccb=1-7&_nc_sid=5f2048&_nc_eui2=AeG1OfFCwW0L5nxT6gaGt2XVay_rD_S1VPlrL-sP9LVU-ZAksq3RIn50z7H2k-suiI6KdHCQEsVd66Q2kvsWzYl4&_nc_ohc=sYN_u1pRQ-4Q7kNvgFkLihr&_nc_ht=scontent.fhan2-4.fna&oh=03_Q7cD1QEVEZVsy-jg_2jaVkPEn-dlz8FTeGGlitr9xSHmfwsLzg&oe=6680A780,,			Đạt	Duyệt		
2024-05-29	FP - Sài Gòn nghenn	Nguyễn Hồ Thanh Thảo	Mình đi đón người-thương tan làm về, trong lúc chờ thì thấy được khoảnh khắc dễ thương của chị bán hàng vỉa hè với chú cún con.  Chị ngồi nép sát vào một góc để không cản trở ai, cứ thế vui đùa với bé cún rất chi thoải mái và rồi ôm bé vào lòng với sự mãn nguyện, cảm giác bình yên hiện rõ trên khuôn mặt 🥰  Mình bị vui lây luôn ấy mọi người ❤️ Một khoảnh khắc ngắn ngủi cũng… đủ ấm lòng rồi. ❤️  Sài Gòn 05.2024 Chia sẻ từ bạn Nguyễn Vũ Hoàng	https://scontent.fhan20-1.fna.fbcdn.net/v/t1.15752-9/442719756_1009488664091540_2594469148378488708_n.jpg?_nc_cat=109&ccb=1-7&_nc_sid=5f2048&_nc_eui2=AeEqiyatjzj3W3miDxgKTeM_KIlgKxfSd0IoiWArF9J3Qi1r5h7xfZsWfJx8ChpqOsBiLuFDfDMT3_3cKwX2xAZ8&_nc_ohc=vi8Cd8Ey6XAQ7kNvgEx5SwR&_nc_ht=scontent.fhan20-1.fna&oh=03_Q7cD1QHxMPGEQ4A00EslYAn22EvpRbNKvkor35xCZCMwDf3P9w&oe=6680DA16,,			Bách	Duyệt		
2024-05-29	FP - Sài Gòn nghenn	Nguyễn Hồ Thanh Thảo	Theo đó, nhằm hướng đến kỉ niệm 30 năm thành lập trường (1995-2025), trường dành hơn 60 tỉ đồng để tặng học bổng cho tân sinh viên khóa tuyển sinh năm nay ở cả bảy khối ngành ĐH chính quy, gồm: kỹ thuật - công nghệ, kinh doanh và quản lý, kiến trúc, nghệ thuật & thiết kế, quản trị du lịch, khoa học sức khỏe, luật, xã hội nhân văn và truyền thông.  Cụ thể, trường tặng học bổng là mức ưu đãi giảm từ 20-30% học phí học kỳ đầu tiên cho những thí sinh trúng tuyển sớm trong các đợt xét tuyển của trường và sử dụng kết quả trúng tuyển sớm để đăng ký nguyện vọng 1 trên hệ thống tuyển sinh của Bộ GD&ĐT.  Gói học bổng tài năng của trường trị giá gần 16 tỉ đồng, bao gồm 30 suất học bổng với 100 triệu đồng/suất, 100 suất học bổng 50 triệu đồng và 300 suất học bổng 25 triệu đồng.  Bên cạnh đó, trường cũng triển khai chính sách học bổng đặc biệt cho tân sinh viên nữ, với học bổng hỗ trợ 10% học phí toàn khóa cho tân sinh viên nữ nhập học các ngành kỹ thuật – công nghệ.  Trường cũng tặng học bổng 20% học phí toàn khóa cho sinh viên nhập học là con của cán bộ, giáo viên công tác tại các trường THPT đối tác của trường hoặc công tác tại các sở, ban ngành giáo dục.  (Theo báo PLO)				Đạt	Duyệt		
2024-05-29	FP - Sài Gòn nghenn	Nguyễn Hồ Thanh Thảo	Nhìn tên trường cũng không có gì bất ngờ lắm 🥹	https://scontent.fhan20-1.fna.fbcdn.net/v/t1.15752-9/442719753_7907895459249290_984700605849924117_n.png?_nc_cat=109&ccb=1-7&_nc_sid=5f2048&_nc_eui2=AeGnXLp1JnSYly9LbrFhvRfiUlNggciSBsxSU2CByJIGzG0w_e4dRyBE0NG7ny11J0wlw9w6gW19JXjhmuTVCZU8&_nc_ohc=X-dBj9Dn2-8Q7kNvgGd8trs&_nc_ht=scontent.fhan20-1.fna&oh=03_Q7cD1QGt_QaNK_cmHIWtYJ9JtYqDWustRByyUXJLwQLrlitGfQ&oe=6680D73E,,			Đạt	Duyệt		
2024-05-29	FP - Sài Gòn nghenn	Nguyễn Thành Vĩnh	Khảo sát fanpage được yêu thích nhất Sài Gòn Sài Gòn nghenn Cuộc khảo sát này hoàn toàn trên tinh thần tự nguyện, bình đẳng và dân chủ, các tình yêu hãy thoải mái đưa ra sự lựa chọn của mình nhé				Bách	Duyệt		
2024-05-29	FP - Sài Gòn nghenn	Nguyễn Thành Vĩnh	Quên gì cũng được đừng quên áo mưa, từ chiều nay, TP.HCM có đợt mưa to kéo dài ba ngày  Ba ngày cuối tháng 5 này, Nam Bộ và TP.HCM có mưa tăng, nhiều nơi mưa to, sang đầu tháng 6 mưa giảm nhưng vẫn duy trì và xuất hiện vào chiều tối. Đài khí tượng thủy văn khu vực Nam Bộ cho biết thời tiết Nam Bộ sẽ có đợt mưa to tới cuối tháng. Mưa to sẽ kéo dài đến ngày 1-6 thì có xu hướng giảm. Tuy nhiên về chiều tối vẫn xảy ra mưa rào và dông. Riêng trong hôm nay 29-5, Trung tâm Dự báo khí tượng thủy văn quốc gia cho biết chiều và tối Nam Bộ mưa rào và dông, vài nơi mưa to đến rất to. Lượng mưa 20-40mm, có nơi trên 90mm.				Đạt	Duyệt		
2024-05-28	FP - Sài Gòn nghenn	Nguyễn Hồ Thanh Thảo	Dân Quận 10 mà t chưa từng thử tiệm này luôn. Bữa nào cũng xếp hàng đông đen 🫠	https://scontent.fhan2-3.fna.fbcdn.net/v/t1.15752-9/436589488_1449633842589811_4543270467247240906_n.jpg?_nc_cat=108&ccb=1-7&_nc_sid=5f2048&_nc_eui2=AeFiBJVNJVMdBo-vIKBGaV0sRjmNPoKtKYJGOY0-gq0pgrDnGX403WIx0ElPZE0Ec-WW5adgoTEGAeDP1yrbWwEE&_nc_ohc=Pl8PVwO2SXIQ7kNvgFmHadS&_nc_ht=scontent.fhan2-3.fna&oh=03_Q7cD1QF6ureG5tKgsPSHnlN1SrCZ7P-XSETPCKXc19sIND4WSg&oe=6680AC16,,			Đạt	Duyệt		
2024-05-28	FP - Sài Gòn nghenn	Huy Tran	- Mỗi lần thấy người trẻ đến mua sách là tôi vui lắm!  Ai từng chạy ngang đường Lâm Văn Bền - Quận 7 hẳn sẽ nhận ra ngay hình ảnh cụ ông bán sách cũ nè phải hông?  Cụ bắt đầu nghề này từ hai chục năm nay. Nhưng thời gian trôi qua, tụi nhỏ đa số thích điện thoại, xe sách cũ của cụ cũng ngày càng ít khách. Mấy cô chú xung quanh vì vậy cũng quyên góp sách cho cụ. Đôi khi có mấy người đến dấm dúi cho cụ vài chục ngàn, dặn cụ cất cho kỹ để mua nước mà uống. Thấy mọi người ai cũng thương cụ hết trơn á!  Sài Gòn mùa này mưa, cụ lo cho mớ sách bị ẩm nên che chắn kỹ dữ lắm. Cụ kêu mỗi quyển sách đều quý giá, giúp tụi nhỏ biết kiến thức, người lớn thì sống chậm lại, suy ngẫm về cuộc đời. Cụ thấy vui nhất là khi có người trẻ tới mua sách.   Giờ cụ đã gần 90 tuổi, không nhà cửa, không người thân, chỉ mong lúc ra đi có người lo liệu cho mình. Nói là vậy, chứ giờ cụ coi bộ vẫn tích cực lắm á. Bởi Sài Gòn vẫn còn nhiều người tốt bụng giúp đỡ cụ mà!  📷 Song Nam	https://scontent.fhan20-1.fna.fbcdn.net/v/t1.15752-9/441048797_1214826546348605_3301930368366612726_n.png?_nc_cat=103&ccb=1-7&_nc_sid=5f2048&_nc_eui2=AeErFCJPTi_GkR2cODXwVaYstXKNni0QbqW1co2eLRBupYHaJhTzgSGBiwCJ-mLSu70QcjWFRRo6WgKQQXO4kX21&_nc_ohc=v6xiqTDvj20Q7kNvgGvQduG&_nc_ht=scontent.fhan20-1.fna&oh=03_Q7cD1QE0jh3gvdrQSWKAF7dJZmflEJUsiVgsPIRY62aTB1psOA&oe=6680AA60,,https://scontent.fhan2-5.fna.fbcdn.net/v/t1.15752-9/441567178_1616341612498756_2057650894451453131_n.jpg?_nc_cat=107&ccb=1-7&_nc_sid=5f2048&_nc_eui2=AeEmsd8f7h21MZJJilJ5MT72VdqSjqgpS9NV2pKOqClL02HNz0LiW2-w9yXjROq5wfu9ps8laLr7L6jcPVnYHSlW&_nc_ohc=m8jPMs3UNDwQ7kNvgG-cXKt&_nc_ht=scontent.fhan2-5.fna&oh=03_Q7cD1QFvo7keTsMGJeCeoMOCsKDwuFhynQt4Q8VD_vy8h9vYuw&oe=6680BAB4,,https://scontent.fhan2-3.fna.fbcdn.net/v/t1.15752-9/438158906_7553140478133125_3043746097274245062_n.png?_nc_cat=108&ccb=1-7&_nc_sid=5f2048&_nc_eui2=AeH45xbKSXJAmUTjp36kTF2QiLUc5Xt5qyCItRzle3mrICQhRWvcrzTAiejPO1AdWC18SIHJWS9QF5AKN6-uJY5T&_nc_ohc=Q0XG54352QUQ7kNvgFvZSnY&_nc_ht=scontent.fhan2-3.fna&oh=03_Q7cD1QGZdxnpgvl-tEcnsfYsJGzDgvkMDZFQapWLzeL0jAUk3A&oe=6680BC4D,,https://scontent.fhan2-5.fna.fbcdn.net/v/t1.15752-9/441940171_2631380357033416_3579325245636712830_n.jpg?_nc_cat=106&ccb=1-7&_nc_sid=5f2048&_nc_eui2=AeEtjI-bZ3Wo9mMCG1MR6gjdafQXVWSyl7xp9BdVZLKXvDqnL3Y9vLSsBVkjSVafDHANUONZu9tsPYkuwh9EZkb7&_nc_ohc=F8KsC4JTmYwQ7kNvgFAKR0q&_nc_ht=scontent.fhan2-5.fna&oh=03_Q7cD1QEwAdR0NjzUmqjrR_QL_kY7XgjKCltQMSn8NWRZdM_hGg&oe=6680AC2B,,			Đạt	Duyệt		
2024-05-28	FP - Sài Gòn nghenn	Nguyễn Thành Vĩnh	Có những ngày mình lạc lõng, chẳng biết bản thân mình muốn gì…  Những ngày mà bản thân mình vô định, vòng lặp một ngày đơn giản chỉ là từ nhà đến chỗ làm, tan làm thì về lại, ngủ một giấc rồi mai lại bắt đầu một ngày khác.  Những ngày ngỡ như thật bình thường, không thất tình, cũng chẳng thất nghiệp, nhưng chỉ cần một cơn mưa cũng đủ để bản thân bật khóc.  Mọi thứ tưởng chừng vẫn ổn, nhưng thực tâm chẳng ổn chút nào. Mấy tháng năm tuổi trẻ, vấp ngã, tổn thương đủ điều, bởi trưởng thành, chưa bao giờ là chuyện dễ dàng cả. Sài Gòn, có những ngày thật tệ như thế, biết khi nào cuộc sống mới bình yên hơn.  Vĩnh Trần Minh Thái	https://scontent.fhan20-1.fna.fbcdn.net/v/t1.15752-9/445382878_370832532635039_5178865044928715013_n.png?_nc_cat=102&ccb=1-7&_nc_sid=5f2048&_nc_eui2=AeHAOQBuPTivicQnXD7OztCRjN_sAd6SbH2M3-wB3pJsfUe6GY2fw-lyagXlcXuVpXPb1R9kpmquk5gQKJDWwMF4&_nc_ohc=DWjSSzXPcCsQ7kNvgGGLQWI&_nc_ht=scontent.fhan20-1.fna&oh=03_Q7cD1QFhxlZs18TY4kp5P8qLyo9QAjUg2A1Qq9RVyPrQ4bukSg&oe=6680C882,,			Đạt	Duyệt		
2024-05-28	FP - Sài Gòn nghenn	Huy Tran	Comment : Theo báo Vn Economic, TP.HCM sẽ được đầu tư 1.100 tỷ đồng để nâng cấp, cải tạo đường Chu Văn An. Đồng thời thay đổi hướng tuyến nước chảy và thoát nước, kết nối vào rạch Xuyên Tâm nhằm khắc phục tình trạng ngập, ùn tắc thường xuyên trong thời gian mưa lũ vừa qua. Dự án dự kiến sẽ hoàn thành vào năm 2026.  Ông Nguyễn Ngọc Minh cho biết UBND quận Bình Thạnh đang rà soát để hoàn chỉnh dự thảo chính sách, phương án bồi thường, hỗ trợ, tái định cư từ hộ dân và sẽ phê duyệt vào ngày 26/6 tới đây.  Được biết, chiều ngày 21-5 vừa qua, tuy mưa không kéo dài nhưng tuyến đường Chu Văn An bị ngập rất nặng kèm theo rác thải ở các khu vực lân cận chảy dồn về. Vì vậy, người dân khu vực, cả người lớn lẫn trẻ con hô hoán nhau đi moi rác ở các miệng cống để khơi thông đường thoát nước.	https://scontent.fhan2-4.fna.fbcdn.net/v/t1.15752-9/438158272_3342040499428584_4860447852423800185_n.png?_nc_cat=100&ccb=1-7&_nc_sid=5f2048&_nc_eui2=AeE_jWFMISmvXjMgt_ifgiVlnTEiN3sPqWedMSI3ew-pZ2WW1UzyvhI_GACLiJ_CwDfX5XnENoDQfSBqNaJHEy1O&_nc_ohc=JoL3w0768s4Q7kNvgF8jFLv&_nc_ht=scontent.fhan2-4.fna&oh=03_Q7cD1QGeGAg6zSord1r354lORVAy0Q2YkWwlbtDGPRna5byJew&oe=6680AD54,,			Đạt	Duyệt		
2024-05-28	FP - Sài Gòn nghenn	Huy Tran	🚧 Bà con Đường Chu Văn An - Bình Thạnh sắp thoát khỏi kiếp nạn ngập nước rồii. Nhưng mà là 2 năm nữa 🥹				Đạt	Duyệt		
2024-05-28	FP - Sài Gòn nghenn	Nguyễn Thành Vĩnh	https://drive.google.com/file/d/1dydWj5sRkPkmA7NngYtIcnLCqpXC6SXz/view?usp=sharing	https://drive.google.com/thumbnail?id=1dydWj5sRkPkmA7NngYtIcnLCqpXC6SXz		https://drive.google.com/file/d/1dydWj5sRkPkmA7NngYtIcnLCqpXC6SXz/view?usp=sharing	Đạt	Duyệt		
2024-05-28	FP - Sài Gòn nghenn	Nguyễn Thành Vĩnh	Giông bão kéo tới thì cũng phải đợi xong trận cờ đã 😂				Đạt	Duyệt		
2024-05-28	FP - Sài Gòn nghenn	Huy Tran	- Ở chốn xa lạ, bà cũng chỉ biết dựa vào tình thương của mấy cô chú, anh chị em mà sống…  Mình hay đi ngang qua đoạn Sài Gòn Square, để ý ở đây có một bà cụ bán chè từ lâu lắm rồi, nay mới biết bà tên Mai, bà bán chè ở đất Sài Gòn này cũng hơn 30 năm rồi.   Chồng bà mất vì bệnh, còn bà năm nay đã 82 tuổi. Bây giờ bà chỉ còn người con trai bị bệnh tâm thần, nửa tỉnh nửa mê ở quê đang nhờ bà con trông nom giúp.  - Nhiều lần bà cũng muốn đi theo ông cho khỏe thân nhưng nghĩ lại, đứa con trai số khổ ở quê vẫn cần có mẹ, cần vài đồng bạc mẹ cóp nhặt mỗi tháng gửi về quê để mua thuốc. Nghĩ vậy nên nắng mưa gì bà cũng ráng cầm cự, qua được ngày nào hay ngày đó”.   Hôm nào ghé ngang mình cũng ủng hộ bà một ly chè. Mong rằng Sài Gòn sẽ dành thêm sự bao dung cho những mảnh đời mưu sinh này. Ngoại ơi cố lên nghen!   Theo Báo Thanh Niên 📷Thái Thanh	https://scontent.fhan2-4.fna.fbcdn.net/v/t1.15752-9/441015368_1865023134002966_4140161070805839961_n.jpg?_nc_cat=100&ccb=1-7&_nc_sid=5f2048&_nc_eui2=AeHr1L7zZ9hjbJE_K9UQNTyVOWv81ylnBuI5a_zXKWcG4j1njUKmz1mDWsMHXg9azsCoCRF6G2i94rm2ORdo3sVC&_nc_ohc=SqD80o6PeroQ7kNvgFBBUoN&_nc_ht=scontent.fhan2-4.fna&oh=03_Q7cD1QEi5FHBT9qaOYb1HLsOxiSqGEAbDhoQpzHwvDvkr0kzfg&oe=6680DE9C,,https://scontent.fhan2-5.fna.fbcdn.net/v/t1.15752-9/441308276_384165020670414_3780657441976012555_n.jpg?_nc_cat=107&ccb=1-7&_nc_sid=5f2048&_nc_eui2=AeHL0WR08AyArySPLkpUEdEesAg_Ex3PcVCwCD8THc9xUGx8sZMFT4yKesH15bHjcAe8JuPS-iKon81jmwuEmcf4&_nc_ohc=hFW2Aoq_2r0Q7kNvgFx1blq&_nc_ht=scontent.fhan2-5.fna&oh=03_Q7cD1QFtTbp3uFtOMhIMYR434f6KbpLEssHPKQSHExffhZzgeg&oe=6680AC9E,,https://scontent.fhan20-1.fna.fbcdn.net/v/t1.15752-9/442719782_3772356173021180_5457250141372145128_n.jpg?_nc_cat=102&ccb=1-7&_nc_sid=5f2048&_nc_eui2=AeEYaynArHAUaW7heUmZrT1YTpiV6k44sy5OmJXqTjizLo2jQ3G7sAJWyxpS9jjW64j-jRjz-QQOFWHlzybzVsC-&_nc_ohc=CQSEdYYWGz4Q7kNvgHWO2js&_nc_ht=scontent.fhan20-1.fna&oh=03_Q7cD1QH2TWwXscOmOX4cttqMFuc8C2KWXjTkXiUPyUkyyGkthQ&oe=6680C11B,,https://scontent.fhan2-4.fna.fbcdn.net/v/t1.15752-9/446018403_969129411607731_6736217529967896586_n.jpg?_nc_cat=110&ccb=1-7&_nc_sid=5f2048&_nc_eui2=AeFt21QrqQ8eMPpBpYqfoVTX_WaHXlr9UE_9ZodeWv1QT2zrbSZhCoo9HsrZYPwmI9DWJcgyfBfD13k_t_c9dI6a&_nc_ohc=ZUbPx4W2lF0Q7kNvgEkmjYy&_nc_ht=scontent.fhan2-4.fna&oh=03_Q7cD1QFvNf1prLP421ETQyKTVgZva-fBdoSZbN8OEzeYzN6Ybg&oe=6680D897,,			Bách	Duyệt		
2024-05-28	FP - Sài Gòn nghenn	Nguyễn Thành Vĩnh	"Cùng là người làm dịch vụ cả mà…  Shipper đứng đợi 30p nhân viên cứ mặc kệ - vẫn ưu tiên bán cho khách đến sau. Hỏi thì vênh mặt lên đáp ""anh ơi anh đâu có phân bì với khách được đâu anh"". Đáng ra thay vì giải thích cho anh shipper hiểu, bạn nhân viên lại chọn cách thốt ra những lời vô cảm và đầy chạnh lòng.  Thua với cái thái độ này luôn   Cmt: Bên cửa hàng có giải thích là có hai luồng nhận đơn riêng là của khách hàng và cho đơn ship, việc này rõ sẽ đơn giản hơn nhiều nếu bạn nói cho anh shipper hiểu thôi, đợi 30p ở ngoài hiên nắng như thế xong nghe câu trả lời của bạn nhân viên như thế thì anh ship khó chịu đúng rồi, kiểu cảm thấy mình không được tôn trọng ấy. Ai cũng lao vào đời để kiếm cơm cả thôi, nếu được thì hãy nhẹ nhàng và tử tế với nhau nhaaa"	https://drive.google.com/thumbnail?id=1trZ-l499jvXxbxlvqMeRi5P5qQrcGjRI		https://drive.google.com/file/d/1trZ-l499jvXxbxlvqMeRi5P5qQrcGjRI/view?usp=sharing	Đạt	Duyệt		
2024-05-28	FP - Sài Gòn nghenn	Nguyễn Thành Vĩnh	Sau 1 năm ba mất, mình đã vỡ oà khi nhìn thấy tờ note mà ba nhờ mình ghi được cất ngay ngắn trong ví qua bao năm tháng, ba không nói lời nào là yêu nhưng tất cả đều là yêu.   Cảm ơn ba đã cố gắng nhìn con lớn.   | Chia sẻ của @_ling.13	https://scontent.fhan20-1.fna.fbcdn.net/v/t1.15752-9/436226111_1010112104042398_3729782304676187174_n.jpg?_nc_cat=103&ccb=1-7&_nc_sid=5f2048&_nc_eui2=AeHwCrfOdQFzsggKaJwWgWJNfwxybRZTsWB_DHJtFlOxYKj9VYysddboMTKoQhrbfk5C18FlOWs2aZrmIPlHbScF&_nc_ohc=wmo22ww8NPIQ7kNvgFnPLfu&_nc_ht=scontent.fhan20-1.fna&oh=03_Q7cD1QGfXZZMwvZPT2A4ObZ_hrEh-7i-KI0_huKRB4i_z-fbSg&oe=6680CA72,,			Đạt	Duyệt		
2024-05-27	FP - Sài Gòn nghenn	Nguyễn Thành Vĩnh	Cứ đợi tan làm là mưa gió sấm chớp i tao 🙃🙃				Đạt	Duyệt		
2024-05-27	FP - Sài Gòn nghenn	Nguyễn Hồ Thanh Thảo	Nghe nói trường dễ vào khó ra phải hơm? 🥹	https://scontent.fhan2-3.fna.fbcdn.net/v/t1.15752-9/442579097_830090042340596_2901991531846057242_n.png?_nc_cat=101&ccb=1-7&_nc_sid=5f2048&_nc_eui2=AeEB3AsNfpdie-jhxmmb1fAzHnN8rqjrQUUec3yuqOtBRc4A-8aAB719FgLE4xgxmv65fq5cyE9HzHt3t3sbwT5p&_nc_ohc=_t6xugUasVoQ7kNvgE3piE9&_nc_ht=scontent.fhan2-3.fna&oh=03_Q7cD1QG6Ac-77YcLaIyG0kIRkl58G-hf9ABBhJ168aJKggfgnw&oe=6680BF0B,,			Đạt	Duyệt		
2024-05-27	FP - Sài Gòn nghenn	Nguyễn Thành Vĩnh	Ăn trưa sương sương 80k 🥲🥲	https://scontent.fhan20-1.fna.fbcdn.net/v/t1.15752-9/355358880_940675887166420_6668547972330186002_n.jpg?_nc_cat=109&ccb=1-7&_nc_sid=5f2048&_nc_eui2=AeEG1qTG4GfcmLAMbmwr1Hrxdnv3BBOLC3R2e_cEE4sLdIcn5kytb8rkne5mTOosAwfo0qILLkCo6QKMVMgxYadr&_nc_ohc=nnsBYHTQ7nEQ7kNvgHnXP4D&_nc_ht=scontent.fhan20-1.fna&oh=03_Q7cD1QEQwfQ29o_k0E_4Xpecs6GiWOj5J0U8hiEruHf1me75Fw&oe=6680AA8F,,			Đạt	Duyệt		
2024-05-27	FP - Sài Gòn nghenn	Nguyễn Thành Vĩnh	Vote xem ai là xứng đáng đội vương miện mùa mưa 🤣	https://scontent.fhan2-5.fna.fbcdn.net/v/t1.15752-9/436749232_1009226247286686_7187320630330223044_n.jpg?_nc_cat=104&ccb=1-7&_nc_sid=5f2048&_nc_eui2=AeHzAPynwhamuONoY4bZJtTNddxxfMZQhU513HF8xlCFTk0Ui30PSriue7yfImhlEBokf6jfRbWApdXdheU37Qqf&_nc_ohc=CE-hp0TM-sIQ7kNvgFHA4uz&_nc_ht=scontent.fhan2-5.fna&oh=03_Q7cD1QEZYVPjtctSK9DuAS_okcw-gHwJQ85pDem1-LySZty4Wg&oe=6680BD96,,			Bách	Duyệt		
2024-05-27	FP - Sài Gòn nghenn	Nguyễn Thành Vĩnh	Nỗi buồn đầu tiên của sinh diên vừa tốt nghiệp 🥹🥹	https://scontent.fhan20-1.fna.fbcdn.net/v/t1.15752-9/441803824_1263858581254750_3651296326581494869_n.jpg?_nc_cat=102&ccb=1-7&_nc_sid=5f2048&_nc_eui2=AeEvNr5G6Y84YeMrEkGINvTaJ1ZbR_jyfUUnVltH-PJ9RQYLi03qaj1iJYXS4TK1MsXiKsnEcIi1PohTKRcbCU2A&_nc_ohc=y747TxmdC0kQ7kNvgEMNXgX&_nc_ht=scontent.fhan20-1.fna&oh=03_Q7cD1QEXKK9__g95LSUGM6VtH2spt9EP5xWGTJ5x-2hlIjM8jA&oe=6680AB8B,,			Bách	Duyệt		
2024-05-31	FP - Showbeat	Đào Hửu Nhơn	Mình không có thích chụp hình đâu nha, nhưng khi có máy ảnh xuất hiện thì mình có 1001 dáng để chụp 😌	https://scontent.xx.fbcdn.net/v/t1.15752-9/445660797_1418375885482423_5690892021442552561_n.jpg?stp=dst-jpg_p320x320&_nc_cat=110&ccb=1-7&_nc_sid=5f2048&_nc_eui2=AeGa4ariZOrDN1nnHHdoZiKZmuPICFU0EOia48gIVTQQ6C8s2OxH2NT5-C0MsKRJWsldkjNkadrO09qCIwU493w-&_nc_ohc=3tRijx9xXRoQ7kNvgHatbZ6&_nc_ad=z-m&_nc_cid=0&_nc_ht=scontent.xx&oh=03_Q7cD1QGP2vON3CCTnQKPNwxZXXt-6K2AfKlDv2BQhiQJJpyMqA&oe=6682725F			Bách	Duyệt		
2024-05-31	FP - Showbeat	Đào Hửu Nhơn	"❗️😱 Căng cực: Công ty quản lí của Ngọc Phước chính thức vào cuộc, khẳng định thông tin ""trà xanh"" là không đúng sự thật và đang phối hợp với cơ quan chức năng điều tra để làm rõ vụ việc 😌  Nắm bắt thông tin vậy đi mấy mẹ, chứ cái việc mà nghe ki.ện nhỏ ""Chưa Biết"" nghe nhiều rồi mà chưa thấy nhỏ đó bị gì hết nên toai cũng bớt tin rồi 🤓🤧  Pha này 1-0 tạm thời nghiên về Ngọc Phước 🤡"	https://scontent.xx.fbcdn.net/v/t1.15752-9/436510685_7823437124383461_5027072553331344338_n.jpg?stp=dst-jpg_p403x403&_nc_cat=101&ccb=1-7&_nc_sid=5f2048&_nc_eui2=AeH_2G6Ix3b-ndM1F9ohNuAqhF6H-Sig0vOEXof5KKDS8_lFipjTHfPgxSqulbBsroFBwKFApoeWturtbpCl22ui&_nc_ohc=Qnas7s00cLMQ7kNvgE1S5jk&_nc_ad=z-m&_nc_cid=0&_nc_ht=scontent.xx&oh=03_Q7cD1QGVRQzTUUreEL8meekoaQDL7lB2zTtrbaBEK7mZGqiadA&oe=66829B73			Đạt	Duyệt		
2024-05-31	FP - Showbeat	Lưu Gia Hân	Thật hư chuyện Xoài Non chính thức hủy follow  Xemesis trên các kênh mạng xã hội, riêng fanpage cũng chỉ còn theo dõi đúng 2 người  🥹🥲 Thôi bớt bớt chờ chính chủ lên tiếng dùm đi 🙏	https://scontent.xx.fbcdn.net/v/t1.15752-9/436226661_734697355300089_5401729961505647364_n.png?stp=dst-png_p403x403&_nc_cat=102&ccb=1-7&_nc_sid=5f2048&_nc_eui2=AeF1NwzkwRfkhxQMH5nwZh-p8keOwdNdmVzyR47B012ZXFuw2bQRtd_GL4B52hecWyvGM4Ij7nSoI1cG9Xs4QAwH&_nc_ohc=aQbZxE0GdxYQ7kNvgHfiNxz&_nc_ad=z-m&_nc_cid=0&_nc_ht=scontent.xx&oh=03_Q7cD1QFGfcIjfCwPOaT4KrYd2E-D32m-vJvS_FO2qw_3KbHsmA&oe=66827BFD			Bách	Duyệt		
2024-05-31	FP - Showbeat	Lưu Gia Hân	"❗️Nghi vấn Xoài Non ""không còn chung đường"" với Xemesis ngày càng rỏ bởi hàng loạt chi tiết này  Càng soi càng thấy gần đây Xoài Non rất thường check-in ở một căn hộ chung cư sang xịn mịn. Điều đáng nói là đây không phải biệt thự triệu đô với Xemesis nữa. 🥲 Chỗ ở mới được Xoài Non bài trí hình ảnh của mình và decor không gian phòng như một nơi ở mới.   Không những vậy, Xoài Non cũng rủ ba mẹ đến đây, bạn bè cô cũng thoải mái sang ngủ lại. 🥹"	https://scontent.fhan2-5.fna.fbcdn.net/v/t1.15752-9/436715043_375857098819974_7463281040054199394_n.jpg?_nc_cat=106&ccb=1-7&_nc_sid=5f2048&_nc_eui2=AeEw9Cii7W06a2OMIVpJ4oWeM5DFNarxPAUzkMU1qvE8BdqlKOP2F1PZZp4I8iEIsnSQ6xq-RnUNffiiZtI7mAnf&_nc_ohc=cf9vigz9UUIQ7kNvgH-FWKp&_nc_ht=scontent.fhan2-5.fna&oh=03_Q7cD1QFlOAskkUmsMVXMBAFGOX6jeHkz6OLTBBWYzcg5d5RCbw&oe=6680DBA3,,https://scontent.fhan2-3.fna.fbcdn.net/v/t1.15752-9/445372618_430142306513535_199098876446810130_n.jpg?_nc_cat=111&ccb=1-7&_nc_sid=5f2048&_nc_eui2=AeEJz8kZ_rgp4XcfR7gK76mayAH1p0IPQ8rIAfWnQg9DyuTEUjX5JvHwCuRH9VvHDe3VGtgTpt5q-_TJi1ZgqUBs&_nc_ohc=QCo51k_u-SEQ7kNvgGcnRAu&_nc_ht=scontent.fhan2-3.fna&oh=03_Q7cD1QH4B_Tkz_ygKb2eMy8zbazgiVCHWxKE0wNO_MgEnHVRQg&oe=6680BEB3,,https://scontent.fhan20-1.fna.fbcdn.net/v/t1.15752-9/441927234_8089931507704668_1823602147521298386_n.jpg?_nc_cat=109&ccb=1-7&_nc_sid=5f2048&_nc_eui2=AeFSvTWvraFyl6yDAy-8vCyFr1VH3RIpN2yvVUfdEik3bGFvE0FJxuz1q3VDdCYh6seVfGiqo21Cl2IOMKETPAo1&_nc_ohc=5l8-aMGQ-gcQ7kNvgFe8ZrE&_nc_ht=scontent.fhan20-1.fna&oh=03_Q7cD1QFOH5Aqn8iGHnS667jejfomb6UB6nTYc1DcNYR0_GS_MA&oe=6680D2F0,,https://scontent.fhan2-4.fna.fbcdn.net/v/t1.15752-9/442727187_1262837641360668_5908690663367918020_n.jpg?_nc_cat=105&ccb=1-7&_nc_sid=5f2048&_nc_eui2=AeGHWvK7v9HSBk6W9jmnPeeguWuI_XoB_fi5a4j9egH9-F0_wSfHikuF5ADs1KicYECIPTsVrFDmrgDiVfitaV3z&_nc_ohc=hExoJJ5uWEgQ7kNvgFYfNu_&_nc_ht=scontent.fhan2-4.fna&oh=03_Q7cD1QGhQQYbYSScL4Sb8unE6MnW-x6jH4Q59OLm7OgQ_O5qbg&oe=6680C7EB,,https://scontent.fhan2-5.fna.fbcdn.net/v/t1.15752-9/445377134_1169757224153566_1035741043786473203_n.jpg?_nc_cat=104&ccb=1-7&_nc_sid=5f2048&_nc_eui2=AeFadPsV9x3F043ym96cTP5T199NtAnjpzvX3020CeOnO6qamIyXKYjSh1IL6mOfVHwf8wolFxAi9rGNgfq-N64X&_nc_ohc=ewsQIlF45BcQ7kNvgFTn9nP&_nc_ht=scontent.fhan2-5.fna&oh=03_Q7cD1QEd22gXbXzr58AcQ07edvfGgY6_DGJXBsfQerF6r35w_w&oe=6680B5BB,,			Bách	Duyệt		
2024-05-31	FP - Showbeat	Đào Hửu Nhơn	Cmt: anh Binz cứ kiểu “đàn ông mang dép, đàn bà mang thai” kiểu này hỏi sao không bị đồn ầm 😂		https://video.fhan20-1.fna.fbcdn.net/v/t42.3356-2/443819211_7574263072693750_2794691960968107041_n.mp4?_nc_cat=102&ccb=1-7&_nc_sid=4f86bc&_nc_eui2=AeH7Mxih2W-ca1KYTt5i_0v8rM0m8DPnnXeszSbwM-edd4dc5oib0M94oMoIm1UiiTP6E_4XAEc2bumn3j6o_3uP&_nc_ohc=l25r0ouukZ0Q7kNvgErAmiA&_nc_ht=video.fhan20-1.fna&oh=03_Q7cD1QEzEopAmssQzvasUgkUxBzKqWh5NVRjAb3sqlLcKy48eA&oe=665B1E54&dl=1,,		Bách	Duyệt		
2024-05-31	FP - Showbeat	Đào Hửu Nhơn	❗️Châu Bùi lên tiếng rồi nè: chị chưa có nha mấy đứa ơi, bớt đồn nè 😌  Hai vợ chồng chị chơi chữ cho cuộc sống nó bớt nhạt thôi bé, chứ hỏng có như gian cư mận đồn đoán chị có em bé với anh Binz đâu nha 😂	https://scontent.fhan2-3.fna.fbcdn.net/v/t1.15752-9/436552669_2102378126810622_4285784337943339153_n.jpg?_nc_cat=111&ccb=1-7&_nc_sid=5f2048&_nc_eui2=AeEr5wK33bvbkWfRun8RKUKmpO6EaOnCPmGk7oRo6cI-YZHvBGr2es_NL-Wr6uyvKFiFN431y7bTpBYOU3ewRpFd&_nc_ohc=XU1QTzy2BuoQ7kNvgFXyZBv&_nc_ht=scontent.fhan2-3.fna&oh=03_Q7cD1QGHu7JMRwAEiRAmbUdwP4-d1MTlBR-LgT85DAg_xzB0cw&oe=6680B25F,,			Đạt	Duyệt		
2024-05-30	FP - Showbeat	Đào Hửu Nhơn	"Mẹ Bảo Anh tặng cho con gái chiếc MV đặc biệt nhất đời mẹ, nhắn gửi con gái: ""Mẹ mong con hãy trải nghiệm và có những bài học riêng cho mình: Đừng sợ phán xét, hãy là chính mình con nhé"" ❤️  Nhìn nụ cười của Misumi đủ để thấy tình cảm mẹ Bảo Anh đã dành những điều tuyệt vời nhất cho con.   Dù có bị áp lực với thế giới bên ngoài như thế nào thì mỗi khi bên con lại thấy ánh lên trong mắt chị một niềm hạnh phúc và tự hào về con gái của mình.  Hành trình phía trước mong rằng hai mẹ con sẽ được mọi người yêu thương nhiều hơn nữa ❤️"	https://scontent.fhan20-1.fna.fbcdn.net/v/t1.15752-9/444758614_1926469421136387_7456575559916177431_n.jpg?_nc_cat=109&ccb=1-7&_nc_sid=5f2048&_nc_eui2=AeE9NJD0ucGAK2N1eBd4ZQYovefNaDi1IHy9581oOLUgfE-8LKMhEEa3voVH7HQKejrtSQahH0FtMQ7gwKbPailk&_nc_ohc=D3-y88vbZT0Q7kNvgGUoQwS&_nc_ht=scontent.fhan20-1.fna&oh=03_Q7cD1QHgb-JpiEx4JixQvjbtxFc3YMQPO3Xz2DfyKD1Ez4TasA&oe=6680C124,,https://scontent.fhan20-1.fna.fbcdn.net/v/t1.15752-9/444789336_813879463642792_6898940067861361788_n.jpg?_nc_cat=103&ccb=1-7&_nc_sid=5f2048&_nc_eui2=AeFDUNRo-TDWGr5eqxX4cyN7oDmQb578yu2gOZBvnvzK7YhVsF8-EiIC8SX-U2g7_HfJATV7AhP1spk29V-zASUe&_nc_ohc=Y01uTcyqA7IQ7kNvgE8FhOM&_nc_ht=scontent.fhan20-1.fna&oh=03_Q7cD1QEpCF5nexC6SySFXyao7dLp3TMEMeHoVYiqsk96bTDK9Q&oe=6680B297,,https://scontent.fhan20-1.fna.fbcdn.net/v/t1.15752-9/442531611_836119528541242_8830076583487170529_n.jpg?_nc_cat=102&ccb=1-7&_nc_sid=5f2048&_nc_eui2=AeFnuJGoBAWjTc5dD4FgGUlXyqvgZ80uskrKq-BnzS6yStsUsNwW48LNWmH-SWuS4ThATTF7bm9bgvQybXj2Ymmj&_nc_ohc=rmOoIKlnA6wQ7kNvgHpI0pf&_nc_ht=scontent.fhan20-1.fna&oh=03_Q7cD1QG7gP3Ifk2RdYfDmiEbBrAKPmiEcjfeNbWRjmmbY7OMHQ&oe=6680B842,,https://scontent.fhan2-5.fna.fbcdn.net/v/t1.15752-9/436448359_3751494935135324_5688339331610903775_n.jpg?_nc_cat=106&ccb=1-7&_nc_sid=5f2048&_nc_eui2=AeEXenIDNG2lz1d5Sfs3-va8CUwhugiq5jwJTCG6CKrmPLT-w1rgvmYtN-MIH0f6gWCo66jXOyW_LOcP5c9mB381&_nc_ohc=MJusGXZc7fgQ7kNvgGvLOi7&_nc_ht=scontent.fhan2-5.fna&oh=03_Q7cD1QExkRlqaO4vCh6wmwQWHObuT2iRtA7QbZZL1Ij88DE_EA&oe=6680DC2B,,https://scontent.fhan20-1.fna.fbcdn.net/v/t1.15752-9/445380650_3666264826963311_3997875505962898599_n.jpg?_nc_cat=109&ccb=1-7&_nc_sid=5f2048&_nc_eui2=AeHBuHxKCFhb3UnreuhKdCTdsLpyGwAddmqwunIbAB12akUNiL61ZIMxysA4ObMmXDIcRAZNy35QKHvtdl4HTej1&_nc_ohc=4bueOf8LjhsQ7kNvgELAZEq&_nc_ht=scontent.fhan20-1.fna&oh=03_Q7cD1QEHBu54ONVIxHVIhXdJNb6VR6RP7gYW8yR06yXvj8IObQ&oe=6680B414,,https://scontent.fhan2-3.fna.fbcdn.net/v/t1.15752-9/444789722_847972287378919_4449904920584781721_n.jpg?_nc_cat=108&ccb=1-7&_nc_sid=5f2048&_nc_eui2=AeGisyrGhySkYeXSDu4M2fbxuPtzTS2gPRK4-3NNLaA9EvDuF9jSZkR3v_5kat4F3XteXvRT6fW3wFmNI_bR8H3D&_nc_ohc=YtYY6Nqc2gEQ7kNvgEee7au&_nc_ht=scontent.fhan2-3.fna&oh=03_Q7cD1QE2Y0uf1PVYSExGI-b3PNn51uXvJbv6jlmDOlv2m8dGLQ&oe=6680B12C,,https://scontent.fhan2-4.fna.fbcdn.net/v/t1.15752-9/445378650_467375459000985_4653763554829957874_n.jpg?_nc_cat=110&ccb=1-7&_nc_sid=5f2048&_nc_aid=0&_nc_eui2=AeEfQnla7R7pOttJkXNq8EiN9gejBDcAQGn2B6MENwBAaQL7-INBeCU8dny6g9YwOgKsKCGL6nLO6hpQ2Y7nJtqc&_nc_ohc=o8RtV1TCgDMQ7kNvgGfqFt-&_nc_ht=scontent.fhan2-4.fna&oh=03_Q7cD1QHnLZJ1adVW4Wiu5RiQILx-GEC17aFhdpgs_BpfrDTzEA&oe=6680AB9B,,			Đạt	Duyệt		
2024-05-30	FP - Showbeat	Lưu Gia Hân	👑 Hậu bối của “nữ hoàng nằm mơ 💭” cô Phương Hằng. Gọi tên “dũng sĩ sự thật” thợ hát Duy Mạnh 💪  Chú phán: “Showbiz nhiều cái sai quá”! Mà sai gì quý dị biết hong? Là tổ chức chương trình ca nhạc từ thiện thu về gần một trăm triệu xong dùng hết 95% đi chơi bời trác táng. Rồi cuối cùng góp mỗi người 2 củ 🍠 để mua mì tôm phát cho người dân và chụp hình là xong 🤡  Ủa alo❓❓❓ Tui tưởng gần đây có vụ “Công viên Thủy Tinh” thoy chớ, nào ngờ 10 năm trước thời chú Mạnh cũng có mấy vụ sống sau lớp áo từ thiện vì lợi cá nhân nữa sao? 🤔🤔 Thôi thì cũng nhờ chú Duy Mạnh mà ta hiểu là không phải cái gì có mác quyên góp, từ thiện rồi cũng sẽ tới tay người dân khó khăn, khán giả ngày nay cũng cần sáng suốt hơn với các loại hình kinh doanh thiếu trong sạch này 😠😡 👑 Hậu bối của “nữ hoàng nằm mơ 💭” cô Phương Hằng. Xin thưa (Gọi tên) “dũng sĩ sự thật” ca nhạc sĩ - chú Duy Mạnh 💪  Chú phán: “Showbiz nhiều cái sai quá”! Mà sai gì quý dị biết hong? Là tổ chức chương trình ca nhạc từ thiện thu về gần một trăm triệu xong dùng hết 95% đi chơi bời trác táng. Rồi cuối cùng góp mỗi người 2 củ 🍠 để mua mì tôm phát cho người dân và chụp hình là xong 🤡  Ủa alo❓❓❓ Tui tưởng gần đây có vụ “Công viên Thủy Tinh” thoy chớ, nào ngờ 10 năm trước thời chú Mạnh cũng có mấy vụ đ.ộ.i lố.t t.ừ thi.ệ.n vụ (sống sau lớp áo từ thiện) vì lợi cá nhân nữa sao? 🤔🤔 Thôi thì cũng nhờ chú Duy Mạnh mà ta hiểu là không phải cái gì có mác quyên góp, từ thiện rồi cũng sẽ tới tay người dân khó khăn, khán giả ngày nay cũng cần sáng suốt hơn với các loại hình kinh doanh thiếu trong sạch này 😠😡	https://scontent.fhan2-3.fna.fbcdn.net/v/t1.15752-9/445620260_427952093438738_7825232770781454148_n.png?_nc_cat=111&ccb=1-7&_nc_sid=5f2048&_nc_eui2=AeGAKLtVUWYOvLBIi6N2Ud5yVG_ExwpSBXtUb8THClIFe5FuLaL8tigvayMhued65Dh8aUwWAk3SxHLhTMRk1Lrp&_nc_ohc=05lX6NfAdSQQ7kNvgFQhoFQ&_nc_ht=scontent.fhan2-3.fna&oh=03_Q7cD1QH8MFJD32t-nnuRj7gwsZpChNUTbWZvvntFdNC10iwTlw&oe=6680DE85,,			Đạt	Duyệt		
2024-05-30	FP - Showbeat	Lê Ngọc Tuyền	Cmt: Ngày thường gọi ai là bé thì nhớ tặng quà 1/6 cho người ta nho 😚	https://scontent.fhan20-1.fna.fbcdn.net/v/t1.15752-9/441910002_2807898089366734_6587186337422171127_n.jpg?_nc_cat=109&ccb=1-7&_nc_sid=5f2048&_nc_eui2=AeGJyw85pBN6ZMsRSTa3SKdHZsDWIwFjjexmwNYjAWON7JGiSOSM56LaNtURZ3G4LlfTEcrbXLNt817ggLW_f8M1&_nc_ohc=w53MXvY8RQAQ7kNvgEjmg-h&_nc_ht=scontent.fhan20-1.fna&oh=03_Q7cD1QE5b01GWxvaTZnZURlNWFdWZ5qf4xTOeLoyFAV2dPxcVg&oe=6680A945,,			Đạt	Duyệt		
2024-05-30	FP - Showbeat	Lê Ngọc Tuyền	Trung bình 2 trạng thái của các “em bé” vào 1/6 tới ☺️😒	https://scontent.fhan2-5.fna.fbcdn.net/v/t1.15752-9/441526610_1136412750896273_5868400580142337941_n.jpg?_nc_cat=107&ccb=1-7&_nc_sid=5f2048&_nc_eui2=AeGd-QqdGXjMUwuzZ9AT2OcdzIScvpZ2bO3MhJy-lnZs7bQnsgltqRlkyxL9QIL5U1qdyu2cTzPYES_bu6uULVWA&_nc_ohc=JukeMaKVaaYQ7kNvgFhWFDD&_nc_ht=scontent.fhan2-5.fna&oh=03_Q7cD1QGFuHCgmYWE5TdISgyuSBO-vRGXYohsReX51-vrovHxTg&oe=6680ADED,,https://scontent.fhan2-5.fna.fbcdn.net/v/t1.15752-9/441477848_1559218445031191_2795434001432811188_n.jpg?_nc_cat=106&ccb=1-7&_nc_sid=5f2048&_nc_eui2=AeGwQNcfMX5nB_o316d7NjGZqTz-cwo1awmpPP5zCjVrCXTtZSCUh4KwtmTQHp7WxMqONCpJvouoiqQuvUGQuQvd&_nc_ohc=Cvww4VkuQP4Q7kNvgFkqKCD&_nc_ht=scontent.fhan2-5.fna&oh=03_Q7cD1QFZg9f1JJJkSIizeNFxpEkt5Pqvko_oMowmz6Bh4AGGhQ&oe=6680D392,,			Đạt	Duyệt		
2024-05-30	FP - Showbeat	Đào Hửu Nhơn					Đạt	Duyệt		
2024-05-30	FP - Showbeat	Đào Hửu Nhơn		https://scontent.fhan20-1.fna.fbcdn.net/v/t1.15752-9/444781109_770542821832445_6959729322577998768_n.jpg?_nc_cat=102&ccb=1-7&_nc_sid=5f2048&_nc_eui2=AeEoCBMbQi-sROGsds3_m1l_ZrEswWwASyJmsSzBbABLIsb9c2zRjPOIAR-fO4Z_q5VEVo7Jap-CWty5oYyBrdnr&_nc_ohc=QDjKMTH9oAQQ7kNvgGI422D&_nc_ht=scontent.fhan20-1.fna&oh=03_Q7cD1QFZS8_RDEPhVCinpQfi1ua2yBexozM4_Ql4bkg1SdPrVg&oe=6680AAC4,,			Đạt	Duyệt		
2024-05-30	FP - Showbeat	Đào Hửu Nhơn	Hình ảnh được cho là Ngọc Phước và Trí Bủn từng quen nhau khoảng thời gian 7-8/ 2021 lúc đi chống dịch nha	https://scontent.fhan2-5.fna.fbcdn.net/v/t1.15752-9/445378663_1630263627774825_1009646424460640044_n.jpg?_nc_cat=107&ccb=1-7&_nc_sid=5f2048&_nc_eui2=AeGukd7HEVKKcGqOW9_TUI42buPrd3iKd_du4-t3eIp390hv_pr0VQnPpSARSm_x_XglUh-fkWkmReoUWy39a4g1&_nc_ohc=tUsuQktIi2oQ7kNvgGBFyTb&_nc_ht=scontent.fhan2-5.fna&oh=03_Q7cD1QFl2XLxtkP1e32LOD-K3MeLXLQd_7NZgWjREutEbxoYbw&oe=6680AB6A,,			Đạt	Duyệt		
2024-05-30	FP - Showbeat	Đào Hửu Nhơn	"❗️🤡 Drama vẫn chưa hạ nhiệt: nhỏ ""Chưa Biết"" muốn Ngọc Phước đi xét nghiệm máu đó mới là cái bản lĩnh 😌  Quyết tâm chơi tất tay tung hẳn phiếu kết quả xét nghiệm tổng quát nhưng nhỏ ""Chưa Biết"" cao tay hơn rồi 🤓  Nút follow vẫn còn thì những điều thú vị vẫn chưa được bật mí ra đâu, nên các mẹ cùng chờ xem Ngọc Phước và Chưa Biết ai sẽ trong vai phản diện nhá 🙂"	https://scontent.fhan2-3.fna.fbcdn.net/v/t1.15752-9/436709259_999957305113554_9099475814525171361_n.jpg?_nc_cat=108&ccb=1-7&_nc_sid=5f2048&_nc_eui2=AeEBpWEbXTAIkmbqDgQ7eeM_Kx2ort2hlcQrHaiu3aGVxJLJyem6S4LNpjZOcTC2M7Ie1uIqTbKd6inWyh3Dvhl-&_nc_ohc=uBoleSlYgScQ7kNvgF5tW7r&_nc_ht=scontent.fhan2-3.fna&oh=03_Q7cD1QEXVA05F4njdAJ1CsGxI_VHEPvgwJ0kNKYPB-lHp594XA&oe=6680AAC8,,			Đạt	Sửa/ xóa bài	che “bệnh lậu”	
2024-05-30	FP - Showbeat	Lưu Gia Hân	🥹 Có một Lâm Minh từng cảm thấy hạnh phúc trước khi biến cố ập tới. Khác với vẻ ngoài cá tính, nội tâm bên trong Lâm Minh cũng như bao cô gái khác. Lâm Minh từng chia sẻ về câu chuyện khoảng thời gian năm 16 tuổi của mình. Cô lên Sài Gòn chỉ với 400k trong túi, ngủ tại căn phòng kế bãi rác, chỉ có 4 bộ đồ thay phiên lót lưng để ngủ. 😢  Đã từng cảm thấy bản thân thật hạnh phúc khi nhìn thấy chồng, con, căn nhà mình đang ở. Nhưng rồi, sự nghiệt ngã vẫn không buông tha cho cô gái ấy. Những điều tưởng chừng đã chữa lành những ngày tháng thống khổ trước đây, lại một lần nữa làm tổn thương một cô gái tưởng chừng là mạnh mẽ như Lâm Minh. 😢	https://scontent.fhan2-5.fna.fbcdn.net/v/t1.15752-9/441473806_1499362491017612_4572432064324820710_n.png?_nc_cat=106&ccb=1-7&_nc_sid=5f2048&_nc_eui2=AeEUWCWZ4R-uT95hakJOzlGsgG01YQV9XZqAbTVhBX1dmjxxbSLQ_q5NY0EZZezQQI0dajjCXXKfaptQP06jTJFf&_nc_ohc=PkV3eG2yIc0Q7kNvgFnk0Jf&_nc_ht=scontent.fhan2-5.fna&oh=03_Q7cD1QF9356bDGI95_C6cM5OYOhue5FVTyVLAVmeDSRr0I5f2g&oe=6680D6CE,,			Đạt	Duyệt		
2024-05-30	FP - Showbeat	Đào Hửu Nhơn	"❗️🤡 Xuân Ca bớt lên tiếng được hong dị? trả lời cái kiểu cách gợi nghiệp thế thì chị xứng đáng bị bash mãn đời nha =))  Xem chị nhảy mà muốn quên luôn bản gốc luôn áa 😏🤓
Comment: Quên luôn bản gốc của chị Chipu luôn 😌"	https://scontent.fhan2-4.fna.fbcdn.net/v/t1.15752-9/445380649_423629597188109_7079359158822968290_n.jpg?_nc_cat=100&ccb=1-7&_nc_sid=5f2048&_nc_eui2=AeG0ujI2e9EFwlwIAl7qSEh-5jyfxeYmcWjmPJ_F5iZxaHAsP2R6c5y9gWcrTtMLEjHNQFFj9aTAAWD9zByOKY5P&_nc_ohc=B-_5zFT19boQ7kNvgHlOkO6&_nc_ht=scontent.fhan2-4.fna&oh=03_Q7cD1QGsg28lJb_FVnoupeCpMpQKbJs8jBmRJxidEFSYKd56Tw&oe=6680DE5E,,	https://video.fhan2-5.fna.fbcdn.net/v/t42.3356-2/446346467_7289333197838712_4038426721245745124_n.mp4?_nc_cat=107&ccb=1-7&_nc_sid=4f86bc&_nc_eui2=AeHw1YZo4GXFxy1zkk4lw83FQ-l1Bm_QvklD6XUGb9C-SdpBAXgXrE4PVu3rgGlRWAvGVxEpVD2FGUBjXYPZLfh5&_nc_ohc=3Q7SAQ11G20Q7kNvgHcZvBk&_nc_ht=video.fhan2-5.fna&oh=03_Q7cD1QH9fn0X1WP1ULQaBhY1En5yLceh1Q3DOOmyAkWslF7xgA&oe=665B3A32&dl=1,,		Bách	Sửa/ xóa bài	“chị xứng đáng bị bash mãn đời nha”	"Bắt nạt và quấy rối"
2024-05-29	FP - Showbeat	Đào Hửu Nhơn	❗️🤡 Series này vẫn còn nhiều cái để khai thác lắm quý dị ơi =))  Chị Lâm Minh cứ hãy yêu bản thân nhiều hơn còn anh Decao để một ngày em lên 10 bài cho :))	https://scontent.fhan2-5.fna.fbcdn.net/v/t1.15752-9/444781737_946347123915022_4637418811380501644_n.jpg?_nc_cat=107&ccb=1-7&_nc_sid=5f2048&_nc_eui2=AeGM04Cr7ZHVRCtNri_hJ9znq3f8K4mlXKqrd_wriaVcqq6fl4dVdA2v8o56f9G1W_X52ODNYzzDOPHJxR78KOv1&_nc_ohc=MpcgRZUvrasQ7kNvgEvLbN5&_nc_ht=scontent.fhan2-5.fna&oh=03_Q7cD1QH4gJygj-wcQmBpeSPj8iyeLxftGEq0KOE8K3PNKlzPMQ&oe=6680C0E9,,			Bách	Duyệt		
2024-05-29	FP - Showbeat	Lê Ngọc Tuyền	KHI LÒNG TRẮC ẨN CỦA MỘT VÕ SĨ TRỖI DẬY🥹  Mấy ngày vừa qua vị đồng môn nọ đã dấy lên làn sóng tương tác, đề cao cảnh giác khiến người sư đệ Đạt G bị khơi lại thành tích thi đấu năm xưa 😢  Người người nhà nhà ghép anh ấy vào hội F4 với slogan riêng “nhạc thì thấm mà đ*m thì đau”. Cứ tưởng trái tim và khối óc của người đàn ông đã bỏ quên quá khứ nhưng hôm nay anh ấy đã lên tiếng!  Với tinh thần thượng võ Đạt G tuyên bố luôn sẵn sàng đối diện với quá khứ, không trốn chạy, không có gì đáng tự hào. Và lòng trắc ẩn của người đàn ông ấy còn thể hiện qua câu tâm sự “Lòng cũng buồn lắm” 😭   Đúng rồi. Có mấy ai tăng tương tác với người mình thương mà lòng không buồn được đâu 😞	https://scontent.fhan2-4.fna.fbcdn.net/v/t1.15752-9/441906843_958155735789944_3458670641787765978_n.jpg?_nc_cat=100&ccb=1-7&_nc_sid=5f2048&_nc_eui2=AeHy9UvmDGEvK4QjsfnJnNX7JQelbq5c0JUlB6VurlzQlcIbaOMHgVBq-YdGLpEsaFR6xyHB6PbP5Jr6TE_5Pfly&_nc_ohc=VHdiV4if3asQ7kNvgGi_SkC&_nc_ht=scontent.fhan2-4.fna&oh=03_Q7cD1QGyqakP66KZlJ7Oswo4Iopnr5Haj30ebH-trW6PslhF2w&oe=6680C29B,,			Bách	Duyệt		
2024-05-29	FP - Showbeat	Lê Ngọc Tuyền	Không phải Hải Tú, netizen đã tìm ra infor nàng thơ trong MV mới nhất của Sếp rồi đây 😍  Sơn Tùng M-TP chỉ vừa mới tung đoạn teaser MV “Đừng làm trái tim anh đau” với bóng dáng rất mơ hồ của nữ chính nhưng làm sao qua mắt được cư dân mạng xứ Đông Lào.  Nhanh như chớp netizen đã tìm ra được infor cô gái với vẻ đẹp trong veo trong sản phẩm mới của Sếp là hotgirl nổi tiếng Thái Lan - Pimtha. Pimtha sinh năm 1996 là một trong những hot girl đình đám nhất của Thái Lan đã nổi tiếng từ rất sớm và sở hữu trang ig 4.7 triệu người theo dõi.   Có vẻ Sếp khá ưng các diễn viên Thái Lan, sau Mai Davika thì giờ đến Pimtha 😉	https://scontent.fhan2-4.fna.fbcdn.net/v/t1.15752-9/436725097_988186219560190_2613617915237414993_n.jpg?_nc_cat=100&ccb=1-7&_nc_sid=5f2048&_nc_eui2=AeE814rH0g4hgAmwFL5nG-3dFXydBtLjc08VfJ0G0uNzT64f0S-cCDjj89l5AtYjbJcZ5IVh7UM2WEcIGmsgRKq3&_nc_ohc=yAQZ6Lkwdn8Q7kNvgFBQXH8&_nc_ht=scontent.fhan2-4.fna&oh=03_Q7cD1QFjL0KP1qy7-B-dRaosEWjJKpzZCwZUZr9XGQnMULTk7w&oe=6680D520,,https://scontent.fhan20-1.fna.fbcdn.net/v/t1.15752-9/441451133_1005635020924384_8802669987387742788_n.jpg?_nc_cat=102&ccb=1-7&_nc_sid=5f2048&_nc_eui2=AeHCDz9JX36uMVoJuRz_SQqvAQzXcwhcHCwBDNdzCFwcLOxY1jLlM-XPptdACxYlKjFjLC9b5uPN6aJQuAF6_HHI&_nc_ohc=4dThlI3rddcQ7kNvgE1tDPv&_nc_ht=scontent.fhan20-1.fna&oh=03_Q7cD1QEOm4-gOAgsr7v_RV5Py78Ieo7E0eHmfA3d2zxNYug8Sg&oe=6680B55E,,https://scontent.fhan2-4.fna.fbcdn.net/v/t1.15752-9/441748744_823649602467936_93375611032227561_n.jpg?_nc_cat=105&ccb=1-7&_nc_sid=5f2048&_nc_eui2=AeEYVG_A5cUxAY9BkKyqTY1Zlnf3uekzBoOWd_e56TMGgz2ZTFRgFFdpRJDyff-nvkzkOH8MGY6lFTlqm1g3rYlF&_nc_ohc=1W02TEktlwwQ7kNvgGtpiyn&_nc_ht=scontent.fhan2-4.fna&oh=03_Q7cD1QHt233fWwwOD851FV7fZYq02edWIYz3___ZfKWHbyXBTw&oe=6680D60E,,https://scontent.fhan2-3.fna.fbcdn.net/v/t1.15752-9/441901013_1183900969459104_5894906823391854858_n.jpg?_nc_cat=108&ccb=1-7&_nc_sid=5f2048&_nc_eui2=AeEM1KZtz8_R8QYYG6c6tJRJa0LC0dCBdWNrQsLR0IF1Y5mclhQKe9zTfDstXvXo6QH3jULh5wkALF6mazSqHGLR&_nc_ohc=1hLfseyMas8Q7kNvgEiwKuz&_nc_ht=scontent.fhan2-3.fna&oh=03_Q7cD1QHgle0-OonDajzbE_FftGvzG7QB_rDt2B0whbkO90UubQ&oe=6680D8FB,,https://scontent.fhan2-4.fna.fbcdn.net/v/t1.15752-9/441891232_1194627671550189_7768521421168753659_n.jpg?_nc_cat=110&ccb=1-7&_nc_sid=5f2048&_nc_eui2=AeFr07t-BxJroLTr153EFCVanbLFQgheWQGdssVCCF5ZARzmCbYVhVpC2jmpe2uScOsV5J2vDzwjqm6VF0u8pANU&_nc_ohc=hMKdFIg2NckQ7kNvgE_OeLr&_nc_ht=scontent.fhan2-4.fna&oh=03_Q7cD1QEWVlLvcyo7aP30NnExVCdrZid1Zw3vSC-qewF8TT-Dbw&oe=6680C837,,https://scontent.fhan2-5.fna.fbcdn.net/v/t1.15752-9/441494899_450845764221451_8346535536523341169_n.jpg?_nc_cat=106&ccb=1-7&_nc_sid=5f2048&_nc_eui2=AeGqMNj2x-LCvEYGQDsGzPUs0R7StlHKJKzRHtK2UcokrK6mF2BgIZRIDcIIFkbRSHkCAGhDlgPJIEqYW0WYONxV&_nc_ohc=I5Aq7iG7CMgQ7kNvgExI46f&_nc_ht=scontent.fhan2-5.fna&oh=03_Q7cD1QE-en0hNZasEVRJxQl0Njha_41zaoL4vL8N_Q5wQA5vlw&oe=6680AE6B,,https://scontent.fhan2-4.fna.fbcdn.net/v/t1.15752-9/441639709_834869171790704_594656686564537916_n.jpg?_nc_cat=100&ccb=1-7&_nc_sid=5f2048&_nc_eui2=AeGJMnHm3Yxpsvs_woCglY_EzLhAZm988-3MuEBmb3zz7W_MKcoaZhwCBUJWRwZTnSAraCDlZUz2F6S8q19LCHh4&_nc_ohc=7F9R9Ajc0tcQ7kNvgFM949y&_nc_ht=scontent.fhan2-4.fna&oh=03_Q7cD1QH8wvJhQMFvNrgGfrPxtDfzksYNq4ak-PMzOrkUKmbLZw&oe=6680DF3A,,			Bách	Duyệt		
2024-05-29	FP - Showbeat	Đào Hửu Nhơn	❗️🙏Đăng luôn kết quả khám tổng quát, Ngọc Phước tất tay với nhỏ “Chưa Biết” 😈  Nhỏ “Chưa Biết” sẽ bại trận vì lần đầu bốc sai hay là Ngọc Phước sẽ lập kỷ lục là celeb đầu tiên lật được nhỏ “Chưa Biết” ??? 😒😱 Ủa mà đính chính chuyện tình hình sức khoẻ thôi chớ không đính chính chuyện làm 🍵xanh hả chị?	https://scontent.fhan2-5.fna.fbcdn.net/v/t1.15752-9/444783198_423515063856904_1504848876830823365_n.jpg?_nc_cat=107&ccb=1-7&_nc_sid=5f2048&_nc_eui2=AeH1J9dy_9q__GXu8AFonv3fK3czkr_Z8SordzOSv9nxKvxAMAsI4doJAg_M_lELVjExPQRq-YiSzkUJ4WAJOV4l&_nc_ohc=gRBAbq6Amz8Q7kNvgFPZhST&_nc_ht=scontent.fhan2-5.fna&oh=03_Q7cD1QGnf1U6B9XlsB05v46PCWgWnAu9fuxbou41FF1mGxReYA&oe=6680AFAE,,			Bách	Sửa/ xóa bài	che mã y tế	"Vi phạm quyền riêng tư"
2024-05-29	FP - Showbeat	Lưu Gia Hân	"❗️Á HẬU TƯỜNG SAN XÁC NHẬN ĐẠI DIỆN VIỆT NAM THAM GIA MIQ KHI CHƯA PHÁT SÓNG CÔNG BỐ 😌  Chuyện là, Hương Giang Entertainment tổ chức một tập phát sóng đặc biệt cân nhắc giữa hai Á hậu An Nhi và Tường San. Ai sẽ đại diện Việt Nam tham gia đấu trường Miss International Queen 2024? Chuyện sẽ không có gì nếu như Á Hậu Tường San lên tiếng xác nhận bản thân sẽ là người được chọn trước thềm tập đặc biệt phát sóng. 🤭🙏  Á Hậu Tường San về trường cấp ba, tham dự Tổng kết và thẳng thừng tuyên bố ""San cũng có một cái may mắn là đã đạt được danh hiệu Á hậu 1 cuộc thi MIQVN và sắp tới có cơ hội sẽ đại diện Việt Nam tại Miss International Queen 2024"" 🙂 Là vô tình hay cố ý công bố trước thềm tập đặc biệt phát sóng? Hương Giang Ent đi nước cờ truyền thông hay do Tường San không kềm nổi sự hạnh phúc của mình? 😌  Vậy xem tập đặc biệt chi nữa? Khi biết An Nhi ở nhà rồi, công bố kiểu này có vẻ không có tí tôn trọng công ty chủ quản hay cả Á hậu 2 An Nhi luôn nhỉ  🥹
Cmt: Chị tự công bố, khỏi cần công ty phát sóng nữa 😌"	https://scontent.fhan20-1.fna.fbcdn.net/v/t1.15752-9/445386563_7709647839120849_2375989769623343610_n.png?_nc_cat=103&ccb=1-7&_nc_sid=5f2048&_nc_eui2=AeG5CnbOlyJX6v8wldMQfVnkze0v5l6ic9HN7S_mXqJz0cUuqMoThvXotOZJrqkrJO3BDeemL1gIXeUj0AmLgAd5&_nc_ohc=eIgUXtmc4_IQ7kNvgE63V45&_nc_ht=scontent.fhan20-1.fna&oh=03_Q7cD1QE-7VQ9hURTLMvfdOaa2GgSbwhcxStny2iTDm-TezcYnA&oe=6680CB94,,	https://video.fhan2-4.fna.fbcdn.net/v/t42.3356-2/442514038_5875616619228702_4318200661504901525_n.mp4?_nc_cat=105&ccb=1-7&_nc_sid=4f86bc&_nc_eui2=AeGMb0UfTZfNPkECyXHfNKhazeSW2m6K0F3N5JbaborQXdIt2IyE1rbqfQsw2istnpN-B7Xph3AySh9xVVYSKCZV&_nc_ohc=aBM82dCIq6sQ7kNvgHFpz2i&_nc_ht=video.fhan2-4.fna&oh=03_Q7cD1QHRZcTmRAhwh3ae0NA6mXU9frWJNXS6N3cXaosdYsOa3A&oe=665B20EE&dl=1,,		Đạt	Duyệt		
2024-05-29	FP - Showbeat	Đào Hửu Nhơn	"Chúc mừng Zeros đã đến vòng cấp vốn =)  Dắt đi ăn yêu thương kiểu này chắc ""ting ting"" cũng không ít đâu ha 😌"	https://scontent.fhan20-1.fna.fbcdn.net/v/t1.15752-9/444762035_741386104860393_2740530507770748086_n.jpg?_nc_cat=109&ccb=1-7&_nc_sid=5f2048&_nc_eui2=AeHBVc0tmyba_l5XmoQ26uSuszqXHfv--AGzOpcd-_74AS_nzOl8yZRcgkGXkXbu61c6dbaRBYUHzmJnMLyMpu2o&_nc_ohc=uYA79H0X2EAQ7kNvgH3NIdT&_nc_ht=scontent.fhan20-1.fna&oh=03_Q7cD1QFlnCj1P2LUfCJzZ4Uv3JHuoavzJp-R_JM6bziIZwACNg&oe=6680D1C4,,			Bách	Duyệt		
2024-05-29	FP - Showbeat	Đào Hửu Nhơn	"❗️Chấn động: Ngọc Phước bị nhỏ ""Chưa Biết"" t.ố là trà xanh đến benhlau 🤡  Không biết sự tình ra sao, nhưng có lẽ Ngọc Phước cần phải lên tiếng vì nhỏ ""Chưa Biết"" một khi phot ai thì hẳn đã có bằng chứng  🫥  Nút follow đã được ấn thì chắc chắn là chuỗi series dài tập về drama này sẽ được lên sóng 😌"	https://scontent.fhan20-1.fna.fbcdn.net/v/t1.15752-9/444762599_451854977327679_5589313917555428917_n.jpg?_nc_cat=102&ccb=1-7&_nc_sid=5f2048&_nc_eui2=AeHaxamWDtj4xN1LOMTxIiECaeKhR7sYHj1p4qFHuxgePZzIwpGZv9x_5JkfN1DlRVnuD4aj21weNhSm-RqfdETE&_nc_ohc=_-lyDtX0ym8Q7kNvgFqMupG&_nc_ht=scontent.fhan20-1.fna&oh=03_Q7cD1QEKHNuLDxw9EcZTx6WUgYtCrRwn_YE8rqg7w-cIjFg-8w&oe=6680CB81,,			Bách	Sửa/ xóa bài	Che “phot”, “cần cỏ”	"Bắt nạt và quấy rối"
2024-05-29	FP - Showbeat	Lưu Gia Hân	"❗️Vợ Đức Tiến òa khóc khi biết giá đất chôn chồng mình là 41 ngàn đô, tiền làm mộ 17 ngàn đô 🥹  ""Đức Tiến lúc sinh thời từng nói với vợ Bình Phương là nếu chết đi không muốn bị thiêu, muốn được chôn ở một nơi thoáng đãng cho khán giả tới thăm viếng.""  Một phần vì, Đức Tiến mong muốn được chôn cất ở nghĩa trang cho người Công giáo, còn gọi là đất thánh. Khi nghe báo giá 41 ngàn đô một ngôi mộ, vợ Đức Tiến đã òa khóc.   Mãi cho đến khi có một người anh lên tiếng giúp đỡ. Người anh này có 4 miếng đất ở nghĩa trang đó dành cho gia đình anh ấy nhưng sẵn sàng tặng lại một miếng đất cho Đức Tiến.  Nhưng sau đó, gia đình lại tiếp tục ngã ngửa khi biết rằng phải mất thêm 17 ngàn đô nữa. Trong đó, 10 ngàn đô làm bia mộ và 7 ngàn đô để trả cho dịch vụ đào huyệt, chôn cất.   Ở Mỹ, nghĩa trang làm giống một công viên và ngôi mộ nào cũng phải xây đều giống nhau theo đúng quy chuẩn, không được tự ý xây khác đi, nên rất tốn kém.  Cre: Kênh14"	https://scontent.fhan2-4.fna.fbcdn.net/v/t1.15752-9/441746774_776134830972848_6511834783192558215_n.jpg?stp=dst-jpg_p1080x2048&_nc_cat=110&ccb=1-7&_nc_sid=5f2048&_nc_eui2=AeFi5zV4GTnrkDajq0exTSoaAmLahY4xoIcCYtqFjjGghx-gEn1RaRD5dknwKt1ot_Yy_hb2yuC6ZPC8ktw1fwpA&_nc_ohc=A8SZjWUFc6gQ7kNvgHCsOco&_nc_ht=scontent.fhan2-4.fna&oh=03_Q7cD1QGZcFM39eLZwZimPvx64wVp7PyWOnHBEb8Tv5SF1pc7Gw&oe=6680C694,,			Đạt	Duyệt		
2024-05-28	FP - Showbeat	Lê Ngọc Tuyền	Hình ảnh Lâm Minh cực slay cùng con trai hôm nay là cả một sự đấu tranh nội tâm không nhỏ trong cô ấy ❤️ Có một Lâm Minh đã từng gọi hỏi chồng khi đi làm tóc như thế này: - Em nhuộm tóc đỏ nhá? Òh oke - Chồng em bảo đổi pass nhà không cho về nữa!  Dù đã bày tỏ với anh thợ tóc rằng bản thân rất thích màu tóc đỏ và muốn làm từ lâu nhưng trước khi làm vẫn phải gọi hỏi chồng. Khi nhận được câu trả lời như vậy, cô gái ấy vẫn mỉm cười và chọn màu tóc khác để không khiến người đàn ông phật lòng.  Hình ảnh hôm nay của Lâm Minh sau rất nhiều trận chiến nội tâm, có thể là còn nhiều hơn chúng ta nghĩ là một “thành quả” dù chưa phải ngọt ngào nhưng cũng không cay đắng như vài hôm trước khi mình thấy cô ấy trên livestream với mái tóc rồi bời. Ánh mắt quyết liệt khi đứng cạnh con, sự quyết tâm qua hành động cạo hết tóc như trút hết mọi rào cản mà bản thân cô ấy đã tự đặt ra cho mình với khao khát cuối cùng là xây dựng gia đình hạnh phúc dù đã không thành.  Người ta có thể cười cợt vì hành động cạo trọc của cô gái này, một vài lời mỉa mai “cạo đầu là quyết tâm dữ chưa? Quyết tâm được mấy ngày”…. Nhưng với một người đã rất lâu rồi đến cả chuyện tóc tai cũng không tự mình quyết được thì lần này là chính là sự nổi dậy, nó không chỉ là sự phản khán khẳng định tự do, mà nó còn là tình yêu thương cô ấy dành cho mình, một tuyên bố chưa từng nói thành lời nhưng ai cũng nghe được “Tự tôi quyết định cuộc đời tôi”.  Chúc mừng Lâm Minh. Hôm nay chị đẹp hơn tất cả hình ảnh mà mình đã từng thấy ❤️	https://scontent.fhan2-4.fna.fbcdn.net/v/t1.15752-9/441534165_821655492755014_322910101168000894_n.jpg?_nc_cat=110&ccb=1-7&_nc_sid=5f2048&_nc_eui2=AeEPILuyqHiPvVTgGSKZenFfvWunqR5sna69a6epHmydrgH0_kdj2eXUW6V8CJZPDVBylr3_DOVV6hUGbcxOXBi5&_nc_ohc=gfOFmcFfgnEQ7kNvgE_KVdf&_nc_ht=scontent.fhan2-4.fna&oh=03_Q7cD1QGRqhG6RzjVLFcrWJsytIkuCYpCLKaxbP1c2TE_zuSHgg&oe=6680BBDA,,https://scontent.fhan20-1.fna.fbcdn.net/v/t1.15752-9/441519458_1153082229268297_2975703750040907755_n.jpg?_nc_cat=103&ccb=1-7&_nc_sid=5f2048&_nc_eui2=AeELy0MglCVsu2EuUwtLHsuIgNKF9EKm31SA0oX0QqbfVA9aazzwJAVWV96hET-ldkBa8V-K0obxoSQcdnRmP3Hh&_nc_ohc=9WW_EwZhScUQ7kNvgH07Tt5&_nc_ht=scontent.fhan20-1.fna&oh=03_Q7cD1QGSWa2PN77ocsfjtOpwA02gsocZUsUsP81dXrpvWx14Hg&oe=6680B059,,https://scontent.fhan20-1.fna.fbcdn.net/v/t1.15752-9/441454903_427138546867573_9030064400418011546_n.jpg?_nc_cat=103&ccb=1-7&_nc_sid=5f2048&_nc_eui2=AeF7wzyh1aBnXfpLmKQkR_vy7JhQVpfJetfsmFBWl8l616FcKobtsCq03xdOQL8PpWTLOoqyFGWgMYTICi87AuwM&_nc_ohc=Om5v6nzNlPsQ7kNvgEFIBng&_nc_ht=scontent.fhan20-1.fna&oh=03_Q7cD1QH8TJUhCnSYHFhjhgDzUldw4b-rjekwxIkO8Y2bGKjozg&oe=6680AAAB,,			Bách	Duyệt		
2024-05-28	FP - Showbeat	Lưu Gia Hân	Nhan sác ái nữ là MC Quyền Linh 😍 Lọ Lem ngày càng nhuận sắc không kém phần thanh tú và ngọt ngào 😘 Xin vía vừa ngoan xinh yêu vừa giỏi giang như này ạ 🤩	https://scontent.fhan20-1.fna.fbcdn.net/v/t1.15752-9/436729390_1002187918269118_714528838445632150_n.jpg?_nc_cat=103&ccb=1-7&_nc_sid=5f2048&_nc_eui2=AeE-3DTxB_3-cMhxpg8CkCavHZOkjo7dhmAdk6SOjt2GYAXacd_vDSpIdUhhF-1tKkC4dl_G_a9DUJLqFUhJ7hoN&_nc_ohc=_a6kwpocbWoQ7kNvgHEZ6eT&_nc_ht=scontent.fhan20-1.fna&oh=03_Q7cD1QHONNdqQ1tYL2aG7R7nPIgwXfqqNOCb0MUC1D1PHEKQsg&oe=6680B0FF,,https://scontent.fhan2-3.fna.fbcdn.net/v/t1.15752-9/436381220_993368438982495_5477802574915202345_n.jpg?_nc_cat=101&ccb=1-7&_nc_sid=5f2048&_nc_eui2=AeHSgka8oPL4Ye9ffqSmO1E_UGBk7WlE8QJQYGTtaUTxArPKjwWiK6L2kWqTzSlscDOP_W2HgMEZYSIXfhf9sGtf&_nc_ohc=_EZVdhaEWf8Q7kNvgGrER00&_nc_ht=scontent.fhan2-3.fna&oh=03_Q7cD1QGIOEYFz6EB6qkO8fC-bCTkILOeei-NVxjaYjn_EW8DXA&oe=6680D948,,https://scontent.fhan20-1.fna.fbcdn.net/v/t1.15752-9/441501523_297297990118670_1799905830626795943_n.jpg?_nc_cat=103&ccb=1-7&_nc_sid=5f2048&_nc_eui2=AeGrV-bU5iVsnjm23veURJhFHOjIkWz2ByAc6MiRbPYHINyY-WT3A5AvDhImd1AA1onlGPOJzpkon08vGdRpi73l&_nc_ohc=3NpjS8fnmwgQ7kNvgGnHU4C&_nc_ht=scontent.fhan20-1.fna&oh=03_Q7cD1QGohKHA0ZmT9IFooCxGGH5ZWXFuqFmLDno3-541Dwiv-w&oe=6680C60C,,https://scontent.fhan2-5.fna.fbcdn.net/v/t1.15752-9/441081855_966236905052558_214615844439318864_n.jpg?_nc_cat=107&ccb=1-7&_nc_sid=5f2048&_nc_eui2=AeEzFaL7UxRizAnURygR1UGRFmmbugLsSxUWaZu6AuxLFadyKhoGNH3VEG2Sz4-A9Xw2lWsws2D4js5FO-XEvVpi&_nc_ohc=BnW681aHWWYQ7kNvgEmdDBB&_nc_ht=scontent.fhan2-5.fna&oh=03_Q7cD1QGoLgTTdgZcm6IrUqVsABzc-PRTLhuvcAg6i1m4NvJy9A&oe=6680D607,,	https://video.fhan2-4.fna.fbcdn.net/v/t42.3356-2/442509644_7544736965611239_729419203159704425_n.mp4?_nc_cat=105&ccb=1-7&_nc_sid=4f86bc&_nc_eui2=AeFXXcLoQbWpyEiKLv0FxJcy0PErXG4URATQ8StcbhREBPhyP7KQIwkg3v29h_2YlpzhK8uJqtghCz-GL7RnKihm&_nc_ohc=kDnHjCWUmR4Q7kNvgGxvDGO&_nc_ht=video.fhan2-4.fna&oh=03_Q7cD1QEny6r1zrHZngXEzwCfmReiye-4wSmE2DmS1DYwoNQ5Aw&oe=665B4164&dl=1,,		Bách	Duyệt		
2024-05-28	FP - Showbeat	Đào Hửu Nhơn	❗️🤡 Ngày tàn của ăng ti tung tin đồn hỏng có thiệt về Hương Tràm đã đến 😌  Chị yêu Hương Tràm đã có mặt tại sở TT & TT TPHCM để t.ố cáo những tài khoản phở bò, tóp tóp đưa tin sai lệch nói chị qua Úc du học để sinh con 😕	https://scontent.fhan20-1.fna.fbcdn.net/v/t1.15752-9/444758619_819514503506487_1389370805435173627_n.jpg?_nc_cat=109&ccb=1-7&_nc_sid=5f2048&_nc_eui2=AeFTJ3WEk6F1Sjt3sL1vmuyXSLtwdnMKVYJIu3B2cwpVgqqNzCNoEkscZcMslCl1onVtNnvVoIeb3f4CVN9Amt43&_nc_ohc=Z3xo4wXSMpoQ7kNvgHuQgbO&_nc_ht=scontent.fhan20-1.fna&oh=03_Q7cD1QEX8UMCUJgWZIQBief9D0JaLl1I7HJtd6HHCm95TWfvGA&oe=6680BCD5,,			Đạt	Sửa/ xóa bài	Thêm nguồn theanh, sửa “ngày tàn”	
2024-05-28	FP - Showbeat	Lưu Gia Hân	Visual nét căng của bạn trai Thiều Bảo Trâm 😍🥰 Matthis hội chị em không khỏi xuýt xoa trước nhan sắc này 🥰 IP15 promax của ai đó vô nhận dùm đi 😜	https://scontent.fhan2-4.fna.fbcdn.net/v/t1.15752-9/445373062_8157894297572725_6433496091231205098_n.jpg?_nc_cat=105&ccb=1-7&_nc_sid=5f2048&_nc_eui2=AeEKCWwhzAYS5L9-ZwVXo1cva9hLr5TsVl5r2EuvlOxWXh3KlqKhkxfcYCZSa_tmxzrJmDUoL6VYMkntgK_9fTqt&_nc_ohc=LlFhzRvRWq8Q7kNvgEJjShM&_nc_ht=scontent.fhan2-4.fna&oh=03_Q7cD1QGqm-JRkjKmtvC8or1Es6xIUCVtcoujGwP650SQHrBgvg&oe=6680C1A9,,https://scontent.fhan2-4.fna.fbcdn.net/v/t1.15752-9/440740434_1669773030460097_572329782698511362_n.jpg?_nc_cat=105&ccb=1-7&_nc_sid=5f2048&_nc_eui2=AeHtwYkm2KxZT02vIUOx5TmY0a6s7fH1d3_Rrqzt8fV3f1SaTe7NHelJu7UAUTpyEMEzdWeT-x4R61aWX-PnHCsA&_nc_ohc=rVLz2dBYgwIQ7kNvgF7sI_l&_nc_ht=scontent.fhan2-4.fna&oh=03_Q7cD1QHpaXGXi1AejaO8xkBvMnd2sEgzb2UyPb_vv1YIKS-0yw&oe=6680BE20,,https://scontent.fhan2-4.fna.fbcdn.net/v/t1.15752-9/441447686_380300517765071_7414515442444992665_n.jpg?_nc_cat=105&ccb=1-7&_nc_sid=5f2048&_nc_eui2=AeGr5w3cLu-TO-KVe89VrLb8GoB1CPgzhzcagHUI-DOHNzZKbYYgg4P6yroN_zbckmFYg4ixwxMOZAwDrzmOltC_&_nc_ohc=DDPyDqecXpwQ7kNvgGGj5_c&_nc_ht=scontent.fhan2-4.fna&oh=03_Q7cD1QG_tj5qh8JVbSm6-SvW-98PVk3Vu-00d3dL--_p3Ck1YQ&oe=6680BEC8,,			Bách	Duyệt		
2024-05-27	FP - Showbeat	Lê Ngọc Tuyền	‼️TUN PHẠM ĐÍNH CHÍNH: KHÔNG CÓ HẸN HÒ, ĐANG XEM EMMA LÀ NGƯỜI BẠN ĐỒNG HÀNH SÁNG GIÁ 🫨  Đăng ảnh couple, content đôi lứa yêu đương vậy thôi chứ khi nhận được câu hỏi phỏng vấn là có đang hẹn hò hay không thì nam chính ngôn tình đã đính chính cả 2 người đều chưa lên tiếng chính thức, hiện tại anh ấy đang xem Emma Nhất Khanh là một người đặc biệt, rất đặc biệt, là người bạn đồng hành sáng giá ✨  Lật vội lật vội thôi 🥹 Ai đã lên thuyền rồi thì mình cân nhắc nhé, chứ nghe mùi kết phim Emma là nữ phụ đam mỹ rồi á. Cũng phải thôi, vì Tun Phạm là của Tuấn Trinh mà 🥰  Nguồn: YAN TV - Bestie	https://scontent.fhan2-5.fna.fbcdn.net/v/t1.15752-9/441675366_1528952321165197_5480864354219766739_n.jpg?_nc_cat=106&ccb=1-7&_nc_sid=5f2048&_nc_eui2=AeFf62d9TvrPTZmDhX818D8qUdoNtrLV-6VR2g22stX7pf7q5MrpqCKjXuW1WUKwU2oA4xwGTx4OfUbeTTb3tGBL&_nc_ohc=Me3Q94YsGwUQ7kNvgFn3dVS&_nc_ht=scontent.fhan2-5.fna&oh=03_Q7cD1QFpMYQe6yLs3PTi96xPeRvWpQlp4d_7LecY5icROg8rSg&oe=6680B319,,https://scontent.fhan2-3.fna.fbcdn.net/v/t1.15752-9/436642004_1103814907516485_7991903020857915521_n.jpg?_nc_cat=101&ccb=1-7&_nc_sid=5f2048&_nc_eui2=AeETs0rjkXQQZ5YFwrSyShpHGK-YXKV6xE0Yr5hcpXrETccf-D4yQw3YSZcxP8l5CvOSLtZWcZNxgza0nBEaiBfF&_nc_ohc=q-iJ9emAXhgQ7kNvgFTrpm7&_nc_ht=scontent.fhan2-3.fna&oh=03_Q7cD1QGPlBxZnVdwHlf5ME0hAFyY07fYIzDVK8t8redymz73SQ&oe=6680B16B,,https://scontent.fhan2-3.fna.fbcdn.net/v/t1.15752-9/441479283_1187502715470281_1186200906192574998_n.jpg?_nc_cat=108&ccb=1-7&_nc_sid=5f2048&_nc_eui2=AeGLEyiD2SYQmNmvLhHhEn4wyrBb6LmF94rKsFvouYX3iv6yYDCSzXiTLXa7lixsPXFu1xIpBejWEXPhmbfLm5Sl&_nc_ohc=QymYyukKfokQ7kNvgFqYnCP&_nc_ht=scontent.fhan2-3.fna&oh=03_Q7cD1QG1NqxuVADRszc8FjOo4kSEiawyLmNIaJTz6tWWRTwCkQ&oe=6680C3AF,,			Đạt	Duyệt		
2024-05-27	FP - Showbeat	Đào Hửu Nhơn	"Bài hát được nghe nhiều nhất lúc này, ai còn hỏi tại sao là còn ""tối cổ"" 😌"	https://scontent.fhan2-3.fna.fbcdn.net/v/t1.15752-9/445382849_404719135890852_9219398473042617563_n.jpg?_nc_cat=108&ccb=1-7&_nc_sid=5f2048&_nc_eui2=AeHGDUyZSiMnO9obsVGaUP0g53nhbxIPrF7neeFvEg-sXrr0sbPmAkP5pWGHuBZaDWuzEG6BbVywN6-7V0AaoTy0&_nc_ohc=Lis7uxqNI3kQ7kNvgEIlhIk&_nc_ht=scontent.fhan2-3.fna&oh=03_Q7cD1QFz_8Wi2zCiAegiLa_TBa7ewm5A2-QiY1Aq98FxQS9XVg&oe=6680A949,,			Đạt	Duyệt		
2024-05-27	FP - Showbeat	Lưu Gia Hân	❗️🙏Jack hỏi Đóm trả lời  🐱: tôi vẫn trong tim Bạn chứ?! 🌻 Đóm: Em luôn “đề cao” anh trong tim mà 🤭   Dù anh có là Jack 5 🍠 hay Jack 300 🍠 thì em vẫn only mình anh 😘 nên là anh yên tâm nha vocal chính của Ép Bốn 😂 Ép xê miền Tây tự hào dìa anh.	https://scontent.fhan2-4.fna.fbcdn.net/v/t1.15752-9/442669014_1172901293845828_8451688991191080587_n.jpg?_nc_cat=110&ccb=1-7&_nc_sid=5f2048&_nc_eui2=AeHfX-cgWLIXQoZcLQUjjio1bGcuu4IH1ZNsZy67ggfVkzSXd8GcuVrtHCKc6_buZ_bBLyLG7MUxrZ7F_2CowWa2&_nc_ohc=rClilaH642IQ7kNvgGAjdIE&_nc_ht=scontent.fhan2-4.fna&oh=03_Q7cD1QF7SBv5EOK4tjL1IWy1oE3aDBoD2hNY0ThxDemkfaakCA&oe=6680B042,,			Đạt	Duyệt		
2024-05-27	FP - Showbeat	Đào Hửu Nhơn		https://scontent.fhan2-4.fna.fbcdn.net/v/t1.15752-9/444762050_372965882430356_7923563741435826131_n.jpg?_nc_cat=110&ccb=1-7&_nc_sid=5f2048&_nc_eui2=AeFoZNgKnRFnhvL5-ekaD4308wSUOHjI2PXzBJQ4eMjY9XenOIZSbhf8Rsbd4MIecxyJTNIkx760DgYyyCNrKBAn&_nc_ohc=SX9ekreVkC8Q7kNvgF30ZQ6&_nc_ht=scontent.fhan2-4.fna&oh=03_Q7cD1QEl47UekNw00vidRy3mQt7BHoKXM4zJIUNB4FABUBdIfQ&oe=6680D30F,,			Đạt	Duyệt		
2024-05-27	FP - Showbeat	Đào Hửu Nhơn	Bức ảnh gia đình O Sen (Ngọc Mai) vui đùa bên Quốc Nghiệp đang là chủ đề gây tranh cãi nhất trên MXH hiện tại Đang có rất nhiều ý kiến trái chiều nhưng đa phần là những lời toxic, không đứng về phía Ngọc Mai.	https://scontent.xx.fbcdn.net/v/t1.15752-9/445377169_809757960809848_8434182791709631725_n.jpg?stp=dst-jpg_p403x403&_nc_cat=106&ccb=1-7&_nc_sid=5f2048&_nc_eui2=AeHZYvvo0JgL8lYErM3ZzsjuA6DgbNJ4N_8DoOBs0ng3_2BcaqTUH0F-_W_WSK4rFSMiuy-eA4Ex3VLhARc6pWRp&_nc_ohc=qaQjd6AhtGkQ7kNvgFzY-qI&_nc_ad=z-m&_nc_cid=0&_nc_ht=scontent.xx&oh=03_Q7cD1QEPelcd_4d78uB55FENVcW0OqZ1bKCnAdYZ8-Tz-7AgJA&oe=668277D6			Đạt	Sửa/ xóa bài	Liên quan chính trị	
2024-05-27	FP - Showbeat	Đào Hửu Nhơn	"Đã từng có một Lâm Minh hồn nhiên như thế và bây giờ là một phiên bản đầy vết xước trong lòng 🙂  Vào 2020, tức 4 năm trước, Lâm Minh từng đăng dòng trạng thái để tự nhắc bản thân: ""Lâm Minh không được cắt tóc, Lâm Minh không được cắt tóc nữa nha"".  Sau khi quen ""anh trai thích tương tác"" thì ánh mắt hồn nhiên ngày nào của Lâm Minh đã hoàn toàn không còn nữa mà thay vào đó là một ánh mắt chứa đầy nỗi buồn.  Phải chăng khi lựa chọn đúng người thì bản thân người con gái sẽ được hạnh phúc còn không đúng thì ngược lại.  Mấy bà con gái nên nhớ, yêu ai thì cũng phải luôn giữ một cái đầu thật lạnh, vì chúng ta sẽ không biết được cái giá phải trả cho việc lựa chọn sai người nó đắt như thế nào, có khi đó là cả sự đánh đổi cuộc đời bằng thanh xuân và cả những giọt nước mắt."	https://scontent.fhan2-3.fna.fbcdn.net/v/t1.15752-9/444782519_2796612103840308_3653715767332828165_n.jpg?_nc_cat=111&ccb=1-7&_nc_sid=5f2048&_nc_eui2=AeGF_dYKWMZi3aksPFggGi7jLSEJlfEt0NUtIQmV8S3Q1TL2zOcsNPbXDQe4-GhpjjNo3AF_YwQ2wGgXR53gzAuS&_nc_ohc=aonM3-8NU3wQ7kNvgFTZbqH&_nc_ht=scontent.fhan2-3.fna&oh=03_Q7cD1QG7wo10XmadFrENv5le08uEB9trGsMKZ8wMNb2945aTEQ&oe=6680D502,,			Đạt	Duyệt		
2024-05-27	FP - Showbeat	Đào Hửu Nhơn	❗️Năm 2024 rồi làm ơn đừng thổi vào đầu phụ nữ hai từ “hy sinh” nữa 🙂 Tại sao cứ phụ nữ là phải hy sinh? Xây dựng tổ ấm hạnh phúc là chuyện của hai cá nhân. Nên đừng quy chụp hai từ “hy sinh” đó cho người phụ nữ?   Trách nhiệm của một người đàn ông trong một mối quan hệ là gì? Cũng làm ơn, đừng cổ suý cho việc “gia trưởng mới lo được cho em” Nếu phụ nữ bản lĩnh họ có thể handle được tất cả và tự biến cuộc sống của họ trở nên hạnh phúc. “Gia trưởng” không đồng nghĩa với việc có quyền “tương tác” hay dạy bảo phụ nữ.   Gia đình cô ấy đã có quá trình giáo dục con của họ trước khi về làm vợ các anh chồng rồi ạ. Dẹp ngay tư duy có thể “dạy bảo” bất kì ai khi mình không học qua trường lớp “sư phạm” 🙏	https://scontent.fhan2-5.fna.fbcdn.net/v/t1.15752-9/442006976_972281181147771_1491761998612457098_n.jpg?_nc_cat=106&ccb=1-7&_nc_sid=5f2048&_nc_eui2=AeFjsicNgMqwvTvN2yr4-AWKMxvhZbbRD9YzG-FlttEP1lw_lEqDSuEsC52dPHepzrdHcILR6E9j-lXXamtJl7V6&_nc_ohc=OmAQxLst2kcQ7kNvgH74RqT&_nc_ht=scontent.fhan2-5.fna&oh=03_Q7cD1QHIK5Jbv_VUDfkvc_OICfb5jsReac1a6bV8HNI7BZvdHw&oe=6680C24C,,			Đạt	Duyệt		
2024-05-27	FP - Showbeat	Đào Hửu Nhơn	❗️Rồi là Trung Quốc cấm chiếu á cô, không được sản xuất nữa á chú. 13 thể loại sau đây á anh chị mình ơi:   1. Cổ trang cung đấu 2. Thanh xuân vườn trường 3. B:ạo l:ực học đường 4. Tâm linh - m:ê tín dị đoan 5. Phim đam mỹ 6. Tình yêu người và thú, người và robot 7. Tình yêu thầy trò 8. Phim Đi ngược luân thường đạo lí 9. Phim xã hội đen 10. Phim có yếu tố tình “rụccc” 11. Yêu kẻ thù gia tộc 12. Cổ trang xuyên không (du hành thời gian) 13. Hồi sinh (nhân vật chính “chớt” đi sống lại)  Rồi mai mốt chiếu phim hoạt hình vui vẻ đồ đi anh chị mình ơi 🙂 Chớ còn gì đâu mà coi nữa 🙏	https://scontent.fhan20-1.fna.fbcdn.net/v/t1.15752-9/441081846_803997251678305_6784584532991194994_n.jpg?_nc_cat=109&ccb=1-7&_nc_sid=5f2048&_nc_eui2=AeGbnkcbqLqx6YTOf1panoaZQlFrNFpipqdCUWs0WmKmpxfgu1WMkie_GK_EYeLOQNNtEGT6ykXVBhAdUc80V7V-&_nc_ohc=ahw3Wa7USK0Q7kNvgHarIqY&_nc_ht=scontent.fhan20-1.fna&oh=03_Q7cD1QGd6OMOHKME4dHy4xKGrxVCNkpCTL7FOatolmdePExHew&oe=6680BC82,,			Bách	Duyệt		
2024-05-27	FP - Showbeat	Đào Hửu Nhơn	❗️Rồi khỏi chối đã he, đã he ảnh ghét nhất làm 3 đúng rồi còn cãi gì nữa. Nói 1 làm 1, nói 2 làm 2 chớ nhất định không làm “ba” nha má 😖🙏  Hay xếp hạng quá à, hay này kia quá đi. Con xếp hạng á chú, chấm điểm á cô. Còn ai chấm ảnh 10 nữa khum dị? 🤣😂	https://scontent.fhan2-4.fna.fbcdn.net/v/t1.15752-9/440091000_1705817066617219_492661473646979650_n.jpg?_nc_cat=105&ccb=1-7&_nc_sid=5f2048&_nc_eui2=AeEZWETL0Dy2lw_1dcwME3whTxpjky8vkjJPGmOTLy-SMpWnGuXK-Cok_f4jH2VGtM2wIxhpS-WzQFq4Fp-YgGsK&_nc_ohc=zv7Z8HmY1IEQ7kNvgHBr24K&_nc_ht=scontent.fhan2-4.fna&oh=03_Q7cD1QHhUlGLjiVVL-tt3K-EeZ_LwA8yYgehkUdUsvW8H86OhA&oe=6680BA0F,,			Bách	Duyệt		
2024-05-27	FP - Showbeat	Đào Hửu Nhơn	❗️🥰 Idol Cici tốt nghiệp mẫu giáo, sẵn sàng chinh phục trường cấp 1 😌  Chuẩn bị debut chấn động đây mà	https://scontent.fhan2-5.fna.fbcdn.net/v/t1.15752-9/440127623_283755258061572_8533805030914582980_n.jpg?_nc_cat=104&ccb=1-7&_nc_sid=5f2048&_nc_eui2=AeFQTRhRmWNg05hJx3p4jgOtXszw3qGoU1dezPDeoahTV4NOMKzBJgZcTCMTa7eO-hIQgNGDnFj4YrarcZIfXuvK&_nc_ohc=u8WiA5apxsEQ7kNvgG4PeSj&_nc_ht=scontent.fhan2-5.fna&oh=03_Q7cD1QHwaW5pHCCaAcFFosX5spUFhmkwwukaOEbpzYVvHNp55A&oe=6680DCFA,,https://scontent.fhan20-1.fna.fbcdn.net/v/t1.15752-9/441873124_814750843566717_3724109256514155872_n.jpg?_nc_cat=109&ccb=1-7&_nc_sid=5f2048&_nc_eui2=AeFjVbY5w8yl60AMyvDJeGklUYfmjwBm9EZRh-aPAGb0RnxBkumR5bvv3BK3Kgk3INPL1JcKQMUyae504y0G7ewT&_nc_ohc=5RUxLArj35oQ7kNvgGovZbN&_nc_ht=scontent.fhan20-1.fna&oh=03_Q7cD1QFqe-m4De22N7fHzG0jLVm42iJxiH7QN69YrtBo8hvKVA&oe=6680AAB0,,https://scontent.fhan2-5.fna.fbcdn.net/v/t1.15752-9/438083504_480735947626397_7496828998726932204_n.jpg?_nc_cat=104&ccb=1-7&_nc_sid=5f2048&_nc_eui2=AeFdWnsBG47mb3vTAH2wvTQFAPtnCJDmeBsA-2cIkOZ4G1yf216uj8iIfc8eUS3Wf2MAtX_CYzZQtaYdvay_YKUw&_nc_ohc=CRyE9CBuLa4Q7kNvgEv57-3&_nc_ht=scontent.fhan2-5.fna&oh=03_Q7cD1QGdMwI-9UOZ_M0TK1JVVHAYM9G5NTZgV7_imj64hES4hA&oe=6680B7BB,,			Đạt	Duyệt		
2024-05-27	FP - Showbeat	Đào Hửu Nhơn	"❗️🤡 Tiêu chí chọn con dâu của gia đình Viruss: Phải biết hy sinh cho chồng và biết chăm sóc, tôn trọng gia đình chồng 🥲  Mẹ của Viruss khẳng định mình cũng khá ""thanh niên tính"" nên không có yêu cầu gì nhiều 🙂, phải rồi đâu có gì nhiều đâu riêng chữ ""hy sinh"" cũng đủ làm con người ta chịu khổ rồi đó bác ơi 🥲   Các mẹ ơi, yêu thì yêu chứ cũng đừng có mù quáng để rồi chính bản thân mình tự đưa mình vào ""ải khổ"" gắn mác ""hy sinh cho chồng"" 🫠"	https://scontent.fhan2-4.fna.fbcdn.net/v/t1.15752-9/436645888_1152947755950503_4514107137105977786_n.jpg?_nc_cat=100&ccb=1-7&_nc_sid=5f2048&_nc_eui2=AeF1Tt3OclPwF4hQh2wZ-Mpk4NHrUOm0CPLg0etQ6bQI8tOeVFcJOkAOEAGShVx-zNCa6bGyM32rCzPG6KNd_KYZ&_nc_ohc=DTlpNsJ4kbgQ7kNvgHPTOXW&_nc_ht=scontent.fhan2-4.fna&oh=03_Q7cD1QFVf0F3BWKbQPm1nfU7IhdaRiKuz6oqK8NKyf80UAKlyQ&oe=6680C967,,			Đạt	Duyệt		
2024-05-27	FP - Showbeat	Lưu Gia Hân	"❗️Không nói đi show thời trang còn tưởng đâu đám cưới của đôi trẻ 🙏🤣  Phạm Thoại - Call Me Duy không hề hiềm khích như đã nói, nay đã phá tan mâu thuẫn, được ban tổ chức sắp ngồi gần nhau trong show thời trang tối qua. Lên đồ phải nói là không má nào chịu thua má nào 😂  Ê nhìn cảnh này tưởng đâu Chân Hoàn trở về với Ung Chính không á mấy keo 🤣😅
Cap cmt: Đứa nào ghép dùm cái nhạc “Một vòng trái đất” ta nói đúng hoàn cảnh liền 😂"	https://scontent.fhan20-1.fna.fbcdn.net/v/t1.15752-9/445849477_1606277009939726_1464784250378304053_n.jpg?_nc_cat=103&ccb=1-7&_nc_sid=5f2048&_nc_eui2=AeGTS6cbLmtMfqHspf-MVoACR2TU4miDJIhHZNTiaIMkiIzmAr84ohieZZaBlMpmZpzSSU83crMHqprfOpqh6aM8&_nc_ohc=quwfsPKizSsQ7kNvgH8XeNt&_nc_ht=scontent.fhan20-1.fna&oh=03_Q7cD1QGowSySI-nL2DVdkwjj5qgJmFwelkVFpZLdqfRDq6oQaA&oe=6680CF31,,	https://video.fhan20-1.fna.fbcdn.net/v/t42.3356-2/436685148_8018542744846262_8388007351866540270_n.mp4?_nc_cat=103&ccb=1-7&_nc_sid=4f86bc&_nc_eui2=AeFLQMIwmGZIHEa-HGYLZJLgG4qBppKOiBcbioGmko6IF3-sT_wA4msvn4bNbEGoabbzF3wtoC6fcnsBWT0J2Mg_&_nc_ohc=C1BqcR_dFqwQ7kNvgGX_Vva&_nc_ht=video.fhan20-1.fna&oh=03_Q7cD1QEvqfHgTeW4yUIWZHfC4p14DwTKKNRR6N5qrXPb69VYog&oe=665B48E1&dl=1,,		Đạt	Duyệt		
2024-05-27	FP - Showbeat	Đào Hửu Nhơn	"❗️🤡 Chồng yêu bình thường cute vậy đó, chứ sơ hở thì cũng bờ lốc fan 🐧  Hỏng hề ""thảo mai"" một xíu nào luôn nha các mẹ ơi 🫠"	https://scontent.fhan20-1.fna.fbcdn.net/v/t1.15752-9/445379570_1085192785906598_5758568547679114323_n.jpg?_nc_cat=102&ccb=1-7&_nc_sid=5f2048&_nc_eui2=AeGSQkVyuFpnz80vF_8xMiryRHj-vPN-ZUJEeP68835lQpuQWCKKJi846fFYWDsFBWLC34bWE-lKwIRjHwg1zeiC&_nc_ohc=x6ouUKpCL7cQ7kNvgEDCu4p&_nc_ht=scontent.fhan20-1.fna&oh=03_Q7cD1QEzHl9hof0gJA64Mf_DmVEY9ppJZLYrezNzcNV458dgiQ&oe=6680CACB,,			Đạt	Duyệt		
2024-05-27	FP - Showbeat	Đào Hửu Nhơn	Chuyến này để bà cho mày giật nữa, khoải đi cưng 😌🤌🏻	https://scontent.fhan20-1.fna.fbcdn.net/v/t1.15752-9/436196456_1244127489896945_5243682020643611286_n.jpg?_nc_cat=109&ccb=1-7&_nc_sid=5f2048&_nc_eui2=AeHrBsHbmMGUMfJiEJ6_44Cs9IF9U0fw3gH0gX1TR_DeAWuVSabEwtxATuWZV1MDNN17zpkUBYWlDHSjR9guBSwU&_nc_ohc=eihqbi-RkFMQ7kNvgG9i0Mz&_nc_ht=scontent.fhan20-1.fna&oh=03_Q7cD1QEihRELk4ETCgPwXYd3OxcstbmeH1DMRpfJAMhjRRzVVA&oe=6680DB34,,			Bách	Duyệt		
2024-05-27	FP - Showbeat	Lưu Gia Hân	Hình và cap Cmt: Chị Linh thử hát bài anh NathaLee mua độc quyền mà không xin ảnh trước đi, thử coi có được như Văn Mai Hương chấp nhận không 🤭	https://scontent.fhan2-4.fna.fbcdn.net/v/t1.15752-9/442678087_1123583305589085_2282984870722528057_n.jpg?_nc_cat=105&ccb=1-7&_nc_sid=5f2048&_nc_eui2=AeHTuDk870k1elgPCVIUWxYdjSK7dBbalq2NIrt0FtqWrVt-CPDF4JnVQUjbQpSAuz5q8VZqKRMlbKYNlVf5O4VM&_nc_ohc=2kCqrCWXv6QQ7kNvgFETTGg&_nc_ht=scontent.fhan2-4.fna&oh=03_Q7cD1QH1Ro3oK2zlVwXesZXaKGO5a0N5sHYoLIF1IJf2FZ5tbw&oe=6680BD76,,			Bách	Duyệt		
2024-05-27	FP - Showbeat	Lưu Gia Hân	🔥 Phương Linh (chị gái Phương Ly) lên tiếng xin lỗi sau khi cố tình hát hit độc quyền của Văn Mai Hương 🙂  Thích cái cách chị Phương Linh hát trước rồi xin lỗi sau quá điiiiiii 🙄	https://scontent.fhan2-3.fna.fbcdn.net/v/t1.15752-9/438158367_3785759521665143_4413833929012619642_n.jpg?_nc_cat=108&ccb=1-7&_nc_sid=5f2048&_nc_eui2=AeG6KXTu_wRGVskVh4wKmzhmfq6VTI3O8iR-rpVMjc7yJCW22e3TQoZThQM4ytgzUsqs-yJBTXILokBIBueMdyFn&_nc_ohc=cp4lO6-WEMcQ7kNvgFtBd_k&_nc_ht=scontent.fhan2-3.fna&oh=03_Q7cD1QE0qosA4rmGP_WrN7HkSmKATHHnscIte4mn0CCgw640ig&oe=6680AE64,,			Bách	Duyệt		
2024-05-27	FP - Showbeat	Đào Hửu Nhơn	Giả dạng “sờ kai” phải hong? Đừng có làm xấu hình ảnh ép xê chứ cô em gì ơi 🙂 À hay là âm mưu giải cứu Đề cao với phát ngôn sốc kiểu này? 😳  Ngộ ghê he, giờ là phải kiểu ra đường mà bị xúm lại mới 🥥 lòng hay gì vậy? Giấu kín bưng cũng nói, công khai cũng nói. Ngộ he 🙏😒  Khai lẹ, thế lực ở đâu phái xuống comment đây?	https://scontent.fhan2-5.fna.fbcdn.net/v/t1.15752-9/444788934_994491655634799_2670569286881396123_n.jpg?_nc_cat=104&ccb=1-7&_nc_sid=5f2048&_nc_eui2=AeEFcZvPr8nR6K3837Z7v2f3OE60gBpreZw4TrSAGmt5nG--YxZ9rJY3zzEjCsSM4iFPGxAN0t7f5PzfYESWxfVN&_nc_ohc=MbnWd_r6Ek8Q7kNvgEXj2VO&_nc_ht=scontent.fhan2-5.fna&oh=03_Q7cD1QHv1AY2YdaKNpdTPE3UMT9eyY7OPr2qzUQqc5rWeYy1rg&oe=6680C0FA,,			Đạt	Duyệt		
2024-05-27	FP - Showbeat	Đào Hửu Nhơn	"❗️🤡 Đạt G chính thức gửi lời khiêu chiến đến với Decao =)  Ai cũng ""tương tác mạnh"" 😫, kẻ 8 lạng người 800g"	https://scontent.fhan20-1.fna.fbcdn.net/v/t1.15752-9/445381980_376429755429338_2624214244912182107_n.jpg?_nc_cat=102&ccb=1-7&_nc_sid=5f2048&_nc_eui2=AeHDVy5ioiUDsvQVgOr-MUnjC7C16kNBaPQLsLXqQ0Fo9Fqjv49M_Mh_kgUTNZRsYBm6ux486XfpkeH9DKUk_Rm1&_nc_ohc=1NgLP9n-PRUQ7kNvgG6f9cf&_nc_ht=scontent.fhan20-1.fna&oh=03_Q7cD1QEp318N_o4NyDiM1-CJFyoQHkwb0MKanpM5PmnC9T0ipg&oe=6680B901,,			Đạt	Duyệt		
2024-05-27	FP - Showbeat	Đào Hửu Nhơn	"❗️🤡 JFF: Cuộc gặp gỡ định mệnh giữa DeCao, Châu Bùi và BinZ 🥲  🤡 Khúc này là Decao chê BinZ nhỏ con, không có sức khoẻ để "" tương tác với vợ nè :))  Xong Châu Bùi kiểu"" thôi anh im  mồm ông đi, ông thì lúc đếu nào cũng đòi"" tương tác :)) Mời anh về cho 🙂"	https://scontent.fhan2-4.fna.fbcdn.net/v/t1.15752-9/440048735_914031637417556_146656562033229667_n.jpg?_nc_cat=100&ccb=1-7&_nc_sid=5f2048&_nc_eui2=AeFL-dkxKHI1Pg9GfYUZ7sxjQhS5_7v2kStCFLn_u_aRKzMh5ogzj-n6-yZEh5u6XRh85lOiXrxJHRzdJ2q_K1UH&_nc_ohc=unDrTWxaKWMQ7kNvgHid8zD&_nc_ht=scontent.fhan2-4.fna&oh=03_Q7cD1QFe6cGeP0BHDyhiqZhC9F5n7nFXt4VQW_V8d1A5iufO3Q&oe=6680C700,,			Đạt	Duyệt		
2024-05-27	FP - Showbeat	Lưu Gia Hân	"🤗 Phạm Thoại - Louis Phạm - Hoà Minzy chính thức gia nhập hội  những người “cà kheo” 🤭  Nhìn 3 đôi “cà kheo” này chắc 1 đôi cũng khoảng 30cm đó nhaaaa 👇🤭
Video cmt: Mang cỡ này mà đi được cũng hay lắm chứ bộ 🤭😂"	https://scontent.fhan2-5.fna.fbcdn.net/v/t1.15752-9/436636080_816563523260257_6629988148015417918_n.jpg?_nc_cat=106&ccb=1-7&_nc_sid=5f2048&_nc_eui2=AeEXxdUW5lJrFIlb_UVNwiO0Y0oxpx9mG_NjSjGnH2Yb8_1rQ2rbM8W4s-9CvjmHDi06MmiIiL9QnfgP0uaE-juw&_nc_ohc=_ZYQyGIWkPQQ7kNvgFp91XO&_nc_ht=scontent.fhan2-5.fna&oh=03_Q7cD1QGzsQyOfF4AYk0sXgwoe_y38G8LtzHphIbRc3p_iwt-9A&oe=6680C60F,,	https://video.fhan2-3.fna.fbcdn.net/v/t42.3356-2/436664019_7409161875862348_2242296385602353903_n.mp4?_nc_cat=101&ccb=1-7&_nc_sid=4f86bc&_nc_eui2=AeEFBAEGCsvTAk2EVeEM6LMAcavoUaFGvfBxq-hRoUa98K9lLgHH9QavK_tD_qzC838s3ZG_9rAVvP7ob2_BDxIL&_nc_ohc=YmtdxA2yoE0Q7kNvgHLxYck&_nc_ht=video.fhan2-3.fna&oh=03_Q7cD1QHoyDQhYFGP7HKB5A-H_JoNAQkU4oIlmbBH6yLYbNYxqQ&oe=665B2AB0&dl=1,,		Đạt	Duyệt		
2024-05-27	FP - Showbeat	Đào Hửu Nhơn	"❗️😈 Top 2 sự kiện vô lí nhất mà có lẽ tôi sẽ dành cả đời để không tin 🙂
Comment: Ai không tin có thể 🤚"	https://scontent.fhan2-5.fna.fbcdn.net/v/t1.15752-9/444781114_455922093510177_4198493478015965374_n.jpg?_nc_cat=107&ccb=1-7&_nc_sid=5f2048&_nc_eui2=AeHl5Lo-mTjPxXCrWh_KxdfQUG-WGpNRVYpQb5Yak1FViuZDqL5UEjDm99Vz19kR6_iegv4YVpS08gfa1_wGB01l&_nc_ohc=ZtiMefxHJDsQ7kNvgE8hKmk&_nc_ht=scontent.fhan2-5.fna&oh=03_Q7cD1QGIZU5I0hx51juihpPQieeYl1ZhOZbZT8UU-JMXyXN3UA&oe=6680AFF6,,			Đạt	Duyệt		
2024-05-27	FP - Showbeat	Đào Hửu Nhơn	Video comment: sượng trân thế này thì chắc không phải contnet rồi :))	,,,,,https://scontent.fhan2-3.fna.fbcdn.net/v/t1.15752-9/444759937_811663170538833_7065340094528038515_n.jpg?_nc_cat=111&ccb=1-7&_nc_sid=5f2048&_nc_eui2=AeH9dOukgk-5XCV1aGfCp3YN5a63B5NQWAnlrrcHk1BYCYSV0HiQXSNVAt5dhZhYTyLEmp6_82Ely67PavsBUngB&_nc_ohc=RsYHw6Mqgq8Q7kNvgFxE6uz&_nc_ht=scontent.fhan2-3.fna&oh=03_Q7cD1QGuGliMbjB_uvjZyOOo3dytCRosnR0YkxG_sWaLmJtb3g&oe=6680B3FC,			Đạt	Duyệt		
2024-05-31	FP - Vietnam.Recorder	Bùi Quỳnh Trang	Mỗi khi trek thấy mệt quá và muốn bỏ cuộc hãy nhớ lại lý do bạn vào rừng.  📸 umove_adventure	https://scontent.fhan20-1.fna.fbcdn.net/v/t1.15752-9/442493842_2585760844929729_8774161261025347874_n.jpg?_nc_cat=109&ccb=1-7&_nc_sid=5f2048&_nc_eui2=AeHkced8jnaXu01Jp_SWDcXlIRtFY5Jy-DwhG0VjknL4PMVgIq8kMfyrrWAM_KYLKg5qm_v5TzJC7B2ReoWL3eIt&_nc_ohc=pa6xYiwl_XIQ7kNvgGnFL9H&_nc_ht=scontent.fhan20-1.fna&oh=03_Q7cD1QEUD0xefzM1n83yMHG1JlPFUQe6472FuaFrKBgGq2K7YQ&oe=66820ED7,,https://scontent.fhan2-5.fna.fbcdn.net/v/t1.15752-9/436515323_3149351418541980_4243821318277513662_n.jpg?_nc_cat=107&ccb=1-7&_nc_sid=5f2048&_nc_eui2=AeG9ZSS1RhznpWLsxN4ugejpr12f1JN5pJKvXZ_Uk3mkkmmHFZ_CQ5KUZL5E4ygBixt_gqvw4gDBDH7L1TQ5DhyF&_nc_ohc=NL2ta5ndZxMQ7kNvgEVHuGl&_nc_ht=scontent.fhan2-5.fna&oh=03_Q7cD1QEeJI3z-99jx8SFG6Z61XdGRJwadtIMb6_cmxWdyG3Pfw&oe=66820DCC,,https://scontent.fhan20-1.fna.fbcdn.net/v/t1.15752-9/442460661_783469113873486_2549825000057860156_n.jpg?_nc_cat=103&ccb=1-7&_nc_sid=5f2048&_nc_eui2=AeHd7Y-CSZaR7FCRMVQvPWK0_yegMnw4vF__J6AyfDi8X8Mg26YWJgoMHCr66PkwOMUYbjnPCekWmc0ks2AgY1X9&_nc_ohc=EExRmqJsvLkQ7kNvgGHfTB_&_nc_ht=scontent.fhan20-1.fna&oh=03_Q7cD1QECqkmqq0NKvm7-jr7-ZCK5_FYAPqhI16Moi7cgHQto_g&oe=6681F8EB,,https://scontent.fhan2-5.fna.fbcdn.net/v/t1.15752-9/441968302_3022069904599928_1642355594696390548_n.jpg?_nc_cat=106&ccb=1-7&_nc_sid=5f2048&_nc_eui2=AeH2XP3O93NTTdMVdk4Rzdum2sq4Ky_UCj7ayrgrL9QKPsjJ3NJN98BZ_0z5N37iFLY3wjXiXm0VWGM9NxTP-jgw&_nc_ohc=kv3qxEMKtFsQ7kNvgHBoM_K&_nc_ht=scontent.fhan2-5.fna&oh=03_Q7cD1QGGB9ANHEH-xIP9iKzjCbO0DSpv0kTahoX2A0XugkKNRg&oe=6682210C,,https://scontent.fhan20-1.fna.fbcdn.net/v/t1.15752-9/441019899_821384442767808_5048365990523797893_n.jpg?_nc_cat=102&ccb=1-7&_nc_sid=5f2048&_nc_eui2=AeGOB--NgHWZpKqU1qWP43_EIAOXBN8JfPUgA5cE3wl89Sg_iCpw0j9nzUrW3ehvbd3lcwmRo76juy3M3ZWNOi5D&_nc_ohc=i8riraAI1TMQ7kNvgEhbL4x&_nc_ht=scontent.fhan20-1.fna&oh=03_Q7cD1QHbW3CImSFklj58MUi2Qcd8sjtJaB0rk7eMNmlhSZP8Dg&oe=66820F1E,,https://scontent.fhan20-1.fna.fbcdn.net/v/t1.15752-9/442705765_1126642581972321_2957402054951261110_n.jpg?_nc_cat=102&ccb=1-7&_nc_sid=5f2048&_nc_eui2=AeGKvsHR_9kaOwE7zuL8NduT-qNyvDUfOZD6o3K8NR85kCFmEjvMPu9U2I8smcOHaxBfAQ50JoC-z79QgYCOV3R-&_nc_ohc=Q79mBJAZJyoQ7kNvgF79tfr&_nc_ht=scontent.fhan20-1.fna&oh=03_Q7cD1QEU4UkpnUPa4mHNzO0iPFukacq9oIx1uh2nev6xhYp1JA&oe=6682144A,,https://scontent.fhan2-5.fna.fbcdn.net/v/t1.15752-9/442479924_1961961900885579_8633660869836927278_n.jpg?_nc_cat=104&ccb=1-7&_nc_sid=5f2048&_nc_eui2=AeEXJDcyDCPKD_LDIcZKMCmyNQCz0WjYa5c1ALPRaNhrl6XbZInnK2PNeQkAun1TkTUyT9v9x7LXAm6vVgI18Cek&_nc_ohc=XbZpfmbTCQ8Q7kNvgFXoQ1n&_nc_ht=scontent.fhan2-5.fna&oh=03_Q7cD1QFfOAunFmvl26H35W3t-CjjGzLOX0aV8n89PuSi_QACQg&oe=6682178C,,https://scontent.fhan2-3.fna.fbcdn.net/v/t1.15752-9/436725465_470051715492605_8463355443808325661_n.jpg?_nc_cat=108&ccb=1-7&_nc_sid=5f2048&_nc_eui2=AeH-OppfS9BZNxwnv8diEOrg7Qt4yw5A50ftC3jLDkDnR87ny9IU5itwQx5lXTllq6fRHnVPbLiL7h9OFVKmiGA5&_nc_ohc=XeMZNVTNg-kQ7kNvgFZ3EiQ&_nc_ht=scontent.fhan2-3.fna&oh=03_Q7cD1QEGa_g_EBtkk8tKHkRMAyrh68pzk-YneLp_s4EaTa9Gmg&oe=66820A58,,https://scontent.fhan2-3.fna.fbcdn.net/v/t1.15752-9/442587051_1174441563974218_1442658897498145706_n.jpg?_nc_cat=111&ccb=1-7&_nc_sid=5f2048&_nc_eui2=AeH9tw0vEtorvNzH0tQLXO_GnN1TnfEkg1Gc3VOd8SSDUcGM0orW0dUlEqO6awR_SVuT1rOxCAr_BxQuK9tlcZML&_nc_ohc=I1VlAaDd314Q7kNvgG1NDQw&_nc_ht=scontent.fhan2-3.fna&oh=03_Q7cD1QE9l4bKfoxdWkMiZZ89sCzSdWeD2H1jTgUCwWTjtGmknA&oe=6682269F,,			Đạt	Duyệt		
2024-05-31	FP - Vietnam.Recorder	Nguyễn Thành Vĩnh	LỊCH TRÌNH 2N1Đ KHÁM PHÁ VĨNH HY ĐẸP HẾT NẤC 🌊  Vĩnh Hy, Ninh Thuận đẹp như tin đồn là có thật, hè này đi liền thôi các bác ơi  📍 Sau khi có mặt ở Thành Phố Phan Rang, thì chúng mình di chuyển đến Vĩnh Hy bằng xe bus Phương Trang hết 30k/ 1 người 🏡Mình đặt phòng ngay gần Vịnh với giá là 300k/1 đêm và thuê xe máy tại nhà nghỉ là 150k/1 ngày  👣 Lịch trình thì mình sẽ gói gọn trong 2 ngày dành cho bác nào không đi được dài ngày nhé  📍 Ngày đầu mình đi  Hang Rái giá vé vào cửa 50k/1 người, nơi đây được hình thành bởi những tảng đá xếp chồng lên nhau tạo thành quần thể đá ăn sâu ra biển. Mn có thể đi men theo cây cầu đỏ để chiêm ngưỡng được vẻ đẹp hùng vĩ của nơi đây nhé 📍Tiếp theo trên cùng 1 hướng mn có thể đi Công viên đá, giá vé 40K/1 người, đây là điểm mình ấn tượng nhất , vì vẻ đẹp hoang sơ cùng cùng với nhiều tảng đá lớn kết hợp với vẻ đẹp trong xanh của biển. Lưu ý là lối vào hơi khó đi nên mn đi sớm chút để có thời gian kiếm đường nha 📍Buổi chiều thì mình đi hái nho ở Làng Nho Thái An. Hầu hết thì các điểm hái nho đều để biển tham quan miễn phí nên mn cứ vào tham quan thôi, hái ít hay nhiều đều được nha 📍Sau đó thì mình trở về Vĩnh Hy ngồi Café, lần này mình đi quán Café mà mn review khá nhiều tên là Đoài Café, đường đi và lối vào sâu tít trên cao hơi khó đi xíu , nma bù lại View ở quán rất đẹp, bao trọn vịnh Vĩnh Hy luôn nha  ✅✅ Ngày 2:  📍 Thong thả lượn Vĩnh Hy buổi sớm 📍 Rồi di chuyển sang cung đường ven biển Ninh Thuận. Thật không hổ là mệnh danh 1 trong những cung đường ven biển đẹp nhất Việt Nam, 1 bên là biển 1 bên là núi đá trong mới đẹp làm sao. Mình nghĩ các bạn nên dành ra nửa buổi giống mình đi lang thang cung đường này , thấy chỗ nào đẹp thì dừng chân thôi.  ☕️☕️Về ăn uống, buổi trưa thì cũng k có quá nhiều quán ăn, mình sẽ thường ăn cơm giống người địa phương hay ăn tầm 30k/1 suất   Buổi chiều thì sẽ có nhiều lựa chọn hơn, mình sẽ vào khu công viên Vĩnh Hy để ăn các món như bánh xèo, bánh tráng nướng, gỏi cuốn, ốc, trà hoa quả ,.. Mình khuyên các bác là mỗi thứ nên thử 1 tí vì đồ ăn ở đây khá ngon và các quán vị cũng khác nhau là mấy nha   => Tổng kết lại thì 2 ngày 1 đêm của mình siêu rẻ luôn chưa đến 700k/1 người nha các bác( chưa kể vé máy bay)   Chia sẻ của bạn Phương Tali	,,,,https://scontent.fhan2-5.fna.fbcdn.net/v/t1.15752-9/436340973_1013880580330453_3919495754099333130_n.jpg?_nc_cat=104&ccb=1-7&_nc_sid=5f2048&_nc_eui2=AeGb9-bhQTZQ1R5oKa9VRkZPPlAI7JoNKZs-UAjsmg0pm6IfpNs999ZyxBmYZkN_6vU2XrphYFjswe-GqyTZ_2DQ&_nc_ohc=1M3G5qZyjWQQ7kNvgFRKXYJ&_nc_ht=scontent.fhan2-5.fna&oh=03_Q7cD1QHwm1ffj_xdJMqmuDWpn58DSHXc8dyWNPDFsgce3q7FgQ&oe=6681FD14,,https://scontent.fhan2-3.fna.fbcdn.net/v/t1.15752-9/441940206_1173305760693169_7382607474738629830_n.jpg?_nc_cat=101&ccb=1-7&_nc_sid=5f2048&_nc_eui2=AeFY127MhZaFXj_1Gw96NPzURXdCvNsyGwVFd0K82zIbBWXffq8yTDeIj7_DaYzIdqTGAPoxyXqp2MOnsgH2YaoQ&_nc_ohc=1Kd0pmUIiAYQ7kNvgG52GHr&_nc_ht=scontent.fhan2-3.fna&oh=03_Q7cD1QEcdPg2cN8XYGSIvEzZf3ZFZY57fDxWNyI5L32vb1FhTQ&oe=66821A86,,https://scontent.fhan2-5.fna.fbcdn.net/v/t1.15752-9/441923955_415904178094478_1325557082378352598_n.jpg?_nc_cat=104&ccb=1-7&_nc_sid=5f2048&_nc_eui2=AeFAT1d9nTM_P0ypQNAH4OafQnWnmWwpWhtCdaeZbClaG3hjsw6jAuGCH8eqK5lty8easMyKGXFFlCP2km4BWuNp&_nc_ohc=FtHqQpA7AaIQ7kNvgGpTIYz&_nc_ht=scontent.fhan2-5.fna&oh=03_Q7cD1QGvH2u-c7KCSr86NhRfKgMQw90MQbEeugyzsv-Q5HS2mA&oe=66820F74,,https://scontent.fhan2-5.fna.fbcdn.net/v/t1.15752-9/441938276_1011193796536169_3333620933728328711_n.jpg?_nc_cat=107&ccb=1-7&_nc_sid=5f2048&_nc_eui2=AeFrpKVDYdqbHYzv9YYYRDiEPaFZD6r4LaA9oVkPqvgtoN88mxiuNAbqQhiUwEjjXS-RhRxj3mO6oOd6yqaS2fSY&_nc_ohc=lzbxGOOT1vkQ7kNvgEPeufb&_nc_ht=scontent.fhan2-5.fna&oh=03_Q7cD1QEyMsBPVwUVXZs5_ZlIcZTc9UUCilgpukNvSJNIpIuO2w&oe=6681F8F5,,https://scontent.fhan2-3.fna.fbcdn.net/v/t1.15752-9/441938292_423627417240380_4531388535988437882_n.jpg?_nc_cat=111&ccb=1-7&_nc_sid=5f2048&_nc_eui2=AeEMVryllLcW--k83ILcRY0QwiiRhzbUF_jCKJGHNtQX-KoC5yXR3Lj6i8VZ7Ysoz8UIxRcMz8cZ-jtQEA6AOQ2h&_nc_ohc=1STH-u3DVJoQ7kNvgGZEqDP&_nc_ht=scontent.fhan2-3.fna&oh=03_Q7cD1QFoaYq0Ykuwfn0RzN4GvaYdgR6fHqlwMtsqBHA10D1k3Q&oe=66820440,,https://scontent.fhan20-1.fna.fbcdn.net/v/t1.15752-9/436419524_468767589037362_2817415941708132729_n.jpg?_nc_cat=103&ccb=1-7&_nc_sid=5f2048&_nc_eui2=AeGnBUkxzA3uFgKVN6O1OybaV3dYnT5HuJpXd1idPke4mrwZBYcGZBuFyRkpk1i0PazM-kgXISqJxDK71FAKPhkB&_nc_ohc=Ge9itkWG8WsQ7kNvgEDwEGU&_nc_ht=scontent.fhan20-1.fna&oh=03_Q7cD1QESI5kpOltudsYm2mc_uOubSS4_P88CYZhTRASKLw9Q6Q&oe=668201D8,,https://scontent.fhan2-4.fna.fbcdn.net/v/t1.15752-9/441637874_872081478063690_7756422537029623718_n.png?_nc_cat=110&ccb=1-7&_nc_sid=5f2048&_nc_eui2=AeEHlTUKkdGnUlSvv0VW3uCnh40meXJG9T2HjSZ5ckb1PUktthQnatXYiIOnOOrlM783F4fEQHi4MUS6gygwW6Fc&_nc_ohc=Z-E98p-6bkEQ7kNvgE5py7J&_nc_ht=scontent.fhan2-4.fna&oh=03_Q7cD1QENrniBzal6WUz_aIBHtx38UZozhhIwl34Bk3B60GbM_Q&oe=66821CE6,,			Bách	Duyệt		
2024-05-31	FP - Vietnam.Recorder	Nguyễn Thành Vĩnh	THÊM MỘT OPTION DI CHUYỂN CHO LỘ TRÌNH VI VU ĐÂY RỒI  Tiếp sau thành công của tàu chất lượng cao Hà Nội - Đà Nẵng (SE19/20), tàu SE21/22 tuyến Sài Gòn - Đà Nẵng là 1 sản phẩm mới được ngành đường sắt đưa vào khai thác.  Theo đó, các toa xe sử dụng trên tàu SE21/22 là các toa xe có chất lượng tốt nhất được lựa chọn nâng cấp, nội thất toa xe được thay mới hoàn toàn. Đặc biệt, tàu này sẽ có wifi, ghế xoay 180 độ và nhiều tính năng hiện đại lần đầu tiên của Đường Sắt Việt Nam. Ngoài các toa xe 4 giường, trên tàu còn bố trí 1 toa xe có 3 khoang VIP, có 2 chỗ kiểu ghế sofa phù hợp với hành khách muốn có không gian riêng tư.  Theo Thanh Niên	https://scontent.fhan2-4.fna.fbcdn.net/v/t1.15752-9/441945420_998973104952803_5705994204130045006_n.jpg?_nc_cat=110&ccb=1-7&_nc_sid=5f2048&_nc_eui2=AeH9UYhU3cIIs-JwWSEfOgntqJcDzB4uH9SolwPMHi4f1MLhKT50D_VEWC_RZ9wT9_zXPOCFAdioB7SmCxy233AR&_nc_ohc=6DRl9zjVnaIQ7kNvgGYG2FF&_nc_ht=scontent.fhan2-4.fna&oh=03_Q7cD1QEulMmGbH6829asdy_Jx3RccTrXOwUBHHCm6Sj8MQxOVA&oe=6680AF93,,			Đạt	Duyệt		
2024-05-30	FP - Vietnam.Recorder	Bùi Quỳnh Trang	Cung đường chữ M Hà Giang với cảnh sắc say đắm lòng người🌿  Trên hành trình từ Mèo Vạc đi Yên Minh về thành phố Hà Giang , ta sẽ thấy một đoạn đường quanh co hình chữ M trải dài tuyệt đẹp.  Từ trên cao nhìn xuống, cung đường chữ M giống như một dải lụa thẳng tắp, nổi bật với bức nền cỏ cây xanh ngát bên sườn núi. Nó không chỉ thơ mộng mà còn được ví như một bức tranh hùng tráng hiếm có của đất trời Tây Bắc.  Thanh xuân này nhất định phải đặt chân đến Hà Giang, chinh phục những con đường xanh ngát nơi núi rừng hùng vĩ.  📸 sưu tầm	https://scontent.fhan2-3.fna.fbcdn.net/v/t1.15752-9/442659426_433438989645034_8140033457588294478_n.jpg?_nc_cat=108&ccb=1-7&_nc_sid=5f2048&_nc_eui2=AeHBfHbMKu5ypsXrdmAYKhyWPRAcarJg0n09EBxqsmDSfSCdEKHUAJ0vI8qAEtP07hbfWhDjNQmDu1DQrGWVj6ap&_nc_ohc=BXYadtGtFMAQ7kNvgE3sgBs&_nc_ht=scontent.fhan2-3.fna&oh=03_Q7cD1QFPVQpBhN-5BbSnih5jppERs0XYhcDTeRGb5ijoVZaWnQ&oe=6680B9D3,,https://scontent.fhan2-3.fna.fbcdn.net/v/t1.15752-9/442667835_755090030104908_1484950771824554802_n.jpg?_nc_cat=108&ccb=1-7&_nc_sid=5f2048&_nc_eui2=AeEu7m62uNcD3EKf8Qo7F_XsGvlpR3e_HhIa-WlHd78eEnhhWE4qsef5gxevdtje9NlSwxF1dcvHgz7sIVMsT-W0&_nc_ohc=aESL3nEnzOkQ7kNvgHqLQpe&_nc_ht=scontent.fhan2-3.fna&oh=03_Q7cD1QGmLSnQ2MZuGo3uBrnk_uNWVn-ub1aHazJI0feoYTSMNg&oe=6680B8AC,,https://scontent.fhan2-3.fna.fbcdn.net/v/t1.15752-9/442484182_312721655227169_2863330809431406164_n.jpg?_nc_cat=111&ccb=1-7&_nc_sid=5f2048&_nc_eui2=AeGZ3KI1QS08VGCRiHF-ZWw2ZVkaPlGuKzFlWRo-Ua4rMbr5ckRJ-eQFYQ9sP-Nhe5b-N0U4ooaE_zHNmIjoPEnY&_nc_ohc=b6fKA7-q5CsQ7kNvgGSrNz2&_nc_ht=scontent.fhan2-3.fna&oh=03_Q7cD1QG82wAI8gMMxvX54vV9_25l88HtGsIS3MHkxoE4F4AD7g&oe=6680CCB5,,https://scontent.fhan20-1.fna.fbcdn.net/v/t1.15752-9/441619932_327030170427107_8960545126848345199_n.jpg?_nc_cat=102&ccb=1-7&_nc_sid=5f2048&_nc_eui2=AeF9Br86id27tBeJmnVrMtKepTVFQK2C9GSlNUVArYL0ZOBHQCGErGb-B-PIeULTkRUvVT46l_1K5-waj5cHDa0o&_nc_ohc=dF0fILD0cr0Q7kNvgG04IFQ&_nc_ht=scontent.fhan20-1.fna&oh=03_Q7cD1QGrasIg5ly0JrTfCdE_r8rpBQi_z3grzKLMd5WFvS2j-w&oe=6680C94A,,https://scontent.fhan2-5.fna.fbcdn.net/v/t1.15752-9/441963801_344646311692492_2747919570619648356_n.jpg?_nc_cat=107&ccb=1-7&_nc_sid=5f2048&_nc_eui2=AeHnHYI2Bch2L4mq94asgJgw6pbwey-g58fqlvB7L6Dnx3CM37a7SnKdG5sQ6-ZVvHMOscmWt4Kb9jOcvdJPb0jZ&_nc_ohc=UHvpeBJ2SIkQ7kNvgGvoPWK&_nc_ht=scontent.fhan2-5.fna&oh=03_Q7cD1QGc9xyL6VBvU3C4oaJK7vCITKrkWE-fK17pJbKAS6rN0Q&oe=6680CFE5,,			Đạt	Duyệt		
2024-05-30	FP - Vietnam.Recorder	Bùi Quỳnh Trang	Chiếc view mùa thu giữa trời hạ tại công viên thành phố mới - Bình Dương 🍂🍂  Công viên thành phố mới Bình Dương được mệnh danh là lá phổi của thành phố khi có vị trí đắc địa, thuộc phường Phú Mỹ, ngay khu vực trung tâm thành phố.   Cách Sài Gòn chỉ 30km, tính ra có 1 tiếng chạy xe thôi đó. Cuối tuần muốn đổi gió thì đây cũng là địa điểm lý tưởng ha😋  📸 thanh.hangg__	https://scontent.fhan20-1.fna.fbcdn.net/v/t1.15752-9/442457809_7655274731221364_9177704915921261945_n.jpg?_nc_cat=109&ccb=1-7&_nc_sid=5f2048&_nc_eui2=AeGSq9d510t4vTokt3NGlLn2xhTGxP1seD7GFMbE_Wx4PsFv_G5-oITyu9jsTpdWsQxeqyHC2VV0RTmFX-pgX2t_&_nc_ohc=_xx-yX5rOkYQ7kNvgE3qnc4&_nc_ht=scontent.fhan20-1.fna&oh=03_Q7cD1QEoK36IFWLrOcYJvDR8F5zHgQwOvXFjrIEsK5PzRz2icQ&oe=6680CAF5,,https://scontent.fhan20-1.fna.fbcdn.net/v/t1.15752-9/441990052_308161665682606_5876097172454081658_n.jpg?_nc_cat=102&ccb=1-7&_nc_sid=5f2048&_nc_eui2=AeGC4guJBN-gwEi9VFtJeX_KChymvr4n_kkKHKa-vif-SahPWOj2RpKJZ51CWzhKs5822qvZrugxEqO5OG9r8FF5&_nc_ohc=mfwaNA4iSsYQ7kNvgFMxh37&_nc_ht=scontent.fhan20-1.fna&oh=03_Q7cD1QEo1OIeaq6_JhDKcrv0g1ZNFTBUYICWk4SmbjSQeuEQgA&oe=6680C23A,,https://scontent.fhan2-5.fna.fbcdn.net/v/t1.15752-9/442466057_1804228796766061_1711379380946107790_n.jpg?_nc_cat=104&ccb=1-7&_nc_sid=5f2048&_nc_eui2=AeHHPR5Ngq0TC3PZ5nGIqEQLJRFmuw1EJPslEWa7DUQk-_8n4CXMJv_GsTLWDgFHSIuMzuiOsmZrPFCoa1bEEQCg&_nc_ohc=VymkzHB-1OcQ7kNvgGFDncO&_nc_ht=scontent.fhan2-5.fna&oh=03_Q7cD1QHyaiYLnaL39t1ybmj5NPq2antkOD4NzXXmwmhaH1NAiQ&oe=6680C06B,,https://scontent.fhan20-1.fna.fbcdn.net/v/t1.15752-9/442530339_3908041669471750_8600488521309175595_n.jpg?_nc_cat=102&ccb=1-7&_nc_sid=5f2048&_nc_eui2=AeE-AZNJV9IDai3NqTkptGOKQkEzuUI43XdCQTO5Qjjdd07rdsEKvSXxteAy_SYroHMp0_3lue-c-TjkTLW1B-oa&_nc_ohc=9qUN4XSTAr0Q7kNvgF6q-wB&_nc_ht=scontent.fhan20-1.fna&oh=03_Q7cD1QFiB3tGNaFGmG0yVax9jNmWePsbAGH2s3rouHLXLeJ-lg&oe=6680A294,,https://scontent.fhan2-3.fna.fbcdn.net/v/t1.15752-9/441991883_1913060739144523_8209982418940695202_n.jpg?_nc_cat=108&ccb=1-7&_nc_sid=5f2048&_nc_eui2=AeFBd330gA2pteRPryQ7BdwScLobmhh9BLJwuhuaGH0EsnfAoC-GglQrgacbl0G56J6SnqlR4uXYNrn2q_t_gWnV&_nc_ohc=sble3U6OXX8Q7kNvgE8VXF5&_nc_ht=scontent.fhan2-3.fna&oh=03_Q7cD1QFb1Uz0Pnu9uoorF9dEprMQ4wC9iBxPy67e_pHGkNZ0Sg&oe=6680C8C3,,https://scontent.fhan2-5.fna.fbcdn.net/v/t1.15752-9/441970461_1025863322311642_7038145217683845926_n.jpg?_nc_cat=104&ccb=1-7&_nc_sid=5f2048&_nc_eui2=AeEt1sw3eOMppWvtWHKIoT1f9LY-DTxfCYb0tj4NPF8Jhs-yDlLL8hkMl0lq5qA51Uxicv1BEor0MWnV7VJpvfXN&_nc_ohc=TSjus45zKu0Q7kNvgF-dxes&_nc_ht=scontent.fhan2-5.fna&oh=03_Q7cD1QEpRMRKKc6D7k7PCyaVsAO2JxEEjmDNqUrcZLK-OqteqQ&oe=6680AD6A,,https://scontent.fhan2-4.fna.fbcdn.net/v/t1.15752-9/442507533_980282166634654_7806855610609789085_n.jpg?_nc_cat=110&ccb=1-7&_nc_sid=5f2048&_nc_eui2=AeE7kHchSslksjSkhMia9g6leeXMTAqwVal55cxMCrBVqTkB6DrSx0SjKKfA1xwoyhAAIcb0w-2B_rtYwBwgluCC&_nc_ohc=kLvB5RwvPN4Q7kNvgGmhCMN&_nc_ht=scontent.fhan2-4.fna&oh=03_Q7cD1QHTTa5_gXkQn90DzFmg6BoA0-XDIybHyuPkDyVmCoHwlw&oe=6680B704,,https://scontent.fhan2-5.fna.fbcdn.net/v/t1.15752-9/442579289_1428616521129152_7002042003296013468_n.jpg?_nc_cat=104&ccb=1-7&_nc_sid=5f2048&_nc_eui2=AeHU4q1zXMnuvE-jlEksD4y8kSmjHn3RwJCRKaMefdHAkAHMbFOXibDUw-QXO7BN9kN0-jUoTvp6Ns_8RrDyBFJC&_nc_ohc=_3zbQ0wwrVYQ7kNvgG_s2xa&_nc_ht=scontent.fhan2-5.fna&oh=03_Q7cD1QFaPxobgJJu784QL0muYP7vp3yASLTUg2kHdEDrmz7l3Q&oe=6680B4D6,,			Bách	Duyệt		
2024-05-29	FP - Vietnam.Recorder	Nguyễn Thành Vĩnh	Một ngày nào đó, mình sẽ đứng trước biển buổi hoàng hôn, lặng thing ngắm mặt trời dần tắt, thấy mình thật bình yên.	https://scontent.fhan2-4.fna.fbcdn.net/v/t1.15752-9/441431727_817871399857906_3473744725663527453_n.jpg?_nc_cat=100&ccb=1-7&_nc_sid=5f2048&_nc_eui2=AeHRY8JRFlnAB4zrgj6o48GyyynAhDqFn-XLKcCEOoWf5aBweG4vuyWRzYCKeA7lIJtmf-212KzHBDrKLvdHbdN6&_nc_ohc=324Qmxl2OJEQ7kNvgHXKCG7&_nc_ht=scontent.fhan2-4.fna&oh=03_Q7cD1QG-duJAzLW03-HXKXPYpCSyWFQHiVum_BCPSaV3qKN75w&oe=66809FDA,,https://scontent.fhan2-3.fna.fbcdn.net/v/t1.15752-9/441924914_980062483703688_8631168001317348132_n.jpg?_nc_cat=108&ccb=1-7&_nc_sid=5f2048&_nc_eui2=AeGH6V7tt9Wpymaul7-njYF_k0ARDYh2h_KTQBENiHaH8qt8BIzcwxmtm0IRpM0fm5VIBwMTi46OH1v6qRcGWsjS&_nc_ohc=17hLHRvhbuoQ7kNvgFaKF6m&_nc_ht=scontent.fhan2-3.fna&oh=03_Q7cD1QG7j7cUlTikRTF4guAnd2ylzAtJsheRMIgOFvbua7D-CA&oe=6680D47C,,https://scontent.fhan2-4.fna.fbcdn.net/v/t1.15752-9/436687663_1211312886688650_7387244801711333806_n.jpg?_nc_cat=110&ccb=1-7&_nc_sid=5f2048&_nc_eui2=AeGJkF9nOThjWl7Rwrr7SGZdWgFjRDKY6lFaAWNEMpjqUQUJ4ob4RqlL9VdNVxEb8MGeN-w9bfI91y29yif02jSe&_nc_ohc=Hggx3SycxZgQ7kNvgG4KV1J&_nc_ht=scontent.fhan2-4.fna&oh=03_Q7cD1QGfi6B5A-BPFEn45p-r3qhi1o_SlEIPML8WB4XIlWQzAQ&oe=6680AC6F,,https://scontent.fhan2-5.fna.fbcdn.net/v/t1.15752-9/436360391_953285066804894_7977260957233823430_n.jpg?_nc_cat=104&ccb=1-7&_nc_sid=5f2048&_nc_eui2=AeEt70VyKvYQxO7ip3E1K99fXNbihRrxYXBc1uKFGvFhcCNKtjtwL3DXznlezC3MUuU8vkylfF8N_sXtZ-TzGr6t&_nc_ohc=W_H8zJ6Xs68Q7kNvgHeN6Jn&_nc_ht=scontent.fhan2-5.fna&oh=03_Q7cD1QF6f8Aefd4KtzmzafJpxS-SEnw5n-AwdYBvRusBCw1B5A&oe=6680A303,,			Đạt	Duyệt		
2024-05-29	FP - Vietnam.Recorder	Nguyễn Thành Vĩnh	View Tàu Hỏa lộ trình Đà Nẵng Huế độ này đẹp mê ly, hoa nở trắng rợp cả một mảng xanh, đợi bạn ngắm nhìn thôi 😂		https://video.fhan2-3.fna.fbcdn.net/v/t42.3356-2/442514061_25612054421774458_7345605110249693672_n.mp4?_nc_cat=111&ccb=1-7&_nc_sid=4f86bc&_nc_eui2=AeGn7x9fLdJNGlfZptQjl7R5wl9dBE5kUBvCX10ETmRQGxyLVynw2zMjqoEAMEKHoI_wTKIbCBXTeOcnD8tHF8Qa&_nc_ohc=1R7dHgThStEQ7kNvgGsP8XJ&_nc_ht=video.fhan2-3.fna&oh=03_Q7cD1QHULhuelQ5q3TAB6pPxIXomlD_72ha6_3-ySRphhkph-w&oe=665B1177&dl=1,,		Đạt	Duyệt		
2024-05-29	FP - Vietnam.Recorder	Nguyễn Thành Vĩnh	ĐỘC LẠ LẠNG SƠN  Hàng vạn con châu chấu  xuất hiện tại khu vực Huyện Bình Gia - Lạng Sơn, nhiều không đếm xuể luôn	https://scontent.fhan2-4.fna.fbcdn.net/v/t1.15752-9/436365194_371550245933419_8540437756978191264_n.jpg?_nc_cat=100&ccb=1-7&_nc_sid=5f2048&_nc_eui2=AeEIipX7skVoUJaQ7LnAt8ztwzPlp0eGFHDDM-WnR4YUcLCbnB3zBg4kwWiA0fxAHfESshs8yTw3TFNnmHYKxJ0R&_nc_ohc=uSHjGVKblN8Q7kNvgH-cda5&_nc_ht=scontent.fhan2-4.fna&oh=03_Q7cD1QFAbNBnsjEERnT9a8-O-EAtGPnbkL34LAbFlhg9SdwY9w&oe=6680B538,,https://scontent.fhan2-4.fna.fbcdn.net/v/t1.15752-9/436723683_914110090471061_2657818981020707658_n.jpg?_nc_cat=100&ccb=1-7&_nc_sid=5f2048&_nc_eui2=AeEc0yaY_FeaCqDa8NZ8CF8nhXk8goK_bqWFeTyCgr9upc__1OFaSdzJQOP_vyMCqjhNYfvaicPxzc7BbixTgyMU&_nc_ohc=xITryj2xNhQQ7kNvgGhd7bY&_nc_ht=scontent.fhan2-4.fna&oh=03_Q7cD1QEuOAaGZ2yGN1kVAnraPrVXZbI69ONYQl-iB68YG6fzcw&oe=6680A2A3,,https://scontent.fhan2-4.fna.fbcdn.net/v/t1.15752-9/436748505_1399996734729564_2484170394644642633_n.jpg?_nc_cat=105&ccb=1-7&_nc_sid=5f2048&_nc_eui2=AeGouqTD22LPUNI-sUEUPWVvcQ0LD2LVo4RxDQsPYtWjhMGOdQlxiOTkHznfi2S58N5VkJLhOy41dzmKDxoCx1YW&_nc_ohc=gGRjsdw8xeAQ7kNvgHe9-9h&_nc_ht=scontent.fhan2-4.fna&oh=03_Q7cD1QGfAk3118NT2gUONI3EwxUaDZooKmWFPd_-VpWPEBeQMw&oe=6680AF75,,https://scontent.fhan2-4.fna.fbcdn.net/v/t1.15752-9/441405662_2442180852641513_7306182267897708581_n.jpg?_nc_cat=100&ccb=1-7&_nc_sid=5f2048&_nc_eui2=AeGc_PJIe_XSjEW7zKiYlA-h-ub9VIvrh_r65v1Ui-uH-i_GZu69aPKXpOSBJsaNSZNk0EaaufCJYq2elVIJbrZd&_nc_ohc=QpqVtD0v8G4Q7kNvgGkkElw&_nc_ht=scontent.fhan2-4.fna&oh=03_Q7cD1QF9T7wxPRfymM6X9LWJ1L0yYtXrcg9QVOhaz4wogcCxiQ&oe=6680BD76,,https://scontent.fhan2-4.fna.fbcdn.net/v/t1.15752-9/441085860_465661196021380_7948343441237374265_n.jpg?_nc_cat=105&ccb=1-7&_nc_sid=5f2048&_nc_eui2=AeHAXmiSCrq3mtjaMEqerd8B0ONt39iIvfvQ423f2Ii9-2WQQIpL6Fgy4BAyd2K1N92HMH_Cnn0L9Bn_urpiGA_1&_nc_ohc=I3dsoDJj6zIQ7kNvgFrjIcU&_nc_ht=scontent.fhan2-4.fna&oh=03_Q7cD1QFCIXGHont8i7wMMscmzPJkivfOeCUk5SMnq3fb_nDAHQ&oe=6680A131,,			Đạt	Sửa/ xóa bài	Không nói ngay lúc này + không nhắc thiên tai	"Thông tin sai lệch"
2024-05-29	FP - Vietnam.Recorder	Bùi Quỳnh Trang	Huế mộng Huế mơ nên thơ trong từng ngách hẻm nhỏ🌼   Vô tình ghé con hẻm xinh xắn này vào đầu giờ chiều, nước sông được nắng ánh lên màu ngọc bích đẹp lắm, mấy mệ mấy o chiều lại mang đồ ra đây giặt nhìn chill đúng những gì trong tưởng tượng về Huế trước khi tới, ảnh gốc không chỉnh sửa đó mn ạ🌿  Trong ảnh là hẻm Kiệt 73 Nguyễn Sinh Cung, một địa điểm đáng check in cho những ai đang có ý định vi vu Huế thương trong hè này đó📍  📸 thanh.hangg_	https://scontent.fhan2-5.fna.fbcdn.net/v/t1.15752-9/442456563_3037936056336841_3705661509266739743_n.jpg?_nc_cat=104&ccb=1-7&_nc_sid=5f2048&_nc_eui2=AeEIEVR8dP4AUyTvSjxRXFiIX_n8xigGKDZf-fzGKAYoNsUMbA1kW61Ftplu-nxfBijq002twY7u-pkMv8UxBAYa&_nc_ohc=PFxPXPnlPsQQ7kNvgEDxdUn&_nc_ht=scontent.fhan2-5.fna&oh=03_Q7cD1QHNSOZ4I0jDK8qa-jmHUtLXzSp8R0F3q0eRHJ4LHRkfGg&oe=6680D3C2,,https://scontent.fhan2-3.fna.fbcdn.net/v/t1.15752-9/441988726_1100371274356036_5293269470045178800_n.jpg?_nc_cat=108&ccb=1-7&_nc_sid=5f2048&_nc_eui2=AeHvVivb9b6J_VQBjqkGqfVNoWQ2wqbjY2GhZDbCpuNjYQdwJnsRcRXL63rsdgzz13p7JN9B8fJhG8JC5Ta_PzrE&_nc_ohc=rTA9AkxmZwwQ7kNvgHDbG56&_nc_ht=scontent.fhan2-3.fna&oh=03_Q7cD1QHMEJLcHWjFXp64V6SRX4lMs53mhOS36fnEeQbXln9f_g&oe=6680CF0E,,https://scontent.fhan2-5.fna.fbcdn.net/v/t1.15752-9/441991908_1106491957118569_5866860715867700067_n.jpg?_nc_cat=106&ccb=1-7&_nc_sid=5f2048&_nc_eui2=AeHFa78hhXdvhzNhJY_CIwyEuPs5dD0wYda4-zl0PTBh1uHXXE32CeBIPKJqVh7x10eCE5G43gombOqAC4NQEMGX&_nc_ohc=MXfohnHQ1KcQ7kNvgG9KTVF&_nc_ht=scontent.fhan2-5.fna&oh=03_Q7cD1QGwKKVilPcttQLLBW22d8ImBLav0JwJ5Jfdg8kgJHB3cA&oe=6680A3F0,,https://scontent.fhan20-1.fna.fbcdn.net/v/t1.15752-9/442669544_845952707565397_6235330245741312288_n.jpg?_nc_cat=103&ccb=1-7&_nc_sid=5f2048&_nc_eui2=AeHohOQ-dEkL6PSAkXCebOKwdedNxhsstmR1503GGyy2ZI95yGQTqt2RPBm9M0bGdn4SECUrGaT_s057VVXLGFAj&_nc_ohc=Py6_lD8FP7MQ7kNvgEfSfK_&_nc_ht=scontent.fhan20-1.fna&oh=03_Q7cD1QGWbvrQ_2Zp49wtbchFXAr6jfDOBFUeijrhzPhaL9-w6w&oe=6680B529,,			Đạt	Duyệt		
2024-05-29	FP - Vietnam.Recorder	Nguyễn Thành Vĩnh	Về thăm nhà đứa bạn Bắc Giang mùa này kiểu 😂  📸 Chính Vũ	https://scontent.fhan2-3.fna.fbcdn.net/v/t1.15752-9/441032255_1208052267232773_691942544775869589_n.jpg?_nc_cat=101&ccb=1-7&_nc_sid=5f2048&_nc_eui2=AeH-DxuDLJliRh55XzrLOrda4qTKlxxxB03ipMqXHHEHTRj7ul-IeO_Kvf_Wa2ZjIRFg77C2It2Vqe1JBKkRUdfy&_nc_ohc=J6jSVVUJSocQ7kNvgHV_HHk&_nc_ht=scontent.fhan2-3.fna&oh=03_Q7cD1QHYVkxzHveQRjGGEuFRqZ8zVyPIKoMduLxGzrNpB417lQ&oe=6680A853,,			Bách	Duyệt		
2024-05-29	FP - Vietnam.Recorder	Nguyễn Thành Vĩnh	TÍN HIỆU ĐỂ GHÉ HỘI AN HÈ NÀY Đ Y RỒI!   Đường Trần Phú ở thành phố cổ Hội An, tỉnh Quảng Nam vừa được vinh danh là một trong 71 con đường đẹp nhất thế giới do tạp chí kiến ​​trúc uy tín Architectural Digest tổng hợp. Cụ thể, đường Trần Phú đứng thứ 45 trên tổng số 71 đường phố của thế giới. Nằm ở trung tâm phố cổ Hội An, con đường Trần Phú dài khoảng 1km, nối liền đường Hoàng Diệu và Chùa Cầu.  Vào thời Pháp thuộc, con đường này có tên gọi là Rue du Pont Japonais, tức Phố Cầu Nhật Bản. Trải qua bao thăng trầm lịch sử, con đường Trần Phú vẫn giữ nguyên được nét đẹp cổ kính, bình dị với những dãy nhà mái ngói rêu phong, những hàng quán nhỏ xinh xắn và những khóm hoa giấy rực rỡ khoe sắc. Trước đó, tạp chí Time Out cũng chọn Hội An là điểm du lịch lý tưởng trong tháng 7. Đến Hội An một lần mới thấy bao lâu cũng chưa đủ, hè này phải phải 1 chuyến ghé thăm phố cổ thôi.	https://scontent.fhan2-3.fna.fbcdn.net/v/t1.15752-9/445991887_416743141335329_1370039796084126011_n.jpg?_nc_cat=108&ccb=1-7&_nc_sid=5f2048&_nc_eui2=AeGNxXmitfvcQuNHsD-EhjaZCC_qWL9fSlgIL-pYv19KWFBssJJ5grPiiyveAQ5u0Ekog5QTf0Y-XLAa9wK-jSvV&_nc_ohc=x_h3aFuAfUYQ7kNvgH-Htou&_nc_ht=scontent.fhan2-3.fna&oh=03_Q7cD1QGITLCA5R5LZ2cj3WtrK_SdKP3oLnz8UBRohuG1LUlM2w&oe=6680D6EA,,			Đạt	Duyệt		
2024-05-28	FP - Vietnam.Recorder	Bùi Quỳnh Trang	Có bạn bảo Măng Đen cũng bình thường thôi😒, ở tầm 1 năm mới thấy hết vẻ đẹp của nó😆   Giỡn quài, Măng Đen đang vào mùa lúa chín vàng đẹp ngỡ ngàng rồi đây nè🌾   Cách trung tâm thị trấn Măng Đen khoảng 10 km, huyện Kon Plông đang vào mùa đẹp nhất trong năm với sắc vàng của lúa chín phủ khắp các thửa ruộng bậc thang.  Khác với những những thửa ruộng đều tăm tắp như ở đồng bằng, ruộng bậc thang Măng Đen là những ô, thửa không đều nằm gối lên nhau. Mỗi ô có màu sắc đậm nhạt khác nhau, tạo nên sự đan xen, chuyển màu đẹp mắt.  Hè rồi đó, không đi bây giờ thì khi nào mới đi đây bạn thân ơi😋  📸 Thu Thuỷ	https://scontent.fhan2-5.fna.fbcdn.net/v/t1.15752-9/436380225_1095573884837372_5316640002189618280_n.jpg?_nc_cat=106&ccb=1-7&_nc_sid=5f2048&_nc_eui2=AeHX82VuzhXWTYNSqFEaL_VGUINTFDRnW0hQg1MUNGdbSGBwohxXwiBA93sJnsPu-zolQfR8xJIwmiv4TDQZXc0Q&_nc_ohc=kmU_3RGEDMgQ7kNvgGWE455&_nc_ht=scontent.fhan2-5.fna&oh=03_Q7cD1QGW3Ij1v4h0Er0QE6mkXrrP0H-E4YvV8aJapjTZpc4n2g&oe=6680CA9B,,https://scontent.fhan2-4.fna.fbcdn.net/v/t1.15752-9/436382170_371146245950171_4897233281731112536_n.jpg?_nc_cat=100&ccb=1-7&_nc_sid=5f2048&_nc_eui2=AeH9Cwyt0nEwOj3JlZFDR1lL-Rs-V2nnAL_5Gz5XaecAv8AgoMEuUOBTMylG03B8KtTcOY0eML4jC0ZgV4IJUPVX&_nc_ohc=jbf-kysFiwwQ7kNvgEqFMDk&_nc_ht=scontent.fhan2-4.fna&oh=03_Q7cD1QGuzi97iNrlQ0x4s_kzVEFdnf346Vrk2H0apZmWqhsj5g&oe=6680BAA7,,https://scontent.fhan2-4.fna.fbcdn.net/v/t1.15752-9/436313948_370262728879861_1888962350234205516_n.jpg?_nc_cat=100&ccb=1-7&_nc_sid=5f2048&_nc_eui2=AeFDMZ07fQT3HJlmW9_NcZcwzGRleGfGtsnMZGV4Z8a2yc0Serbdx1lu6AetPeUTpz_is9KF12B8hpO-UlHfuuwg&_nc_ohc=StLjI9m_uosQ7kNvgFCAE7f&_nc_ht=scontent.fhan2-4.fna&oh=03_Q7cD1QEsr8Htj9e-FrvN9LsGC9OD-v8mubtW4tx6VUC9V7Rf3A&oe=6680AA5A,,https://scontent.fhan2-5.fna.fbcdn.net/v/t1.15752-9/436708430_1020848529566349_9022114335776506674_n.jpg?_nc_cat=104&ccb=1-7&_nc_sid=5f2048&_nc_eui2=AeH1u9XRU5uHAW6V7kjgxXJlGJXmzkEb9YMYlebOQRv1g3zwbs_YfkbE8JMmiadMt803ZA2qJ-dCqqTfls6LZC_m&_nc_ohc=kBmK_BtbhvEQ7kNvgEDwQKi&_nc_ht=scontent.fhan2-5.fna&oh=03_Q7cD1QFEByODgU6K4WaCpTSxHDbuGo2w5cWywQaMYaI720iDAQ&oe=6680AF3B,,https://scontent.fhan2-4.fna.fbcdn.net/v/t1.15752-9/442423487_722821466494226_8895453918742554527_n.jpg?_nc_cat=110&ccb=1-7&_nc_sid=5f2048&_nc_eui2=AeHdKzEFeoZpxmzATmHT6ql1rsx_kRjsZ-iuzH-RGOxn6CmCWyBCbP2jDeEOnS-7YOFU6AZQqJUZs4_fdX9RYcqq&_nc_ohc=0mVANRXQbToQ7kNvgGWdn5W&_nc_ht=scontent.fhan2-4.fna&oh=03_Q7cD1QHhqsjdysK3FGZ6fe4ubCMLYogBuIBXCNIWYEIYgSJ6xg&oe=6680D0DF,,https://scontent.fhan2-4.fna.fbcdn.net/v/t1.15752-9/436624994_1522832441916133_7313935305212206457_n.jpg?_nc_cat=105&ccb=1-7&_nc_sid=5f2048&_nc_eui2=AeHRfYe6s-6KcJZx6H2x3ytknF4dV3TG9iecXh1XdMb2J91cCRe7KkrjyVBrOzXbqHl_7rSzZ6FZPY3FFHuc08GW&_nc_ohc=A0yAZqZDXbgQ7kNvgHBDj3y&_nc_ht=scontent.fhan2-4.fna&oh=03_Q7cD1QGKqK1t1h-9Ftx1pYs-KpDtNCbrv8o_WJVv_17U1dyifQ&oe=6680B1ED,,			Bách	Duyệt		
2024-05-28	FP - Vietnam.Recorder	Nguyễn Thành Vĩnh	Có một Phú Yên thật xinh đẹp qua màu ảnh phim Phú Yên thì đẹp mê ly khỏi bàn, đi để thấy biển xanh ra sao, để thấy ánh chiều hoàng hôn đỏ đẹp nao lòng ta đến mức nào… Mùa biển đến rồi,  nạp vitamin sea thui các bác ui.	https://scontent.fhan2-5.fna.fbcdn.net/v/t1.15752-9/436602532_464445456063222_3682881254594693134_n.jpg?_nc_cat=107&ccb=1-7&_nc_sid=5f2048&_nc_eui2=AeFF0mySfRqSfoGV2Tu8YDlwOKkDAoY4dSo4qQMChjh1KvQsHlZPvqUzyAM3NhODlSOJ9Dt4iLr7h21tI08X55fG&_nc_ohc=FNKxPSBI96wQ7kNvgET4664&_nc_ht=scontent.fhan2-5.fna&oh=03_Q7cD1QFtK2RKcGmGZbdXBzJGx4UgaZiK9tlYnmvTbVnoMNTXJQ&oe=6680D2CB,,https://scontent.fhan2-4.fna.fbcdn.net/v/t1.15752-9/441431740_677441854515699_5284451901592530291_n.jpg?_nc_cat=100&ccb=1-7&_nc_sid=5f2048&_nc_eui2=AeEEUrl51o1Y5QCfOkzuMCqQNzBE2_R71_Q3METb9HvX9J6w-8izRUZfwgtt56tw1NMmddLmWRFLdM7VAKSLNEWa&_nc_ohc=bJf2n9r1-wcQ7kNvgEmlLkk&_nc_ht=scontent.fhan2-4.fna&oh=03_Q7cD1QFtNmDOMwbZAFnwTCdoXH2nZNMNcGgqKvgYQPwNy7vWJQ&oe=6680D294,,https://scontent.fhan20-1.fna.fbcdn.net/v/t1.15752-9/436380221_1006200544409235_2215184162113008164_n.jpg?_nc_cat=102&ccb=1-7&_nc_sid=5f2048&_nc_eui2=AeFKFS7gNgE0F0el-d080qOoCZcg0WEHiYYJlyDRYQeJhoLNmdb8DMzWNJd6zssunKAEbwR_HXeBg2NFtXXYU2do&_nc_ohc=Zc1BZx8wZqcQ7kNvgGTVgEk&_nc_ht=scontent.fhan20-1.fna&oh=03_Q7cD1QFgOmogor21lJ-fWdkInX-D9CCqoETFPDB6ncLAjhHYVQ&oe=6680AEE6,,https://scontent.fhan2-3.fna.fbcdn.net/v/t1.15752-9/441113209_8015072928527562_5448337674279747709_n.jpg?_nc_cat=108&ccb=1-7&_nc_sid=5f2048&_nc_eui2=AeEBgFYW9sSm6bu-Pw825Vy8md4nyG3E2rOZ3ifIbcTas64Yp1EpohpVCRXBgkljkPXt7jccEcu21KZixQJxOD6z&_nc_ohc=ZTefo30VIowQ7kNvgHvWim4&_nc_ht=scontent.fhan2-3.fna&oh=03_Q7cD1QFnJXGdwHoFr_7ssdAltXDADdXthGx8CT-JFeR02rXZGw&oe=6680C3BB,,https://scontent.fhan2-3.fna.fbcdn.net/v/t1.15752-9/436360387_879434787325158_3113333837776881409_n.jpg?_nc_cat=101&ccb=1-7&_nc_sid=5f2048&_nc_eui2=AeEKDwsDdT2rMS9gxjR-XnYlvV0RzGIGtVC9XRHMYga1UHP3fe8TmJWex2-6xzRk5cyLbbKMhhSa0TF_yl4N-eQm&_nc_ohc=1aBectrlCdkQ7kNvgEWW4V8&_nc_ht=scontent.fhan2-3.fna&oh=03_Q7cD1QFjXzk2etl-L5PGZpaLkOkc8YvXtzfLa3K4-Snng31Utw&oe=6680B7E5,,			Đạt	Duyệt		
2024-05-28	FP - Vietnam.Recorder	Nguyễn Thành Vĩnh	Nhìn rất thơ và lãng mạng nhưng đi thì rén lun  Con dốc trứ danh nghiêng mình trông vậy thôi mà làm cho kha khá tay lái cừ khôi trên đường bằng phải rén khi ghé Đà Lạt gọi tên - Dốc Nhà Bò! Ai đã “bò” xe ở đây chưa nè  Nguyen DL	https://scontent.fhan20-1.fna.fbcdn.net/v/t1.15752-9/436381207_1319306135692986_3135940988264267723_n.jpg?_nc_cat=103&ccb=1-7&_nc_sid=5f2048&_nc_eui2=AeGL1-kVFALvO3DDdShA2VlhbqTW8IQu9PFupNbwhC708RRuX0K-if4iDq0UmSmdIuumphMx2BOdfAfP-bU33RJZ&_nc_ohc=Q6h5W_NFzbIQ7kNvgG18UVW&_nc_ht=scontent.fhan20-1.fna&oh=03_Q7cD1QHqqoRrj8TWVHYag7CiZ6rGkto6VpwLJHmp00L4fRMA9Q&oe=6680D238,,https://scontent.fhan2-3.fna.fbcdn.net/v/t1.15752-9/441068667_3648919625362193_4986731687836781695_n.jpg?_nc_cat=108&ccb=1-7&_nc_sid=5f2048&_nc_eui2=AeE1vxSQ-pBBU935nWHa8GuVV2UmIwR34wtXZSYjBHfjCye5RFv2ah2rpuytTfzrraFy8Qy2oF-5yHdizFgtsjfz&_nc_ohc=hQ9G6ShtATYQ7kNvgFOYslG&_nc_ht=scontent.fhan2-3.fna&oh=03_Q7cD1QGgqzBEHQ5bh5kWjwUgrsZTPT33AysmlopzKO1LHJkjOw&oe=6680D40F,,https://scontent.fhan2-5.fna.fbcdn.net/v/t1.15752-9/441070986_367275355875049_3840940116221662046_n.jpg?_nc_cat=104&ccb=1-7&_nc_sid=5f2048&_nc_eui2=AeF9WNKeqj0YrTXB0boCj8XzfAqOyAolpWd8Co7ICiWlZ7QWXN_bIUToVOGlb-D8LXv1wpKSOLfBGXp9HS8Y4-id&_nc_ohc=b1H-PoRX6HYQ7kNvgECjiOo&_nc_ht=scontent.fhan2-5.fna&oh=03_Q7cD1QG7HEtqU4zun3LYq3S9JkrcxgDTWlX1bOeZAhbNn3Q-_Q&oe=66809FCD,,https://scontent.fhan2-5.fna.fbcdn.net/v/t1.15752-9/436688174_1004312717925485_6573572827461910099_n.jpg?_nc_cat=107&ccb=1-7&_nc_sid=5f2048&_nc_eui2=AeGV1WYJF8g0Hd3TPXmLTRhfy-LKPw7IenrL4so_Dsh6evDcqO1i8oIK27MAO5Fzg1aYCJyp0wM7ht0sUFwKbyQz&_nc_ohc=XeuWohvctp8Q7kNvgEGWUxM&_nc_ht=scontent.fhan2-5.fna&oh=03_Q7cD1QHMcVML7E1YshVvxptvS_5t00UTjUAOFQ9EpoXXxeeBQg&oe=6680C51E,,			Đạt	Duyệt		
2024-05-28	FP - Vietnam.Recorder	Bùi Quỳnh Trang	📍CUNG ĐƯỜNG ĐẸP NHẤT GIA LAI   Lần thứ 3 đi du lịch ở Gia Lai và mình vẫn mê đắm cung đường tránh Pleiku, chỉ cách 15km thôi nên lần nào tới Gia Lai cũng muốn chạy xe băng qua cung đường này. Mỗi lần chạy xe là mỗi cảm xúc khác nhau, những con dốc như thách đố tay lái nhưng nhìn chung thì xe tay gay vẫn tha hồ chạy. Nguyên đoạn đường này là mấy chục con dốc chứ không phải 1-2 cái như trên ảnh mình chụp đâu, thích đoạn nào thì dừng chụp thôi.  Để đến được đây thì các bạn cứ search trên google maps là ‘’con đường dốc đứng đẹp nhất Gia Lai’’ và đi theo chỉ dẫn. Đường đi nhàn lắm, nhìn trên ảnh độc dốc hơi khiếp chứ lúc đi xe nó không như tưởng tượng đâu, mà có chụp ảnh giữa đường như Rọt thì nhớ quan sát xe qua lại nhé.  Gia Lai mỗi năm mỗi chuyến, thật sự rất thích vùng đất này, vẫn còn nhiều địa điểm ấp ủ khám phá nhưng đành lỡ hẹn, chờ các chuyến tiếp theo hen.  📸 Cảm ơn chia sẻ và ảnh đẹp của bạn Blog Của Rọt	https://scontent.fhan2-4.fna.fbcdn.net/v/t1.15752-9/436518943_992284069288960_8379661907093879933_n.jpg?_nc_cat=110&ccb=1-7&_nc_sid=5f2048&_nc_eui2=AeH97INdxT7UYfPxBWXAmkPzGG0lfFTmto8YbSV8VOa2j0tS_xHDzjvGYWpFak6rdexXjHFP7wvlXKVjg61B2XhQ&_nc_ohc=o48eZJTGam8Q7kNvgE2BmIp&_nc_ht=scontent.fhan2-4.fna&oh=03_Q7cD1QEsShu09MIfocf-BCLv_OLAPNo5AM-ymKK5gdYTIW_OpQ&oe=6680B4BE,,https://scontent.fhan2-5.fna.fbcdn.net/v/t1.15752-9/436175966_437320455673215_1270888550013500440_n.jpg?_nc_cat=106&ccb=1-7&_nc_sid=5f2048&_nc_eui2=AeEu5nBzrhnwqF8W39zt5aIp02paXhAE4HbTalpeEATgdoPlOH-yz9WejDmNnsRx0r2_fTonRNs-1qDVLlWW4oHf&_nc_ohc=dkk-jM7DSgcQ7kNvgGJ5hoL&_nc_ht=scontent.fhan2-5.fna&oh=03_Q7cD1QH5gn5mxD3FsyVXw1vJ6any-peSZPfeZDj5VA2DZyiFWg&oe=6680CA3B,,https://scontent.fhan2-4.fna.fbcdn.net/v/t1.15752-9/435921030_1430938037789067_5229009189011953164_n.jpg?_nc_cat=110&ccb=1-7&_nc_sid=5f2048&_nc_eui2=AeESWgCCWzKZDW7tbU2IoiNNpFqaOQpS3L6kWpo5ClLcvlOlnJMqBX5t5DQDfrliygcRfL9qINbC5eycVBwwEaFV&_nc_ohc=soxwoaL883AQ7kNvgHs8lQh&_nc_ht=scontent.fhan2-4.fna&oh=03_Q7cD1QFbpdnN_gTubyGTu1adYbLwW24D7EM30_E62rI--lgNxw&oe=6680C180,,https://scontent.fhan2-3.fna.fbcdn.net/v/t1.15752-9/445380678_267503359722466_7081544954190883636_n.jpg?_nc_cat=101&ccb=1-7&_nc_sid=5f2048&_nc_eui2=AeEOzXnyDsFw6ev3xSIxNgG0pKnlrZkO7SKkqeWtmQ7tIvBBYxi3DimC4OKoAVcJCldAAt-HOp9N8DDPlMfZfauY&_nc_ohc=o3WNJ9S9C3kQ7kNvgGAHf3J&_nc_ht=scontent.fhan2-3.fna&oh=03_Q7cD1QGbod9jJxatr-0bMPSQiXSnJpA2bTJWzy0v0j9Yt2gb1g&oe=6680C423,,https://scontent.fhan20-1.fna.fbcdn.net/v/t1.15752-9/436294902_993594412358082_8827390519535188113_n.jpg?_nc_cat=102&ccb=1-7&_nc_sid=5f2048&_nc_eui2=AeFCOY2Okh-9uOVUZGQ7CLhTjXIBSUhuvHuNcgFJSG68e4K--guWU4apUM2Hb80E-_UtRho1lLrNsg_H-ozmeGyj&_nc_ohc=egNASJQIK1MQ7kNvgHzEAzn&_nc_ht=scontent.fhan20-1.fna&oh=03_Q7cD1QFvsVySRI0wZRcl6qzRPVsr48Za2SLNFmLkZ00ttkmbQw&oe=6680C66B,,https://scontent.fhan2-3.fna.fbcdn.net/v/t1.15752-9/441963801_988540292822104_8258498166053909147_n.jpg?_nc_cat=108&ccb=1-7&_nc_sid=5f2048&_nc_eui2=AeG4_T22HnAIO5_nsMs6YVu0j6Jxg_qHuDePonGD-oe4N1Egh1x18i3w-w49m8eWoRkYYrWIL7_A54QEPrdLQSSg&_nc_ohc=Td2rRDpTNs0Q7kNvgEyOLwZ&_nc_ht=scontent.fhan2-3.fna&oh=03_Q7cD1QHgol3LqOlCaL3Hz0iVZg0NNm8KZCF7OrG3kgSbgKRfvQ&oe=6680B4F6,,https://scontent.fhan2-3.fna.fbcdn.net/v/t1.15752-9/436748593_965799701680984_8343726193438542529_n.jpg?_nc_cat=101&ccb=1-7&_nc_sid=5f2048&_nc_eui2=AeE-mN3poI9tWVX0DFNnbp0biSKRtyOJUA2JIpG3I4lQDep5fwFtKFHO4saBdVqIl94Dz2LGMqWggUHOZN56AnX3&_nc_ohc=Gr50_4jF_F4Q7kNvgFcsB_w&_nc_ht=scontent.fhan2-3.fna&oh=03_Q7cD1QFy6h7gcekOpT5jVXQcA7mngPNjN1x9tMeg9EsxjDdbOw&oe=6680AC09,,https://scontent.fhan2-4.fna.fbcdn.net/v/t1.15752-9/436466704_461528463229635_6822629604559122852_n.jpg?_nc_cat=105&ccb=1-7&_nc_sid=5f2048&_nc_eui2=AeHCniacMXNmaukpI8rkFnT1C79UqICj2z4Lv1SogKPbPnv5cE-DytKNVNnVb5q0y8dH0CZC42V_2X2pW1VAq7ut&_nc_ohc=Frc1HWIxqOEQ7kNvgEKzK-U&_nc_ht=scontent.fhan2-4.fna&oh=03_Q7cD1QGnWqcEnJ7_-tut41XisM-1wHODcYCyQ19jj5Lip6m4pw&oe=6680CE3D,,			Đạt	Duyệt		
2024-05-27	FP - Vietnam.Recorder	Bùi Quỳnh Trang	Dấu hiệu nhận biết một chuyến đi thật sự enjoy =))  Cre: immango__	https://scontent.fhan2-3.fna.fbcdn.net/v/t1.15752-9/436224489_434584979336483_8766879900295423447_n.jpg?_nc_cat=101&ccb=1-7&_nc_sid=5f2048&_nc_eui2=AeGQ0HKbVwC3CNNlcI4snjtBwIwgdewWfzvAjCB17BZ_O89NPzj_jqFdWm6YQa_zLa94X71MFwTmzLjhX-uKqczH&_nc_ohc=i28o3UI9C3YQ7kNvgEYnVJk&_nc_ht=scontent.fhan2-3.fna&oh=03_Q7cD1QGaftzYGqbOioWjsaAjxCLUHCXhFWOgUvBvU8rq2wHvHA&oe=6680B783,,			Bách	Duyệt		
2024-05-27	FP - Vietnam.Recorder	Nguyễn Thành Vĩnh	Mùa vải đến rồi, người bạn Bắc Giang của tôi ơi  Năm nay mùa vải ở Tân Yên sớm hơn mọi năm, về Tân Yên chỉ ngập tràn sắc đỏ au của những chùm vải chín mọng, to tròn, mọng nước.   Mấy tháng hè cũng là lúc mình thèm cái vị ngọt thơm của vải, dù nóng nhưng mà ngon ăn không ngừng miệng được. Vải đang độ mùa rộ, tầm này mà được bạn thân cho vài kg vải ăn thì tình bạn thêm gắn kết biết bao.   Mùa vải tới rồi, nhiệt tình thưởng thức thui các tình yêu.	https://scontent.fhan2-5.fna.fbcdn.net/v/t1.15752-9/441019895_1181854756389584_5145008301113283015_n.jpg?_nc_cat=104&ccb=1-7&_nc_sid=5f2048&_nc_eui2=AeGOSa3OU5BE7MeQmUaQRCdCBGHZeJb2GdAEYdl4lvYZ0PAfD_z7_gNckHiPx8a17ge8yTFeeBfDh1U0aUer51Fb&_nc_ohc=b9DhRSnxKsIQ7kNvgHvpX6i&_nc_ht=scontent.fhan2-5.fna&oh=03_Q7cD1QGfCkJ1xLJ3fq4wbwqdXtcUrQGmbaXtlRpEHZdeRuypWg&oe=6680A6F8,,https://scontent.fhan2-3.fna.fbcdn.net/v/t1.15752-9/441077286_1389183119142201_1510653830007553371_n.jpg?_nc_cat=108&ccb=1-7&_nc_sid=5f2048&_nc_eui2=AeGFlGKAyIUjwWSG_xQtIf2f7_oOqpIOTEDv-g6qkg5MQDtkc8sPIBas9EAzUMQAzQ1w-nVs4aYotgqsDK0KPqdI&_nc_ohc=76hMfDVkbJUQ7kNvgF5vik4&_nc_ht=scontent.fhan2-3.fna&oh=03_Q7cD1QHCS6JtHyN03wfmd8PPnK8NwlNcRkxlR0O5fsuofOR9CQ&oe=6680A512,,https://scontent.fhan20-1.fna.fbcdn.net/v/t1.15752-9/441517427_891299759429914_9088349584618643924_n.jpg?_nc_cat=109&ccb=1-7&_nc_sid=5f2048&_nc_eui2=AeEBJk-X4vf_pfwlB9AJ_KjOj0Rl9go45wqPRGX2CjjnCklPUGkR44hZmURIks28HoEgT0tT-pGPRWw8ZUZQdp5D&_nc_ohc=mWbskHxu8McQ7kNvgG0MBNW&_nc_ht=scontent.fhan20-1.fna&oh=03_Q7cD1QFq6O1KP_ifuVk1UX_6xJde2CE1kngYSlBQEYhTnkrg5Q&oe=6680A2CF,,https://scontent.fhan2-4.fna.fbcdn.net/v/t1.15752-9/441032246_822738602630159_6316768338736434071_n.jpg?_nc_cat=110&ccb=1-7&_nc_sid=5f2048&_nc_eui2=AeGcvO2eu_Bw0JhhELqwZ78mFQvfcHrj7PwVC99weuPs_BXZp7yz7xV_x8l5m39y8Oo3CBQeRvjyt4qZOtMyyz8I&_nc_ohc=h_h6Xh_BZoYQ7kNvgEBmW3e&_nc_ht=scontent.fhan2-4.fna&oh=03_Q7cD1QE_Q0I9jcS6_P8R2HqBZx_xlDsGMge2eivxxOMPXnDAMw&oe=6680B9D1,,https://scontent.fhan2-4.fna.fbcdn.net/v/t1.15752-9/441027783_7668277363290471_158835900884478803_n.jpg?_nc_cat=105&ccb=1-7&_nc_sid=5f2048&_nc_eui2=AeGq0WWgT4RkB6fXSrGJwJwngSfPV17otmWBJ89XXui2ZTo5dlfFZHeZyOaKDel8FUvOsd3UCiQqfPyMv4a2MKsJ&_nc_ohc=MmiQ256-Bm8Q7kNvgEBiyo7&_nc_ht=scontent.fhan2-4.fna&oh=03_Q7cD1QFMRR_FqaX4aUhYq-BqA20vnP2DfbY03WDNT0mW0SUM_g&oe=6680D5D4,,https://scontent.fhan20-1.fna.fbcdn.net/v/t1.15752-9/441673375_1466019374017937_5110879551542420107_n.jpg?_nc_cat=109&ccb=1-7&_nc_sid=5f2048&_nc_eui2=AeEICk2sKG-bpwkqKmxh0F7tFyvhx-v687kXK-HH6_rzubxTEJs5MDUII6ZdLeG2l5kpN-67afSPoVUiMF0pBe1r&_nc_ohc=jCXUByh-hEcQ7kNvgGxMQok&_nc_ht=scontent.fhan20-1.fna&oh=03_Q7cD1QH1cbne0Lvospt4OxyZkr4CIne6kGamhrrmXd093zhMRg&oe=6680B22E,,https://scontent.fhan20-1.fna.fbcdn.net/v/t1.15752-9/436226665_1198724608155315_925172247182429801_n.jpg?_nc_cat=102&ccb=1-7&_nc_sid=5f2048&_nc_eui2=AeGIjYpC2Hw8tko2rnD_O2_CLt2dXOu_deMu3Z1c679148FvR5CT76foznEVzmsqVkoybAxFkoxHkIfYZlDiZ2Zu&_nc_ohc=rW6V_WyFrRIQ7kNvgEszpyz&_nc_ht=scontent.fhan20-1.fna&oh=03_Q7cD1QG7AK2wZY_K4byVnEJ_Zi5xeT0YhdAwVFeLHFB8sz_7YA&oe=66809F7C,,https://scontent.fhan2-4.fna.fbcdn.net/v/t1.15752-9/436419502_1839002873242972_5148250296458728256_n.jpg?_nc_cat=110&ccb=1-7&_nc_sid=5f2048&_nc_eui2=AeHHC32dlAgK870KZ2z1ZT8Ule_wYRHOrCmV7_BhEc6sKZmZQn94ZPCR-TLjb1EYpnfGmrUFrmJgNlJMj79SAqAS&_nc_ohc=JDPpskTfISkQ7kNvgESxBwQ&_nc_ht=scontent.fhan2-4.fna&oh=03_Q7cD1QEcq3Z3ULStul20xidIqywtMNCuCV2F1rasj0bllxxscg&oe=6680BCD0,,			Đạt	Duyệt		
2024-05-27	FP - Vietnam.Recorder	Nguyễn Thành Vĩnh	Kỉ niệm Cát Bà 2024 🥹 Chữa lành thế này thì không ổn rồi đại vương ơi	https://scontent.fhan2-5.fna.fbcdn.net/v/t1.15752-9/436724321_357664543997147_5142610529744004985_n.jpg?_nc_cat=104&ccb=1-7&_nc_sid=5f2048&_nc_eui2=AeE53ljRJ_KDnLAR2FDyKQO20q0Ad1umr1rSrQB3W6avWv8DwGaGccmTVYA83rdugSy7PYc9MSSljJzH8TEedU-D&_nc_ohc=vKDnPK_BUngQ7kNvgEXq6Ka&_nc_ht=scontent.fhan2-5.fna&oh=03_Q7cD1QGrVZgIFhKuGYVNHLAt0WboFVS8_1aG-VV0KaZv8-iEZQ&oe=6680BAAF,,https://scontent.fhan2-3.fna.fbcdn.net/v/t1.15752-9/441131097_3855176354807131_1170181777143636905_n.jpg?_nc_cat=108&ccb=1-7&_nc_sid=5f2048&_nc_eui2=AeEz8UQ5hGcmEMNEafXE3ysZrPGP60D3pOGs8Y_rQPek4dSZkBgEWhCmcAsX5i1g0QN6RMjqJR4gEwbDl_lK7dK4&_nc_ohc=ckSWAmk4jrUQ7kNvgHpOUrO&_nc_ht=scontent.fhan2-3.fna&oh=03_Q7cD1QEwQY-Kqwa8YTGkR5jGqleXRB9bk57-cuzk1zhNUCFd9Q&oe=6680C340,,https://scontent.fhan2-4.fna.fbcdn.net/v/t1.15752-9/446065630_1147850626252930_5265744157550947698_n.jpg?_nc_cat=110&ccb=1-7&_nc_sid=5f2048&_nc_eui2=AeEsjcjQKwkFC1PWnxgoqr_cktSFa7qu6OWS1IVruq7o5fpZBQTfsvl9ta6WQZcJ6NYsz-zHG901k220GJ_9mnQ4&_nc_ohc=qg_mywNfKucQ7kNvgGJtW2Y&_nc_ht=scontent.fhan2-4.fna&oh=03_Q7cD1QFQ6Mz_-NKkgrPHwBLFDMCB36VHQ1RcYO5XFxNFLCRB7A&oe=6680BE48,,https://scontent.fhan2-4.fna.fbcdn.net/v/t1.15752-9/436283183_985369816059475_2077325310906782419_n.jpg?_nc_cat=105&ccb=1-7&_nc_sid=5f2048&_nc_eui2=AeHExNHnLS2T0Dv8oT3Vb7Jj1UtbHABfmCbVS1scAF-YJnQAFO1UTT2yC-DbW0qebUA7iuT2UpYeQNT1-y4-ypxq&_nc_ohc=VGtL3qtfNOkQ7kNvgGToC1t&_nc_ht=scontent.fhan2-4.fna&oh=03_Q7cD1QGqrYLF5hg_HQnEiTVZjRgKUncn6HWHVqPKhvOC5av_1A&oe=6680BD2B,,			Đạt	Duyệt		
2024-05-27	FP - Vietnam.Recorder	Nguyễn Thành Vĩnh		https://scontent.fhan20-1.fna.fbcdn.net/v/t1.15752-9/436343400_3775494739338203_2569087746767821913_n.jpg?_nc_cat=109&ccb=1-7&_nc_sid=5f2048&_nc_eui2=AeEciHRwUaIAyPQyxvcgRzicyPNEKEKbIYTI80QoQpshhMKL5yDnmxB2PeTl9yv0DmUln2BxbMTYj4_It6OnZPFu&_nc_ohc=luSFDuxEm0oQ7kNvgFT1a-O&_nc_ht=scontent.fhan20-1.fna&oh=03_Q7cD1QHzhstOfBLkTFjqmHKDnTG_UfkUAw5I9v4wPSo_JP7Dug&oe=6680BB69,,			Bách	Duyệt		
2024-05-27	FP - Vietnam.Recorder	Nguyễn Thành Vĩnh	Ai có dự định vi vu cân nhắc, Miền Bắc sẽ có mưa dông lớn nhiều ngày tới  Dự báo từ đêm nay 27.5, miền Bắc có thể bước vào đợt mưa lớn diện rộng, nhiều nơi mưa rất to. Đợt mưa dông này có thể kéo dài nhiều ngày. Do ảnh hưởng của rãnh áp thấp sau đó kết hợp với hội tụ gió trên cao nên từ đêm nay 27/5, miền Bắc bước vào một đợt mưa dông mới kéo dài nhiều ngày. Mưa tập trung về tối và đêm, cục bộ mưa lớn đi kèm nguy cơ lốc, sét, mưa đá và gió giật mạnh. Tình trạng này duy trì hết ngày 1/6.  Ai định đi vi vu Hà Giang, hái mận Mộc Châu hay ngắm cảnh Ninh Bình thì chú ý tình hình thời tiết nha, kẻo đi chữa lành mà vết thương thêm rách đó	https://scontent.fhan2-5.fna.fbcdn.net/v/t1.15752-9/436701225_3720483414864277_6793962760897937362_n.jpg?_nc_cat=107&ccb=1-7&_nc_sid=5f2048&_nc_eui2=AeGh4aQfYraIquLNBSmG-R6nqHMtBLoJdgOocy0Eugl2AwB89xeSfoVREc-qyh6beG97ku5OHQTq2_1tBWpTai39&_nc_ohc=CyVYjvrL9TMQ7kNvgF2a8So&_nc_ht=scontent.fhan2-5.fna&oh=03_Q7cD1QFrx20jSjVE5DQn3-CGc4dkvVV3T-kx3goi9xD8YtM1CQ&oe=6680B768,,		https://vietnamnet.vn/mien-bac-vao-dot-mua-giong-dai-ngay-trung-bo-nang-nong-manh-dien-rong-2284609.html	Đạt	Duyệt		
2024-05-27	FP - Vietnam.Recorder	Nguyễn Thành Vĩnh	Mùa biển vô cực Thái Bình 😍😍	https://scontent.fhan2-3.fna.fbcdn.net/v/t1.15752-9/441111851_490182623344626_5780375861678161721_n.jpg?_nc_cat=111&ccb=1-7&_nc_sid=5f2048&_nc_eui2=AeF5va-3g3mSTlsildRgrlvnNIsxJwzLRh40izEnDMtGHrSMa1hG9CZHuAsgLYl6wHbhc7oGV2LQfWwVv0W5TMLf&_nc_ohc=Q1iyTtlsLmYQ7kNvgGTrjMc&_nc_ht=scontent.fhan2-3.fna&oh=03_Q7cD1QHZEHB4L-npDvW-KjiYn7xOsCgWZfyMopyRDsMKGeKTNQ&oe=6680C4A8,,https://scontent.fhan2-3.fna.fbcdn.net/v/t1.15752-9/436360395_423517043797429_4098502937988009874_n.jpg?_nc_cat=111&ccb=1-7&_nc_sid=5f2048&_nc_eui2=AeGDsCAX8etGEzAawAR1folPv8mLNGsuc3C_yYs0ay5zcCrmrAyjYDh0RO7qL_TpUHg1rl-ap746B8DkRBqOdtql&_nc_ohc=7nXBZxYcZU8Q7kNvgH8daj6&_nc_ht=scontent.fhan2-3.fna&oh=03_Q7cD1QF2_1i8UzXDYoK0AgV3AgmYRyrNmHsDsGEOOa7jdLHv_A&oe=6680D68E,,https://scontent.fhan2-4.fna.fbcdn.net/v/t1.15752-9/441030192_824252029567657_1737703153222266766_n.jpg?_nc_cat=110&ccb=1-7&_nc_sid=5f2048&_nc_eui2=AeEti9zXFo8HHo0kPQ3dE2peCttMMYRg5AMK20wxhGDkA2g85Gl0Jbwl39NzDh-va9--Y4stDD9alylT32cgiHDy&_nc_ohc=SB7SexcWeJAQ7kNvgG1WbBm&_nc_ht=scontent.fhan2-4.fna&oh=03_Q7cD1QEEbLGhuEI8yBvd5iD_tkISrhmSsWsMb6thfXB9TqPYOQ&oe=6680A364,,https://scontent.fhan2-5.fna.fbcdn.net/v/t1.15752-9/441625319_492979609720312_4773790079255402021_n.jpg?_nc_cat=107&ccb=1-7&_nc_sid=5f2048&_nc_eui2=AeFMqVzbQJdPBDht-wlPT4mREFDnoM7OmvcQUOegzs6a97qBPFrhklTKcmb_ll4ndlwHcsATZwfTCTEh-ZHZ2nI4&_nc_ohc=XTOAMI32c9AQ7kNvgFk5vj4&_nc_ht=scontent.fhan2-5.fna&oh=03_Q7cD1QFjQpQ8x-S9UQIycv4hyiDMX8ZXDs4wBuPZKMfLhLF7pw&oe=6680D625,,https://scontent.fhan20-1.fna.fbcdn.net/v/t1.15752-9/441133368_732666362217537_3824501266952038626_n.jpg?_nc_cat=109&ccb=1-7&_nc_sid=5f2048&_nc_eui2=AeFwWBmbRHmvwtr5tmpUknfkKjh8w3Rsjx0qOHzDdGyPHaY_EvKB-ze5F9-9CyaZUjQ2FADrm6vA_cTOZuP0c2a4&_nc_ohc=IA-mQTn-i7wQ7kNvgFVGj1G&_nc_ht=scontent.fhan20-1.fna&oh=03_Q7cD1QGtv4K0ZBDMoMahPRO_LFSiggmNTNw-lUOKQC7ni4DSHA&oe=6680BC7E,,https://scontent.fhan2-4.fna.fbcdn.net/v/t1.15752-9/441042682_2198205047201065_7283261560664143159_n.jpg?_nc_cat=105&ccb=1-7&_nc_sid=5f2048&_nc_eui2=AeGHnEjD6-UH0CcBmoipAjLUnziMxV1xrWafOIzFXXGtZjfXnolNquXdpGNQ3r-McW4_6DyER86QWMPLkxpBjZK5&_nc_ohc=gx89t6yb04YQ7kNvgELvaK2&_nc_ht=scontent.fhan2-4.fna&oh=03_Q7cD1QHkbDu1aLJX_vQnfEDzOk38u8-2DvLXPocY7aPolHQYDg&oe=6680AEE4,,https://scontent.fhan20-1.fna.fbcdn.net/v/t1.15752-9/441022550_435348162452659_5848052965057348460_n.jpg?_nc_cat=102&ccb=1-7&_nc_sid=5f2048&_nc_eui2=AeFyeCCfMBjo1IOSUXf1dwrYTHRX1rekDppMdFfWt6QOmnuKTJ6wUv2red9CHVU7wVkQKcbvO4Mf3dm_E1jJGr58&_nc_ohc=_GOEWLhZUAIQ7kNvgH5oTmM&_nc_ht=scontent.fhan20-1.fna&oh=03_Q7cD1QF7jBOo7gfw4mGnzTrwUivAkTlhCimAO9gNylPLkwlFmg&oe=6680ABD0,,			Bách	Duyệt		
2024-05-30	FP - What the Duck	Nguyễn Đặng Mai Trâm	Cap: Khi người lớn “bỏ quên”	https://scontent.fhan2-3.fna.fbcdn.net/v/t1.15752-9/445373059_1589823131560900_6959735631415742240_n.jpg?_nc_cat=108&ccb=1-7&_nc_sid=5f2048&_nc_eui2=AeFT3c9f1iLFZcgeaJLG8S108eSK2vclo4zx5Ira9yWjjD5oPTDHywIebRsYzYRbjGDKmD9K0020weQFy2DpYYoz&_nc_ohc=y8HV4RPDyRcQ7kNvgGLaL78&_nc_ht=scontent.fhan2-3.fna&oh=03_Q7cD1QHAUTbPxlO23D3sPsZ6XI9XCNEtryhcNo5z2u4UbEGNGw&oe=6680C8D6,,			Đạt	Duyệt		
2024-05-28	FP - What the Duck	Nguyễn Đặng Mai Trâm	Cap: Wifi trong toilet kiểu:	https://scontent.fhan2-5.fna.fbcdn.net/v/t1.15752-9/441509778_1650721219071926_1701937010897529695_n.jpg?_nc_cat=104&ccb=1-7&_nc_sid=5f2048&_nc_eui2=AeF-nlthQC334eGNDOKrv0dYpbSRG5HFQ-mltJEbkcVD6csnOPYAGaAUsR36xWMRejOjWzSmdfsOGwL6T8QjrERm&_nc_ohc=uusoiM6RQ6kQ7kNvgHQ8uWZ&_nc_ht=scontent.fhan2-5.fna&oh=03_Q7cD1QGVakbOIOpmgmWl5Dcd7kccQ6x8mIxbsip0DfTHwCCTLg&oe=6680DB29,,			Đạt	Duyệt		
2024-05-28	FP - What the Duck	Nguyễn Đặng Mai Trâm	Cap: makeup chuẩn bị đi chơi thì nhỏ bạn nhắn tin huỷ kèo:	https://scontent.fhan20-1.fna.fbcdn.net/v/t1.15752-9/436602532_2127569387628529_2389066070635464166_n.jpg?_nc_cat=109&ccb=1-7&_nc_sid=5f2048&_nc_eui2=AeF-XJfEKjw_WRZYvkB0l1ktEtan8Sv5CgwS1qfxK_kKDCyDVNTVQXDH4qavZMPE8M2ew1S4CMUTrDtGprIOsnu_&_nc_ohc=PM9i1dDEbbIQ7kNvgExmkku&_nc_ht=scontent.fhan20-1.fna&oh=03_Q7cD1QGJn5IgYgXKoUEuPCqe57gfUTTkFwNggWLUq2g2s9UI5w&oe=6680C852,,			Đạt	Duyệt		
2024-05-28	FP - What the Duck	Nguyễn Đặng Mai Trâm	Cap: kẹt thiệc mà…	https://scontent.fhan2-4.fna.fbcdn.net/v/t1.15752-9/441877921_1112340146536118_7776846178437586104_n.jpg?_nc_cat=100&ccb=1-7&_nc_sid=5f2048&_nc_eui2=AeGBvA7C5YynYZBqGPgeoY_7ToN7TBdA96JOg3tMF0D3omDwgCFVdJ5NbF7zh4xRlQM8dPl95nq8NnQOflQXF3Ig&_nc_ohc=d5pTklSNTNMQ7kNvgFPyAqU&_nc_ht=scontent.fhan2-4.fna&oh=03_Q7cD1QEsIMfFwoNh6WxilFSo6SEb4QYRj0Upr7J9rmtTamqOWw&oe=6680D35A,,			Đạt	Duyệt		
2024-05-27	FP - What the Duck	Võ Thị Hồng Thư	Cap: Đến hẹn lại lên	https://scontent.fhan2-4.fna.fbcdn.net/v/t1.15752-9/436283210_972651347897297_5702867495972316411_n.jpg?_nc_cat=105&ccb=1-7&_nc_sid=5f2048&_nc_eui2=AeGxPKFCiE8jzzbAZUcv8axIXnbYgC5WexhedtiALlZ7GIAKzuqFyu6hVkut7qmwIgekTJL_5U35QVn119SXuQRx&_nc_ohc=LFsy3nbYUCYQ7kNvgG6Uui6&_nc_ht=scontent.fhan2-4.fna&oh=03_Q7cD1QG34i0rrSxtLS-XGApQxipBOzc3vNLs2BTq_j_7PIRCAA&oe=6680DB15,,			Đạt	Duyệt		
